time,open,high,low,close,volume,source,timeframe
2018-07-03,1.16413,1.1672500000000001,1.16202,1.16589,53715,MT5,D1
2018-07-04,1.16586,1.1681,1.16304,1.16599,42922,MT5,D1
2018-07-05,1.16601,1.17196,1.16493,1.16917,57047,MT5,D1
2018-07-06,1.16916,1.17672,1.1679599999999999,1.17438,49513,MT5,D1
2018-07-08,1.17387,1.17534,1.17387,1.17516,2777,MT5,D1
2018-07-09,1.17514,1.17903,1.17324,1.17558,49310,MT5,D1
2018-07-10,1.17557,1.1762,1.16902,1.1728,51654,MT5,D1
2018-07-11,1.17279,1.17578,1.16653,1.16747,61092,MT5,D1
2018-07-12,1.16748,1.16952,1.16495,1.16635,52433,MT5,D1
2018-07-13,1.16636,1.16863,1.16128,1.16839,47663,MT5,D1
2018-07-15,1.16885,1.16907,1.16763,1.1678,2434,MT5,D1
2018-07-16,1.16781,1.1724999999999999,1.16753,1.1709,46434,MT5,D1
2018-07-17,1.17088,1.17443,1.16471,1.16527,53421,MT5,D1
2018-07-18,1.16531,1.16642,1.16018,1.16446,51801,MT5,D1
2018-07-19,1.16446,1.16782,1.15743,1.16534,61627,MT5,D1
2018-07-20,1.16533,1.17383,1.16257,1.1718600000000001,60345,MT5,D1
2018-07-22,1.17246,1.17445,1.17224,1.17403,3517,MT5,D1
2018-07-23,1.17401,1.17495,1.16833,1.16933,51178,MT5,D1
2018-07-24,1.16931,1.17166,1.16543,1.16842,52953,MT5,D1
2018-07-25,1.16845,1.17381,1.16641,1.17375,55721,MT5,D1
2018-07-26,1.17376,1.17431,1.16363,1.16433,53949,MT5,D1
2018-07-27,1.16434,1.16639,1.1620300000000001,1.16545,45950,MT5,D1
2018-07-29,1.16547,1.16599,1.16529,1.1659,2539,MT5,D1
2018-07-30,1.16589,1.17183,1.16476,1.17069,41153,MT5,D1
2018-07-31,1.1707,1.17454,1.16821,1.16887,51348,MT5,D1
2018-08-01,1.16886,1.16991,1.1656900000000001,1.16628,48049,MT5,D1
2018-08-02,1.16629,1.16672,1.1580300000000001,1.1584699999999999,50163,MT5,D1
2018-08-03,1.15846,1.16101,1.156,1.15665,47515,MT5,D1
2018-08-05,1.15687,1.15697,1.15591,1.15611,2983,MT5,D1
2018-08-06,1.1561,1.15699,1.15298,1.15577,43875,MT5,D1
2018-08-07,1.15576,1.16079,1.15512,1.16027,43246,MT5,D1
2018-08-08,1.16027,1.1627399999999999,1.15729,1.16088,43440,MT5,D1
2018-08-09,1.16089,1.16188,1.15156,1.15238,49345,MT5,D1
2018-08-10,1.15237,1.15361,1.13878,1.14094,66724,MT5,D1
2018-08-12,1.13958,1.14076,1.13703,1.13943,3422,MT5,D1
2018-08-13,1.13943,1.14324,1.13646,1.14002,64980,MT5,D1
2018-08-14,1.14001,1.14291,1.13299,1.13464,57930,MT5,D1
2018-08-15,1.13463,1.13544,1.13007,1.13415,58516,MT5,D1
2018-08-16,1.13413,1.14087,1.1335600000000001,1.13715,60196,MT5,D1
2018-08-17,1.13715,1.14444,1.1366,1.14375,50069,MT5,D1
2018-08-19,1.14396,1.14396,1.14344,1.14375,2863,MT5,D1
2018-08-20,1.14374,1.14918,1.13941,1.1491500000000001,49120,MT5,D1
2018-08-21,1.14914,1.16006,1.1485,1.15755,60150,MT5,D1
2018-08-22,1.15756,1.16225,1.15531,1.15856,54426,MT5,D1
2018-08-23,1.15854,1.15903,1.15297,1.15416,54892,MT5,D1
2018-08-24,1.15415,1.16393,1.15379,1.16205,51418,MT5,D1
2018-08-26,1.16171,1.16471,1.16166,1.16448,3280,MT5,D1
2018-08-27,1.1644700000000001,1.1693,1.1594,1.16837,49031,MT5,D1
2018-08-28,1.16838,1.1733,1.16623,1.16931,54260,MT5,D1
2018-08-29,1.16931,1.17096,1.16517,1.17092,55953,MT5,D1
2018-08-30,1.1709100000000001,1.17178,1.16414,1.16652,57445,MT5,D1
2018-08-31,1.16651,1.16896,1.15843,1.16007,57835,MT5,D1
2018-09-02,1.15974,1.16015,1.1592,1.15981,3136,MT5,D1
2018-09-03,1.15978,1.1627,1.15885,1.16137,40415,MT5,D1
2018-09-04,1.16136,1.16138,1.15299,1.15868,54837,MT5,D1
2018-09-05,1.15867,1.16391,1.15408,1.16343,58000,MT5,D1
2018-09-06,1.16342,1.16582,1.16051,1.16194,56718,MT5,D1
2018-09-07,1.16196,1.1649,1.15503,1.15531,55717,MT5,D1
2018-09-09,1.15505,1.15606,1.1547,1.15604,2900,MT5,D1
2018-09-10,1.15603,1.16156,1.15255,1.15933,46760,MT5,D1
2018-09-11,1.15932,1.16438,1.15653,1.15955,50478,MT5,D1
2018-09-12,1.15952,1.16491,1.1569,1.16252,51795,MT5,D1
2018-09-13,1.16249,1.1700599999999999,1.16088,1.1691,51321,MT5,D1
2018-09-14,1.16909,1.17212,1.1620300000000001,1.16217,52953,MT5,D1
2018-09-16,1.16211,1.16297,1.16211,1.16232,2699,MT5,D1
2018-09-17,1.16232,1.16978,1.16178,1.16686,51150,MT5,D1
2018-09-18,1.16684,1.17238,1.16522,1.16774,62195,MT5,D1
2018-09-19,1.16774,1.17145,1.165,1.16738,60893,MT5,D1
2018-09-20,1.16738,1.17842,1.16717,1.17754,59622,MT5,D1
2018-09-21,1.17753,1.18021,1.17327,1.17477,55612,MT5,D1
2018-09-23,1.17459,1.17492,1.17397,1.17483,2346,MT5,D1
2018-09-24,1.17481,1.18147,1.17239,1.17522,54851,MT5,D1
2018-09-25,1.17522,1.1792,1.17307,1.17626,57425,MT5,D1
2018-09-26,1.17625,1.17972,1.17258,1.17468,60619,MT5,D1
2018-09-27,1.17466,1.17567,1.16334,1.16358,64212,MT5,D1
2018-09-28,1.16357,1.1651,1.15696,1.16039,58309,MT5,D1
2018-09-30,1.16067,1.16162,1.1604,1.1605,1937,MT5,D1
2018-10-01,1.16049,1.16245,1.15631,1.15768,54741,MT5,D1
2018-10-02,1.15768,1.15798,1.15046,1.15501,59405,MT5,D1
2018-10-03,1.155,1.15924,1.1464,1.14762,66575,MT5,D1
2018-10-04,1.14761,1.15424,1.14627,1.15172,60674,MT5,D1
2018-10-05,1.15171,1.15492,1.14836,1.15196,60084,MT5,D1
2018-10-07,1.15204,1.15263,1.15202,1.15237,1859,MT5,D1
2018-10-08,1.15236,1.15292,1.14597,1.14939,51505,MT5,D1
2018-10-09,1.14938,1.15075,1.14319,1.15045,63015,MT5,D1
2018-10-10,1.15044,1.15448,1.14796,1.15329,62552,MT5,D1
2018-10-11,1.15328,1.15987,1.15308,1.15897,74624,MT5,D1
2018-10-12,1.15895,1.16101,1.15339,1.1559300000000001,60978,MT5,D1
2018-10-14,1.1553499999999999,1.1553499999999999,1.15427,1.15502,2680,MT5,D1
2018-10-15,1.15501,1.1605699999999999,1.15427,1.15828,57344,MT5,D1
2018-10-16,1.15825,1.16207,1.1565699999999999,1.15761,58172,MT5,D1
2018-10-17,1.15761,1.15801,1.14956,1.1501000000000001,63367,MT5,D1
2018-10-18,1.15009,1.15269,1.14492,1.14539,64661,MT5,D1
2018-10-19,1.14538,1.1534,1.14329,1.15135,61833,MT5,D1
2018-10-21,1.15137,1.15164,1.15083,1.15102,2464,MT5,D1
2018-10-22,1.15103,1.15497,1.14556,1.14642,56977,MT5,D1
2018-10-23,1.14643,1.1493,1.14392,1.14705,63322,MT5,D1
2018-10-24,1.14704,1.1476,1.13782,1.13987,65867,MT5,D1
2018-10-25,1.13986,1.1432,1.13558,1.1375,63983,MT5,D1
2018-10-26,1.1375,1.14204,1.13353,1.1403,64947,MT5,D1
2018-10-28,1.13955,1.1403,1.13923,1.13977,2862,MT5,D1
2018-10-29,1.13977,1.14161,1.13603,1.13754,61581,MT5,D1
2018-10-30,1.13753,1.13875,1.13401,1.13451,58005,MT5,D1
2018-10-31,1.1345,1.13598,1.13009,1.13145,60893,MT5,D1
2018-11-01,1.13144,1.14237,1.13124,1.14026,63940,MT5,D1
2018-11-02,1.14026,1.14554,1.13723,1.13875,62427,MT5,D1
2018-11-04,1.13871,1.13991,1.1387,1.13974,2056,MT5,D1
2018-11-05,1.13972,1.14237,1.1353,1.14082,57176,MT5,D1
2018-11-06,1.14083,1.14374,1.13913,1.14364,57530,MT5,D1
2018-11-07,1.14365,1.14993,1.13943,1.14326,75473,MT5,D1
2018-11-08,1.14325,1.1446,1.13516,1.13679,65300,MT5,D1
2018-11-09,1.13678,1.13681,1.1316,1.13351,62438,MT5,D1
2018-11-11,1.1317599999999999,1.1326,1.13136,1.13236,3076,MT5,D1
2018-11-12,1.13236,1.13301,1.12143,1.12234,62401,MT5,D1
2018-11-13,1.12232,1.13162,1.1221700000000001,1.13119,70097,MT5,D1
2018-11-14,1.13119,1.13462,1.12629,1.13121,74220,MT5,D1
2018-11-15,1.13122,1.13616,1.12702,1.13243,73666,MT5,D1
2018-11-16,1.13244,1.14198,1.13214,1.14174,62832,MT5,D1
2018-11-18,1.14025,1.14196,1.1401,1.14135,2630,MT5,D1
2018-11-19,1.14134,1.1464,1.13938,1.14541,56935,MT5,D1
2018-11-20,1.1454,1.1472,1.13585,1.13717,61761,MT5,D1
2018-11-21,1.13718,1.14242,1.13653,1.13877,61771,MT5,D1
2018-11-22,1.13877,1.14334,1.13851,1.14025,46369,MT5,D1
2018-11-23,1.14024,1.14206,1.13275,1.13345,51284,MT5,D1
2018-11-25,1.13394,1.13412,1.1331,1.13368,2982,MT5,D1
2018-11-26,1.13368,1.13832,1.13247,1.13328,59171,MT5,D1
2018-11-27,1.13328,1.13435,1.12772,1.12971,62223,MT5,D1
2018-11-28,1.12971,1.13869,1.12669,1.13674,65417,MT5,D1
2018-11-29,1.13673,1.14011,1.13485,1.1392,65099,MT5,D1
2018-11-30,1.13921,1.13999,1.13048,1.13181,61020,MT5,D1
2018-12-02,1.13545,1.13586,1.13281,1.13416,2777,MT5,D1
2018-12-03,1.13416,1.13794,1.13192,1.13541,60255,MT5,D1
2018-12-04,1.13542,1.14179,1.13184,1.13424,68815,MT5,D1
2018-12-05,1.13423,1.13609,1.13109,1.13482,51954,MT5,D1
2018-12-06,1.13485,1.14121,1.13207,1.1374900000000001,69795,MT5,D1
2018-12-07,1.13755,1.14231,1.1360000000000001,1.13908,62599,MT5,D1
2018-12-09,1.13866,1.14053,1.13866,1.13994,2754,MT5,D1
2018-12-10,1.13995,1.14424,1.135,1.13557,66429,MT5,D1
2018-12-11,1.13557,1.13997,1.13057,1.13215,63703,MT5,D1
2018-12-12,1.13215,1.13869,1.1314899999999999,1.13725,65073,MT5,D1
2018-12-13,1.13725,1.13923,1.13308,1.13626,61455,MT5,D1
2018-12-14,1.13628,1.13646,1.12696,1.13043,57920,MT5,D1
2018-12-16,1.13029,1.13075,1.13004,1.1304,2868,MT5,D1
2018-12-17,1.13042,1.13575,1.13022,1.13492,54950,MT5,D1
2018-12-18,1.13491,1.14019,1.13366,1.1375,61205,MT5,D1
2018-12-19,1.13754,1.14389,1.13635,1.13863,67383,MT5,D1
2018-12-20,1.13864,1.14851,1.1377,1.14565,69527,MT5,D1
2018-12-21,1.14564,1.14735,1.13557,1.13674,62221,MT5,D1
2018-12-23,1.13632,1.1373199999999999,1.13606,1.13721,1793,MT5,D1
2018-12-24,1.1372,1.1438,1.13702,1.14092,43259,MT5,D1
2018-12-26,1.14123,1.14156,1.13428,1.13603,42261,MT5,D1
2018-12-27,1.13602,1.14536,1.1358,1.14303,70067,MT5,D1
2018-12-28,1.14303,1.14722,1.14299,1.14419,62185,MT5,D1
2018-12-30,1.14416,1.14419,1.1434199999999999,1.1439,2174,MT5,D1
2018-12-31,1.14389,1.1466,1.14214,1.14635,46953,MT5,D1
2019-01-02,1.14609,1.14964,1.13118,1.13123,65151,MT5,D1
2019-01-03,1.13117,1.14105,1.131,1.139,72488,MT5,D1
2019-01-04,1.13899,1.14186,1.13455,1.13959,63337,MT5,D1
2019-01-06,1.13945,1.14114,1.13945,1.14101,2521,MT5,D1
2019-01-07,1.141,1.14822,1.14045,1.14787,55371,MT5,D1
2019-01-08,1.14787,1.14844,1.14216,1.14555,57937,MT5,D1
2019-01-09,1.14566,1.15576,1.14388,1.15534,65916,MT5,D1
2019-01-10,1.15538,1.15695,1.14842,1.1507,63155,MT5,D1
2019-01-11,1.15076,1.15398,1.14578,1.14664,57212,MT5,D1
2019-01-13,1.14552,1.14673,1.14542,1.14597,2299,MT5,D1
2019-01-14,1.14596,1.14815,1.14499,1.14723,53278,MT5,D1
2019-01-15,1.14725,1.14892,1.13816,1.14138,63789,MT5,D1
2019-01-16,1.14139,1.14243,1.13776,1.13984,56597,MT5,D1
2019-01-17,1.13991,1.14057,1.137,1.13918,56327,MT5,D1
2019-01-18,1.1392,1.14099,1.13529,1.13634,53711,MT5,D1
2019-01-20,1.13609,1.13672,1.13596,1.1365,1486,MT5,D1
2019-01-21,1.1365,1.13908,1.13564,1.13687,40047,MT5,D1
2019-01-22,1.13686,1.13737,1.1335899999999999,1.13632,51556,MT5,D1
2019-01-23,1.13632,1.13939,1.1350500000000001,1.13853,52827,MT5,D1
2019-01-24,1.13857,1.13909,1.12887,1.13121,65136,MT5,D1
2019-01-25,1.13123,1.14173,1.13048,1.1406399999999999,58616,MT5,D1
2019-01-27,1.14036,1.14123,1.14005,1.14123,2223,MT5,D1
2019-01-28,1.1412499999999999,1.14434,1.13897,1.14294,49288,MT5,D1
2019-01-29,1.14294,1.1449799999999999,1.14109,1.14348,53793,MT5,D1
2019-01-30,1.14347,1.15012,1.14059,1.14851,56514,MT5,D1
2019-01-31,1.14852,1.15138,1.14355,1.14477,57241,MT5,D1
2019-02-01,1.1448,1.1488,1.14344,1.14555,51098,MT5,D1
2019-02-03,1.14512,1.1457600000000001,1.14475,1.14545,1875,MT5,D1
2019-02-04,1.14545,1.14599,1.14242,1.14351,47478,MT5,D1
2019-02-05,1.14351,1.14401,1.14006,1.1408800000000001,46322,MT5,D1
2019-02-06,1.1408800000000001,1.14089,1.13602,1.13657,48170,MT5,D1
2019-02-07,1.13656,1.13675,1.13231,1.13382,48957,MT5,D1
2019-02-08,1.13382,1.1350500000000001,1.13208,1.13218,43083,MT5,D1
2019-02-10,1.1322,1.13245,1.13148,1.13238,2714,MT5,D1
2019-02-11,1.13238,1.1329799999999999,1.12671,1.12786,45530,MT5,D1
2019-02-12,1.1278299999999999,1.1339299999999999,1.12575,1.13336,48225,MT5,D1
2019-02-13,1.13337,1.13413,1.12498,1.12644,48592,MT5,D1
2019-02-14,1.12646,1.13092,1.12498,1.12947,52372,MT5,D1
2019-02-15,1.12944,1.13059,1.12338,1.12937,48331,MT5,D1
2019-02-17,1.1296,1.12965,1.12891,1.12951,2265,MT5,D1
2019-02-18,1.12951,1.13337,1.12939,1.13114,37138,MT5,D1
2019-02-19,1.13112,1.1357,1.12752,1.13397,48916,MT5,D1
2019-02-20,1.13396,1.13708,1.13247,1.13458,49345,MT5,D1
2019-02-21,1.1346,1.1366,1.13194,1.13392,52674,MT5,D1
2019-02-22,1.13392,1.13554,1.13159,1.13334,45060,MT5,D1
2019-02-24,1.1341,1.13419,1.13289,1.13415,2128,MT5,D1
2019-02-25,1.1341700000000001,1.13673,1.13364,1.13643,45939,MT5,D1
2019-02-26,1.13646,1.14021,1.13448,1.13928,48588,MT5,D1
2019-02-27,1.13929,1.1403,1.13621,1.13794,49806,MT5,D1
2019-02-28,1.13795,1.14192,1.13595,1.13729,52560,MT5,D1
2019-03-01,1.13728,1.14081,1.1353,1.13646,47794,MT5,D1
2019-03-03,1.13816,1.13848,1.1372200000000001,1.1374900000000001,2126,MT5,D1
2019-03-04,1.13748,1.13748,1.13087,1.13363,45509,MT5,D1
2019-03-05,1.13362,1.13381,1.12893,1.13055,46974,MT5,D1
2019-03-06,1.13057,1.13242,1.12837,1.13128,44396,MT5,D1
2019-03-07,1.13129,1.13198,1.11753,1.11981,50302,MT5,D1
2019-03-08,1.11979,1.12457,1.11849,1.1233,49022,MT5,D1
2019-03-10,1.12301,1.12374,1.12301,1.12316,2192,MT5,D1
2019-03-11,1.12314,1.12681,1.12215,1.12589,43819,MT5,D1
2019-03-12,1.1259000000000001,1.13046,1.12489,1.12864,44249,MT5,D1
2019-03-13,1.12863,1.13381,1.12771,1.13302,42205,MT5,D1
2019-03-14,1.13302,1.13357,1.12938,1.13063,45200,MT5,D1
2019-03-15,1.13064,1.13439,1.12998,1.13251,39237,MT5,D1
2019-03-17,1.13206,1.1327,1.13188,1.13192,1835,MT5,D1
2019-03-18,1.13191,1.13585,1.1319,1.13358,39128,MT5,D1
2019-03-19,1.13358,1.13612,1.13334,1.13541,40349,MT5,D1
2019-03-20,1.13542,1.14475,1.13352,1.14283,48605,MT5,D1
2019-03-21,1.14282,1.14372,1.13422,1.13736,50512,MT5,D1
2019-03-22,1.13737,1.13901,1.12727,1.12999,49406,MT5,D1
2019-03-24,1.1293199999999999,1.1298,1.12909,1.1295600000000001,1719,MT5,D1
2019-03-25,1.12955,1.13308,1.12885,1.13148,47237,MT5,D1
2019-03-26,1.13146,1.13256,1.12625,1.1273900000000001,47146,MT5,D1
2019-03-27,1.12738,1.12851,1.12418,1.12518,52084,MT5,D1
2019-03-28,1.12519,1.12611,1.12134,1.12297,50024,MT5,D1
2019-03-29,1.12293,1.12463,1.12096,1.12177,47634,MT5,D1
2019-03-31,1.12262,1.12292,1.1219999999999999,1.12231,1544,MT5,D1
2019-04-01,1.1223,1.12494,1.11981,1.12049,46496,MT5,D1
2019-04-02,1.12048,1.12154,1.11834,1.1203,46510,MT5,D1
2019-04-03,1.12031,1.12543,1.1201699999999999,1.12446,46605,MT5,D1
2019-04-04,1.1244399999999999,1.12476,1.12057,1.12222,42862,MT5,D1
2019-04-05,1.1222,1.12461,1.12097,1.12157,39556,MT5,D1
2019-04-07,1.12148,1.12195,1.12127,1.12181,2081,MT5,D1
2019-04-08,1.12181,1.1274,1.12146,1.1255600000000001,41555,MT5,D1
2019-04-09,1.12555,1.12838,1.12552,1.12655,41765,MT5,D1
2019-04-10,1.12654,1.12869,1.12292,1.12757,44611,MT5,D1
2019-04-11,1.12757,1.1287,1.12497,1.12601,42187,MT5,D1
2019-04-12,1.126,1.13235,1.1257,1.12991,41978,MT5,D1
2019-04-14,1.1302,1.1307,1.12986,1.1302699999999999,1757,MT5,D1
2019-04-15,1.13026,1.13205,1.12975,1.1304,37495,MT5,D1
2019-04-16,1.1304,1.13135,1.12786,1.12842,43081,MT5,D1
2019-04-17,1.12843,1.13233,1.1280999999999999,1.12962,40408,MT5,D1
2019-04-18,1.12962,1.13036,1.12258,1.12347,44846,MT5,D1
2019-04-19,1.12345,1.1247,1.12316,1.12431,18989,MT5,D1
2019-04-21,1.12419,1.12443,1.12376,1.12436,2226,MT5,D1
2019-04-22,1.12437,1.12616,1.12356,1.12585,15871,MT5,D1
2019-04-23,1.12587,1.12608,1.1192,1.12238,24823,MT5,D1
2019-04-24,1.12239,1.12241,1.11406,1.11533,32631,MT5,D1
2019-04-25,1.11532,1.11623,1.11177,1.11354,28183,MT5,D1
2019-04-26,1.11352,1.11735,1.11114,1.11456,27052,MT5,D1
2019-04-28,1.11446,1.11515,1.11446,1.11489,1828,MT5,D1
2019-04-29,1.1149,1.11866,1.11449,1.11847,20718,MT5,D1
2019-04-30,1.11846,1.12286,1.11756,1.12154,27896,MT5,D1
2019-05-01,1.12154,1.12643,1.11873,1.12022,25838,MT5,D1
2019-05-02,1.12022,1.12187,1.11707,1.11728,28802,MT5,D1
2019-05-03,1.11727,1.12047,1.11352,1.12015,25261,MT5,D1
2019-05-05,1.11756,1.11991,1.11727,1.11846,2656,MT5,D1
2019-05-06,1.11845,1.12088,1.11789,1.12008,25522,MT5,D1
2019-05-07,1.12007,1.12173,1.11662,1.11895,28456,MT5,D1
2019-05-08,1.11894,1.12133,1.11826,1.11979,30811,MT5,D1
2019-05-09,1.11978,1.12506,1.11732,1.12182,32765,MT5,D1
2019-05-10,1.12183,1.12531,1.12177,1.1234,27901,MT5,D1
2019-05-12,1.12336,1.12388,1.12335,1.12357,2311,MT5,D1
2019-05-13,1.12355,1.1263,1.12199,1.1232,26884,MT5,D1
2019-05-14,1.12321,1.12436,1.12011,1.12028,25084,MT5,D1
2019-05-15,1.12029,1.12234,1.11773,1.12071,27186,MT5,D1
2019-05-16,1.12069,1.12236,1.11663,1.11732,24828,MT5,D1
2019-05-17,1.11731,1.11837,1.11548,1.1157,24570,MT5,D1
2019-05-19,1.11579,1.11663,1.11579,1.11646,2073,MT5,D1
2019-05-20,1.11648,1.11745,1.11505,1.11672,23314,MT5,D1
2019-05-21,1.11671,1.11855,1.11415,1.11642,24395,MT5,D1
2019-05-22,1.11642,1.11797,1.11484,1.11552,22662,MT5,D1
2019-05-23,1.11552,1.11871,1.11067,1.1184,27056,MT5,D1
2019-05-24,1.11838,1.12118,1.11771,1.12048,21084,MT5,D1
2019-05-26,1.12079,1.12113,1.12069,1.12069,1608,MT5,D1
2019-05-27,1.12067,1.12149,1.11864,1.11931,17404,MT5,D1
2019-05-28,1.11933,1.1198,1.11592,1.1167799999999999,24363,MT5,D1
2019-05-29,1.11676,1.11723,1.11239,1.11366,25317,MT5,D1
2019-05-30,1.11365,1.11429,1.1116,1.11296,22532,MT5,D1
2019-05-31,1.11295,1.11794,1.11247,1.11684,27580,MT5,D1
2019-06-02,1.11636,1.1174,1.11614,1.11734,2155,MT5,D1
2019-06-03,1.11733,1.12616,1.11601,1.12454,29439,MT5,D1
2019-06-04,1.12455,1.1277,1.12264,1.12535,31781,MT5,D1
2019-06-05,1.12536,1.1304,1.12198,1.12284,32899,MT5,D1
2019-06-06,1.12283,1.13081,1.12047,1.12754,31482,MT5,D1
2019-06-07,1.12755,1.13471,1.12511,1.13327,27117,MT5,D1
2019-06-09,1.13228,1.13285,1.13141,1.13188,1757,MT5,D1
2019-06-10,1.13189,1.13239,1.12896,1.13178,23952,MT5,D1
2019-06-11,1.1318,1.13372,1.13014,1.13291,27574,MT5,D1
2019-06-12,1.13292,1.1343,1.12827,1.12924,28202,MT5,D1
2019-06-13,1.12924,1.13035,1.12681,1.12794,25761,MT5,D1
2019-06-14,1.12792,1.12888,1.12019,1.1209,27905,MT5,D1
2019-06-16,1.12094,1.1217,1.12088,1.12154,2007,MT5,D1
2019-06-17,1.12153,1.12464,1.12035,1.12236,22056,MT5,D1
2019-06-18,1.12237,1.12425,1.11812,1.11978,34291,MT5,D1
2019-06-19,1.11979,1.12538,1.1187,1.12356,31992,MT5,D1
2019-06-20,1.12355,1.13167,1.1235,1.12942,36820,MT5,D1
2019-06-21,1.12941,1.13774,1.12829,1.13691,34513,MT5,D1
2019-06-23,1.13691,1.13848,1.1366,1.13848,2534,MT5,D1
2019-06-24,1.13847,1.14031,1.13723,1.13991,29666,MT5,D1
2019-06-25,1.13992,1.14117,1.13442,1.1368,39285,MT5,D1
2019-06-26,1.13678,1.13906,1.13474,1.13731,34457,MT5,D1
2019-06-27,1.1373199999999999,1.13811,1.13477,1.13709,28812,MT5,D1
2019-06-28,1.13711,1.13931,1.13506,1.13699,24122,MT5,D1
2019-06-30,1.13594,1.13708,1.13594,1.13599,1440,MT5,D1
2019-07-01,1.13597,1.1363699999999999,1.12802,1.12867,27510,MT5,D1
2019-07-02,1.12868,1.13192,1.12746,1.12904,24140,MT5,D1
2019-07-03,1.12903,1.13105,1.12684,1.1287099999999999,22761,MT5,D1
2019-07-04,1.1287,1.12948,1.1273,1.12851,11025,MT5,D1
2019-07-05,1.12852,1.12859,1.12072,1.12253,21500,MT5,D1
2019-07-07,1.12224,1.12285,1.12224,1.12265,781,MT5,D1
2019-07-08,1.12267,1.12341,1.1207,1.12149,16590,MT5,D1
2019-07-09,1.1215,1.12185,1.11933,1.12042,17099,MT5,D1
2019-07-10,1.12041,1.12636,1.12016,1.12581,24399,MT5,D1
2019-07-11,1.12582,1.12856,1.12451,1.12494,24840,MT5,D1
2019-07-12,1.1249500000000001,1.12746,1.12381,1.12704,20169,MT5,D1
2019-07-14,1.12669,1.12742,1.12636,1.12709,931,MT5,D1
2019-07-15,1.12711,1.12836,1.12536,1.12596,16402,MT5,D1
2019-07-16,1.12597,1.12632,1.1201699999999999,1.12118,20187,MT5,D1
2019-07-17,1.12116,1.12333,1.11993,1.1227,17158,MT5,D1
2019-07-18,1.12271,1.12812,1.12051,1.12608,27020,MT5,D1
2019-07-19,1.12607,1.1268,1.12033,1.12203,22690,MT5,D1
2019-07-21,1.12129,1.12186,1.12128,1.12174,909,MT5,D1
2019-07-22,1.12175,1.12248,1.12038,1.12043,17440,MT5,D1
2019-07-23,1.12042,1.12079,1.11457,1.11507,18323,MT5,D1
2019-07-24,1.11508,1.11555,1.1127,1.11418,19541,MT5,D1
2019-07-25,1.11417,1.11875,1.11013,1.11448,28602,MT5,D1
2019-07-26,1.11447,1.11506,1.11119,1.11273,18403,MT5,D1
2019-07-28,1.11231,1.11323,1.11227,1.11294,574,MT5,D1
2019-07-29,1.11292,1.11506,1.11129,1.11421,15617,MT5,D1
2019-07-30,1.1142,1.11606,1.1132,1.11567,19982,MT5,D1
2019-07-31,1.11566,1.1161699999999999,1.106,1.10714,32942,MT5,D1
2019-08-01,1.10715,1.10952,1.1026799999999999,1.10788,36460,MT5,D1
2019-08-02,1.10787,1.11161,1.10698,1.1107,34613,MT5,D1
2019-08-04,1.11052,1.11107,1.11043,1.11075,983,MT5,D1
2019-08-05,1.11074,1.12448,1.11064,1.12418,36133,MT5,D1
2019-08-06,1.12416,1.12492,1.11674,1.12051,32766,MT5,D1
2019-08-07,1.12053,1.12414,1.11792,1.12039,38915,MT5,D1
2019-08-08,1.12038,1.12292,1.1177,1.1186,33137,MT5,D1
2019-08-09,1.1186099999999999,1.12226,1.11832,1.12001,23612,MT5,D1
2019-08-11,1.11984,1.1207799999999999,1.11974,1.12072,799,MT5,D1
2019-08-12,1.12071,1.12302,1.11619,1.12159,23773,MT5,D1
2019-08-13,1.12161,1.12281,1.11696,1.11763,31304,MT5,D1
2019-08-14,1.11762,1.11905,1.11306,1.11427,28385,MT5,D1
2019-08-15,1.11429,1.11582,1.10913,1.11102,32406,MT5,D1
2019-08-16,1.11104,1.11111,1.10662,1.10898,22980,MT5,D1
2019-08-18,1.10911,1.11001,1.10895,1.1092,1183,MT5,D1
2019-08-19,1.10919,1.11133,1.1076,1.10814,18287,MT5,D1
2019-08-20,1.10815,1.11064,1.10658,1.10969,20264,MT5,D1
2019-08-21,1.1097,1.11068,1.10808,1.1090200000000001,17849,MT5,D1
2019-08-22,1.109,1.11128,1.10634,1.10835,24228,MT5,D1
2019-08-23,1.10834,1.11527,1.10516,1.11397,29171,MT5,D1
2019-08-25,1.11462,1.11615,1.11404,1.11431,2414,MT5,D1
2019-08-26,1.11432,1.11526,1.10941,1.11013,30102,MT5,D1
2019-08-27,1.11011,1.11156,1.10857,1.10893,22240,MT5,D1
2019-08-28,1.10894,1.10976,1.10731,1.10854,21912,MT5,D1
2019-08-29,1.10853,1.10873,1.10419,1.10589,22007,MT5,D1
2019-08-30,1.10588,1.10597,1.09631,1.09904,24357,MT5,D1
2019-09-01,1.09871,1.09948,1.09831,1.09903,1414,MT5,D1
2019-09-02,1.09901,1.09929,1.09578,1.09641,15055,MT5,D1
2019-09-03,1.0964,1.09784,1.09261,1.09725,28324,MT5,D1
2019-09-04,1.09724,1.1038000000000001,1.09715,1.10346,24806,MT5,D1
2019-09-05,1.10345,1.10836,1.10161,1.10338,27582,MT5,D1
2019-09-06,1.1034,1.10565,1.10201,1.10272,25304,MT5,D1
2019-09-08,1.1025,1.10274,1.10182,1.10201,644,MT5,D1
2019-09-09,1.102,1.10678,1.10145,1.10469,21584,MT5,D1
2019-09-10,1.10468,1.10592,1.10305,1.10498,21304,MT5,D1
2019-09-11,1.10499,1.10552,1.09851,1.10133,21293,MT5,D1
2019-09-12,1.10134,1.10859,1.09259,1.10559,41790,MT5,D1
2019-09-13,1.10561,1.11091,1.10561,1.10742,26150,MT5,D1
2019-09-15,1.10735,1.1086,1.10693,1.10829,1841,MT5,D1
2019-09-16,1.10828,1.1084100000000001,1.09936,1.1003,24692,MT5,D1
2019-09-17,1.10029,1.1075,1.09903,1.10736,26762,MT5,D1
2019-09-18,1.10737,1.10744,1.10141,1.10285,28226,MT5,D1
2019-09-19,1.10289,1.10732,1.10228,1.10446,26916,MT5,D1
2019-09-20,1.10444,1.10672,1.0996299999999999,1.10193,23630,MT5,D1
2019-09-22,1.10116,1.1019700000000001,1.10115,1.10184,920,MT5,D1
2019-09-23,1.10183,1.10249,1.09665,1.09937,24070,MT5,D1
2019-09-24,1.09936,1.10238,1.09831,1.1013,24289,MT5,D1
2019-09-25,1.10129,1.10163,1.09373,1.09512,25116,MT5,D1
2019-09-26,1.0951,1.09667,1.09088,1.09221,24317,MT5,D1
2019-09-27,1.09223,1.09581,1.09048,1.09413,22572,MT5,D1
2019-09-29,1.09394,1.09454,1.09376,1.09421,886,MT5,D1
2019-09-30,1.0942,1.09472,1.08853,1.08991,21751,MT5,D1
2019-10-01,1.0899,1.09422,1.08789,1.09337,27582,MT5,D1
2019-10-02,1.09338,1.09632,1.09038,1.09602,23253,MT5,D1
2019-10-03,1.096,1.09989,1.09409,1.09742,26814,MT5,D1
2019-10-04,1.09743,1.09972,1.0957,1.09783,23837,MT5,D1
2019-10-06,1.09794,1.09836,1.09745,1.09831,763,MT5,D1
2019-10-07,1.0983,1.09998,1.09618,1.09713,19926,MT5,D1
2019-10-08,1.09714,1.09955,1.0941,1.09596,26153,MT5,D1
2019-10-09,1.09595,1.09898,1.09546,1.0984099999999999,20938,MT5,D1
2019-10-10,1.0984,1.10335,1.09796,1.10105,28169,MT5,D1
2019-10-11,1.10106,1.10623,1.10009,1.10371,31109,MT5,D1
2019-10-13,1.10305,1.10362,1.1025,1.10278,1237,MT5,D1
2019-10-14,1.10279,1.10422,1.10127,1.10257,19256,MT5,D1
2019-10-15,1.10256,1.10458,1.09911,1.10343,27914,MT5,D1
2019-10-16,1.10342,1.1085099999999999,1.10228,1.10736,28857,MT5,D1
2019-10-17,1.10737,1.11377,1.10651,1.11245,29045,MT5,D1
2019-10-18,1.11246,1.11707,1.11145,1.11698,19918,MT5,D1
2019-10-20,1.11627,1.11637,1.11493,1.1155599999999999,1300,MT5,D1
2019-10-21,1.11554,1.11787,1.11387,1.11514,17278,MT5,D1
2019-10-22,1.11513,1.11565,1.1118,1.11287,20493,MT5,D1
2019-10-23,1.11288,1.11397,1.1106,1.11319,16446,MT5,D1
2019-10-24,1.11317,1.11624,1.10929,1.11033,22230,MT5,D1
2019-10-25,1.11036,1.11227,1.10728,1.10799,14665,MT5,D1
2019-10-27,1.10772,1.10838,1.10769,1.10838,1167,MT5,D1
2019-10-28,1.10839,1.11062,1.1076,1.10984,15045,MT5,D1
2019-10-29,1.10983,1.11181,1.10733,1.11119,17612,MT5,D1
2019-10-30,1.11118,1.11551,1.10801,1.1152,24200,MT5,D1
2019-10-31,1.11521,1.11751,1.11314,1.11559,24342,MT5,D1
2019-11-01,1.11558,1.11715,1.11282,1.11651,20346,MT5,D1
2019-11-03,1.1166800000000001,1.11669,1.11627,1.11659,576,MT5,D1
2019-11-04,1.11657,1.1175,1.1120700000000001,1.11277,17983,MT5,D1
2019-11-05,1.11278,1.11397,1.10633,1.10738,23157,MT5,D1
2019-11-06,1.10739,1.10925,1.10647,1.10698,18277,MT5,D1
2019-11-07,1.10697,1.1091199999999999,1.10359,1.10521,24959,MT5,D1
2019-11-08,1.10522,1.10551,1.10165,1.10212,17399,MT5,D1
2019-11-10,1.1019,1.10223,1.10176,1.10218,313,MT5,D1
2019-11-11,1.10216,1.10426,1.10163,1.10345,13381,MT5,D1
2019-11-12,1.10344,1.10383,1.1002399999999999,1.10118,17918,MT5,D1
2019-11-13,1.10117,1.10199,1.09952,1.10094,18902,MT5,D1
2019-11-14,1.10092,1.1027,1.0989,1.10195,17369,MT5,D1
2019-11-15,1.10196,1.10565,1.10144,1.10544,13800,MT5,D1
2019-11-17,1.10477,1.10542,1.10477,1.10538,531,MT5,D1
2019-11-18,1.10537,1.10896,1.10533,1.1072,14429,MT5,D1
2019-11-19,1.10719,1.10836,1.10625,1.10778,14087,MT5,D1
2019-11-20,1.10779,1.1081,1.10529,1.10775,16952,MT5,D1
2019-11-21,1.10776,1.10966,1.10522,1.10654,16194,MT5,D1
2019-11-22,1.10653,1.10861,1.10144,1.10224,16825,MT5,D1
2019-11-24,1.10152,1.10223,1.10152,1.10223,589,MT5,D1
2019-11-25,1.10224,1.1031900000000001,1.10035,1.10103,15958,MT5,D1
2019-11-26,1.10104,1.10253,1.1007,1.10219,15628,MT5,D1
2019-11-27,1.10218,1.10218,1.09921,1.10046,15554,MT5,D1
2019-11-28,1.10048,1.10174,1.10003,1.10109,10459,MT5,D1
2019-11-29,1.1011,1.10279,1.09809,1.1016,14069,MT5,D1
2019-12-01,1.10222,1.10222,1.10165,1.10181,455,MT5,D1
2019-12-02,1.1018,1.10895,1.10028,1.10758,17221,MT5,D1
2019-12-03,1.10756,1.10929,1.10657,1.10817,16561,MT5,D1
2019-12-04,1.10816,1.11157,1.10666,1.10824,19605,MT5,D1
2019-12-05,1.10822,1.11077,1.10793,1.1104,15751,MT5,D1
2019-12-06,1.11038,1.11092,1.10397,1.10596,15007,MT5,D1
2019-12-08,1.10562,1.10597,1.10548,1.10582,827,MT5,D1
2019-12-09,1.1058,1.10776,1.10532,1.10641,11928,MT5,D1
2019-12-10,1.1064,1.1097299999999999,1.10628,1.10922,14504,MT5,D1
2019-12-11,1.10921,1.11446,1.107,1.11324,19085,MT5,D1
2019-12-12,1.11324,1.11951,1.11029,1.11833,25758,MT5,D1
2019-12-13,1.11832,1.11856,1.11118,1.11164,28344,MT5,D1
2019-12-15,1.11264,1.11285,1.11224,1.11239,805,MT5,D1
2019-12-16,1.1124,1.11578,1.11228,1.11353,17273,MT5,D1
2019-12-17,1.11354,1.11741,1.11292,1.1151,18350,MT5,D1
2019-12-18,1.11511,1.11511,1.11103,1.11152,16226,MT5,D1
2019-12-19,1.11151,1.11437,1.11072,1.1123,17990,MT5,D1
2019-12-20,1.11228,1.11233,1.10662,1.10769,14801,MT5,D1
2019-12-22,1.10799,1.10799,1.10758,1.10794,557,MT5,D1
2019-12-23,1.10799,1.10955,1.10698,1.10917,14195,MT5,D1
2019-12-24,1.10918,1.10936,1.10691,1.10874,10377,MT5,D1
2019-12-26,1.10898,1.11088,1.10821,1.11001,6046,MT5,D1
2019-12-27,1.11007,1.11879,1.10986,1.11759,18241,MT5,D1
2019-12-29,1.11751,1.11831,1.11721,1.11812,1159,MT5,D1
2019-12-30,1.11811,1.12204,1.11804,1.12013,19235,MT5,D1
2019-12-31,1.12012,1.12387,1.11985,1.12288,15030,MT5,D1
2020-01-02,1.12181,1.12243,1.11634,1.11706,18897,MT5,D1
2020-01-03,1.11705,1.11795,1.11248,1.11612,21296,MT5,D1
2020-01-05,1.11631,1.11666,1.11577,1.11602,707,MT5,D1
2020-01-06,1.11603,1.12052,1.1157,1.11952,17646,MT5,D1
2020-01-07,1.11951,1.11968,1.11334,1.11529,21442,MT5,D1
2020-01-08,1.11536,1.11679,1.11021,1.11126,25919,MT5,D1
2020-01-09,1.11127,1.11202,1.10927,1.11088,18005,MT5,D1
2020-01-10,1.1109,1.11288,1.1085,1.1121,17035,MT5,D1
2020-01-12,1.1116,1.11186,1.11134,1.1116,393,MT5,D1
2020-01-13,1.11159,1.11466,1.11124,1.11344,15104,MT5,D1
2020-01-14,1.11343,1.11442,1.11042,1.11274,17740,MT5,D1
2020-01-15,1.11273,1.1163,1.11184,1.11521,15915,MT5,D1
2020-01-16,1.11522,1.11721,1.11278,1.11368,16476,MT5,D1
2020-01-17,1.11367,1.11423,1.10861,1.10925,14891,MT5,D1
2020-01-19,1.10907,1.10942,1.1088,1.10942,489,MT5,D1
2020-01-20,1.10943,1.1102,1.10766,1.1096,10185,MT5,D1
2020-01-21,1.10958,1.11176,1.108,1.10849,16133,MT5,D1
2020-01-22,1.1085,1.1098,1.10699,1.10954,15824,MT5,D1
2020-01-23,1.10955,1.11083,1.10362,1.10543,20099,MT5,D1
2020-01-24,1.10548,1.10611,1.10196,1.10276,16110,MT5,D1
2020-01-26,1.10294,1.10334,1.10243,1.10243,1215,MT5,D1
2020-01-27,1.10243,1.10373,1.10095,1.10192,14381,MT5,D1
2020-01-28,1.10191,1.10248,1.09978,1.10219,13124,MT5,D1
2020-01-29,1.1022,1.10274,1.09922,1.1013600000000001,14183,MT5,D1
2020-01-30,1.10135,1.10389,1.10067,1.10286,15522,MT5,D1
2020-01-31,1.10285,1.10913,1.10167,1.10905,16293,MT5,D1
2020-02-02,1.1091,1.1091199999999999,1.10815,1.10889,868,MT5,D1
2020-02-03,1.10887,1.10887,1.10359,1.1062,16264,MT5,D1
2020-02-04,1.10621,1.10638,1.10327,1.10445,15057,MT5,D1
2020-02-05,1.10444,1.10475,1.09934,1.1,15142,MT5,D1
2020-02-06,1.10001,1.10135,1.09643,1.09806,13894,MT5,D1
2020-02-07,1.09805,1.09847,1.09418,1.09448,16817,MT5,D1
2020-02-09,1.09413,1.095,1.09412,1.0949,487,MT5,D1
2020-02-10,1.09489,1.09572,1.0907499999999999,1.091,13162,MT5,D1
2020-02-11,1.09101,1.09244,1.08911,1.09187,14821,MT5,D1
2020-02-12,1.09188,1.09253,1.08653,1.08745,15979,MT5,D1
2020-02-13,1.08751,1.08884,1.08339,1.08413,15999,MT5,D1
2020-02-14,1.08412,1.08609,1.08273,1.08306,14475,MT5,D1
2020-02-16,1.08396,1.08413,1.08351,1.0841,702,MT5,D1
2020-02-17,1.08408,1.08506,1.08291,1.08365,10108,MT5,D1
2020-02-18,1.08364,1.0836999999999999,1.07855,1.07947,17836,MT5,D1
2020-02-19,1.07945,1.08115,1.07821,1.08095,16374,MT5,D1
2020-02-20,1.08094,1.08206,1.07776,1.07875,20882,MT5,D1
2020-02-21,1.07874,1.08631,1.0787,1.08467,19881,MT5,D1
2020-02-23,1.08229,1.08403,1.08229,1.08382,1207,MT5,D1
2020-02-24,1.08383,1.08717,1.08051,1.08487,25905,MT5,D1
2020-02-25,1.08485,1.08898,1.08302,1.08788,26577,MT5,D1
2020-02-26,1.08793,1.09083,1.08549,1.08852,29362,MT5,D1
2020-02-27,1.08859,1.10059,1.08847,1.0996,35477,MT5,D1
2020-02-28,1.09961,1.10526,1.09508,1.10227,42856,MT5,D1
2020-03-01,1.10426,1.10714,1.10385,1.10517,1726,MT5,D1
2020-03-02,1.10515,1.11841,1.10361,1.1143399999999999,50033,MT5,D1
2020-03-03,1.11438,1.12126,1.10952,1.11765,53539,MT5,D1
2020-03-04,1.11764,1.11871,1.10955,1.11379,37996,MT5,D1
2020-03-05,1.1138,1.12445,1.11194,1.12222,37203,MT5,D1
2020-03-06,1.12223,1.13544,1.12115,1.12847,65535,MT5,D1
2020-03-08,1.13438,1.13961,1.13348,1.13875,5722,MT5,D1
2020-03-09,1.13873,1.14963,1.13559,1.1399,121944,MT5,D1
2020-03-10,1.13989,1.14249,1.1274899999999999,1.13138,93806,MT5,D1
2020-03-11,1.13137,1.13664,1.12511,1.12611,64954,MT5,D1
2020-03-12,1.12609,1.13331,1.10552,1.11824,122820,MT5,D1
2020-03-13,1.11826,1.1221,1.1055,1.11033,89439,MT5,D1
2020-03-15,1.11236,1.11938,1.11236,1.11574,22986,MT5,D1
2020-03-16,1.11573,1.12364,1.10854,1.11634,116557,MT5,D1
2020-03-17,1.11633,1.11889,1.09549,1.10161,92203,MT5,D1
2020-03-18,1.10163,1.10449,1.08019,1.09438,109962,MT5,D1
2020-03-19,1.09437,1.0949,1.06542,1.06547,159494,MT5,D1
2020-03-20,1.06546,1.08306,1.06376,1.06902,136267,MT5,D1
2020-03-22,1.0703,1.07038,1.06346,1.0688900000000001,6802,MT5,D1
2020-03-23,1.06887,1.08278,1.06582,1.07636,117620,MT5,D1
2020-03-24,1.07634,1.08876,1.07458,1.07981,94506,MT5,D1
2020-03-25,1.07982,1.08936,1.07599,1.08885,79245,MT5,D1
2020-03-26,1.08884,1.10584,1.08745,1.10474,82133,MT5,D1
2020-03-27,1.10475,1.1147,1.09533,1.11375,78601,MT5,D1
2020-03-29,1.11179,1.1144,1.11051,1.11364,3252,MT5,D1
2020-03-30,1.11363,1.11382,1.10099,1.10288,66088,MT5,D1
2020-03-31,1.10287,1.10425,1.09265,1.10257,74970,MT5,D1
2020-04-01,1.10259,1.10359,1.09027,1.09512,57245,MT5,D1
2020-04-02,1.09513,1.09641,1.08205,1.08459,58353,MT5,D1
2020-04-03,1.08457,1.0855,1.07727,1.08019,47654,MT5,D1
2020-04-05,1.08121,1.08197,1.08014,1.08053,3383,MT5,D1
2020-04-06,1.08052,1.08349,1.07682,1.07987,46430,MT5,D1
2020-04-07,1.07988,1.09257,1.07903,1.08934,46136,MT5,D1
2020-04-08,1.08933,1.08965,1.08298,1.08595,43574,MT5,D1
2020-04-09,1.08596,1.09514,1.08408,1.09219,47551,MT5,D1
2020-04-10,1.09223,1.09509,1.09182,1.09318,32041,MT5,D1
2020-04-12,1.09381,1.09398,1.09303,1.09313,1922,MT5,D1
2020-04-13,1.09311,1.09676,1.08925,1.09196,29190,MT5,D1
2020-04-14,1.09194,1.09889,1.09149,1.09834,38168,MT5,D1
2020-04-15,1.09832,1.09869,1.08566,1.09034,38290,MT5,D1
2020-04-16,1.09035,1.09069,1.08164,1.08585,67452,MT5,D1
2020-04-17,1.08586,1.08922,1.08118,1.08713,58714,MT5,D1
2020-04-19,1.08682,1.0873,1.08634,1.08636,2226,MT5,D1
2020-04-20,1.08635,1.08963,1.0841,1.08636,57849,MT5,D1
2020-04-21,1.08636,1.08799,1.08164,1.08562,67009,MT5,D1
2020-04-22,1.08561,1.0884800000000001,1.0803,1.08059,52403,MT5,D1
2020-04-23,1.0806,1.08463,1.07558,1.07743,77638,MT5,D1
2020-04-24,1.07742,1.08286,1.07269,1.08223,61765,MT5,D1
2020-04-26,1.08193,1.0822,1.08129,1.08206,1698,MT5,D1
2020-04-27,1.08207,1.08597,1.08111,1.08241,53967,MT5,D1
2020-04-28,1.08241,1.08882,1.08095,1.08324,56534,MT5,D1
2020-04-29,1.08323,1.08852,1.08307,1.08771,57933,MT5,D1
2020-04-30,1.0877,1.09723,1.08328,1.09447,83978,MT5,D1
2020-05-01,1.09447,1.10184,1.09343,1.09793,52369,MT5,D1
2020-05-03,1.09695,1.09709,1.09514,1.09605,2639,MT5,D1
2020-05-04,1.09606,1.09607,1.08955,1.0903,53954,MT5,D1
2020-05-05,1.09032,1.09256,1.08257,1.08383,62449,MT5,D1
2020-05-06,1.08383,1.08435,1.07817,1.07978,56249,MT5,D1
2020-05-07,1.07979,1.08401,1.07664,1.08362,64024,MT5,D1
2020-05-08,1.08361,1.08753,1.0815,1.08375,47739,MT5,D1
2020-05-10,1.08249,1.08393,1.08236,1.08376,2208,MT5,D1
2020-05-11,1.08375,1.08502,1.08003,1.08091,50364,MT5,D1
2020-05-12,1.0809,1.08849,1.07842,1.08453,54175,MT5,D1
2020-05-13,1.08453,1.08961,1.08115,1.08209,60824,MT5,D1
2020-05-14,1.08208,1.08237,1.07747,1.08059,56039,MT5,D1
2020-05-15,1.08059,1.08508,1.07887,1.08191,52855,MT5,D1
2020-05-17,1.08081,1.08229,1.08071,1.08186,1785,MT5,D1
2020-05-18,1.08185,1.09267,1.07996,1.09138,56211,MT5,D1
2020-05-19,1.09137,1.09757,1.0902,1.09257,57527,MT5,D1
2020-05-20,1.0925799999999999,1.09987,1.0925799999999999,1.09795,50969,MT5,D1
2020-05-21,1.09794,1.1008,1.09372,1.09489,55188,MT5,D1
2020-05-22,1.09489,1.09534,1.08851,1.08985,45325,MT5,D1
2020-05-24,1.08961,1.0908,1.08931,1.09079,1459,MT5,D1
2020-05-25,1.09078,1.09142,1.08704,1.0901399999999999,27451,MT5,D1
2020-05-26,1.09015,1.09955,1.08966,1.09782,50155,MT5,D1
2020-05-27,1.09782,1.10304,1.09337,1.10164,86668,MT5,D1
2020-05-28,1.10164,1.10932,1.09915,1.10779,73962,MT5,D1
2020-05-29,1.10778,1.11449,1.10698,1.10976,87180,MT5,D1
2020-05-31,1.11131,1.11193,1.11,1.11155,2798,MT5,D1
2020-06-01,1.11155,1.11536,1.11002,1.1125099999999999,66418,MT5,D1
2020-06-02,1.11252,1.11957,1.11149,1.11849,77908,MT5,D1
2020-06-03,1.11848,1.12575,1.11796,1.12348,87464,MT5,D1
2020-06-04,1.12349,1.1362,1.11945,1.13353,104642,MT5,D1
2020-06-05,1.13354,1.13834,1.1278299999999999,1.12913,93375,MT5,D1
2020-06-07,1.12943,1.13194,1.12907,1.13159,2433,MT5,D1
2020-06-08,1.13158,1.13182,1.12681,1.1304,66624,MT5,D1
2020-06-09,1.13039,1.13635,1.12408,1.1332,77611,MT5,D1
2020-06-10,1.1332,1.1421999999999999,1.13223,1.13666,103124,MT5,D1
2020-06-11,1.13667,1.14033,1.12855,1.12877,118379,MT5,D1
2020-06-12,1.12878,1.13402,1.12203,1.12553,93869,MT5,D1
2020-06-14,1.12338,1.1258,1.12249,1.12515,4509,MT5,D1
2020-06-15,1.12515,1.13378,1.12266,1.13374,95031,MT5,D1
2020-06-16,1.13374,1.1353,1.12275,1.12648,97981,MT5,D1
2020-06-17,1.12647,1.12937,1.12068,1.12417,84086,MT5,D1
2020-06-18,1.12418,1.12611,1.11855,1.12075,77488,MT5,D1
2020-06-19,1.12075,1.12541,1.1168,1.11769,68999,MT5,D1
2020-06-21,1.11786,1.11859,1.11684,1.11764,2901,MT5,D1
2020-06-22,1.11765,1.12807,1.11736,1.12775,61261,MT5,D1
2020-06-23,1.12775,1.13482,1.12329,1.13124,77758,MT5,D1
2020-06-24,1.13123,1.13255,1.12469,1.12497,71821,MT5,D1
2020-06-25,1.12498,1.12595,1.11902,1.12178,67651,MT5,D1
2020-06-26,1.12177,1.1239,1.11951,1.12186,49120,MT5,D1
2020-06-28,1.12208,1.12265,1.12155,1.12218,1687,MT5,D1
2020-06-29,1.12218,1.12875,1.12192,1.12465,52877,MT5,D1
2020-06-30,1.12465,1.12616,1.11909,1.12334,62881,MT5,D1
2020-07-01,1.12333,1.12748,1.11847,1.1251,58192,MT5,D1
2020-07-02,1.12509,1.13024,1.12232,1.12372,57761,MT5,D1
2020-07-03,1.1237300000000001,1.12523,1.12192,1.1244,43770,MT5,D1
2020-07-05,1.12432,1.12493,1.12412,1.12465,1277,MT5,D1
2020-07-06,1.12466,1.13451,1.12465,1.13123,54291,MT5,D1
2020-07-07,1.13122,1.1332200000000001,1.12587,1.12742,59989,MT5,D1
2020-07-08,1.12743,1.13514,1.12621,1.13371,57493,MT5,D1
2020-07-09,1.13372,1.13704,1.1280000000000001,1.12877,68867,MT5,D1
2020-07-10,1.12878,1.13244,1.12547,1.12995,50818,MT5,D1
2020-07-12,1.1302,1.1317,1.12997,1.13084,2084,MT5,D1
2020-07-13,1.13085,1.13746,1.13007,1.13446,53734,MT5,D1
2020-07-14,1.13447,1.14115,1.1325,1.141,61512,MT5,D1
2020-07-15,1.14099,1.14516,1.13909,1.14167,57217,MT5,D1
2020-07-16,1.14166,1.14414,1.13703,1.13877,61630,MT5,D1
2020-07-17,1.13876,1.14434,1.13774,1.14274,42727,MT5,D1
2020-07-19,1.14146,1.1445400000000001,1.14132,1.1442,2694,MT5,D1
2020-07-20,1.14419,1.14675,1.14024,1.14556,64167,MT5,D1
2020-07-21,1.14557,1.15419,1.14227,1.1535,72297,MT5,D1
2020-07-22,1.15349,1.16009,1.15066,1.15645,81367,MT5,D1
2020-07-23,1.15644,1.1626400000000001,1.15402,1.1595,70843,MT5,D1
2020-07-24,1.15951,1.16577,1.1581,1.16523,71320,MT5,D1
2020-07-26,1.16424,1.16552,1.16389,1.16496,4481,MT5,D1
2020-07-27,1.16495,1.1781,1.16494,1.17679,77280,MT5,D1
2020-07-28,1.17678,1.17733,1.16985,1.17183,76740,MT5,D1
2020-07-29,1.17184,1.1806,1.17139,1.1780599999999999,78468,MT5,D1
2020-07-30,1.17805,1.18761,1.17306,1.18717,82826,MT5,D1
2020-07-31,1.1871800000000001,1.19085,1.17615,1.17746,100804,MT5,D1
2020-08-02,1.1770100000000001,1.17964,1.1768,1.1781,3108,MT5,D1
2020-08-03,1.17811,1.17885,1.16957,1.176,76347,MT5,D1
2020-08-04,1.17599,1.18146,1.17211,1.18134,71250,MT5,D1
2020-08-05,1.18134,1.19046,1.17992,1.1872,71283,MT5,D1
2020-08-06,1.18719,1.19158,1.18178,1.18751,92728,MT5,D1
2020-08-07,1.18751,1.1881599999999999,1.1755200000000001,1.17824,87249,MT5,D1
2020-08-09,1.1787,1.17872,1.17717,1.1781,2099,MT5,D1
2020-08-10,1.17811,1.18003,1.17325,1.17359,56208,MT5,D1
2020-08-11,1.17359,1.1807400000000001,1.1722,1.17347,82302,MT5,D1
2020-08-12,1.17348,1.18163,1.17109,1.17938,77129,MT5,D1
2020-08-13,1.17937,1.18638,1.17933,1.18153,70701,MT5,D1
2020-08-14,1.18154,1.1850100000000001,1.17816,1.18386,58659,MT5,D1
2020-08-16,1.18387,1.18527,1.18295,1.18518,1690,MT5,D1
2020-08-17,1.18517,1.1880600000000001,1.18285,1.1874500000000001,51147,MT5,D1
2020-08-18,1.18744,1.19653,1.1874,1.19461,68049,MT5,D1
2020-08-19,1.1945999999999999,1.19524,1.18301,1.18435,77500,MT5,D1
2020-08-20,1.18436,1.18708,1.1802,1.1869399999999999,77646,MT5,D1
2020-08-21,1.18695,1.18826,1.17539,1.17923,68926,MT5,D1
2020-08-23,1.17922,1.18063,1.17913,1.17981,2048,MT5,D1
2020-08-24,1.1798,1.18493,1.17835,1.17934,52880,MT5,D1
2020-08-25,1.17933,1.18431,1.1784,1.18339,64489,MT5,D1
2020-08-26,1.18338,1.18402,1.17722,1.18397,59370,MT5,D1
2020-08-27,1.18398,1.18965,1.1762299999999999,1.18202,102352,MT5,D1
2020-08-28,1.18203,1.19195,1.18108,1.18955,72600,MT5,D1
2020-08-30,1.19006,1.19199,1.18973,1.19171,2837,MT5,D1
2020-08-31,1.1917,1.19657,1.18838,1.1936499999999999,59591,MT5,D1
2020-09-01,1.19366,1.20107,1.19012,1.19223,88799,MT5,D1
2020-09-02,1.19224,1.19236,1.1822,1.18455,75401,MT5,D1
2020-09-03,1.18456,1.18642,1.17888,1.18411,78800,MT5,D1
2020-09-04,1.18412,1.1865,1.17807,1.18363,78091,MT5,D1
2020-09-06,1.18418,1.18434,1.18333,1.18342,1782,MT5,D1
2020-09-07,1.18344,1.18484,1.18105,1.18185,39108,MT5,D1
2020-09-08,1.18185,1.18271,1.17553,1.17666,80230,MT5,D1
2020-09-09,1.17665,1.18336,1.17526,1.18034,70128,MT5,D1
2020-09-10,1.18033,1.19171,1.18004,1.18232,71988,MT5,D1
2020-09-11,1.1823299999999999,1.18738,1.1823299999999999,1.18432,42713,MT5,D1
2020-09-13,1.18338,1.18463,1.18319,1.18403,1460,MT5,D1
2020-09-14,1.18402,1.18876,1.18319,1.18668,35552,MT5,D1
2020-09-15,1.18669,1.19001,1.18393,1.18418,40840,MT5,D1
2020-09-16,1.18418,1.18821,1.17877,1.18041,61954,MT5,D1
2020-09-17,1.18043,1.18558,1.17374,1.18468,60721,MT5,D1
2020-09-18,1.18469,1.187,1.18259,1.1836,42440,MT5,D1
2020-09-20,1.18433,1.18496,1.1837,1.18453,1596,MT5,D1
2020-09-21,1.18452,1.18714,1.17316,1.17626,54896,MT5,D1
2020-09-22,1.17624,1.17712,1.16921,1.17061,56910,MT5,D1
2020-09-23,1.1706,1.1718600000000001,1.16512,1.16566,57925,MT5,D1
2020-09-24,1.16567,1.16865,1.16263,1.16734,56221,MT5,D1
2020-09-25,1.16733,1.16846,1.16121,1.16263,47909,MT5,D1
2020-09-27,1.16198,1.16361,1.1619,1.1634,1684,MT5,D1
2020-09-28,1.1634,1.16797,1.16149,1.16767,42521,MT5,D1
2020-09-29,1.16766,1.17454,1.16651,1.17414,44364,MT5,D1
2020-09-30,1.17413,1.17545,1.16844,1.17231,62827,MT5,D1
2020-10-01,1.17233,1.17694,1.1717,1.17438,60465,MT5,D1
2020-10-02,1.17437,1.17443,1.16956,1.17147,64418,MT5,D1
2020-10-04,1.1711,1.17197,1.1705,1.17193,2197,MT5,D1
2020-10-05,1.17195,1.17972,1.17176,1.17888,40402,MT5,D1
2020-10-06,1.17887,1.1807400000000001,1.17286,1.1736900000000001,53156,MT5,D1
2020-10-07,1.1737,1.17816,1.17249,1.17655,44286,MT5,D1
2020-10-08,1.17654,1.17814,1.17327,1.17666,37805,MT5,D1
2020-10-09,1.17666,1.18304,1.17576,1.18217,36620,MT5,D1
2020-10-11,1.18121,1.18214,1.18073,1.18156,1845,MT5,D1
2020-10-12,1.18154,1.18264,1.17865,1.18127,31820,MT5,D1
2020-10-13,1.18129,1.18137,1.17306,1.17418,39771,MT5,D1
2020-10-14,1.17418,1.17707,1.17197,1.17444,38305,MT5,D1
2020-10-15,1.17443,1.17575,1.16882,1.17063,42123,MT5,D1
2020-10-16,1.17062,1.17458,1.16939,1.17134,36642,MT5,D1
2020-10-18,1.17156,1.17184,1.17106,1.17153,1387,MT5,D1
2020-10-19,1.17151,1.17934,1.1703000000000001,1.17682,35493,MT5,D1
2020-10-20,1.17681,1.18404,1.17598,1.18288,35981,MT5,D1
2020-10-21,1.18287,1.18805,1.18278,1.18515,43208,MT5,D1
2020-10-22,1.18513,1.18665,1.18113,1.18144,37963,MT5,D1
2020-10-23,1.18142,1.18645,1.17866,1.18575,36789,MT5,D1
2020-10-25,1.18519,1.18581,1.18392,1.18479,2400,MT5,D1
2020-10-26,1.18478,1.18502,1.18031,1.18088,36511,MT5,D1
2020-10-27,1.18088,1.18385,1.1768,1.17813,34033,MT5,D1
2020-10-28,1.17815,1.17878,1.17176,1.1748,44611,MT5,D1
2020-10-29,1.17481,1.17584,1.165,1.16781,50379,MT5,D1
2020-10-30,1.16779,1.17039,1.16398,1.1643,44991,MT5,D1
2020-11-01,1.16467,1.16475,1.1637,1.16409,1387,MT5,D1
2020-11-02,1.16413,1.16554,1.16221,1.16397,38302,MT5,D1
2020-11-03,1.16402,1.17629,1.16371,1.17611,37808,MT5,D1
2020-11-04,1.17615,1.17703,1.16024,1.17316,126046,MT5,D1
2020-11-05,1.1732,1.18594,1.17106,1.18148,69574,MT5,D1
2020-11-06,1.18166,1.18906,1.1795200000000001,1.18717,63968,MT5,D1
2020-11-08,1.1883,1.18931,1.18811,1.18907,1370,MT5,D1
2020-11-09,1.18923,1.19197,1.1795200000000001,1.18235,86823,MT5,D1
2020-11-10,1.1824,1.1843,1.17795,1.18178,68980,MT5,D1
2020-11-11,1.18182,1.18325,1.17453,1.17786,42700,MT5,D1
2020-11-12,1.17791,1.18228,1.17585,1.18034,44308,MT5,D1
2020-11-13,1.18038,1.1837,1.17993,1.18323,32581,MT5,D1
2020-11-15,1.18305,1.18469,1.18283,1.1843,1104,MT5,D1
2020-11-16,1.18445,1.18685,1.1814,1.18586,42750,MT5,D1
2020-11-17,1.18591,1.18935,1.18423,1.18629,34040,MT5,D1
2020-11-18,1.18634,1.18907,1.18435,1.18446,36650,MT5,D1
2020-11-19,1.18451,1.18822,1.18161,1.18646,38695,MT5,D1
2020-11-20,1.18652,1.18905,1.18496,1.1852800000000001,33268,MT5,D1
2020-11-22,1.18513,1.18642,1.18498,1.18638,1067,MT5,D1
2020-11-23,1.18653,1.19057,1.17999,1.1841599999999999,38899,MT5,D1
2020-11-24,1.18421,1.1897,1.18383,1.18968,39829,MT5,D1
2020-11-25,1.18973,1.1929400000000001,1.1881599999999999,1.19157,45289,MT5,D1
2020-11-26,1.19161,1.19406,1.18851,1.19103,26484,MT5,D1
2020-11-27,1.19108,1.19624,1.19093,1.19588,29312,MT5,D1
2020-11-29,1.19585,1.1972,1.19585,1.1969400000000001,897,MT5,D1
2020-11-30,1.19712,1.20029,1.19212,1.19367,41927,MT5,D1
2020-12-01,1.19371,1.20764,1.19352,1.207,46867,MT5,D1
2020-12-02,1.20705,1.21182,1.20398,1.21133,48941,MT5,D1
2020-12-03,1.2113800000000001,1.21743,1.21009,1.21431,45850,MT5,D1
2020-12-04,1.21449,1.21771,1.21099,1.2117,48014,MT5,D1
2020-12-06,1.21219,1.213,1.2115,1.21183,1165,MT5,D1
2020-12-07,1.2119900000000001,1.2166,1.20783,1.21088,44754,MT5,D1
2020-12-08,1.21093,1.21338,1.20953,1.21088,44685,MT5,D1
2020-12-09,1.21093,1.21472,1.20585,1.20777,43778,MT5,D1
2020-12-10,1.20782,1.21587,1.20782,1.21427,55839,MT5,D1
2020-12-11,1.21432,1.2162600000000001,1.21051,1.21064,42532,MT5,D1
2020-12-13,1.213,1.21366,1.2128,1.21314,1262,MT5,D1
2020-12-14,1.2133,1.21764,1.21154,1.2147999999999999,38083,MT5,D1
2020-12-15,1.21485,1.21685,1.21214,1.21536,38639,MT5,D1
2020-12-16,1.2154099999999999,1.22119,1.21249,1.21955,50338,MT5,D1
2020-12-17,1.21959,1.22724,1.21896,1.22608,41908,MT5,D1
2020-12-18,1.2261199999999999,1.22683,1.22253,1.22527,36601,MT5,D1
2020-12-20,1.22226,1.22315,1.2209,1.221,1262,MT5,D1
2020-12-21,1.22116,1.22527,1.21294,1.22342,67100,MT5,D1
2020-12-22,1.22347,1.22569,1.2152,1.21859,47100,MT5,D1
2020-12-23,1.21871,1.22208,1.21537,1.21933,47590,MT5,D1
2020-12-24,1.21938,1.22154,1.21772,1.2183,27463,MT5,D1
2020-12-27,1.21862,1.22047,1.21769,1.22022,1081,MT5,D1
2020-12-28,1.22038,1.22502,1.2180900000000001,1.22189,40555,MT5,D1
2020-12-29,1.22194,1.22749,1.22193,1.22516,37478,MT5,D1
2020-12-30,1.2252,1.23096,1.22511,1.22969,43678,MT5,D1
2020-12-31,1.22984,1.2309,1.22085,1.22166,39796,MT5,D1
2021-01-03,1.22287,1.22509,1.22266,1.22482,1660,MT5,D1
2021-01-04,1.22497,1.23095,1.22385,1.2252,55565,MT5,D1
2021-01-05,1.2252399999999999,1.23054,1.2247,1.22968,48995,MT5,D1
2021-01-06,1.22984,1.23492,1.22654,1.23376,76085,MT5,D1
2021-01-07,1.23381,1.23441,1.22448,1.2267299999999999,58729,MT5,D1
2021-01-08,1.22688,1.22843,1.21928,1.2217,69242,MT5,D1
2021-01-10,1.22128,1.2221899999999999,1.21804,1.21853,1573,MT5,D1
2021-01-11,1.21869,1.21994,1.2132100000000001,1.21598,51913,MT5,D1
2021-01-12,1.21603,1.22094,1.2137,1.2208,48979,MT5,D1
2021-01-13,1.22085,1.22225,1.21396,1.21612,45875,MT5,D1
2021-01-14,1.21617,1.21781,1.21108,1.2149,53184,MT5,D1
2021-01-15,1.21505,1.21622,1.20718,1.20718,43506,MT5,D1
2021-01-17,1.20743,1.20847,1.20644,1.20645,1311,MT5,D1
2021-01-18,1.20661,1.20865,1.20534,1.2077,31656,MT5,D1
2021-01-19,1.2077499999999999,1.21446,1.20772,1.21386,37193,MT5,D1
2021-01-20,1.21391,1.21579,1.2076500000000001,1.21139,40578,MT5,D1
2021-01-21,1.21144,1.21726,1.21092,1.21649,44790,MT5,D1
2021-01-22,1.21654,1.21892,1.21513,1.21689,37879,MT5,D1
2021-01-24,1.21621,1.21689,1.21571,1.21652,895,MT5,D1
2021-01-25,1.21667,1.2183,1.21158,1.21412,41196,MT5,D1
2021-01-26,1.21427,1.21756,1.21076,1.2162600000000001,39754,MT5,D1
2021-01-27,1.21631,1.21695,1.2058200000000001,1.21011,56608,MT5,D1
2021-01-28,1.21026,1.21418,1.20806,1.21204,55429,MT5,D1
2021-01-29,1.21208,1.21556,1.20942,1.21344,56034,MT5,D1
2021-01-31,1.21268,1.21294,1.21189,1.21211,1636,MT5,D1
2021-02-01,1.2122600000000001,1.21362,1.20558,1.2067,45852,MT5,D1
2021-02-02,1.20675,1.20875,1.20114,1.20359,43887,MT5,D1
2021-02-03,1.20364,1.20498,1.20039,1.20406,35796,MT5,D1
2021-02-04,1.20411,1.20425,1.19555,1.19656,38252,MT5,D1
2021-02-05,1.19661,1.20496,1.1952099999999999,1.20463,37269,MT5,D1
2021-02-07,1.20367,1.20498,1.20318,1.20467,1354,MT5,D1
2021-02-08,1.20482,1.20655,1.20195,1.20515,32751,MT5,D1
2021-02-09,1.2052,1.21215,1.20491,1.21155,37275,MT5,D1
2021-02-10,1.2116,1.21437,1.21087,1.21183,36334,MT5,D1
2021-02-11,1.21188,1.21491,1.21133,1.21299,27632,MT5,D1
2021-02-12,1.21304,1.21329,1.20814,1.21168,28527,MT5,D1
2021-02-14,1.21189,1.21234,1.2115,1.21197,1009,MT5,D1
2021-02-15,1.21201,1.21448,1.21166,1.21314,22256,MT5,D1
2021-02-16,1.21319,1.21691,1.20842,1.20873,37325,MT5,D1
2021-02-17,1.20877,1.20981,1.2023,1.20447,40057,MT5,D1
2021-02-18,1.20452,1.2095,1.20354,1.20911,35844,MT5,D1
2021-02-19,1.20916,1.21442,1.20822,1.21156,33738,MT5,D1
2021-02-21,1.21151,1.21273,1.21132,1.2123,1085,MT5,D1
2021-02-22,1.21244,1.2169,1.20909,1.21633,41404,MT5,D1
2021-02-23,1.21637,1.21796,1.21351,1.21492,40787,MT5,D1
2021-02-24,1.21505,1.21744,1.21089,1.21688,49252,MT5,D1
2021-02-25,1.21692,1.22427,1.21558,1.2156,63209,MT5,D1
2021-02-26,1.21576,1.21823,1.2062,1.20695,74438,MT5,D1
2021-02-28,1.20699,1.20911,1.20676,1.2089699999999999,1648,MT5,D1
2021-03-01,1.20902,1.21008,1.20274,1.20479,47206,MT5,D1
2021-03-02,1.20484,1.20941,1.19915,1.20832,46637,MT5,D1
2021-03-03,1.20847,1.21129,1.20419,1.20448,48286,MT5,D1
2021-03-04,1.20463,1.20628,1.19591,1.19665,62750,MT5,D1
2021-03-05,1.19669,1.19683,1.1893,1.19088,69990,MT5,D1
2021-03-07,1.19132,1.19303,1.19122,1.19244,1350,MT5,D1
2021-03-08,1.1926,1.1932,1.18438,1.18502,51673,MT5,D1
2021-03-09,1.18506,1.19154,1.18354,1.18954,49525,MT5,D1
2021-03-10,1.18968,1.1929400000000001,1.18686,1.19237,46829,MT5,D1
2021-03-11,1.19242,1.19895,1.19152,1.19801,46651,MT5,D1
2021-03-12,1.19806,1.19882,1.19098,1.19501,41472,MT5,D1
2021-03-14,1.19453,1.19527,1.19413,1.19499,1770,MT5,D1
2021-03-15,1.19499,1.19672,1.19102,1.1926,35519,MT5,D1
2021-03-16,1.19261,1.19515,1.18821,1.19019,35946,MT5,D1
2021-03-17,1.19017,1.19856,1.1886,1.19823,42738,MT5,D1
2021-03-18,1.19824,1.19884,1.1905999999999999,1.19173,49306,MT5,D1
2021-03-19,1.19174,1.19369,1.18736,1.19043,39042,MT5,D1
2021-03-21,1.1874500000000001,1.18898,1.18693,1.18835,1611,MT5,D1
2021-03-22,1.18835,1.19465,1.1874500000000001,1.19321,34422,MT5,D1
2021-03-23,1.1932,1.19404,1.18359,1.18393,36527,MT5,D1
2021-03-24,1.18394,1.18506,1.18069,1.18126,37885,MT5,D1
2021-03-25,1.18128,1.18274,1.17585,1.17754,39693,MT5,D1
2021-03-26,1.17754,1.18047,1.17715,1.17938,29011,MT5,D1
2021-03-28,1.17911,1.17919,1.17854,1.17872,1361,MT5,D1
2021-03-29,1.17872,1.17935,1.17605,1.17683,33119,MT5,D1
2021-03-30,1.17682,1.1773500000000001,1.17109,1.17229,31648,MT5,D1
2021-03-31,1.17229,1.17595,1.17039,1.17269,34622,MT5,D1
2021-04-01,1.17268,1.17817,1.1712500000000001,1.17765,38969,MT5,D1
2021-04-02,1.17769,1.17858,1.17484,1.17543,12290,MT5,D1
2021-04-04,1.17538,1.17676,1.17526,1.1767400000000001,2040,MT5,D1
2021-04-05,1.1767400000000001,1.18193,1.17375,1.18167,24206,MT5,D1
2021-04-06,1.18167,1.18775,1.1795,1.18736,41806,MT5,D1
2021-04-07,1.18737,1.19144,1.18607,1.18722,43911,MT5,D1
2021-04-08,1.18723,1.1927,1.18605,1.19151,40829,MT5,D1
2021-04-09,1.1915,1.19199,1.18668,1.18995,40704,MT5,D1
2021-04-11,1.18885,1.1903299999999999,1.18878,1.18958,1410,MT5,D1
2021-04-12,1.18958,1.19188,1.18709,1.19115,39386,MT5,D1
2021-04-13,1.19116,1.19557,1.18778,1.19535,50153,MT5,D1
2021-04-14,1.19537,1.1987,1.19508,1.19829,42558,MT5,D1
2021-04-15,1.1983,1.1993,1.19559,1.19691,43454,MT5,D1
2021-04-16,1.19691,1.19944,1.19503,1.19818,38001,MT5,D1
2021-04-18,1.19695,1.19736,1.19678,1.19686,1453,MT5,D1
2021-04-19,1.19686,1.20477,1.1942300000000001,1.20422,45774,MT5,D1
2021-04-20,1.20423,1.20795,1.20223,1.20322,47303,MT5,D1
2021-04-21,1.2032,1.20434,1.19983,1.20371,38679,MT5,D1
2021-04-22,1.2037,1.20693,1.19934,1.20142,51179,MT5,D1
2021-04-23,1.20142,1.20997,1.20127,1.2097,40065,MT5,D1
2021-04-25,1.2089699999999999,1.20955,1.2088,1.20891,1236,MT5,D1
2021-04-26,1.20892,1.21166,1.20609,1.20793,40671,MT5,D1
2021-04-27,1.20793,1.20926,1.2056499999999999,1.2089,38432,MT5,D1
2021-04-28,1.2089,1.21351,1.2056,1.21346,55312,MT5,D1
2021-04-29,1.21346,1.21496,1.2101899999999999,1.21244,46009,MT5,D1
2021-04-30,1.21243,1.21262,1.20163,1.20199,47414,MT5,D1
2021-05-02,1.20236,1.20299,1.20224,1.2027,1111,MT5,D1
2021-05-03,1.20271,1.20759,1.20129,1.20587,37501,MT5,D1
2021-05-04,1.20588,1.20598,1.19988,1.20143,50526,MT5,D1
2021-05-05,1.20143,1.20263,1.19857,1.20072,41236,MT5,D1
2021-05-06,1.20073,1.20713,1.1993,1.20649,43341,MT5,D1
2021-05-07,1.2065,1.21712,1.20527,1.21634,57557,MT5,D1
2021-05-09,1.216,1.21766,1.21595,1.21703,1514,MT5,D1
2021-05-10,1.21704,1.21779,1.2126000000000001,1.21401,49452,MT5,D1
2021-05-11,1.21402,1.21813,1.21229,1.2144,53838,MT5,D1
2021-05-12,1.21439,1.21518,1.20654,1.20774,70014,MT5,D1
2021-05-13,1.2077499999999999,1.21058,1.20511,1.2076500000000001,62279,MT5,D1
2021-05-14,1.20766,1.21474,1.20706,1.21454,48865,MT5,D1
2021-05-16,1.21371,1.21508,1.21369,1.21497,1006,MT5,D1
2021-05-17,1.21496,1.21686,1.21259,1.21562,42854,MT5,D1
2021-05-18,1.21561,1.22338,1.21534,1.22222,44128,MT5,D1
2021-05-19,1.22222,1.2245,1.21598,1.21703,67164,MT5,D1
2021-05-20,1.21704,1.22288,1.21688,1.22247,46930,MT5,D1
2021-05-21,1.22249,1.22395,1.21606,1.21804,51151,MT5,D1
2021-05-23,1.21774,1.2184,1.21694,1.21804,1198,MT5,D1
2021-05-24,1.21804,1.2229700000000001,1.21746,1.22139,42722,MT5,D1
2021-05-25,1.2214,1.22661,1.22113,1.22467,49134,MT5,D1
2021-05-26,1.22468,1.22626,1.21811,1.21918,46402,MT5,D1
2021-05-27,1.21916,1.22147,1.21749,1.21926,48671,MT5,D1
2021-05-28,1.21925,1.22047,1.21324,1.21921,46832,MT5,D1
2021-05-30,1.21949,1.21958,1.2189,1.21892,1022,MT5,D1
2021-05-31,1.21893,1.2234,1.21831,1.22323,28264,MT5,D1
2021-06-01,1.22323,1.22541,1.22105,1.22172,41687,MT5,D1
2021-06-02,1.22172,1.22262,1.21639,1.22092,40672,MT5,D1
2021-06-03,1.22093,1.22139,1.2118,1.21298,47302,MT5,D1
2021-06-04,1.21298,1.21853,1.21037,1.21666,46449,MT5,D1
2021-06-06,1.2159,1.21674,1.2157,1.21664,856,MT5,D1
2021-06-07,1.21665,1.22015,1.21447,1.2190400000000001,32659,MT5,D1
2021-06-08,1.21903,1.21939,1.2164,1.21722,38655,MT5,D1
2021-06-09,1.21722,1.22177,1.21711,1.2178200000000001,31046,MT5,D1
2021-06-10,1.21783,1.21944,1.21431,1.2172399999999999,54428,MT5,D1
2021-06-11,1.21723,1.21927,1.20926,1.2107700000000001,37497,MT5,D1
2021-06-13,1.21038,1.21111,1.20998,1.21094,1395,MT5,D1
2021-06-14,1.21095,1.21302,1.2094,1.21216,32534,MT5,D1
2021-06-15,1.21217,1.2147000000000001,1.21011,1.21243,36332,MT5,D1
2021-06-16,1.21244,1.21345,1.19865,1.21252,60138,MT5,D1
2021-06-17,1.19949,1.2006000000000001,1.18916,1.19127,70565,MT5,D1
2021-06-18,1.19129,1.19247,1.18469,1.18621,70760,MT5,D1
2021-06-20,1.18544,1.18752,1.18537,1.18703,1680,MT5,D1
2021-06-21,1.18703,1.19211,1.18474,1.19117,59837,MT5,D1
2021-06-22,1.19118,1.19524,1.18807,1.19361,51600,MT5,D1
2021-06-23,1.19361,1.19698,1.19113,1.19295,48018,MT5,D1
2021-06-24,1.1929400000000001,1.1956,1.19174,1.1927699999999999,44446,MT5,D1
2021-06-25,1.1927699999999999,1.19749,1.1926,1.19352,39987,MT5,D1
2021-06-27,1.19324,1.19417,1.19307,1.19414,1059,MT5,D1
2021-06-28,1.19414,1.19443,1.19021,1.19284,42486,MT5,D1
2021-06-29,1.19285,1.19295,1.18775,1.19001,42858,MT5,D1
2021-06-30,1.19002,1.19088,1.18449,1.18557,47975,MT5,D1
2021-07-01,1.18558,1.1884000000000001,1.18372,1.18454,46994,MT5,D1
2021-07-02,1.18453,1.1874,1.1807,1.18647,50904,MT5,D1
2021-07-04,1.18586,1.18655,1.18555,1.18555,1209,MT5,D1
2021-07-05,1.18556,1.18802,1.1851099999999999,1.18624,28677,MT5,D1
2021-07-06,1.18624,1.18949,1.1807,1.18221,56791,MT5,D1
2021-07-07,1.18221,1.18359,1.17811,1.1792799999999999,53369,MT5,D1
2021-07-08,1.17929,1.18676,1.17834,1.18461,63910,MT5,D1
2021-07-09,1.18462,1.18809,1.18248,1.18772,44005,MT5,D1
2021-07-11,1.18724,1.18759,1.18659,1.1872099999999999,1725,MT5,D1
2021-07-12,1.18722,1.188,1.18347,1.18632,61027,MT5,D1
2021-07-13,1.18626,1.18749,1.17703,1.17747,51968,MT5,D1
2021-07-14,1.1774499999999999,1.18385,1.17717,1.1832799999999999,46324,MT5,D1
2021-07-15,1.18329,1.18503,1.1796,1.18113,46438,MT5,D1
2021-07-16,1.18113,1.18221,1.17919,1.18134,55524,MT5,D1
2021-07-18,1.18044,1.18136,1.1801300000000001,1.18122,2307,MT5,D1
2021-07-19,1.18123,1.18241,1.17636,1.17919,44323,MT5,D1
2021-07-20,1.17917,1.18022,1.17554,1.17811,43813,MT5,D1
2021-07-21,1.17812,1.18045,1.17516,1.1792,35034,MT5,D1
2021-07-22,1.17921,1.18301,1.17572,1.17722,45868,MT5,D1
2021-07-23,1.17722,1.17861,1.17543,1.17716,30686,MT5,D1
2021-07-25,1.17687,1.17741,1.1764999999999999,1.17727,938,MT5,D1
2021-07-26,1.17729,1.18169,1.17632,1.18046,23084,MT5,D1
2021-07-27,1.18044,1.18409,1.17698,1.18203,24457,MT5,D1
2021-07-28,1.18203,1.18494,1.17721,1.18454,42750,MT5,D1
2021-07-29,1.18454,1.1894,1.1840600000000001,1.189,21022,MT5,D1
2021-07-30,1.18902,1.19085,1.18514,1.18676,23325,MT5,D1
2021-08-01,1.18631,1.1868,1.18598,1.18658,1295,MT5,D1
2021-08-02,1.18659,1.18966,1.18588,1.18737,20828,MT5,D1
2021-08-03,1.18739,1.18931,1.18536,1.18691,19425,MT5,D1
2021-08-04,1.18689,1.18995,1.18322,1.1837,22051,MT5,D1
2021-08-05,1.18372,1.1857,1.1828,1.18329,20359,MT5,D1
2021-08-06,1.1833,1.1833,1.17542,1.1761,39791,MT5,D1
2021-08-08,1.17571,1.17596,1.17423,1.17473,3759,MT5,D1
2021-08-09,1.17474,1.17686,1.1733500000000001,1.17359,19746,MT5,D1
2021-08-10,1.17357,1.17425,1.17094,1.17194,16857,MT5,D1
2021-08-11,1.17197,1.17533,1.17058,1.17415,26733,MT5,D1
2021-08-12,1.17414,1.17479,1.17234,1.17354,14790,MT5,D1
2021-08-13,1.17355,1.18045,1.17302,1.1795200000000001,13416,MT5,D1
2021-08-15,1.1795499999999999,1.18006,1.17913,1.1794,982,MT5,D1
2021-08-16,1.17939,1.18005,1.17671,1.17775,14558,MT5,D1
2021-08-17,1.17775,1.17843,1.17016,1.17089,20917,MT5,D1
2021-08-18,1.1709100000000001,1.17426,1.16929,1.17025,24900,MT5,D1
2021-08-19,1.17026,1.17039,1.1665,1.16761,24079,MT5,D1
2021-08-20,1.1676199999999999,1.17043,1.16639,1.16999,17495,MT5,D1
2021-08-22,1.16952,1.17004,1.16928,1.16967,1127,MT5,D1
2021-08-23,1.16967,1.175,1.1695,1.17439,18513,MT5,D1
2021-08-24,1.17438,1.17649,1.1727,1.17525,17414,MT5,D1
2021-08-25,1.17527,1.17743,1.1726,1.17716,19128,MT5,D1
2021-08-26,1.17714,1.17787,1.17459,1.17533,21709,MT5,D1
2021-08-27,1.17534,1.18019,1.17347,1.1796,30139,MT5,D1
2021-08-29,1.17942,1.18003,1.17923,1.1798,532,MT5,D1
2021-08-30,1.1798,1.18096,1.17824,1.17962,13713,MT5,D1
2021-08-31,1.1796,1.18448,1.17951,1.18097,24674,MT5,D1
2021-09-01,1.18096,1.18569,1.17935,1.18404,20753,MT5,D1
2021-09-02,1.1840600000000001,1.18758,1.18342,1.18735,15324,MT5,D1
2021-09-03,1.18737,1.19088,1.18656,1.18784,26846,MT5,D1
2021-09-05,1.18794,1.1886,1.18781,1.18853,559,MT5,D1
2021-09-06,1.18854,1.18855,1.18556,1.18731,10244,MT5,D1
2021-09-07,1.18731,1.1885,1.18372,1.18429,21972,MT5,D1
2021-09-08,1.18428,1.18509,1.18019,1.18186,21806,MT5,D1
2021-09-09,1.18183,1.1841,1.1804999999999999,1.1823,25789,MT5,D1
2021-09-10,1.1823,1.18508,1.18093,1.18105,18491,MT5,D1
2021-09-12,1.18119,1.18148,1.18086,1.18112,601,MT5,D1
2021-09-13,1.18114,1.18168,1.17699,1.18093,17864,MT5,D1
2021-09-14,1.18094,1.18455,1.17999,1.18022,21646,MT5,D1
2021-09-15,1.18021,1.18316,1.1798899999999999,1.18187,20251,MT5,D1
2021-09-16,1.18185,1.18203,1.17503,1.17647,22076,MT5,D1
2021-09-17,1.17645,1.17887,1.17245,1.17251,20634,MT5,D1
2021-09-19,1.17273,1.17291,1.17231,1.1729,580,MT5,D1
2021-09-20,1.17291,1.17362,1.16999,1.17266,19528,MT5,D1
2021-09-21,1.17267,1.17483,1.17146,1.17226,20741,MT5,D1
2021-09-22,1.17228,1.17553,1.16842,1.1687,41833,MT5,D1
2021-09-23,1.1687,1.17499,1.16832,1.1739600000000001,25003,MT5,D1
2021-09-24,1.17397,1.17473,1.17005,1.17204,16434,MT5,D1
2021-09-26,1.17237,1.1724,1.1712500000000001,1.17222,915,MT5,D1
2021-09-27,1.17225,1.17249,1.16842,1.16954,22887,MT5,D1
2021-09-28,1.16952,1.17029,1.1668,1.1685699999999999,30834,MT5,D1
2021-09-29,1.16858,1.16898,1.15891,1.16011,28024,MT5,D1
2021-09-30,1.16012,1.16094,1.15624,1.15736,33415,MT5,D1
2021-10-01,1.15735,1.1607,1.15628,1.1593,27411,MT5,D1
2021-10-03,1.15966,1.1610800000000001,1.15939,1.16064,780,MT5,D1
2021-10-04,1.16065,1.16397,1.15875,1.1616,19830,MT5,D1
2021-10-05,1.16162,1.16197,1.1580300000000001,1.15955,20798,MT5,D1
2021-10-06,1.15955,1.15976,1.15289,1.15549,26299,MT5,D1
2021-10-07,1.15548,1.15717,1.15472,1.1559,18468,MT5,D1
2021-10-08,1.15589,1.15857,1.15411,1.15741,24487,MT5,D1
2021-10-10,1.15686,1.1576,1.15635,1.15652,654,MT5,D1
2021-10-11,1.15652,1.15865,1.15475,1.15531,17057,MT5,D1
2021-10-12,1.15533,1.157,1.15242,1.15303,19590,MT5,D1
2021-10-13,1.15305,1.15991,1.15298,1.15967,25224,MT5,D1
2021-10-14,1.15966,1.1623999999999999,1.15838,1.15902,17424,MT5,D1
2021-10-15,1.15904,1.16184,1.15879,1.15992,19815,MT5,D1
2021-10-17,1.1596899999999999,1.16051,1.15958,1.15963,1063,MT5,D1
2021-10-18,1.15963,1.16222,1.15716,1.1613,20426,MT5,D1
2021-10-19,1.16131,1.1669100000000001,1.1613,1.16311,19583,MT5,D1
2021-10-20,1.16313,1.16583,1.16166,1.16522,19452,MT5,D1
2021-10-21,1.1652,1.16671,1.16194,1.16246,20259,MT5,D1
2021-10-22,1.16246,1.16554,1.1621,1.16444,22319,MT5,D1
2021-10-24,1.16415,1.16449,1.16356,1.16388,596,MT5,D1
2021-10-25,1.16391,1.16647,1.15904,1.16085,20079,MT5,D1
2021-10-26,1.16086,1.16254,1.15846,1.1595900000000001,18550,MT5,D1
2021-10-27,1.15961,1.16258,1.1584699999999999,1.15982,24480,MT5,D1
2021-10-28,1.15983,1.1691799999999999,1.1582,1.16819,39474,MT5,D1
2021-10-29,1.16821,1.16897,1.15349,1.15616,30455,MT5,D1
2021-10-31,1.15583,1.15642,1.15552,1.1555900000000001,1001,MT5,D1
2021-11-01,1.1556,1.16089,1.15459,1.15991,21288,MT5,D1
2021-11-02,1.15993,1.16132,1.15749,1.15787,21858,MT5,D1
2021-11-03,1.15789,1.16161,1.15621,1.16151,38157,MT5,D1
2021-11-04,1.16149,1.16158,1.1528,1.1555,26704,MT5,D1
2021-11-05,1.15552,1.15731,1.1513200000000001,1.15678,28363,MT5,D1
2021-11-07,1.15612,1.15696,1.15547,1.1568,1139,MT5,D1
2021-11-08,1.15679,1.15946,1.15503,1.15876,19792,MT5,D1
2021-11-09,1.1587399999999999,1.16085,1.15697,1.15937,25115,MT5,D1
2021-11-10,1.15939,1.1595,1.14749,1.14855,37910,MT5,D1
2021-11-11,1.14853,1.14873,1.1443,1.14474,22848,MT5,D1
2021-11-12,1.14475,1.14617,1.14323,1.14431,21827,MT5,D1
2021-11-14,1.14448,1.14448,1.14411,1.14411,172,MT5,D1
2021-11-15,1.14412,1.1463700000000001,1.1356,1.13667,25582,MT5,D1
2021-11-16,1.13669,1.1385399999999999,1.1308799999999999,1.13178,30613,MT5,D1
2021-11-17,1.1318,1.13319,1.12623,1.13175,31673,MT5,D1
2021-11-18,1.13177,1.13738,1.13136,1.13676,25746,MT5,D1
2021-11-19,1.13677,1.13689,1.12498,1.1280999999999999,41623,MT5,D1
2021-11-21,1.12877,1.12878,1.12716,1.12752,797,MT5,D1
2021-11-22,1.12753,1.12902,1.12305,1.12413,39128,MT5,D1
2021-11-23,1.12412,1.12747,1.12259,1.1244399999999999,36702,MT5,D1
2021-11-24,1.12442,1.1255,1.11859,1.12023,39820,MT5,D1
2021-11-25,1.12025,1.12293,1.12025,1.12088,15815,MT5,D1
2021-11-26,1.12086,1.13287,1.12067,1.13131,51908,MT5,D1
2021-11-28,1.13058,1.13112,1.12804,1.12923,2348,MT5,D1
2021-11-29,1.12921,1.13001,1.12582,1.12924,31463,MT5,D1
2021-11-30,1.12926,1.13826,1.12348,1.1329799999999999,62122,MT5,D1
2021-12-01,1.13299,1.13594,1.13025,1.13188,41799,MT5,D1
2021-12-02,1.13189,1.13474,1.12951,1.1305399999999999,31404,MT5,D1
2021-12-03,1.13056,1.13333,1.12664,1.13093,45250,MT5,D1
2021-12-05,1.13034,1.13116,1.13014,1.13039,936,MT5,D1
2021-12-06,1.13038,1.13098,1.12662,1.12833,24402,MT5,D1
2021-12-07,1.1283400000000001,1.12982,1.12274,1.12721,26530,MT5,D1
2021-12-08,1.12724,1.13545,1.12667,1.13439,31420,MT5,D1
2021-12-09,1.1344,1.1344,1.12782,1.12935,24209,MT5,D1
2021-12-10,1.12933,1.1323699999999999,1.12648,1.13164,27954,MT5,D1
2021-12-12,1.13128,1.1319,1.1307800000000001,1.13106,466,MT5,D1
2021-12-13,1.13104,1.13138,1.12599,1.12831,22079,MT5,D1
2021-12-14,1.12829,1.13236,1.12535,1.12573,22442,MT5,D1
2021-12-15,1.12571,1.1299,1.12216,1.129,43752,MT5,D1
2021-12-16,1.12901,1.1360000000000001,1.12811,1.13334,36205,MT5,D1
2021-12-17,1.13336,1.13487,1.1235,1.12361,26431,MT5,D1
2021-12-19,1.12375,1.12439,1.12345,1.12426,596,MT5,D1
2021-12-20,1.12424,1.13035,1.12363,1.12769,27926,MT5,D1
2021-12-21,1.12771,1.13024,1.12606,1.12869,25925,MT5,D1
2021-12-22,1.1287099999999999,1.1342,1.12641,1.13264,24410,MT5,D1
2021-12-23,1.13262,1.13418,1.129,1.13225,23284,MT5,D1
2021-12-24,1.1322,1.13426,1.13052,1.13082,7850,MT5,D1
2021-12-26,1.13118,1.13257,1.13059,1.13229,720,MT5,D1
2021-12-27,1.13228,1.13343,1.1302699999999999,1.13291,15925,MT5,D1
2021-12-28,1.13293,1.1333,1.12894,1.13127,17244,MT5,D1
2021-12-29,1.13129,1.13684,1.12735,1.13595,23751,MT5,D1
2021-12-30,1.13593,1.13593,1.12982,1.13221,22277,MT5,D1
2021-12-31,1.13219,1.13861,1.13031,1.13831,21904,MT5,D1
2022-01-02,1.13728,1.13782,1.13655,1.13726,835,MT5,D1
2022-01-03,1.13727,1.13754,1.12795,1.13014,28259,MT5,D1
2022-01-04,1.13016,1.13222,1.1272,1.12826,30066,MT5,D1
2022-01-05,1.12825,1.13462,1.12769,1.13105,30805,MT5,D1
2022-01-06,1.13106,1.13317,1.1284399999999999,1.12947,33182,MT5,D1
2022-01-07,1.12946,1.13644,1.12898,1.13613,29389,MT5,D1
2022-01-09,1.13565,1.13607,1.13495,1.13534,768,MT5,D1
2022-01-10,1.13532,1.13578,1.12847,1.13297,28331,MT5,D1
2022-01-11,1.13299,1.1374900000000001,1.13127,1.13657,27280,MT5,D1
2022-01-12,1.13659,1.1452499999999999,1.13545,1.14394,31049,MT5,D1
2022-01-13,1.14392,1.14813,1.14355,1.14564,31197,MT5,D1
2022-01-14,1.14562,1.14826,1.13983,1.14148,32503,MT5,D1
2022-01-16,1.14134,1.14162,1.14057,1.14111,755,MT5,D1
2022-01-17,1.14112,1.14341,1.13916,1.1409799999999999,19690,MT5,D1
2022-01-18,1.14097,1.14212,1.13146,1.13284,38379,MT5,D1
2022-01-19,1.13286,1.13568,1.13188,1.13426,28316,MT5,D1
2022-01-20,1.13428,1.13687,1.13029,1.13127,29786,MT5,D1
2022-01-21,1.13128,1.13594,1.13007,1.13439,27703,MT5,D1
2022-01-23,1.13406,1.13446,1.13366,1.13409,672,MT5,D1
2022-01-24,1.13407,1.13407,1.12903,1.1323400000000001,33233,MT5,D1
2022-01-25,1.13236,1.13238,1.12631,1.1302699999999999,26824,MT5,D1
2022-01-26,1.13029,1.13104,1.12351,1.12405,40573,MT5,D1
2022-01-27,1.12404,1.12431,1.11311,1.11443,39048,MT5,D1
2022-01-28,1.11444,1.11734,1.11212,1.11483,34709,MT5,D1
2022-01-30,1.11435,1.11521,1.11382,1.11519,724,MT5,D1
2022-01-31,1.11517,1.12475,1.11439,1.12291,33039,MT5,D1
2022-02-01,1.1229,1.12784,1.12207,1.12728,31718,MT5,D1
2022-02-02,1.1273,1.133,1.12664,1.12992,26547,MT5,D1
2022-02-03,1.1299,1.14512,1.12672,1.14355,55827,MT5,D1
2022-02-04,1.14354,1.14834,1.14115,1.14509,46810,MT5,D1
2022-02-06,1.14562,1.14585,1.14513,1.14542,605,MT5,D1
2022-02-07,1.14544,1.1458599999999999,1.1415,1.14407,34426,MT5,D1
2022-02-08,1.14408,1.14485,1.1396,1.14188,27918,MT5,D1
2022-02-09,1.14178,1.14476,1.14024,1.14209,25082,MT5,D1
2022-02-10,1.14206,1.14947,1.13747,1.1411,55693,MT5,D1
2022-02-11,1.14109,1.14178,1.1329500000000001,1.13477,64937,MT5,D1
2022-02-13,1.13387,1.13669,1.13381,1.13643,1301,MT5,D1
2022-02-14,1.13644,1.13689,1.12799,1.13056,50589,MT5,D1
2022-02-15,1.13057,1.13679,1.1303,1.13551,37390,MT5,D1
2022-02-16,1.1354899999999999,1.13955,1.13449,1.13726,33841,MT5,D1
2022-02-17,1.13727,1.13858,1.1323,1.13638,53814,MT5,D1
2022-02-18,1.13635,1.13766,1.13144,1.13232,33098,MT5,D1
2022-02-20,1.13191,1.13245,1.13131,1.13162,918,MT5,D1
2022-02-21,1.13163,1.13904,1.12962,1.13089,28117,MT5,D1
2022-02-22,1.1308799999999999,1.13665,1.12878,1.13287,44008,MT5,D1
2022-02-23,1.13286,1.13586,1.13,1.13052,27657,MT5,D1
2022-02-24,1.1305399999999999,1.13058,1.11061,1.11901,111015,MT5,D1
2022-02-25,1.11904,1.12738,1.11658,1.12713,64153,MT5,D1
2022-02-27,1.11438,1.11871,1.11412,1.11797,2697,MT5,D1
2022-02-28,1.1179999999999999,1.12461,1.1142,1.12142,75578,MT5,D1
2022-03-01,1.1214,1.12328,1.10895,1.11322,63591,MT5,D1
2022-03-02,1.1132,1.11436,1.10573,1.11121,80275,MT5,D1
2022-03-03,1.11123,1.11151,1.10333,1.10656,49594,MT5,D1
2022-03-04,1.10654,1.10664,1.08855,1.09316,75985,MT5,D1
2022-03-06,1.09266,1.09273,1.08633,1.08733,3540,MT5,D1
2022-03-07,1.08732,1.09322,1.08058,1.08658,113596,MT5,D1
2022-03-08,1.0866,1.09581,1.0849,1.08974,110384,MT5,D1
2022-03-09,1.08976,1.10949,1.08965,1.10732,71955,MT5,D1
2022-03-10,1.10731,1.11208,1.09761,1.10132,93199,MT5,D1
2022-03-11,1.1013,1.10427,1.09018,1.09124,71954,MT5,D1
2022-03-13,1.09209,1.09385,1.09111,1.09316,2782,MT5,D1
2022-03-14,1.09317,1.09937,1.09004,1.09426,55470,MT5,D1
2022-03-15,1.09427,1.10191,1.0926,1.09666,64264,MT5,D1
2022-03-16,1.09668,1.10464,1.09499,1.10213,87025,MT5,D1
2022-03-17,1.10215,1.11372,1.10201,1.10988,50434,MT5,D1
2022-03-18,1.10989,1.11185,1.10029,1.1051,46778,MT5,D1
2022-03-20,1.10559,1.10572,1.10408,1.1042399999999999,1346,MT5,D1
2022-03-21,1.10421,1.107,1.101,1.10165,38960,MT5,D1
2022-03-22,1.10166,1.10454,1.09608,1.10291,45141,MT5,D1
2022-03-23,1.10293,1.10396,1.09639,1.10058,33874,MT5,D1
2022-03-24,1.10058,1.10134,1.09652,1.10083,41145,MT5,D1
2022-03-25,1.10084,1.10376,1.09808,1.09839,39035,MT5,D1
2022-03-27,1.09855,1.09864,1.09773,1.09813,1272,MT5,D1
2022-03-28,1.09812,1.09991,1.09445,1.0991,49774,MT5,D1
2022-03-29,1.09912,1.11369,1.09687,1.10911,78800,MT5,D1
2022-03-30,1.10909,1.11707,1.10879,1.1161,56400,MT5,D1
2022-03-31,1.11609,1.11846,1.10608,1.10725,60367,MT5,D1
2022-04-01,1.10726,1.10756,1.10278,1.10486,41946,MT5,D1
2022-04-03,1.10388,1.10455,1.10362,1.10455,802,MT5,D1
2022-04-04,1.10455,1.10543,1.09602,1.09748,30768,MT5,D1
2022-04-05,1.09749,1.09878,1.08998,1.09057,34746,MT5,D1
2022-04-06,1.09058,1.09378,1.08743,1.08976,48739,MT5,D1
2022-04-07,1.08975,1.09381,1.08601,1.0864,45908,MT5,D1
2022-04-08,1.08642,1.08915,1.08363,1.08759,34556,MT5,D1
2022-04-10,1.09005,1.09123,1.08841,1.08842,2670,MT5,D1
2022-04-11,1.08841,1.09329,1.08725,1.08767,34302,MT5,D1
2022-04-12,1.08769,1.09034,1.0821,1.08258,46241,MT5,D1
2022-04-13,1.08258,1.0897000000000001,1.08087,1.08948,37808,MT5,D1
2022-04-14,1.0895,1.0923,1.07572,1.08205,65238,MT5,D1
2022-04-15,1.0820400000000001,1.08227,1.07961,1.08095,9408,MT5,D1
2022-04-17,1.0805,1.08214,1.08032,1.08138,2285,MT5,D1
2022-04-18,1.0814,1.08157,1.07697,1.07799,22514,MT5,D1
2022-04-19,1.07798,1.08142,1.07609,1.07939,37817,MT5,D1
2022-04-20,1.07941,1.08659,1.07839,1.08493,41802,MT5,D1
2022-04-21,1.0849199999999999,1.09349,1.08234,1.08348,50649,MT5,D1
2022-04-22,1.0835,1.08513,1.07704,1.07982,44408,MT5,D1
2022-04-24,1.08047,1.08148,1.07959,1.08093,2274,MT5,D1
2022-04-25,1.08095,1.08119,1.06959,1.07123,64347,MT5,D1
2022-04-26,1.07124,1.07383,1.06347,1.06422,46455,MT5,D1
2022-04-27,1.06424,1.06545,1.05143,1.05542,62893,MT5,D1
2022-04-28,1.0554,1.05645,1.04711,1.05027,77765,MT5,D1
2022-04-29,1.05029,1.05927,1.05019,1.05449,61428,MT5,D1
2022-05-01,1.05489,1.05513,1.05343,1.05348,2361,MT5,D1
2022-05-02,1.05348,1.05683,1.04902,1.05093,43260,MT5,D1
2022-05-03,1.05096,1.05774,1.04921,1.05251,46484,MT5,D1
2022-05-04,1.05248,1.06307,1.0506,1.06204,82963,MT5,D1
2022-05-05,1.06203,1.06415,1.04924,1.05394,75833,MT5,D1
2022-05-06,1.05396,1.05984,1.04821,1.05458,97150,MT5,D1
2022-05-08,1.05429,1.05429,1.05307,1.05322,1469,MT5,D1
2022-05-09,1.05321,1.05923,1.04951,1.0563,60796,MT5,D1
2022-05-10,1.05631,1.05851,1.05253,1.05289,59162,MT5,D1
2022-05-11,1.05289,1.05769,1.05017,1.05116,79786,MT5,D1
2022-05-12,1.05119,1.0529,1.03537,1.03782,76244,MT5,D1
2022-05-13,1.03781,1.0419100000000001,1.03492,1.04081,49529,MT5,D1
2022-05-15,1.04042,1.04143,1.03963,1.03978,2262,MT5,D1
2022-05-16,1.0398,1.04427,1.03889,1.0439,39216,MT5,D1
2022-05-17,1.04388,1.05555,1.04317,1.05486,56435,MT5,D1
2022-05-18,1.05484,1.05635,1.0458,1.04728,41535,MT5,D1
2022-05-19,1.0473,1.06069,1.04648,1.05791,63276,MT5,D1
2022-05-20,1.05793,1.05989,1.05327,1.05603,45930,MT5,D1
2022-05-22,1.05615,1.05777,1.05568,1.05689,1382,MT5,D1
2022-05-23,1.05689,1.0697,1.05678,1.06835,49907,MT5,D1
2022-05-24,1.06834,1.07483,1.06608,1.07326,54567,MT5,D1
2022-05-25,1.07326,1.07364,1.06422,1.06868,51790,MT5,D1
2022-05-26,1.06867,1.07343,1.06623,1.07323,40390,MT5,D1
2022-05-27,1.07324,1.07649,1.06968,1.0734,37130,MT5,D1
2022-05-29,1.07354,1.07359,1.07261,1.0729,828,MT5,D1
2022-05-30,1.07291,1.07863,1.07267,1.0772599999999999,26016,MT5,D1
2022-05-31,1.07728,1.07744,1.06789,1.07338,52038,MT5,D1
2022-06-01,1.07341,1.0739,1.06269,1.06507,41562,MT5,D1
2022-06-02,1.06505,1.07504,1.06447,1.075,32532,MT5,D1
2022-06-03,1.07501,1.07643,1.07038,1.0719,31868,MT5,D1
2022-06-05,1.0719,1.07294,1.0714299999999999,1.0725,1249,MT5,D1
2022-06-06,1.07252,1.07517,1.0683799999999999,1.06894,29740,MT5,D1
2022-06-07,1.06896,1.0714,1.06519,1.0697,38012,MT5,D1
2022-06-08,1.06972,1.0748199999999999,1.06713,1.07167,36302,MT5,D1
2022-06-09,1.07169,1.07735,1.06109,1.06189,70150,MT5,D1
2022-06-10,1.06191,1.06419,1.05056,1.05183,56894,MT5,D1
2022-06-12,1.0516,1.05198,1.04863,1.04906,3543,MT5,D1
2022-06-13,1.04906,1.04954,1.03995,1.04147,66850,MT5,D1
2022-06-14,1.04146,1.04846,1.03969,1.04367,67887,MT5,D1
2022-06-15,1.04368,1.05076,1.03589,1.04573,131282,MT5,D1
2022-06-16,1.04574,1.0601099999999999,1.03808,1.05463,97016,MT5,D1
2022-06-17,1.05465,1.05519,1.04443,1.04948,74037,MT5,D1
2022-06-19,1.0483,1.04926,1.04742,1.04898,2003,MT5,D1
2022-06-20,1.049,1.05456,1.04848,1.05173,37643,MT5,D1
2022-06-21,1.05173,1.05824,1.0513,1.0531,44964,MT5,D1
2022-06-22,1.05311,1.06056,1.04686,1.05645,56087,MT5,D1
2022-06-23,1.05644,1.05809,1.04826,1.05191,68092,MT5,D1
2022-06-24,1.05193,1.05709,1.0512,1.05544,45762,MT5,D1
2022-06-26,1.055,1.05745,1.055,1.05663,2266,MT5,D1
2022-06-27,1.05665,1.06147,1.05502,1.05796,40509,MT5,D1
2022-06-28,1.05796,1.06058,1.0503,1.0522,46088,MT5,D1
2022-06-29,1.05219,1.05351,1.04351,1.04455,52455,MT5,D1
2022-06-30,1.04457,1.04886,1.03823,1.0478,58355,MT5,D1
2022-07-01,1.04782,1.04782,1.0365199999999999,1.04273,56529,MT5,D1
2022-07-03,1.04208,1.04369,1.04171,1.04322,1875,MT5,D1
2022-07-04,1.0432,1.04624,1.0417,1.04325,30699,MT5,D1
2022-07-05,1.04327,1.04484,1.0235,1.02566,65418,MT5,D1
2022-07-06,1.02566,1.02763,1.01613,1.01841,71016,MT5,D1
2022-07-07,1.01843,1.02209,1.0144,1.01683,54163,MT5,D1
2022-07-08,1.01685,1.01911,1.00717,1.01854,71051,MT5,D1
2022-07-10,1.01786,1.01834,1.01649,1.0167,1917,MT5,D1
2022-07-11,1.01671,1.01672,1.00335,1.00458,53721,MT5,D1
2022-07-12,1.00457,1.00734,0.99999,1.00301,69969,MT5,D1
2022-07-13,1.003,1.0122,0.99975,1.00338,97605,MT5,D1
2022-07-14,1.0034,1.00503,0.99521,1.00263,87097,MT5,D1
2022-07-15,1.00264,1.00976,1.00066,1.00876,64381,MT5,D1
2022-07-17,1.00798,1.00976,1.00787,1.00972,1896,MT5,D1
2022-07-18,1.00973,1.02011,1.00811,1.01463,55181,MT5,D1
2022-07-19,1.01464,1.02688,1.01193,1.02304,77286,MT5,D1
2022-07-20,1.02306,1.02728,1.01554,1.01806,71820,MT5,D1
2022-07-21,1.01804,1.02779,1.01525,1.02199,104653,MT5,D1
2022-07-22,1.02199,1.02549,1.01296,1.0215,79511,MT5,D1
2022-07-24,1.02127,1.02183,1.01989,1.01991,1736,MT5,D1
2022-07-25,1.01991,1.02577,1.01785,1.02229,61251,MT5,D1
2022-07-26,1.02231,1.025,1.01075,1.01285,55173,MT5,D1
2022-07-27,1.01285,1.02205,1.00964,1.0205,75065,MT5,D1
2022-07-28,1.02049,1.0234,1.01138,1.01917,82177,MT5,D1
2022-07-29,1.01919,1.02541,1.01458,1.02261,73550,MT5,D1
2022-07-31,1.0217,1.02236,1.02054,1.02101,2154,MT5,D1
2022-08-01,1.02102,1.02751,1.0207600000000001,1.02624,60481,MT5,D1
2022-08-02,1.02626,1.02938,1.01545,1.01564,75779,MT5,D1
2022-08-03,1.01563,1.021,1.01224,1.01565,65801,MT5,D1
2022-08-04,1.01564,1.02535,1.0154,1.02471,57341,MT5,D1
2022-08-05,1.02473,1.02481,1.01414,1.01805,56829,MT5,D1
2022-08-07,1.01744,1.01783,1.01691,1.01719,1312,MT5,D1
2022-08-08,1.0172,1.02216,1.01591,1.01976,39498,MT5,D1
2022-08-09,1.01978,1.02473,1.01885,1.02078,32924,MT5,D1
2022-08-10,1.02079,1.03683,1.02019,1.02986,58708,MT5,D1
2022-08-11,1.02985,1.03641,1.02752,1.03203,50782,MT5,D1
2022-08-12,1.03205,1.0325,1.02381,1.02589,43014,MT5,D1
2022-08-14,1.02555,1.02628,1.02534,1.02534,941,MT5,D1
2022-08-15,1.02534,1.02681,1.01535,1.01612,39554,MT5,D1
2022-08-16,1.01613,1.01946,1.01224,1.01694,41763,MT5,D1
2022-08-17,1.01693,1.02027,1.01454,1.01773,52467,MT5,D1
2022-08-18,1.01774,1.01928,1.00795,1.0089,45646,MT5,D1
2022-08-19,1.00891,1.00952,1.00318,1.00392,37519,MT5,D1
2022-08-21,1.00398,1.00412,1.00301,1.0036,1423,MT5,D1
2022-08-22,1.00359,1.00463,0.99259,0.99381,42040,MT5,D1
2022-08-23,0.99381,1.00179,0.98988,0.99662,59978,MT5,D1
2022-08-24,0.99663,0.99991,0.99099,0.99676,50990,MT5,D1
2022-08-25,0.99676,1.0033,0.99489,0.99705,48893,MT5,D1
2022-08-26,0.99704,1.00897,0.99462,0.99645,64615,MT5,D1
2022-08-28,0.99645,0.99647,0.99347,0.99358,2453,MT5,D1
2022-08-29,0.9936,1.0029,0.99139,1.00107,54456,MT5,D1
2022-08-30,1.00106,1.00545,0.99818,1.00233,63129,MT5,D1
2022-08-31,1.00231,1.00788,0.99711,1.00376,63253,MT5,D1
2022-09-01,1.00377,1.00482,0.99101,0.99516,57264,MT5,D1
2022-09-02,0.99515,1.00334,0.9945,0.99556,64425,MT5,D1
2022-09-04,0.99256,0.99286,0.98984,0.99077,2491,MT5,D1
2022-09-05,0.99077,0.99517,0.98776,0.99499,43566,MT5,D1
2022-09-06,0.995,0.9986,0.98638,0.98969,68927,MT5,D1
2022-09-07,0.98971,1.00117,0.98752,0.99976,58699,MT5,D1
2022-09-08,0.99977,1.00291,0.99306,1.00096,79426,MT5,D1
2022-09-09,1.00096,1.01131,1.00083,1.00458,59279,MT5,D1
2022-09-11,1.00903,1.00935,1.00587,1.00701,1977,MT5,D1
2022-09-12,1.00699,1.01976,1.00629,1.01289,58133,MT5,D1
2022-09-13,1.01288,1.01868,0.99547,0.99778,78511,MT5,D1
2022-09-14,0.99779,1.00234,0.99593,0.99819,70097,MT5,D1
2022-09-15,0.99819,1.00175,0.99555,0.99873,49369,MT5,D1
2022-09-16,0.99874,1.00363,0.99439,1.00137,58256,MT5,D1
2022-09-18,1.0012,1.00284,1.00042,1.00219,1528,MT5,D1
2022-09-19,1.00221,1.0032,0.99657,1.00296,43839,MT5,D1
2022-09-20,1.00298,1.00502,0.9955,0.9971,54968,MT5,D1
2022-09-21,0.99712,0.9975,0.98126,0.98313,98450,MT5,D1
2022-09-22,0.98312,0.99072,0.98073,0.98384,100473,MT5,D1
2022-09-23,0.98384,0.98517,0.96679,0.96907,88368,MT5,D1
2022-09-25,0.9672,0.97086,0.96679,0.96855,3719,MT5,D1
2022-09-26,0.96855,0.97013,0.95512,0.96197,157125,MT5,D1
2022-09-27,0.96199,0.96707,0.95689,0.95953,88396,MT5,D1
2022-09-28,0.95953,0.97506,0.95357,0.97053,136035,MT5,D1
2022-09-29,0.97055,0.98426,0.96355,0.9829,112897,MT5,D1
2022-09-30,0.98292,0.98536,0.97344,0.98015,114344,MT5,D1
2022-10-02,0.97974,0.98076,0.97892,0.97932,2689,MT5,D1
2022-10-03,0.97932,0.98443,0.97526,0.98334,93472,MT5,D1
2022-10-04,0.98336,0.99994,0.9806,0.99835,92255,MT5,D1
2022-10-05,0.99837,0.99946,0.98345,0.99112,82227,MT5,D1
2022-10-06,0.99113,0.9926,0.97862,0.97889,77919,MT5,D1
2022-10-07,0.97891,0.98165,0.97253,0.97406,82733,MT5,D1
2022-10-09,0.9733,0.97384,0.97275,0.97343,2053,MT5,D1
2022-10-10,0.97345,0.9753,0.96815,0.9711,64751,MT5,D1
2022-10-11,0.97111,0.97744,0.96704,0.97002,82161,MT5,D1
2022-10-12,0.97003,0.9734,0.96676,0.97049,83938,MT5,D1
2022-10-13,0.97047,0.98057,0.96315,0.97671,113009,MT5,D1
2022-10-14,0.97671,0.98084,0.97062,0.97233,100351,MT5,D1
2022-10-16,0.9722,0.9743,0.97186,0.97396,2127,MT5,D1
2022-10-17,0.97396,0.98519,0.97199,0.98434,66822,MT5,D1
2022-10-18,0.98436,0.98754,0.98125,0.98624,74097,MT5,D1
2022-10-19,0.98623,0.98667,0.97572,0.97652,68693,MT5,D1
2022-10-20,0.97654,0.98453,0.97544,0.97783,78205,MT5,D1
2022-10-21,0.97785,0.98689,0.97048,0.98593,136800,MT5,D1
2022-10-23,0.98697,0.98977,0.98311,0.98596,14579,MT5,D1
2022-10-24,0.98596,0.98935,0.98066,0.9884,99044,MT5,D1
2022-10-25,0.98841,0.99766,0.98485,0.99616,69507,MT5,D1
2022-10-26,0.99617,1.00933,0.99432,1.0093,78559,MT5,D1
2022-10-27,1.00932,1.00933,0.99575,0.99666,91340,MT5,D1
2022-10-28,0.99668,0.99978,0.99266,0.99663,75414,MT5,D1
2022-10-30,0.9956,0.99619,0.99463,0.99543,1759,MT5,D1
2022-10-31,0.99545,0.99655,0.98729,0.98855,49731,MT5,D1
2022-11-01,0.98857,0.99538,0.98527,0.9877,64246,MT5,D1
2022-11-02,0.98772,0.99757,0.98098,0.98139,87028,MT5,D1
2022-11-03,0.98139,0.98393,0.97298,0.9749,72445,MT5,D1
2022-11-04,0.9749,0.99663,0.97473,0.99584,93021,MT5,D1
2022-11-06,0.99093,0.99436,0.99078,0.99277,1670,MT5,D1
2022-11-07,0.99281,1.00339,0.99176,1.00172,68157,MT5,D1
2022-11-08,1.00173,1.0096,0.99715,1.00802,56605,MT5,D1
2022-11-09,1.00801,1.0088,0.99927,1.0019,74175,MT5,D1
2022-11-10,1.00191,1.02215,0.99354,1.01893,112814,MT5,D1
2022-11-11,1.01911,1.0364,1.01631,1.03549,98146,MT5,D1
2022-11-13,1.03321,1.03351,1.03134,1.03267,1623,MT5,D1
2022-11-14,1.03269,1.03583,1.02712,1.03195,80624,MT5,D1
2022-11-15,1.03197,1.04806,1.02799,1.03572,136819,MT5,D1
2022-11-16,1.03573,1.04381,1.03307,1.03931,95946,MT5,D1
2022-11-17,1.03932,1.04063,1.03051,1.03605,76561,MT5,D1
2022-11-18,1.03607,1.03958,1.03135,1.03238,58772,MT5,D1
2022-11-20,1.03228,1.0332,1.03221,1.03295,448,MT5,D1
2022-11-21,1.03305,1.03327,1.02225,1.0245,62603,MT5,D1
2022-11-22,1.02448,1.03103,1.02419,1.03103,51779,MT5,D1
2022-11-23,1.03104,1.04181,1.02964,1.04177,65755,MT5,D1
2022-11-24,1.04175,1.04483,1.03816,1.04075,43005,MT5,D1
2022-11-25,1.04074,1.04291,1.03545,1.03938,48108,MT5,D1
2022-11-27,1.03704,1.03792,1.03647,1.03668,1006,MT5,D1
2022-11-28,1.0367,1.04966,1.033,1.03431,70877,MT5,D1
2022-11-29,1.03432,1.03942,1.0318,1.03235,70912,MT5,D1
2022-11-30,1.03237,1.04284,1.02899,1.0422,89446,MT5,D1
2022-12-01,1.04229,1.05381,1.0393,1.05278,93840,MT5,D1
2022-12-02,1.05276,1.05447,1.04281,1.05404,85116,MT5,D1
2022-12-04,1.05332,1.05434,1.053,1.05433,924,MT5,D1
2022-12-05,1.05434,1.05946,1.04801,1.04958,66690,MT5,D1
2022-12-06,1.0496,1.05326,1.04591,1.04671,60506,MT5,D1
2022-12-07,1.04672,1.05495,1.04431,1.05107,68424,MT5,D1
2022-12-08,1.05117,1.05647,1.04893,1.05554,53628,MT5,D1
2022-12-09,1.05552,1.05881,1.05047,1.05327,59561,MT5,D1
2022-12-11,1.05316,1.0535,1.05171,1.05207,639,MT5,D1
2022-12-12,1.05206,1.058,1.05057,1.05401,47620,MT5,D1
2022-12-13,1.0541,1.06729,1.05278,1.06243,80178,MT5,D1
2022-12-14,1.06241,1.06948,1.06188,1.06757,96645,MT5,D1
2022-12-15,1.06758,1.07359,1.05923,1.06384,83574,MT5,D1
2022-12-16,1.06385,1.06629,1.05849,1.05859,59455,MT5,D1
2022-12-18,1.05858,1.05947,1.05817,1.05842,922,MT5,D1
2022-12-19,1.05844,1.06576,1.05756,1.06113,48800,MT5,D1
2022-12-20,1.06122,1.06584,1.05788,1.0625,83511,MT5,D1
2022-12-21,1.06248,1.06446,1.05902,1.06077,49261,MT5,D1
2022-12-22,1.06075,1.06593,1.0573,1.0601099999999999,50005,MT5,D1
2022-12-23,1.06009,1.06327,1.05865,1.0616,48904,MT5,D1
2022-12-25,1.06125,1.06205,1.06071,1.06176,868,MT5,D1
2022-12-26,1.06193,1.06439,1.05963,1.06381,15142,MT5,D1
2022-12-27,1.06378,1.06693,1.06113,1.06358,39207,MT5,D1
2022-12-28,1.06368,1.06743,1.06064,1.06287,41857,MT5,D1
2022-12-29,1.06286,1.06902,1.0611,1.06602,40738,MT5,D1
2022-12-30,1.06601,1.07129,1.06382,1.07036,55555,MT5,D1
2023-01-01,1.0691,1.07009,1.06786,1.07009,979,MT5,D1
2023-01-02,1.07005,1.07078,1.06405,1.06714,12903,MT5,D1
2023-01-03,1.0671599999999999,1.06799,1.05194,1.05454,69410,MT5,D1
2023-01-04,1.05455,1.06353,1.05451,1.06063,67770,MT5,D1
2023-01-05,1.06061,1.06313,1.0515,1.05196,63831,MT5,D1
2023-01-06,1.05206,1.06478,1.04804,1.06447,67492,MT5,D1
2023-01-08,1.06398,1.06616,1.06359,1.06616,869,MT5,D1
2023-01-09,1.06625,1.0760399999999999,1.06514,1.07326,53724,MT5,D1
2023-01-10,1.07324,1.0759,1.0712,1.07383,53664,MT5,D1
2023-01-11,1.07382,1.07761,1.07252,1.07652,44541,MT5,D1
2023-01-12,1.07653,1.08667,1.07288,1.08594,88451,MT5,D1
2023-01-13,1.08593,1.08676,1.07802,1.08322,55872,MT5,D1
2023-01-15,1.08329,1.08336,1.08193,1.08224,838,MT5,D1
2023-01-16,1.08225,1.0874,1.08014,1.08288,31972,MT5,D1
2023-01-17,1.08289,1.08691,1.07743,1.07893,64179,MT5,D1
2023-01-18,1.07894,1.08871,1.07659,1.07972,84796,MT5,D1
2023-01-19,1.07973,1.08397,1.07821,1.08325,55756,MT5,D1
2023-01-20,1.08333,1.08586,1.0802100000000001,1.08555,43072,MT5,D1
2023-01-22,1.08628,1.08684,1.08603,1.08639,821,MT5,D1
2023-01-23,1.08642,1.09266,1.0846,1.08711,47636,MT5,D1
2023-01-24,1.08714,1.08976,1.0835,1.08897,45321,MT5,D1
2023-01-25,1.08896,1.09232,1.08571,1.09205,43680,MT5,D1
2023-01-26,1.09207,1.09292,1.08503,1.08929,45821,MT5,D1
2023-01-27,1.08931,1.09,1.08376,1.0868,38149,MT5,D1
2023-01-29,1.08596,1.08716,1.08593,1.08716,447,MT5,D1
2023-01-30,1.08718,1.09134,1.08391,1.08497,40473,MT5,D1
2023-01-31,1.08498,1.08746,1.08018,1.08605,45527,MT5,D1
2023-02-01,1.08603,1.10317,1.08521,1.10116,70035,MT5,D1
2023-02-02,1.10125,1.10265,1.08853,1.09034,72108,MT5,D1
2023-02-03,1.09044,1.09398,1.07928,1.07936,66465,MT5,D1
2023-02-05,1.07854,1.07971,1.07839,1.07893,1119,MT5,D1
2023-02-06,1.07891,1.07985,1.07091,1.07277,43678,MT5,D1
2023-02-07,1.07287,1.07663,1.06691,1.07301,67225,MT5,D1
2023-02-08,1.0729899999999999,1.0760399999999999,1.07087,1.07153,36843,MT5,D1
2023-02-09,1.07152,1.07904,1.07096,1.0739,37784,MT5,D1
2023-02-10,1.07391,1.07524,1.06662,1.0677,43594,MT5,D1
2023-02-12,1.06817,1.06817,1.06701,1.0677,683,MT5,D1
2023-02-13,1.06771,1.07311,1.06553,1.07308,32903,MT5,D1
2023-02-14,1.07307,1.08044,1.07066,1.0734,78299,MT5,D1
2023-02-15,1.0735,1.07442,1.06603,1.06912,45728,MT5,D1
2023-02-16,1.06913,1.0722,1.06539,1.06654,49531,MT5,D1
2023-02-17,1.06653,1.0698,1.06126,1.06942,40923,MT5,D1
2023-02-19,1.06861,1.06916,1.06815,1.06837,579,MT5,D1
2023-02-20,1.0683799999999999,1.07043,1.067,1.06821,18489,MT5,D1
2023-02-21,1.06819,1.06977,1.06373,1.0651,45860,MT5,D1
2023-02-22,1.06509,1.06637,1.05989,1.06052,44247,MT5,D1
2023-02-23,1.06054,1.06275,1.05769,1.05973,38492,MT5,D1
2023-02-24,1.05975,1.0614,1.05359,1.05453,49178,MT5,D1
2023-02-26,1.05454,1.05541,1.05452,1.05531,392,MT5,D1
2023-02-27,1.05532,1.06198,1.05328,1.06083,35730,MT5,D1
2023-02-28,1.06094,1.06448,1.05739,1.05766,41743,MT5,D1
2023-03-01,1.0576699999999999,1.06912,1.05651,1.06682,50529,MT5,D1
2023-03-02,1.06684,1.06725,1.05763,1.05982,45965,MT5,D1
2023-03-03,1.05981,1.06384,1.0588,1.06337,38407,MT5,D1
2023-03-05,1.06264,1.06276,1.06219,1.06246,500,MT5,D1
2023-03-06,1.0625499999999999,1.06941,1.0622,1.06844,37810,MT5,D1
2023-03-07,1.06853,1.06941,1.05458,1.05471,55327,MT5,D1
2023-03-08,1.05481,1.05735,1.05242,1.05478,44195,MT5,D1
2023-03-09,1.05487,1.05908,1.05378,1.05844,36398,MT5,D1
2023-03-10,1.05853,1.07004,1.05738,1.0639,78995,MT5,D1
2023-03-12,1.06757,1.07024,1.06742,1.06809,7507,MT5,D1
2023-03-13,1.06812,1.07483,1.065,1.07228,105097,MT5,D1
2023-03-14,1.07229,1.07493,1.06786,1.07267,78195,MT5,D1
2023-03-15,1.07268,1.07595,1.0516,1.05815,95199,MT5,D1
2023-03-16,1.05814,1.06353,1.0551,1.06133,85077,MT5,D1
2023-03-17,1.06135,1.06849,1.06114,1.06654,45138,MT5,D1
2023-03-19,1.06817,1.06873,1.06652,1.06803,1430,MT5,D1
2023-03-20,1.06805,1.07305,1.06311,1.07183,54976,MT5,D1
2023-03-21,1.07185,1.07883,1.07038,1.07724,35248,MT5,D1
2023-03-22,1.07724,1.09121,1.07589,1.08686,60224,MT5,D1
2023-03-23,1.08688,1.09295,1.0824,1.08344,51055,MT5,D1
2023-03-24,1.08345,1.08368,1.0713,1.07598,58221,MT5,D1
2023-03-26,1.077,1.0778699999999999,1.07645,1.07775,1510,MT5,D1
2023-03-27,1.07773,1.08074,1.07448,1.0806,33221,MT5,D1
2023-03-28,1.08062,1.0848200000000001,1.08034,1.0838700000000001,29727,MT5,D1
2023-03-29,1.08388,1.08711,1.08175,1.08424,31135,MT5,D1
2023-03-30,1.08427,1.0926,1.08233,1.0904,33744,MT5,D1
2023-03-31,1.09038,1.09253,1.08366,1.08422,36482,MT5,D1
2023-04-02,1.08413,1.08433,1.08011,1.08025,2155,MT5,D1
2023-04-03,1.08025,1.09164,1.0788,1.09066,37534,MT5,D1
2023-04-04,1.09068,1.09728,1.08827,1.09575,37519,MT5,D1
2023-04-05,1.09576,1.09693,1.08908,1.09028,33534,MT5,D1
2023-04-06,1.0903,1.09373,1.08845,1.09173,26005,MT5,D1
2023-04-07,1.09178,1.09219,1.08758,1.08899,11938,MT5,D1
2023-04-09,1.0899,1.09132,1.08989,1.09128,727,MT5,D1
2023-04-10,1.09129,1.0917,1.08312,1.08687,21517,MT5,D1
2023-04-11,1.08688,1.09277,1.08669,1.0916,25101,MT5,D1
2023-04-12,1.09161,1.10001,1.09145,1.09966,34624,MT5,D1
2023-04-13,1.09964,1.10674,1.09765,1.10514,30425,MT5,D1
2023-04-14,1.10516,1.10753,1.09722,1.09927,35211,MT5,D1
2023-04-16,1.09899,1.09945,1.09832,1.09842,774,MT5,D1
2023-04-17,1.09843,1.09995,1.0909,1.09243,29972,MT5,D1
2023-04-18,1.09244,1.09826,1.09222,1.09747,27385,MT5,D1
2023-04-19,1.09749,1.09838,1.09171,1.09514,30558,MT5,D1
2023-04-20,1.09516,1.09895,1.09332,1.09676,32208,MT5,D1
2023-04-21,1.09674,1.09934,1.09378,1.09887,32279,MT5,D1
2023-04-23,1.09889,1.09959,1.09867,1.09916,496,MT5,D1
2023-04-24,1.09916,1.10568,1.09657,1.10567,28785,MT5,D1
2023-04-25,1.10569,1.1066799999999999,1.09618,1.09778,33884,MT5,D1
2023-04-26,1.0977999999999999,1.10952,1.09683,1.1045,44442,MT5,D1
2023-04-27,1.10449,1.10632,1.0991900000000001,1.10314,39213,MT5,D1
2023-04-28,1.10313,1.10447,1.09621,1.10172,48735,MT5,D1
2023-04-30,1.10192,1.10208,1.10097,1.10104,857,MT5,D1
2023-05-01,1.10107,1.10352,1.09642,1.09685,26937,MT5,D1
2023-05-02,1.09683,1.10135,1.09419,1.10105,37904,MT5,D1
2023-05-03,1.10106,1.1091199999999999,1.10047,1.10683,47951,MT5,D1
2023-05-04,1.1068500000000001,1.10914,1.0985800000000001,1.10227,58069,MT5,D1
2023-05-05,1.10227,1.10475,1.09665,1.10182,36444,MT5,D1
2023-05-07,1.10176,1.10223,1.10133,1.1018,691,MT5,D1
2023-05-08,1.10181,1.10535,1.09952,1.0996299999999999,22524,MT5,D1
2023-05-09,1.09962,1.10006,1.09409,1.09644,26318,MT5,D1
2023-05-10,1.09645,1.10065,1.09414,1.09828,34942,MT5,D1
2023-05-11,1.09826,1.09978,1.08999,1.09121,36991,MT5,D1
2023-05-12,1.09122,1.09351,1.08477,1.08493,26022,MT5,D1
2023-05-14,1.08524,1.08541,1.08444,1.08525,578,MT5,D1
2023-05-15,1.08527,1.08904,1.0848,1.08734,21391,MT5,D1
2023-05-16,1.0873599999999999,1.09044,1.08548,1.08652,26518,MT5,D1
2023-05-17,1.08654,1.08733,1.08101,1.08376,27635,MT5,D1
2023-05-18,1.08375,1.08477,1.07623,1.07747,24998,MT5,D1
2023-05-19,1.07748,1.08285,1.07599,1.08059,32707,MT5,D1
2023-05-21,1.0806,1.08239,1.08054,1.08217,681,MT5,D1
2023-05-22,1.08218,1.0831,1.07951,1.08102,29549,MT5,D1
2023-05-23,1.08104,1.08202,1.07601,1.0769,32725,MT5,D1
2023-05-24,1.07688,1.0801,1.0741,1.07554,35330,MT5,D1
2023-05-25,1.07555,1.07555,1.0707200000000001,1.07234,31151,MT5,D1
2023-05-26,1.07233,1.07583,1.07015,1.07258,30734,MT5,D1
2023-05-28,1.07203,1.07281,1.07172,1.07214,579,MT5,D1
2023-05-29,1.07213,1.07432,1.07052,1.07066,10546,MT5,D1
2023-05-30,1.07064,1.07462,1.06723,1.07315,31696,MT5,D1
2023-05-31,1.07313,1.07353,1.0635,1.06932,38172,MT5,D1
2023-06-01,1.06933,1.07681,1.06616,1.07603,33871,MT5,D1
2023-06-02,1.07601,1.07788,1.0705,1.07075,30805,MT5,D1
2023-06-04,1.07074,1.07086,1.06937,1.06967,795,MT5,D1
2023-06-05,1.06966,1.07221,1.06743,1.07111,26466,MT5,D1
2023-06-06,1.0711,1.07326,1.06668,1.06983,26268,MT5,D1
2023-06-07,1.06984,1.07393,1.06681,1.07067,26731,MT5,D1
2023-06-08,1.07069,1.07868,1.07008,1.07816,27097,MT5,D1
2023-06-09,1.07816,1.07849,1.07426,1.07483,23699,MT5,D1
2023-06-11,1.07472,1.07512,1.0742,1.07498,1015,MT5,D1
2023-06-12,1.0749900000000001,1.0789900000000001,1.0733,1.0762,35442,MT5,D1
2023-06-13,1.0762,1.08231,1.0759,1.07892,44927,MT5,D1
2023-06-14,1.07893,1.08638,1.07739,1.08425,47413,MT5,D1
2023-06-15,1.08426,1.09523,1.08036,1.09447,47000,MT5,D1
2023-06-16,1.0945,1.09703,1.09178,1.09416,40799,MT5,D1
2023-06-18,1.09339,1.09427,1.09322,1.09396,1259,MT5,D1
2023-06-19,1.09396,1.09461,1.09068,1.09233,26285,MT5,D1
2023-06-20,1.09234,1.0946,1.08918,1.09196,40317,MT5,D1
2023-06-21,1.0919699999999999,1.0991900000000001,1.09054,1.09913,43962,MT5,D1
2023-06-22,1.09914,1.10121,1.09483,1.0955300000000001,43059,MT5,D1
2023-06-23,1.0955300000000001,1.09583,1.08442,1.08935,47374,MT5,D1
2023-06-25,1.08988,1.09064,1.08946,1.0906,1391,MT5,D1
2023-06-26,1.09061,1.09198,1.0887,1.09097,40056,MT5,D1
2023-06-27,1.091,1.09767,1.09017,1.09572,160858,MT5,D1
2023-06-28,1.09575,1.09622,1.08966,1.09149,163010,MT5,D1
2023-06-29,1.09152,1.09413,1.08599,1.08671,168194,MT5,D1
2023-06-30,1.0867499999999999,1.09318,1.08351,1.09107,158399,MT5,D1
2023-07-02,1.09106,1.09121,1.09065,1.09074,843,MT5,D1
2023-07-03,1.0907499999999999,1.09327,1.08701,1.09126,36060,MT5,D1
2023-07-04,1.09127,1.09162,1.08762,1.08822,23975,MT5,D1
2023-07-05,1.08823,1.0907499999999999,1.08508,1.08549,38692,MT5,D1
2023-07-06,1.0855,1.09004,1.08335,1.08895,53333,MT5,D1
2023-07-07,1.08895,1.0973,1.08668,1.09687,48812,MT5,D1
2023-07-09,1.0961400000000001,1.09686,1.09603,1.09667,999,MT5,D1
2023-07-10,1.09668,1.10056,1.09432,1.10051,38144,MT5,D1
2023-07-11,1.10052,1.10267,1.09768,1.10134,36923,MT5,D1
2023-07-12,1.10135,1.11402,1.10118,1.11402,47735,MT5,D1
2023-07-13,1.11404,1.1227800000000001,1.11296,1.12232,45540,MT5,D1
2023-07-14,1.12233,1.12445,1.12041,1.12282,44618,MT5,D1
2023-07-16,1.1227800000000001,1.12305,1.12222,1.12271,1156,MT5,D1
2023-07-17,1.12272,1.12484,1.12033,1.12372,33107,MT5,D1
2023-07-18,1.1237300000000001,1.12755,1.12088,1.12281,50600,MT5,D1
2023-07-19,1.12281,1.12399,1.11741,1.12047,45550,MT5,D1
2023-07-20,1.12048,1.12288,1.11182,1.11343,42713,MT5,D1
2023-07-21,1.11343,1.11447,1.11076,1.1125099999999999,37526,MT5,D1
2023-07-23,1.11239,1.11305,1.11235,1.11242,1152,MT5,D1
2023-07-24,1.11242,1.11466,1.10587,1.10627,46186,MT5,D1
2023-07-25,1.10629,1.10865,1.1020699999999999,1.10497,36693,MT5,D1
2023-07-26,1.10498,1.11063,1.10377,1.10777,51263,MT5,D1
2023-07-27,1.10778,1.11493,1.09656,1.09779,68160,MT5,D1
2023-07-28,1.09779,1.10471,1.09434,1.10166,67765,MT5,D1
2023-07-30,1.10172,1.10271,1.10157,1.10235,1343,MT5,D1
2023-07-31,1.10237,1.10455,1.09931,1.09964,41434,MT5,D1
2023-08-01,1.09964,1.10164,1.09521,1.10074,42954,MT5,D1
2023-08-02,1.1007500000000001,1.10077,1.09178,1.09432,48910,MT5,D1
2023-08-03,1.09433,1.09625,1.09122,1.09508,53845,MT5,D1
2023-08-04,1.09508,1.10417,1.09342,1.10086,48154,MT5,D1
2023-08-06,1.10148,1.1015,1.10002,1.10022,1316,MT5,D1
2023-08-07,1.10022,1.10115,1.09652,1.1002399999999999,34332,MT5,D1
2023-08-08,1.10026,1.10107,1.09289,1.09589,41390,MT5,D1
2023-08-09,1.09589,1.0995,1.09552,1.0977,35478,MT5,D1
2023-08-10,1.0977,1.10647,1.09671,1.09814,57871,MT5,D1
2023-08-11,1.09815,1.10048,1.09428,1.0947,43838,MT5,D1
2023-08-13,1.09507,1.09518,1.0939,1.0943,1100,MT5,D1
2023-08-14,1.0943100000000001,1.09598,1.08745,1.0907499999999999,43405,MT5,D1
2023-08-15,1.0907499999999999,1.09522,1.08971,1.09035,50475,MT5,D1
2023-08-16,1.09037,1.09343,1.08712,1.08742,45928,MT5,D1
2023-08-17,1.08744,1.09178,1.08561,1.0874,47085,MT5,D1
2023-08-18,1.08741,1.08937,1.08447,1.08725,42297,MT5,D1
2023-08-20,1.08687,1.08774,1.08687,1.08746,984,MT5,D1
2023-08-21,1.08748,1.09133,1.08694,1.08974,38414,MT5,D1
2023-08-22,1.08974,1.09301,1.08327,1.08462,38933,MT5,D1
2023-08-23,1.08463,1.08712,1.08023,1.08652,47789,MT5,D1
2023-08-24,1.08653,1.08763,1.079,1.07984,40416,MT5,D1
2023-08-25,1.07983,1.08414,1.07656,1.07949,47511,MT5,D1
2023-08-27,1.07951,1.07999,1.07923,1.07966,1281,MT5,D1
2023-08-28,1.07967,1.08295,1.07958,1.08253,33127,MT5,D1
2023-08-29,1.08254,1.08917,1.0782,1.08687,44034,MT5,D1
2023-08-30,1.08689,1.09453,1.08549,1.09292,44990,MT5,D1
2023-08-31,1.09294,1.09393,1.08349,1.08421,45542,MT5,D1
2023-09-01,1.0842,1.08816,1.07719,1.07742,47674,MT5,D1
2023-09-03,1.07767,1.07774,1.07705,1.07753,814,MT5,D1
2023-09-04,1.07754,1.08086,1.07731,1.0791,21533,MT5,D1
2023-09-05,1.07911,1.07981,1.07061,1.07243,39921,MT5,D1
2023-09-06,1.07244,1.07485,1.07025,1.07237,42517,MT5,D1
2023-09-07,1.07236,1.0731600000000001,1.06859,1.06972,36736,MT5,D1
2023-09-08,1.06973,1.07436,1.0694,1.07002,34835,MT5,D1
2023-09-10,1.07122,1.07202,1.0707200000000001,1.0716,1602,MT5,D1
2023-09-11,1.07161,1.0759,1.07098,1.07473,36041,MT5,D1
2023-09-12,1.07473,1.07688,1.07053,1.07529,34654,MT5,D1
2023-09-13,1.0753,1.07645,1.07097,1.07326,49861,MT5,D1
2023-09-14,1.07326,1.07519,1.0631599999999999,1.06348,49524,MT5,D1
2023-09-15,1.06348,1.06875,1.0633,1.06604,38059,MT5,D1
2023-09-17,1.06615,1.06683,1.06613,1.06677,913,MT5,D1
2023-09-18,1.06678,1.06985,1.06545,1.06918,29714,MT5,D1
2023-09-19,1.06918,1.07177,1.06748,1.06812,31799,MT5,D1
2023-09-20,1.06813,1.07365,1.06475,1.06495,45849,MT5,D1
2023-09-21,1.06497,1.0673300000000001,1.06166,1.06601,48472,MT5,D1
2023-09-22,1.06601,1.06714,1.06148,1.06459,38576,MT5,D1
2023-09-24,1.06519,1.06521,1.06441,1.06481,1048,MT5,D1
2023-09-25,1.06481,1.06551,1.05751,1.05911,34445,MT5,D1
2023-09-26,1.05911,1.06087,1.05619,1.05689,35521,MT5,D1
2023-09-27,1.05688,1.05737,1.04879,1.05051,42085,MT5,D1
2023-09-28,1.05051,1.05786,1.04909,1.0562,50422,MT5,D1
2023-09-29,1.0562,1.06167,1.05578,1.05737,50053,MT5,D1
2023-10-01,1.05691,1.05705,1.05566,1.05632,1586,MT5,D1
2023-10-02,1.05638,1.05917,1.04742,1.04796,44309,MT5,D1
2023-10-03,1.04797,1.04932,1.0448,1.04684,57354,MT5,D1
2023-10-04,1.04684,1.05319,1.04511,1.05067,53762,MT5,D1
2023-10-05,1.05066,1.05515,1.04998,1.05461,48216,MT5,D1
2023-10-06,1.05461,1.05996,1.04824,1.05858,57714,MT5,D1
2023-10-08,1.05515,1.05681,1.05486,1.0566,2253,MT5,D1
2023-10-09,1.05662,1.05794,1.05192,1.05783,43565,MT5,D1
2023-10-10,1.0578400000000001,1.06196,1.05542,1.0604,53848,MT5,D1
2023-10-11,1.06041,1.06344,1.0581,1.06234,50986,MT5,D1
2023-10-12,1.06232,1.06394,1.05254,1.05355,50239,MT5,D1
2023-10-13,1.05353,1.05582,1.04954,1.05078,45515,MT5,D1
2023-10-15,1.0512299999999999,1.05243,1.05086,1.05217,1436,MT5,D1
2023-10-16,1.05219,1.05625,1.05153,1.05537,39319,MT5,D1
2023-10-17,1.0554,1.05946,1.05327,1.05726,47577,MT5,D1
2023-10-18,1.05725,1.05939,1.05229,1.05377,45983,MT5,D1
2023-10-19,1.05378,1.06162,1.05279,1.05861,58844,MT5,D1
2023-10-20,1.05862,1.06034,1.05648,1.05936,43828,MT5,D1
2023-10-22,1.05942,1.05964,1.05876,1.05893,1192,MT5,D1
2023-10-23,1.05891,1.06776,1.05713,1.06697,42414,MT5,D1
2023-10-24,1.06697,1.06942,1.05829,1.05947,45710,MT5,D1
2023-10-25,1.05947,1.06064,1.05591,1.05661,40554,MT5,D1
2023-10-26,1.0566,1.05689,1.05218,1.05637,48765,MT5,D1
2023-10-27,1.05637,1.05968,1.05352,1.05642,43004,MT5,D1
2023-10-29,1.05664,1.05679,1.05579,1.05619,1308,MT5,D1
2023-10-30,1.05619,1.06247,1.05469,1.06138,39722,MT5,D1
2023-10-31,1.06138,1.06747,1.05575,1.05777,51234,MT5,D1
2023-11-01,1.05778,1.05863,1.05164,1.05859,57146,MT5,D1
2023-11-02,1.05862,1.06674,1.05834,1.06155,46963,MT5,D1
2023-11-03,1.06157,1.07465,1.06146,1.07302,47957,MT5,D1
2023-11-05,1.0725,1.07322,1.07221,1.07297,986,MT5,D1
2023-11-06,1.07297,1.07561,1.0714299999999999,1.07179,38749,MT5,D1
2023-11-07,1.07183,1.07192,1.06638,1.06948,44295,MT5,D1
2023-11-08,1.06955,1.07156,1.06593,1.07095,43168,MT5,D1
2023-11-09,1.07109,1.0725,1.06599,1.06668,50042,MT5,D1
2023-11-10,1.0667,1.06924,1.06561,1.06846,40643,MT5,D1
2023-11-12,1.06842,1.06894,1.06806,1.06891,1095,MT5,D1
2023-11-13,1.06903,1.07058,1.06649,1.0701100000000001,37191,MT5,D1
2023-11-14,1.07013,1.08872,1.06927,1.08777,53749,MT5,D1
2023-11-15,1.08777,1.08858,1.08315,1.08536,49342,MT5,D1
2023-11-16,1.08537,1.08951,1.083,1.08526,45757,MT5,D1
2023-11-17,1.08529,1.09135,1.0824799999999999,1.09133,45787,MT5,D1
2023-11-19,1.09106,1.09106,1.09037,1.09039,1097,MT5,D1
2023-11-20,1.09052,1.09517,1.08974,1.0944099999999999,45492,MT5,D1
2023-11-21,1.09443,1.0965,1.08999,1.0917,52920,MT5,D1
2023-11-22,1.0917,1.09226,1.08522,1.08875,53876,MT5,D1
2023-11-23,1.08876,1.09303,1.0887,1.09037,34734,MT5,D1
2023-11-24,1.09038,1.09481,1.08946,1.09382,37540,MT5,D1
2023-11-26,1.0941,1.09468,1.09367,1.0937999999999999,1226,MT5,D1
2023-11-27,1.09379,1.0959,1.09249,1.09585,50395,MT5,D1
2023-11-28,1.09586,1.10088,1.09344,1.10038,58713,MT5,D1
2023-11-29,1.1004,1.10169,1.0959699999999999,1.09732,62694,MT5,D1
2023-11-30,1.09732,1.09835,1.0879,1.08916,67171,MT5,D1
2023-12-01,1.08916,1.09124,1.08285,1.08822,64334,MT5,D1
2023-12-03,1.08772,1.08937,1.08754,1.08846,2377,MT5,D1
2023-12-04,1.08856,1.08865,1.08037,1.08368,60903,MT5,D1
2023-12-05,1.0836999999999999,1.08472,1.07779,1.07931,63956,MT5,D1
2023-12-06,1.07932,1.08047,1.07584,1.0766,54517,MT5,D1
2023-12-07,1.07661,1.08173,1.0755,1.07894,61895,MT5,D1
2023-12-08,1.07897,1.08003,1.07228,1.07605,67531,MT5,D1
2023-12-10,1.07581,1.07663,1.07578,1.07643,1157,MT5,D1
2023-12-11,1.0765,1.07786,1.07414,1.07648,48215,MT5,D1
2023-12-12,1.07649,1.08281,1.0761,1.07977,57055,MT5,D1
2023-12-13,1.07978,1.08963,1.07731,1.08822,67020,MT5,D1
2023-12-14,1.08823,1.10089,1.0879,1.09929,85940,MT5,D1
2023-12-15,1.09933,1.10033,1.08885,1.08947,67934,MT5,D1
2023-12-17,1.08925,1.08969,1.08907,1.08934,1171,MT5,D1
2023-12-18,1.08946,1.0931,1.08938,1.0923,51400,MT5,D1
2023-12-19,1.0923,1.09872,1.09147,1.09793,54955,MT5,D1
2023-12-20,1.09793,1.09793,1.09297,1.0943100000000001,54963,MT5,D1
2023-12-21,1.0943100000000001,1.10124,1.0935,1.10053,61673,MT5,D1
2023-12-22,1.10053,1.10401,1.09935,1.10132,54988,MT5,D1
2023-12-25,1.09785,1.1024,1.09785,1.10139,1178,MT5,D1
2023-12-26,1.1014599999999999,1.10448,1.10054,1.10417,29672,MT5,D1
2023-12-27,1.10419,1.11225,1.10285,1.11079,42453,MT5,D1
2023-12-28,1.1108,1.11393,1.10549,1.10676,48306,MT5,D1
2023-12-29,1.10678,1.10842,1.10338,1.10371,47751,MT5,D1
2024-01-01,1.1026799999999999,1.10398,1.1026799999999999,1.1033,1176,MT5,D1
2024-01-02,1.10328,1.10403,1.09381,1.09414,51537,MT5,D1
2024-01-03,1.09415,1.09652,1.08926,1.09255,62699,MT5,D1
2024-01-04,1.09256,1.0972,1.09158,1.09459,53327,MT5,D1
2024-01-05,1.09458,1.09983,1.08763,1.09419,72471,MT5,D1
2024-01-07,1.09415,1.09451,1.09336,1.09402,1121,MT5,D1
2024-01-08,1.09412,1.09787,1.09223,1.09494,50948,MT5,D1
2024-01-09,1.09494,1.09661,1.09099,1.09314,50840,MT5,D1
2024-01-10,1.09314,1.09745,1.09224,1.09738,43771,MT5,D1
2024-01-11,1.09739,1.09984,1.09299,1.09821,70439,MT5,D1
2024-01-12,1.09822,1.09867,1.09356,1.09501,53685,MT5,D1
2024-01-14,1.09474,1.0950199999999999,1.09428,1.0944,949,MT5,D1
2024-01-15,1.0945,1.09673,1.09332,1.09447,34976,MT5,D1
2024-01-16,1.09448,1.09461,1.08618,1.08781,65202,MT5,D1
2024-01-17,1.08782,1.08852,1.08442,1.08852,57122,MT5,D1
2024-01-18,1.08858,1.09066,1.08464,1.08795,57221,MT5,D1
2024-01-19,1.08796,1.08976,1.08654,1.08971,46462,MT5,D1
2024-01-21,1.08889,1.0896,1.08858,1.08911,1627,MT5,D1
2024-01-22,1.08918,1.09091,1.08767,1.08772,43958,MT5,D1
2024-01-23,1.08773,1.09159,1.08211,1.08569,47859,MT5,D1
2024-01-24,1.08568,1.09321,1.08512,1.08814,55994,MT5,D1
2024-01-25,1.0881,1.09016,1.08212,1.08455,60653,MT5,D1
2024-01-26,1.0845,1.08857,1.08125,1.08546,47607,MT5,D1
2024-01-28,1.08412,1.08479,1.08396,1.08417,1818,MT5,D1
2024-01-29,1.08423,1.08498,1.07955,1.08333,41025,MT5,D1
2024-01-30,1.08335,1.0857,1.08117,1.08427,47488,MT5,D1
2024-01-31,1.08427,1.08873,1.07946,1.08038,84038,MT5,D1
2024-02-01,1.08039,1.08758,1.07796,1.08737,60769,MT5,D1
2024-02-02,1.08739,1.08973,1.07803,1.07872,54226,MT5,D1
2024-02-04,1.07832,1.07857,1.07693,1.07792,1549,MT5,D1
2024-02-05,1.07796,1.07857,1.0723,1.07408,45809,MT5,D1
2024-02-06,1.07407,1.07621,1.07222,1.0756000000000001,45648,MT5,D1
2024-02-07,1.07563,1.07837,1.07556,1.07752,44369,MT5,D1
2024-02-08,1.07754,1.07886,1.07414,1.07769,40877,MT5,D1
2024-02-09,1.07776,1.07949,1.07618,1.07853,40911,MT5,D1
2024-02-11,1.07824,1.07973,1.07811,1.07962,1407,MT5,D1
2024-02-12,1.07976,1.08052,1.07556,1.07713,35539,MT5,D1
2024-02-13,1.07714,1.07984,1.07003,1.0708199999999999,48914,MT5,D1
2024-02-14,1.07083,1.07341,1.06948,1.07313,42423,MT5,D1
2024-02-15,1.07319,1.07846,1.07244,1.07729,42231,MT5,D1
2024-02-16,1.07725,1.07871,1.07318,1.07768,42571,MT5,D1
2024-02-18,1.07742,1.07835,1.07687,1.0782,1203,MT5,D1
2024-02-19,1.07836,1.07891,1.07618,1.07757,26788,MT5,D1
2024-02-20,1.07753,1.0838700000000001,1.07616,1.08104,41595,MT5,D1
2024-02-21,1.08094,1.08241,1.0789900000000001,1.082,42069,MT5,D1
2024-02-22,1.082,1.08879,1.08026,1.08247,49310,MT5,D1
2024-02-23,1.0825,1.08391,1.08117,1.08207,38714,MT5,D1
2024-02-25,1.08264,1.08264,1.08167,1.08184,1366,MT5,D1
2024-02-26,1.0819,1.08596,1.08124,1.085,34861,MT5,D1
2024-02-27,1.08501,1.08657,1.08328,1.08412,36912,MT5,D1
2024-02-28,1.08409,1.08455,1.07962,1.08378,39497,MT5,D1
2024-02-29,1.0838,1.08556,1.07957,1.08049,50890,MT5,D1
2024-03-01,1.08056,1.08429,1.07979,1.08391,41750,MT5,D1
2024-03-03,1.08354,1.08428,1.08351,1.08395,1267,MT5,D1
2024-03-04,1.08413,1.08666,1.08376,1.08544,35231,MT5,D1
2024-03-05,1.08539,1.0876,1.084,1.08557,37929,MT5,D1
2024-03-06,1.0855299999999999,1.0915,1.0842,1.08981,43029,MT5,D1
2024-03-07,1.08992,1.095,1.08677,1.095,46251,MT5,D1
2024-03-08,1.09509,1.09809,1.09177,1.09381,48356,MT5,D1
2024-03-10,1.09354,1.09433,1.09346,1.09422,2051,MT5,D1
2024-03-11,1.09424,1.09479,1.09143,1.09304,35196,MT5,D1
2024-03-12,1.09302,1.09437,1.0902,1.09266,41720,MT5,D1
2024-03-13,1.09264,1.09636,1.09199,1.09527,34454,MT5,D1
2024-03-14,1.09528,1.09544,1.08804,1.08827,38293,MT5,D1
2024-03-15,1.08825,1.08994,1.08725,1.08868,30852,MT5,D1
2024-03-17,1.08887,1.08905,1.08815,1.08828,1932,MT5,D1
2024-03-18,1.08832,1.09057,1.08659,1.08732,27720,MT5,D1
2024-03-19,1.08732,1.08763,1.08345,1.08618,34027,MT5,D1
2024-03-20,1.08616,1.09369,1.08363,1.09368,42711,MT5,D1
2024-03-21,1.09369,1.09423,1.08552,1.08617,40449,MT5,D1
2024-03-22,1.08616,1.08676,1.08014,1.08084,30225,MT5,D1
2024-03-24,1.08075,1.08098,1.08041,1.08071,1285,MT5,D1
2024-03-25,1.08072,1.08421,1.0802,1.08366,25201,MT5,D1
2024-03-26,1.08368,1.0864,1.0824,1.08318,28736,MT5,D1
2024-03-27,1.08323,1.0838700000000001,1.08085,1.08122,29405,MT5,D1
2024-03-28,1.08124,1.08263,1.07748,1.07906,36087,MT5,D1
2024-03-29,1.07906,1.08031,1.0768,1.07817,19144,MT5,D1
2024-03-31,1.0789900000000001,1.07944,1.07847,1.07915,2317,MT5,D1
2024-04-01,1.07929,1.07986,1.07309,1.07366,27407,MT5,D1
2024-04-02,1.07372,1.0778699999999999,1.07242,1.07679,31985,MT5,D1
2024-04-03,1.07679,1.08405,1.07637,1.08374,33122,MT5,D1
2024-04-04,1.08374,1.08763,1.08318,1.08359,31890,MT5,D1
2024-04-05,1.08363,1.08477,1.07912,1.08368,35370,MT5,D1
2024-04-07,1.08369,1.08377,1.08262,1.08292,1716,MT5,D1
2024-04-08,1.08297,1.08632,1.08206,1.0861399999999999,33024,MT5,D1
2024-04-09,1.08617,1.08847,1.08474,1.08582,30970,MT5,D1
2024-04-10,1.08585,1.08662,1.07285,1.07412,49195,MT5,D1
2024-04-11,1.07411,1.07561,1.0699,1.0726,47576,MT5,D1
2024-04-12,1.0726,1.0728,1.06223,1.06405,42578,MT5,D1
2024-04-14,1.06318,1.06498,1.06295,1.0647,2671,MT5,D1
2024-04-15,1.06461,1.06649,1.06199,1.06246,46277,MT5,D1
2024-04-16,1.06247,1.0653299999999999,1.06007,1.06202,53835,MT5,D1
2024-04-17,1.06209,1.06792,1.06058,1.06682,46310,MT5,D1
2024-04-18,1.06687,1.0689899999999999,1.06399,1.06429,39670,MT5,D1
2024-04-19,1.06422,1.06776,1.061,1.06562,54985,MT5,D1
2024-04-21,1.0653299999999999,1.0661,1.06506,1.06573,1751,MT5,D1
2024-04-22,1.06573,1.06702,1.06238,1.06535,34557,MT5,D1
2024-04-23,1.06535,1.0711,1.06383,1.0702,41221,MT5,D1
2024-04-24,1.0702,1.0714,1.0677699999999999,1.06997,34424,MT5,D1
2024-04-25,1.07,1.07397,1.06782,1.07266,43297,MT5,D1
2024-04-26,1.07266,1.07526,1.06736,1.06927,39794,MT5,D1
2024-04-28,1.06913,1.07069,1.06893,1.07068,1820,MT5,D1
2024-04-29,1.07067,1.07333,1.0689899999999999,1.07146,43588,MT5,D1
2024-04-30,1.07146,1.07349,1.06606,1.06658,43837,MT5,D1
2024-05-01,1.0666,1.07324,1.06492,1.07168,50853,MT5,D1
2024-05-02,1.07168,1.07306,1.0674,1.07295,42889,MT5,D1
2024-05-03,1.07297,1.08118,1.0724,1.07625,48355,MT5,D1
2024-05-05,1.07619,1.07646,1.07572,1.07582,1499,MT5,D1
2024-05-06,1.07581,1.07904,1.07551,1.07671,28801,MT5,D1
2024-05-07,1.07671,1.07871,1.07473,1.07497,33721,MT5,D1
2024-05-08,1.07495,1.0757,1.07346,1.07467,29352,MT5,D1
2024-05-09,1.07467,1.07853,1.07236,1.07813,31972,MT5,D1
2024-05-10,1.07813,1.07896,1.076,1.07705,29387,MT5,D1
2024-05-12,1.07714,1.07749,1.07669,1.07698,1587,MT5,D1
2024-05-13,1.07698,1.0806499999999999,1.07656,1.07918,26985,MT5,D1
2024-05-14,1.07918,1.08253,1.0767,1.08134,31858,MT5,D1
2024-05-15,1.08134,1.08899,1.08129,1.0888,38679,MT5,D1
2024-05-16,1.0888,1.08948,1.08541,1.08676,31415,MT5,D1
2024-05-17,1.08676,1.08781,1.08355,1.08688,25517,MT5,D1
2024-05-19,1.08679,1.0874,1.08658,1.08718,1177,MT5,D1
2024-05-20,1.08719,1.08841,1.08538,1.08602,25696,MT5,D1
2024-05-21,1.08602,1.08745,1.08423,1.08537,30931,MT5,D1
2024-05-22,1.08537,1.08632,1.08172,1.0824799999999999,32884,MT5,D1
2024-05-23,1.0824799999999999,1.08605,1.08045,1.08114,39521,MT5,D1
2024-05-24,1.08114,1.08575,1.08053,1.08458,27782,MT5,D1
2024-05-26,1.08487,1.08503,1.08423,1.08464,1510,MT5,D1
2024-05-27,1.08463,1.08671,1.08405,1.08609,20569,MT5,D1
2024-05-28,1.08612,1.08887,1.0851,1.08511,32411,MT5,D1
2024-05-29,1.08511,1.08585,1.07969,1.08011,36070,MT5,D1
2024-05-30,1.08009,1.08448,1.0788,1.08311,35582,MT5,D1
2024-05-31,1.08312,1.08822,1.08109,1.08485,37975,MT5,D1
2024-06-02,1.08472,1.08532,1.08458,1.08526,1634,MT5,D1
2024-06-03,1.08524,1.09093,1.08276,1.09068,36266,MT5,D1
2024-06-04,1.09068,1.09156,1.08587,1.08816,39149,MT5,D1
2024-06-05,1.08816,1.08913,1.08542,1.08738,34797,MT5,D1
2024-06-06,1.08738,1.09017,1.08618,1.08913,34886,MT5,D1
2024-06-07,1.08911,1.09017,1.07992,1.08012,39435,MT5,D1
2024-06-09,1.07648,1.07796,1.07589,1.07786,2540,MT5,D1
2024-06-10,1.07784,1.07811,1.07324,1.0763,34514,MT5,D1
2024-06-11,1.0763,1.07733,1.07191,1.07398,34610,MT5,D1
2024-06-12,1.07395,1.0852,1.07344,1.0812599999999999,53753,MT5,D1
2024-06-13,1.0812599999999999,1.0816,1.07324,1.07374,39911,MT5,D1
2024-06-14,1.07374,1.07447,1.06673,1.0702,43083,MT5,D1
2024-06-16,1.0702,1.07079,1.06993,1.07024,1786,MT5,D1
2024-06-17,1.07024,1.07406,1.06862,1.07396,38224,MT5,D1
2024-06-18,1.07396,1.07611,1.07097,1.07382,38676,MT5,D1
2024-06-19,1.07384,1.0753,1.07245,1.07468,26193,MT5,D1
2024-06-20,1.07469,1.0748199999999999,1.06992,1.07059,35716,MT5,D1
2024-06-21,1.07059,1.07204,1.06708,1.0692,36515,MT5,D1
2024-06-23,1.06886,1.06954,1.0686,1.06876,1685,MT5,D1
2024-06-24,1.06876,1.0746,1.06836,1.07319,32883,MT5,D1
2024-06-25,1.07317,1.07437,1.06903,1.0709,31465,MT5,D1
2024-06-26,1.07089,1.07176,1.06657,1.06797,35444,MT5,D1
2024-06-27,1.06797,1.07261,1.06767,1.07073,36727,MT5,D1
2024-06-28,1.07073,1.07244,1.06852,1.0713300000000001,39783,MT5,D1
2024-06-30,1.07371,1.07417,1.07309,1.07346,2557,MT5,D1
2024-07-01,1.07347,1.07761,1.07193,1.07361,40489,MT5,D1
2024-07-02,1.07361,1.07488,1.07098,1.07477,34377,MT5,D1
2024-07-03,1.07478,1.08165,1.07359,1.07906,32500,MT5,D1
2024-07-04,1.07907,1.08135,1.07834,1.08102,22575,MT5,D1
2024-07-05,1.08102,1.08423,1.08016,1.08392,34812,MT5,D1
2024-07-07,1.08037,1.08323,1.08014,1.08254,2773,MT5,D1
2024-07-08,1.08254,1.0845,1.08145,1.08301,32315,MT5,D1
2024-07-09,1.08302,1.0833,1.08053,1.0814,31328,MT5,D1
2024-07-10,1.0814,1.08364,1.08104,1.08329,28278,MT5,D1
2024-07-11,1.08329,1.08996,1.08319,1.0873599999999999,44349,MT5,D1
2024-07-12,1.0873599999999999,1.0911,1.08616,1.09062,35982,MT5,D1
2024-07-14,1.08865,1.08928,1.08827,1.08857,2486,MT5,D1
2024-07-15,1.08856,1.09222,1.08832,1.0898,35499,MT5,D1
2024-07-16,1.08981,1.09052,1.08715,1.09019,35139,MT5,D1
2024-07-17,1.0902,1.09479,1.08949,1.09398,40841,MT5,D1
2024-07-18,1.09398,1.09404,1.08932,1.08998,36485,MT5,D1
2024-07-19,1.08998,1.08999,1.08755,1.08832,34099,MT5,D1
2024-07-21,1.08815,1.09024,1.08815,1.08985,3001,MT5,D1
2024-07-22,1.08985,1.08994,1.08728,1.08885,31845,MT5,D1
2024-07-23,1.08885,1.08962,1.08436,1.08495,30618,MT5,D1
2024-07-24,1.08495,1.08662,1.08256,1.08378,35146,MT5,D1
2024-07-25,1.08377,1.08697,1.08281,1.0851,43632,MT5,D1
2024-07-26,1.08509,1.08677,1.08419,1.08552,29769,MT5,D1
2024-07-28,1.08571,1.08598,1.08526,1.08526,1833,MT5,D1
2024-07-29,1.08527,1.08696,1.08023,1.0819,28436,MT5,D1
2024-07-30,1.0819,1.08355,1.07978,1.08155,31625,MT5,D1
2024-07-31,1.08155,1.0849,1.08016,1.08237,46227,MT5,D1
2024-08-01,1.08237,1.0835,1.07769,1.07863,45357,MT5,D1
2024-08-02,1.07862,1.09263,1.07817,1.09105,52815,MT5,D1
2024-08-04,1.09177,1.09212,1.09019,1.09101,4019,MT5,D1
2024-08-05,1.09101,1.1008499999999999,1.08924,1.09503,99892,MT5,D1
2024-08-06,1.09503,1.09627,1.09036,1.09257,59974,MT5,D1
2024-08-07,1.09257,1.09364,1.09052,1.09273,46949,MT5,D1
2024-08-08,1.09276,1.09449,1.08812,1.09144,45154,MT5,D1
2024-08-09,1.09145,1.09312,1.09087,1.09152,30148,MT5,D1
2024-08-11,1.09147,1.09188,1.09099,1.09124,1861,MT5,D1
2024-08-12,1.09124,1.0939,1.09116,1.09358,28743,MT5,D1
2024-08-13,1.09358,1.09993,1.09135,1.09957,31832,MT5,D1
2024-08-14,1.09953,1.10471,1.09862,1.10115,22764,MT5,D1
2024-08-15,1.10117,1.10152,1.09494,1.09723,20281,MT5,D1
2024-08-16,1.0971899999999999,1.10293,1.09716,1.10274,16347,MT5,D1
2024-08-18,1.10255,1.10337,1.10226,1.10244,1114,MT5,D1
2024-08-19,1.10242,1.10873,1.10229,1.1085,20904,MT5,D1
2024-08-20,1.10853,1.11314,1.10715,1.11271,24435,MT5,D1
2024-08-21,1.11272,1.1174,1.10989,1.11546,31110,MT5,D1
2024-08-22,1.11547,1.1165,1.10979,1.11157,25970,MT5,D1
2024-08-23,1.11154,1.12006,1.1105,1.11927,29906,MT5,D1
2024-08-25,1.11895,1.11939,1.1186099999999999,1.1189,1425,MT5,D1
2024-08-26,1.11892,1.12014,1.11497,1.1164,25855,MT5,D1
2024-08-27,1.11642,1.11903,1.11496,1.11767,24529,MT5,D1
2024-08-28,1.11768,1.11799,1.11047,1.11242,28258,MT5,D1
2024-08-29,1.1124,1.11395,1.10554,1.10798,35598,MT5,D1
2024-08-30,1.10801,1.10946,1.10435,1.10475,42017,MT5,D1
2024-09-01,1.10477,1.10495,1.10438,1.10444,1542,MT5,D1
2024-09-02,1.10444,1.1077,1.10415,1.10671,26098,MT5,D1
2024-09-03,1.10671,1.10698,1.10261,1.10481,43278,MT5,D1
2024-09-04,1.10481,1.1095,1.10397,1.10799,40387,MT5,D1
2024-09-05,1.10799,1.11196,1.10744,1.11109,42431,MT5,D1
2024-09-06,1.11109,1.11547,1.10655,1.10852,57100,MT5,D1
2024-09-08,1.10823,1.10906,1.10816,1.10864,2108,MT5,D1
2024-09-09,1.10865,1.10908,1.1033,1.10351,35498,MT5,D1
2024-09-10,1.10351,1.10493,1.10147,1.10202,31656,MT5,D1
2024-09-11,1.10199,1.10547,1.10016,1.10101,44331,MT5,D1
2024-09-12,1.10101,1.10788,1.10052,1.10785,39487,MT5,D1
2024-09-13,1.10782,1.11015,1.10723,1.10755,35082,MT5,D1
2024-09-15,1.10776,1.10892,1.10738,1.1087,1554,MT5,D1
2024-09-16,1.10871,1.1137299999999999,1.10864,1.11287,33720,MT5,D1
2024-09-17,1.11288,1.11459,1.11103,1.11215,40402,MT5,D1
2024-09-18,1.11216,1.11888,1.10965,1.11137,61304,MT5,D1
2024-09-19,1.11139,1.11784,1.10682,1.1159,58788,MT5,D1
2024-09-20,1.1159,1.11815,1.11357,1.11627,44893,MT5,D1
2024-09-22,1.11613,1.11646,1.11583,1.11588,1774,MT5,D1
2024-09-23,1.11586,1.1167,1.10829,1.11108,46806,MT5,D1
2024-09-24,1.11108,1.11906,1.11031,1.11904,43359,MT5,D1
2024-09-25,1.11904,1.1213899999999999,1.11212,1.11294,45048,MT5,D1
2024-09-26,1.11294,1.1189,1.11253,1.11765,52479,MT5,D1
2024-09-27,1.11765,1.12026,1.11244,1.11633,54833,MT5,D1
2024-09-29,1.11586,1.11722,1.11575,1.11687,2020,MT5,D1
2024-09-30,1.11687,1.12087,1.11134,1.11364,54465,MT5,D1
2024-10-01,1.11364,1.11438,1.10455,1.10643,59519,MT5,D1
2024-10-02,1.10644,1.10826,1.10325,1.10457,45512,MT5,D1
2024-10-03,1.10456,1.10465,1.10081,1.10348,50920,MT5,D1
2024-10-04,1.10348,1.10393,1.0951,1.09745,48749,MT5,D1
2024-10-06,1.09674,1.09717,1.09624,1.09703,2501,MT5,D1
2024-10-07,1.09702,1.09866,1.09541,1.09742,45179,MT5,D1
2024-10-08,1.09742,1.09969,1.09606,1.09754,40743,MT5,D1
2024-10-09,1.09753,1.09784,1.09358,1.09415,39135,MT5,D1
2024-10-10,1.09414,1.09542,1.08999,1.09332,51910,MT5,D1
2024-10-11,1.09331,1.09537,1.0925799999999999,1.09359,34166,MT5,D1
2024-10-13,1.09318,1.09328,1.0922,1.0923,1501,MT5,D1
2024-10-14,1.09231,1.09363,1.08877,1.09088,34995,MT5,D1
2024-10-15,1.0909,1.09167,1.08827,1.0883099999999999,35151,MT5,D1
2024-10-16,1.08829,1.0901399999999999,1.08529,1.08588,36454,MT5,D1
2024-10-17,1.08587,1.08731,1.08108,1.08289,43586,MT5,D1
2024-10-18,1.08289,1.08694,1.0827,1.08674,32945,MT5,D1
2024-10-20,1.08611,1.08699,1.08597,1.0868,1717,MT5,D1
2024-10-21,1.08681,1.08687,1.08108,1.08153,32670,MT5,D1
2024-10-22,1.08152,1.08378,1.07924,1.07962,34419,MT5,D1
2024-10-23,1.07961,1.08063,1.07607,1.07799,36834,MT5,D1
2024-10-24,1.078,1.08297,1.07702,1.08235,41205,MT5,D1
2024-10-25,1.08235,1.08391,1.07929,1.07955,32670,MT5,D1
2024-10-27,1.07925,1.08016,1.07862,1.07959,2562,MT5,D1
2024-10-28,1.07958,1.08274,1.07819,1.08172,34726,MT5,D1
2024-10-29,1.08173,1.0826,1.07683,1.08196,43935,MT5,D1
2024-10-30,1.08195,1.08711,1.08076,1.08578,44887,MT5,D1
2024-10-31,1.08578,1.08877,1.08441,1.08835,50487,MT5,D1
2024-11-01,1.08835,1.09054,1.08316,1.08334,42981,MT5,D1
2024-11-03,1.08791,1.08814,1.08718,1.08725,2042,MT5,D1
2024-11-04,1.08725,1.09145,1.08696,1.08734,41657,MT5,D1
2024-11-05,1.0873599999999999,1.0937000000000001,1.0872,1.09337,35174,MT5,D1
2024-11-06,1.09337,1.09337,1.06821,1.07315,141941,MT5,D1
2024-11-07,1.07315,1.08249,1.07126,1.07953,70162,MT5,D1
2024-11-08,1.07953,1.07972,1.06864,1.0718,57239,MT5,D1
2024-11-10,1.07097,1.07167,1.07055,1.0713,2014,MT5,D1
2024-11-11,1.07132,1.07277,1.06281,1.06628,47892,MT5,D1
2024-11-12,1.06628,1.06628,1.05945,1.06165,54321,MT5,D1
2024-11-13,1.06164,1.06537,1.05555,1.05655,68422,MT5,D1
2024-11-14,1.05655,1.05825,1.04958,1.05294,71080,MT5,D1
2024-11-15,1.05294,1.05928,1.0516,1.05378,63884,MT5,D1
2024-11-17,1.05283,1.05377,1.05283,1.05363,1695,MT5,D1
2024-11-18,1.05364,1.06069,1.05301,1.05943,51123,MT5,D1
2024-11-19,1.05942,1.06076,1.05229,1.06067,67243,MT5,D1
2024-11-20,1.06067,1.06095,1.0506199999999999,1.05453,52636,MT5,D1
2024-11-21,1.05453,1.05546,1.04619,1.04687,61205,MT5,D1
2024-11-22,1.04685,1.04978,1.03318,1.04184,82108,MT5,D1
2024-11-24,1.04761,1.05009,1.04622,1.0479,4756,MT5,D1
2024-11-25,1.0479,1.053,1.04424,1.04436,73833,MT5,D1
2024-11-26,1.04437,1.05448,1.04247,1.04912,85979,MT5,D1
2024-11-27,1.04914,1.05873,1.04742,1.05619,74080,MT5,D1
2024-11-28,1.05619,1.05626,1.05274,1.05597,48235,MT5,D1
2024-11-29,1.05597,1.05968,1.0541,1.05773,62840,MT5,D1
2024-12-01,1.05694,1.05714,1.05331,1.05437,3229,MT5,D1
2024-12-02,1.05438,1.05463,1.04601,1.05004,83566,MT5,D1
2024-12-03,1.05002,1.05348,1.04804,1.05099,63960,MT5,D1
2024-12-04,1.05099,1.05437,1.0472,1.05122,74270,MT5,D1
2024-12-05,1.0512299999999999,1.05893,1.0508,1.0586,60252,MT5,D1
2024-12-06,1.0586,1.06292,1.05422,1.05674,63706,MT5,D1
2024-12-08,1.05577,1.05691,1.05551,1.05655,1792,MT5,D1
2024-12-09,1.05655,1.05941,1.05319,1.05541,52105,MT5,D1
2024-12-10,1.05543,1.05678,1.04983,1.05307,52018,MT5,D1
2024-12-11,1.0531,1.0539,1.04799,1.0505,66240,MT5,D1
2024-12-12,1.0505,1.05306,1.04629,1.04736,71782,MT5,D1
2024-12-13,1.04737,1.05239,1.04528,1.05029,55343,MT5,D1
2024-12-15,1.04872,1.05107,1.04836,1.05092,1839,MT5,D1
2024-12-16,1.05092,1.05247,1.04745,1.05164,52198,MT5,D1
2024-12-17,1.05164,1.05343,1.04787,1.0493999999999999,51611,MT5,D1
2024-12-18,1.0493999999999999,1.05124,1.03436,1.03508,71429,MT5,D1
2024-12-19,1.03505,1.04223,1.03504,1.03644,76653,MT5,D1
2024-12-20,1.03644,1.04471,1.03428,1.04284,65411,MT5,D1
2024-12-22,1.04284,1.04434,1.04269,1.04334,2155,MT5,D1
2024-12-23,1.04336,1.04451,1.03838,1.04041,45708,MT5,D1
2024-12-24,1.04041,1.04097,1.03832,1.03938,31761,MT5,D1
2024-12-25,1.04001,1.04029,1.03961,1.03988,1456,MT5,D1
2024-12-26,1.03987,1.04298,1.03903,1.04215,29993,MT5,D1
2024-12-27,1.04216,1.04437,1.04048,1.04254,37557,MT5,D1
2024-12-29,1.0428,1.04339,1.04264,1.04293,1431,MT5,D1
2024-12-30,1.04293,1.04579,1.03715,1.04053,50474,MT5,D1
2024-12-31,1.04054,1.04242,1.03433,1.0352999999999999,46745,MT5,D1
2025-01-01,1.03511,1.03567,1.03463,1.03509,1703,MT5,D1
2025-01-02,1.03509,1.03752,1.02236,1.02677,68567,MT5,D1
2025-01-03,1.02677,1.03096,1.02644,1.03085,41811,MT5,D1
2025-01-05,1.03047,1.03076,1.02974,1.03048,1371,MT5,D1
2025-01-06,1.03048,1.04366,1.02955,1.03831,85458,MT5,D1
2025-01-07,1.0383,1.04342,1.03372,1.03415,63643,MT5,D1
2025-01-08,1.03415,1.03573,1.02727,1.0313,64992,MT5,D1
2025-01-09,1.03131,1.03211,1.02834,1.02961,43977,MT5,D1
2025-01-10,1.02961,1.03116,1.02127,1.02449,68730,MT5,D1
2025-01-12,1.0238,1.02467,1.02374,1.02429,1497,MT5,D1
2025-01-13,1.02429,1.02771,1.01769,1.02638,67693,MT5,D1
2025-01-14,1.02636,1.03085,1.02383,1.03058,66840,MT5,D1
2025-01-15,1.03059,1.03538,1.02577,1.02949,62638,MT5,D1
2025-01-16,1.02947,1.03149,1.02603,1.03012,64118,MT5,D1
2025-01-17,1.03012,1.03303,1.0265,1.0270299999999999,56833,MT5,D1
2025-01-19,1.02782,1.02802,1.02662,1.028,1897,MT5,D1
2025-01-20,1.02801,1.04344,1.02778,1.04208,89127,MT5,D1
2025-01-21,1.04207,1.04352,1.03415,1.04055,87772,MT5,D1
2025-01-22,1.04054,1.04571,1.03996,1.04076,56956,MT5,D1
2025-01-23,1.04075,1.04377,1.03717,1.04154,63437,MT5,D1
2025-01-24,1.04156,1.05212,1.04114,1.04944,66860,MT5,D1
2025-01-26,1.04802,1.04853,1.0465,1.04673,2145,MT5,D1
2025-01-27,1.04673,1.05329,1.04281,1.04369,74959,MT5,D1
2025-01-28,1.04372,1.04563,1.04136,1.0427,62672,MT5,D1
2025-01-29,1.04271,1.0443500000000001,1.03819,1.04244,70666,MT5,D1
2025-01-30,1.04244,1.04674,1.03842,1.03965,70638,MT5,D1
2025-01-31,1.03965,1.04337,1.03496,1.03586,85523,MT5,D1
2025-02-02,1.02408,1.02696,1.02341,1.02468,5449,MT5,D1
2025-02-03,1.0247,1.03503,1.02105,1.0328,138674,MT5,D1
2025-02-04,1.0328,1.03875,1.02716,1.03714,70733,MT5,D1
2025-02-05,1.03716,1.04422,1.03696,1.03985,62162,MT5,D1
2025-02-06,1.03987,1.0405,1.03524,1.03847,54629,MT5,D1
2025-02-07,1.03848,1.04124,1.03051,1.03266,79142,MT5,D1
2025-02-09,1.0284,1.03132,1.02817,1.03096,2342,MT5,D1
2025-02-10,1.03095,1.03362,1.02983,1.03005,45706,MT5,D1
2025-02-11,1.03007,1.03812,1.02919,1.03628,44981,MT5,D1
2025-02-12,1.0363,1.04298,1.03169,1.03921,69250,MT5,D1
2025-02-13,1.03921,1.0467,1.03729,1.04613,82031,MT5,D1
2025-02-14,1.04613,1.05138,1.0447,1.0491,51492,MT5,D1
2025-02-16,1.0485,1.0493999999999999,1.04839,1.0488,1769,MT5,D1
2025-02-17,1.0488,1.0506,1.04668,1.04847,36908,MT5,D1
2025-02-18,1.04847,1.0486,1.04348,1.0448,44577,MT5,D1
2025-02-19,1.0448,1.04611,1.04006,1.04207,46127,MT5,D1
2025-02-20,1.04206,1.05054,1.04184,1.05,51654,MT5,D1
2025-02-21,1.05,1.05045,1.0449,1.04605,51147,MT5,D1
2025-02-23,1.04667,1.04844,1.04601,1.04738,2586,MT5,D1
2025-02-24,1.04738,1.05279,1.04527,1.04611,59173,MT5,D1
2025-02-25,1.04613,1.05225,1.04561,1.0520100000000001,52807,MT5,D1
2025-02-26,1.05203,1.05285,1.04747,1.04878,60813,MT5,D1
2025-02-27,1.04878,1.04891,1.03886,1.03937,60915,MT5,D1
2025-02-28,1.03939,1.04196,1.03595,1.0375,63473,MT5,D1
2025-03-02,1.03993,1.04207,1.03963,1.04118,2531,MT5,D1
2025-03-03,1.04117,1.0504,1.03884,1.04851,73904,MT5,D1
2025-03-04,1.04851,1.0636700000000001,1.04708,1.06229,93163,MT5,D1
2025-03-05,1.06229,1.07966,1.06019,1.07937,111646,MT5,D1
2025-03-06,1.07937,1.08535,1.07657,1.0787,107488,MT5,D1
2025-03-07,1.07868,1.08885,1.0781,1.0833,89555,MT5,D1
2025-03-09,1.08318,1.08651,1.08297,1.08599,3952,MT5,D1
2025-03-10,1.08599,1.08744,1.08047,1.08391,82843,MT5,D1
2025-03-11,1.08392,1.09468,1.08355,1.09139,81266,MT5,D1
2025-03-12,1.09138,1.09313,1.08753,1.08854,72496,MT5,D1
2025-03-13,1.08854,1.08968,1.08224,1.08548,71819,MT5,D1
2025-03-14,1.08547,1.09126,1.08305,1.08785,66008,MT5,D1
2025-03-16,1.08798,1.08849,1.08743,1.08796,2187,MT5,D1
2025-03-17,1.08795,1.09294,1.08682,1.0918,51121,MT5,D1
2025-03-18,1.0918,1.09545,1.08924,1.09384,54207,MT5,D1
2025-03-19,1.09384,1.09449,1.08603,1.09117,62508,MT5,D1
2025-03-20,1.09117,1.0917,1.08145,1.08531,57645,MT5,D1
2025-03-21,1.0853,1.08612,1.07967,1.08148,51094,MT5,D1
2025-03-23,1.08139,1.08367,1.08125,1.08356,2494,MT5,D1
2025-03-24,1.08356,1.0858,1.07812,1.08023,56566,MT5,D1
2025-03-25,1.08023,1.08301,1.07767,1.07886,49826,MT5,D1
2025-03-26,1.07888,1.08023,1.07327,1.0741,56585,MT5,D1
2025-03-27,1.07413,1.08209,1.07404,1.08007,58019,MT5,D1
2025-03-28,1.08006,1.08443,1.07641,1.08302,52507,MT5,D1
2025-03-30,1.08273,1.08291,1.08043,1.08234,3873,MT5,D1
2025-03-31,1.08234,1.08491,1.07837,1.08173,63834,MT5,D1
