time,open,high,low,close,volume,source,timeframe
2018-07-03 00:00:00,1.31416,1.32062,1.31145,1.31938,55362,MT5,H4
2018-07-04 00:00:00,1.31936,1.3249,1.31708,1.32276,49387,MT5,H4
2018-07-05 00:00:00,1.32276,1.32739,1.32038,1.32214,56867,MT5,H4
2018-07-06 00:00:00,1.32215,1.32898,1.32031,1.3285,47666,MT5,H4
2018-07-08 00:00:00,1.3317999999999999,1.33196,1.3285,1.32945,3168,MT5,H4
2018-07-09 00:00:00,1.32941,1.33623,1.31886,1.3253599999999999,59844,MT5,H4
2018-07-10 00:00:00,1.32535,1.33007,1.32232,1.3258,55487,MT5,H4
2018-07-11 00:00:00,1.32578,1.32851,1.31994,1.3206,62251,MT5,H4
2018-07-12 00:00:00,1.32059,1.32443,1.31688,1.31781,54386,MT5,H4
2018-07-13 00:00:00,1.3178,1.3237700000000001,1.31025,1.32331,50755,MT5,H4
2018-07-15 00:00:00,1.32274,1.32306,1.32233,1.32267,1882,MT5,H4
2018-07-16 00:00:00,1.32266,1.32924,1.32168,1.3235999999999999,47501,MT5,H4
2018-07-17 00:00:00,1.3235700000000001,1.3268499999999999,1.30686,1.31045,57523,MT5,H4
2018-07-18 00:00:00,1.31047,1.31165,1.30101,1.30773,55544,MT5,H4
2018-07-19 00:00:00,1.30771,1.30826,1.29575,1.30216,61040,MT5,H4
2018-07-20 00:00:00,1.30215,1.31395,1.29948,1.31289,56548,MT5,H4
2018-07-22 00:00:00,1.3124,1.3147,1.31192,1.31456,3232,MT5,H4
2018-07-23 00:00:00,1.31455,1.31579,1.30823,1.31026,50818,MT5,H4
2018-07-24 00:00:00,1.31025,1.31589,1.30708,1.3149,52124,MT5,H4
2018-07-25 00:00:00,1.31491,1.32002,1.31329,1.31988,55642,MT5,H4
2018-07-26 00:00:00,1.31989,1.32128,1.3101,1.31082,51673,MT5,H4
2018-07-27 00:00:00,1.31079,1.31305,1.30823,1.30983,43091,MT5,H4
2018-07-29 00:00:00,1.31058,1.31102,1.3096999999999999,1.3109600000000001,3449,MT5,H4
2018-07-30 00:00:00,1.31095,1.31517,1.3096999999999999,1.31354,41679,MT5,H4
2018-07-31 00:00:00,1.31354,1.31723,1.30899,1.31183,50574,MT5,H4
2018-08-01 00:00:00,1.31182,1.3143799999999999,1.30951,1.31242,45739,MT5,H4
2018-08-02 00:00:00,1.31241,1.31251,1.30121,1.30158,53178,MT5,H4
2018-08-03 00:00:00,1.30158,1.30426,1.29752,1.29992,48020,MT5,H4
2018-08-05 00:00:00,1.3002,1.30047,1.2998,1.30014,2895,MT5,H4
2018-08-06 00:00:00,1.30014,1.30046,1.29197,1.29434,41899,MT5,H4
2018-08-07 00:00:00,1.29432,1.2973,1.29238,1.2945,44313,MT5,H4
2018-08-08 00:00:00,1.2945,1.29595,1.28536,1.2877100000000001,47327,MT5,H4
2018-08-09 00:00:00,1.2877,1.29115,1.28167,1.28281,50919,MT5,H4
2018-08-10 00:00:00,1.28282,1.28361,1.27229,1.27681,64434,MT5,H4
2018-08-12 00:00:00,1.2757399999999999,1.2775699999999999,1.27416,1.27592,4891,MT5,H4
2018-08-13 00:00:00,1.27594,1.2791000000000001,1.2730000000000001,1.27587,60190,MT5,H4
2018-08-14 00:00:00,1.27586,1.28268,1.27045,1.27176,58972,MT5,H4
2018-08-15 00:00:00,1.27175,1.27347,1.26616,1.26924,59683,MT5,H4
2018-08-16 00:00:00,1.26923,1.2753700000000001,1.26852,1.2711999999999999,60334,MT5,H4
2018-08-17 00:00:00,1.27119,1.27525,1.26977,1.27477,52086,MT5,H4
2018-08-19 00:00:00,1.27482,1.27492,1.27421,1.2746,2472,MT5,H4
2018-08-20 00:00:00,1.27459,1.28042,1.27292,1.28039,47869,MT5,H4
2018-08-21 00:00:00,1.28037,1.29243,1.27986,1.2904900000000001,57599,MT5,H4
2018-08-22 00:00:00,1.2904900000000001,1.29358,1.28685,1.29054,53614,MT5,H4
2018-08-23 00:00:00,1.29052,1.29092,1.28012,1.28091,53860,MT5,H4
2018-08-24 00:00:00,1.28087,1.2880099999999999,1.27991,1.28472,49897,MT5,H4
2018-08-26 00:00:00,1.28439,1.2860800000000001,1.28355,1.28578,3657,MT5,H4
2018-08-27 00:00:00,1.28577,1.29007,1.28286,1.2897,46197,MT5,H4
2018-08-28 00:00:00,1.28967,1.29315,1.28613,1.28689,53799,MT5,H4
2018-08-29 00:00:00,1.28689,1.30359,1.28451,1.3035700000000001,61501,MT5,H4
2018-08-30 00:00:00,1.30354,1.30424,1.29851,1.30109,57437,MT5,H4
2018-08-31 00:00:00,1.30108,1.30282,1.29448,1.2956400000000001,57070,MT5,H4
2018-09-02 00:00:00,1.29402,1.29402,1.29112,1.29211,4134,MT5,H4
2018-09-03 00:00:00,1.2921,1.29333,1.28548,1.2867899999999999,48197,MT5,H4
2018-09-04 00:00:00,1.2867899999999999,1.28705,1.28097,1.28574,56299,MT5,H4
2018-09-05 00:00:00,1.28575,1.29823,1.2785199999999999,1.29141,61924,MT5,H4
2018-09-06 00:00:00,1.2913999999999999,1.29614,1.28955,1.29244,57261,MT5,H4
2018-09-07 00:00:00,1.29244,1.30278,1.29081,1.2917,61400,MT5,H4
2018-09-09 00:00:00,1.2917399999999999,1.2928600000000001,1.29153,1.29285,2407,MT5,H4
2018-09-10 00:00:00,1.2928600000000001,1.30511,1.28962,1.30266,55566,MT5,H4
2018-09-11 00:00:00,1.30264,1.30869,1.29641,1.30158,58297,MT5,H4
2018-09-12 00:00:00,1.30158,1.3081,1.29794,1.30441,57798,MT5,H4
2018-09-13 00:00:00,1.30439,1.31226,1.30256,1.311,56565,MT5,H4
2018-09-14 00:00:00,1.311,1.31405,1.30564,1.30666,55996,MT5,H4
2018-09-16 00:00:00,1.30682,1.30749,1.3066499999999999,1.30707,3142,MT5,H4
2018-09-17 00:00:00,1.30708,1.3164500000000001,1.30697,1.31453,58602,MT5,H4
2018-09-18 00:00:00,1.31452,1.31737,1.31188,1.31665,63592,MT5,H4
2018-09-19 00:00:00,1.31664,1.32144,1.30957,1.314,67191,MT5,H4
2018-09-20 00:00:00,1.314,1.32977,1.31388,1.32699,63534,MT5,H4
2018-09-21 00:00:00,1.32698,1.32763,1.30549,1.3078,62725,MT5,H4
2018-09-23 00:00:00,1.30789,1.30836,1.30705,1.30793,3393,MT5,H4
2018-09-24 00:00:00,1.30792,1.31664,1.30627,1.31158,55895,MT5,H4
2018-09-25 00:00:00,1.3115700000000001,1.31932,1.3094999999999999,1.31795,58726,MT5,H4
2018-09-26 00:00:00,1.3179400000000001,1.32168,1.31383,1.31699,61447,MT5,H4
2018-09-27 00:00:00,1.31696,1.31778,1.30731,1.3075700000000001,63056,MT5,H4
2018-09-28 00:00:00,1.30758,1.309,1.30006,1.303,55534,MT5,H4
2018-09-30 00:00:00,1.3034,1.30386,1.30304,1.30379,1602,MT5,H4
2018-10-01 00:00:00,1.30379,1.31112,1.30119,1.3042799999999999,55860,MT5,H4
2018-10-02 00:00:00,1.3042799999999999,1.30481,1.2940800000000001,1.29789,58001,MT5,H4
2018-10-03 00:00:00,1.29789,1.30222,1.29237,1.29397,67777,MT5,H4
2018-10-04 00:00:00,1.29395,1.30409,1.29219,1.30223,66446,MT5,H4
2018-10-05 00:00:00,1.30222,1.3121800000000001,1.30033,1.31143,62095,MT5,H4
2018-10-07 00:00:00,1.31189,1.3129,1.31177,1.3125499999999999,2854,MT5,H4
2018-10-08 00:00:00,1.31257,1.31323,1.30281,1.3092,56893,MT5,H4
2018-10-09 00:00:00,1.30921,1.31566,1.30329,1.31565,64546,MT5,H4
2018-10-10 00:00:00,1.31563,1.32155,1.31363,1.32043,65294,MT5,H4
2018-10-11 00:00:00,1.32042,1.32456,1.31818,1.32331,76650,MT5,H4
2018-10-12 00:00:00,1.32332,1.32574,1.31463,1.3152300000000001,64198,MT5,H4
2018-10-14 00:00:00,1.3132,1.3132,1.30897,1.31024,4179,MT5,H4
2018-10-15 00:00:00,1.31025,1.31812,1.31012,1.31537,63793,MT5,H4
2018-10-16 00:00:00,1.31536,1.32358,1.31407,1.31872,65495,MT5,H4
2018-10-17 00:00:00,1.31873,1.31922,1.30931,1.3101,65865,MT5,H4
2018-10-18 00:00:00,1.31009,1.31311,1.30159,1.3018,66389,MT5,H4
2018-10-19 00:00:00,1.30182,1.31017,1.30111,1.3066200000000001,62492,MT5,H4
2018-10-21 00:00:00,1.30687,1.30721,1.30575,1.30661,2484,MT5,H4
2018-10-22 00:00:00,1.3066200000000001,1.30898,1.29563,1.29648,62544,MT5,H4
2018-10-23 00:00:00,1.29647,1.30437,1.2937,1.29793,68627,MT5,H4
2018-10-24 00:00:00,1.29791,1.299,1.2867,1.28837,70053,MT5,H4
2018-10-25 00:00:00,1.28837,1.29184,1.2796,1.28206,68843,MT5,H4
2018-10-26 00:00:00,1.28205,1.28409,1.27768,1.2827600000000001,70364,MT5,H4
2018-10-28 00:00:00,1.28235,1.28348,1.28219,1.28305,2234,MT5,H4
2018-10-29 00:00:00,1.28304,1.2852299999999999,1.2792,1.28016,64034,MT5,H4
2018-10-30 00:00:00,1.28016,1.2812000000000001,1.2696,1.27072,63199,MT5,H4
2018-10-31 00:00:00,1.2707,1.2830300000000001,1.27004,1.27672,65255,MT5,H4
2018-11-01 00:00:00,1.27672,1.30337,1.27645,1.30024,73829,MT5,H4
2018-11-02 00:00:00,1.30023,1.30405,1.29513,1.2965200000000001,64315,MT5,H4
2018-11-04 00:00:00,1.30072,1.3017400000000001,1.3,1.30056,3002,MT5,H4
2018-11-05 00:00:00,1.3005499999999999,1.30667,1.29644,1.30573,62131,MT5,H4
2018-11-06 00:00:00,1.30573,1.31122,1.30209,1.31122,63974,MT5,H4
2018-11-07 00:00:00,1.31122,1.31738,1.3073000000000001,1.31269,74538,MT5,H4
2018-11-08 00:00:00,1.3127,1.31495,1.3045,1.30656,68997,MT5,H4
2018-11-09 00:00:00,1.30656,1.30675,1.29578,1.29746,65514,MT5,H4
2018-11-11 00:00:00,1.29172,1.2937400000000001,1.29094,1.2937400000000001,4039,MT5,H4
2018-11-12 00:00:00,1.2937400000000001,1.29463,1.2827,1.28545,71700,MT5,H4
2018-11-13 00:00:00,1.28544,1.30464,1.2852000000000001,1.30149,79512,MT5,H4
2018-11-14 00:00:00,1.3014999999999999,1.30712,1.28807,1.29839,89408,MT5,H4
2018-11-15 00:00:00,1.2984,1.30294,1.27238,1.27657,91765,MT5,H4
2018-11-16 00:00:00,1.27656,1.2877100000000001,1.27649,1.28257,72681,MT5,H4
2018-11-18 00:00:00,1.28335,1.28487,1.28254,1.28336,2960,MT5,H4
2018-11-19 00:00:00,1.28336,1.2883200000000001,1.27928,1.28562,65255,MT5,H4
2018-11-20 00:00:00,1.28563,1.28821,1.2776,1.27875,65788,MT5,H4
2018-11-21 00:00:00,1.27874,1.28192,1.27638,1.2776399999999999,61930,MT5,H4
2018-11-22 00:00:00,1.2776399999999999,1.2926199999999999,1.27716,1.28761,54771,MT5,H4
2018-11-23 00:00:00,1.28758,1.2882,1.27987,1.28099,56518,MT5,H4
2018-11-25 00:00:00,1.2824,1.28255,1.2811,1.2812700000000001,3180,MT5,H4
2018-11-26 00:00:00,1.28128,1.28633,1.27951,1.28125,60879,MT5,H4
2018-11-27 00:00:00,1.28125,1.28192,1.27249,1.27416,70056,MT5,H4
2018-11-28 00:00:00,1.27416,1.28465,1.27319,1.28224,68019,MT5,H4
2018-11-29 00:00:00,1.28224,1.2849300000000001,1.27551,1.27841,66466,MT5,H4
2018-11-30 00:00:00,1.27841,1.28091,1.27341,1.27506,62296,MT5,H4
2018-12-02 00:00:00,1.27738,1.27766,1.27324,1.27508,3369,MT5,H4
2018-12-03 00:00:00,1.27509,1.2824200000000001,1.26987,1.27248,66014,MT5,H4
2018-12-04 00:00:00,1.27249,1.28388,1.26585,1.27189,75091,MT5,H4
2018-12-05 00:00:00,1.27188,1.27977,1.26711,1.27247,66109,MT5,H4
2018-12-06 00:00:00,1.27246,1.28106,1.26993,1.27786,74779,MT5,H4
2018-12-07 00:00:00,1.27794,1.27897,1.27108,1.27306,64436,MT5,H4
2018-12-09 00:00:00,1.27021,1.27245,1.27011,1.2719,4026,MT5,H4
2018-12-10 00:00:00,1.2719,1.27586,1.2506599999999999,1.25598,77195,MT5,H4
2018-12-11 00:00:00,1.25597,1.2637399999999999,1.24795,1.24922,75421,MT5,H4
2018-12-12 00:00:00,1.24921,1.26707,1.24763,1.26244,81538,MT5,H4
2018-12-13 00:00:00,1.2624,1.2686,1.26097,1.2652999999999999,66709,MT5,H4
2018-12-14 00:00:00,1.2653400000000001,1.2653699999999999,1.25278,1.25849,63145,MT5,H4
2018-12-16 00:00:00,1.25971,1.26013,1.2575,1.25843,3905,MT5,H4
2018-12-17 00:00:00,1.25842,1.26465,1.25746,1.26144,65959,MT5,H4
2018-12-18 00:00:00,1.26143,1.27051,1.26099,1.2654,69198,MT5,H4
2018-12-19 00:00:00,1.26541,1.26784,1.26068,1.26257,75109,MT5,H4
2018-12-20 00:00:00,1.2625600000000001,1.27063,1.26129,1.2668599999999999,76958,MT5,H4
2018-12-21 00:00:00,1.26687,1.2697,1.26176,1.26303,71456,MT5,H4
2018-12-23 00:00:00,1.26327,1.26493,1.26327,1.2649,3563,MT5,H4
2018-12-24 00:00:00,1.2649599999999999,1.27379,1.2634699999999999,1.27164,51827,MT5,H4
2018-12-26 00:00:00,1.26861,1.2718,1.26298,1.2647300000000001,47340,MT5,H4
2018-12-27 00:00:00,1.26472,1.26742,1.26157,1.26447,77328,MT5,H4
2018-12-28 00:00:00,1.26446,1.27066,1.26349,1.26975,57760,MT5,H4
2018-12-30 00:00:00,1.26976,1.27045,1.26883,1.26898,3245,MT5,H4
2018-12-31 00:00:00,1.2689599999999999,1.28142,1.268,1.27534,51596,MT5,H4
2019-01-02 00:00:00,1.27526,1.27725,1.2497099999999999,1.25153,66510,MT5,H4
2019-01-03 00:00:00,1.2515399999999999,1.26471,1.25149,1.26275,74432,MT5,H4
2019-01-04 00:00:00,1.26274,1.27442,1.26159,1.27224,66992,MT5,H4
2019-01-06 00:00:00,1.2723,1.27392,1.27157,1.27324,3182,MT5,H4
2019-01-07 00:00:00,1.2732299999999999,1.27877,1.27206,1.27847,57796,MT5,H4
2019-01-08 00:00:00,1.27848,1.27969,1.27067,1.27375,62340,MT5,H4
2019-01-09 00:00:00,1.27386,1.28033,1.27154,1.27981,70286,MT5,H4
2019-01-10 00:00:00,1.27984,1.28006,1.27277,1.27529,65310,MT5,H4
2019-01-11 00:00:00,1.27528,1.28653,1.27097,1.28381,66535,MT5,H4
2019-01-13 00:00:00,1.28481,1.28625,1.28453,1.2848,3247,MT5,H4
2019-01-14 00:00:00,1.28479,1.29298,1.28185,1.28743,67282,MT5,H4
2019-01-15 00:00:00,1.28744,1.29149,1.26687,1.28712,78724,MT5,H4
2019-01-16 00:00:00,1.28711,1.28967,1.2824900000000001,1.28856,70540,MT5,H4
2019-01-17 00:00:00,1.28868,1.30004,1.2832,1.29827,69140,MT5,H4
2019-01-18 00:00:00,1.29827,1.29925,1.28569,1.28741,62437,MT5,H4
2019-01-20 00:00:00,1.28693,1.2877,1.28494,1.28514,3350,MT5,H4
2019-01-21 00:00:00,1.2851,1.29102,1.2830300000000001,1.28902,53814,MT5,H4
2019-01-22 00:00:00,1.28901,1.2974999999999999,1.28551,1.29558,64836,MT5,H4
2019-01-23 00:00:00,1.29558,1.30811,1.2941799999999999,1.30811,66199,MT5,H4
2019-01-24 00:00:00,1.30813,1.31195,1.30121,1.31177,69286,MT5,H4
2019-01-25 00:00:00,1.31186,1.3216700000000001,1.30617,1.31995,69121,MT5,H4
2019-01-27 00:00:00,1.31798,1.32096,1.31798,1.32074,3299,MT5,H4
2019-01-28 00:00:00,1.32076,1.32087,1.3136999999999999,1.31593,56446,MT5,H4
2019-01-29 00:00:00,1.31597,1.31994,1.3056,1.30779,67866,MT5,H4
2019-01-30 00:00:00,1.30792,1.3145,1.30542,1.31162,64616,MT5,H4
2019-01-31 00:00:00,1.31161,1.31593,1.30964,1.31084,60800,MT5,H4
2019-02-01 00:00:00,1.31082,1.31146,1.30431,1.30793,56288,MT5,H4
2019-02-03 00:00:00,1.30673,1.308,1.30584,1.3076699999999999,3059,MT5,H4
2019-02-04 00:00:00,1.30766,1.3103099999999999,1.30259,1.30266,54524,MT5,H4
2019-02-05 00:00:00,1.30263,1.30508,1.29244,1.29563,53020,MT5,H4
2019-02-06 00:00:00,1.2956699999999999,1.29789,1.29247,1.29334,55611,MT5,H4
2019-02-07 00:00:00,1.29334,1.2995700000000001,1.28542,1.29483,57899,MT5,H4
2019-02-08 00:00:00,1.29485,1.29755,1.2921,1.29422,50114,MT5,H4
2019-02-10 00:00:00,1.29407,1.29423,1.29263,1.29363,2577,MT5,H4
2019-02-11 00:00:00,1.29365,1.29385,1.28448,1.28633,55325,MT5,H4
2019-02-12 00:00:00,1.28636,1.2909,1.28326,1.28908,53854,MT5,H4
2019-02-13 00:00:00,1.28908,1.29582,1.2843499999999999,1.28546,57806,MT5,H4
2019-02-14 00:00:00,1.28545,1.28773,1.27726,1.27978,59759,MT5,H4
2019-02-15 00:00:00,1.27977,1.28972,1.27844,1.28883,54670,MT5,H4
2019-02-17 00:00:00,1.2911000000000001,1.29134,1.28996,1.29041,2941,MT5,H4
2019-02-18 00:00:00,1.2904,1.29383,1.28913,1.29227,53729,MT5,H4
2019-02-19 00:00:00,1.2922500000000001,1.30725,1.28955,1.30591,57410,MT5,H4
2019-02-20 00:00:00,1.3059,1.31086,1.30115,1.3044,59378,MT5,H4
2019-02-21 00:00:00,1.30439,1.3094700000000001,1.30258,1.30399,61921,MT5,H4
2019-02-22 00:00:00,1.30402,1.30796,1.29676,1.30546,53841,MT5,H4
2019-02-24 00:00:00,1.30598,1.30722,1.30556,1.30644,3591,MT5,H4
2019-02-25 00:00:00,1.30644,1.31333,1.30507,1.3126,58020,MT5,H4
2019-02-26 00:00:00,1.31265,1.32878,1.31223,1.3258,67981,MT5,H4
2019-02-27 00:00:00,1.32588,1.3349199999999999,1.3233,1.33171,67465,MT5,H4
2019-02-28 00:00:00,1.33173,1.33193,1.3253300000000001,1.32641,61774,MT5,H4
2019-03-01 00:00:00,1.3264,1.32862,1.31717,1.32053,58416,MT5,H4
2019-03-03 00:00:00,1.32572,1.3267,1.3229600000000001,1.32371,3838,MT5,H4
2019-03-04 00:00:00,1.3237,1.32539,1.31663,1.3178,56447,MT5,H4
2019-03-05 00:00:00,1.3178,1.31981,1.30979,1.3155299999999999,59708,MT5,H4
2019-03-06 00:00:00,1.31554,1.31807,1.31237,1.31802,57476,MT5,H4
2019-03-07 00:00:00,1.31803,1.31848,1.30675,1.30904,61854,MT5,H4
2019-03-08 00:00:00,1.30902,1.3108,1.2989600000000001,1.30151,60186,MT5,H4
2019-03-10 00:00:00,1.29678,1.2993999999999999,1.29678,1.29843,3195,MT5,H4
2019-03-11 00:00:00,1.2984200000000001,1.32626,1.29597,1.32453,63162,MT5,H4
2019-03-12 00:00:00,1.32452,1.32458,1.30041,1.30639,66391,MT5,H4
2019-03-13 00:00:00,1.3063799999999999,1.3379699999999999,1.30627,1.32867,61385,MT5,H4
2019-03-14 00:00:00,1.32867,1.3330600000000001,1.32057,1.32572,64484,MT5,H4
2019-03-15 00:00:00,1.32571,1.32999,1.32026,1.32928,52872,MT5,H4
2019-03-17 00:00:00,1.3290199999999999,1.32999,1.32895,1.32958,2507,MT5,H4
2019-03-18 00:00:00,1.32959,1.32995,1.31843,1.32638,54588,MT5,H4
2019-03-19 00:00:00,1.32641,1.33106,1.32397,1.3268900000000001,53502,MT5,H4
2019-03-20 00:00:00,1.3269,1.3269,1.31456,1.32042,61373,MT5,H4
2019-03-21 00:00:00,1.3204099999999999,1.32269,1.30037,1.31295,64428,MT5,H4
2019-03-22 00:00:00,1.31294,1.3223099999999999,1.30806,1.32089,58886,MT5,H4
2019-03-24 00:00:00,1.32094,1.32164,1.31973,1.32054,2788,MT5,H4
2019-03-25 00:00:00,1.32054,1.32457,1.31596,1.32121,59362,MT5,H4
2019-03-26 00:00:00,1.32122,1.3261,1.31576,1.32096,58854,MT5,H4
2019-03-27 00:00:00,1.32094,1.32688,1.31425,1.31516,66173,MT5,H4
2019-03-28 00:00:00,1.31509,1.31981,1.30342,1.30534,62799,MT5,H4
2019-03-29 00:00:00,1.30533,1.31353,1.29767,1.30336,58095,MT5,H4
2019-03-31 00:00:00,1.30343,1.30379,1.30165,1.3021,3136,MT5,H4
2019-04-01 00:00:00,1.30209,1.3149199999999999,1.30091,1.30674,57222,MT5,H4
2019-04-02 00:00:00,1.30673,1.31491,1.30134,1.31263,60219,MT5,H4
2019-04-03 00:00:00,1.31263,1.31956,1.31189,1.31757,58680,MT5,H4
2019-04-04 00:00:00,1.31757,1.31903,1.30598,1.30732,54419,MT5,H4
2019-04-05 00:00:00,1.30731,1.3121,1.29868,1.30361,48632,MT5,H4
2019-04-07 00:00:00,1.30319,1.30381,1.3023500000000001,1.30381,2793,MT5,H4
2019-04-08 00:00:00,1.3038,1.30737,1.3033299999999999,1.30609,50622,MT5,H4
2019-04-09 00:00:00,1.3060800000000001,1.31202,1.30301,1.3054700000000001,52398,MT5,H4
2019-04-10 00:00:00,1.30546,1.31195,1.30477,1.30973,53284,MT5,H4
2019-04-11 00:00:00,1.30972,1.31083,1.30506,1.3054700000000001,50870,MT5,H4
2019-04-12 00:00:00,1.30545,1.31323,1.30502,1.30697,47083,MT5,H4
2019-04-14 00:00:00,1.30731,1.30833,1.3068,1.30832,2761,MT5,H4
2019-04-15 00:00:00,1.3083,1.3118699999999999,1.30782,1.30989,48089,MT5,H4
2019-04-16 00:00:00,1.30989,1.31003,1.3038699999999999,1.30434,49439,MT5,H4
2019-04-17 00:00:00,1.30435,1.3067,1.30283,1.30377,47390,MT5,H4
2019-04-18 00:00:00,1.30378,1.30522,1.29782,1.29916,52759,MT5,H4
2019-04-19 00:00:00,1.29916,1.30053,1.2983,1.29887,42249,MT5,H4
2019-04-21 00:00:00,1.29901,1.29952,1.2986,1.29914,2931,MT5,H4
2019-04-22 00:00:00,1.29913,1.29975,1.29749,1.29807,21623,MT5,H4
2019-04-23 00:00:00,1.29806,1.30183,1.29275,1.29373,33758,MT5,H4
2019-04-24 00:00:00,1.29372,1.2962799999999999,1.28877,1.2903,37095,MT5,H4
2019-04-25 00:00:00,1.29029,1.29163,1.28656,1.2894,35757,MT5,H4
2019-04-26 00:00:00,1.2894,1.2943,1.28766,1.29159,32481,MT5,H4
2019-04-28 00:00:00,1.29206,1.29237,1.29173,1.29188,2747,MT5,H4
2019-04-29 00:00:00,1.29188,1.29466,1.29048,1.29314,30936,MT5,H4
2019-04-30 00:00:00,1.2931300000000001,1.3048199999999999,1.29264,1.3039399999999999,36574,MT5,H4
2019-05-01 00:00:00,1.30392,1.31019,1.30332,1.30528,32392,MT5,H4
2019-05-02 00:00:00,1.30529,1.30798,1.30175,1.30316,34397,MT5,H4
2019-05-03 00:00:00,1.30317,1.31759,1.29884,1.31737,33320,MT5,H4
2019-05-05 00:00:00,1.31442,1.31696,1.31442,1.31503,3843,MT5,H4
2019-05-06 00:00:00,1.31504,1.31504,1.30812,1.30972,32248,MT5,H4
2019-05-07 00:00:00,1.30971,1.3131300000000001,1.3039399999999999,1.30673,33491,MT5,H4
2019-05-08 00:00:00,1.30671,1.308,1.29866,1.30073,35497,MT5,H4
2019-05-09 00:00:00,1.30076,1.30356,1.29671,1.3008600000000001,36111,MT5,H4
2019-05-10 00:00:00,1.30088,1.30471,1.2990300000000001,1.30008,31750,MT5,H4
2019-05-12 00:00:00,1.2998,1.3011599999999999,1.2998,1.30077,2897,MT5,H4
2019-05-13 00:00:00,1.30078,1.30403,1.2941099999999999,1.29629,32425,MT5,H4
2019-05-14 00:00:00,1.29631,1.29698,1.29026,1.29062,31939,MT5,H4
2019-05-15 00:00:00,1.29063,1.29227,1.28258,1.28465,32816,MT5,H4
2019-05-16 00:00:00,1.28465,1.28516,1.2787600000000001,1.27963,30248,MT5,H4
2019-05-17 00:00:00,1.27965,1.2797,1.27138,1.2717399999999999,30431,MT5,H4
2019-05-19 00:00:00,1.27301,1.27332,1.27249,1.2730299999999999,3144,MT5,H4
2019-05-20 00:00:00,1.27301,1.27569,1.27146,1.27275,29274,MT5,H4
2019-05-21 00:00:00,1.27275,1.28041,1.26849,1.27068,36072,MT5,H4
2019-05-22 00:00:00,1.27068,1.27192,1.26241,1.26631,33469,MT5,H4
2019-05-23 00:00:00,1.2663,1.26833,1.2605,1.26626,36010,MT5,H4
2019-05-24 00:00:00,1.26627,1.27319,1.26472,1.27122,30835,MT5,H4
2019-05-26 00:00:00,1.27258,1.27277,1.27168,1.27227,2810,MT5,H4
2019-05-27 00:00:00,1.27224,1.27475,1.26667,1.26807,27710,MT5,H4
2019-05-28 00:00:00,1.26807,1.27008,1.2650299999999999,1.26585,32863,MT5,H4
2019-05-29 00:00:00,1.26584,1.26707,1.26116,1.26288,34073,MT5,H4
2019-05-30 00:00:00,1.26289,1.26397,1.25794,1.2606600000000001,29990,MT5,H4
2019-05-31 00:00:00,1.26062,1.26441,1.25583,1.26312,32661,MT5,H4
2019-06-02 00:00:00,1.26296,1.26388,1.26248,1.26388,2822,MT5,H4
2019-06-03 00:00:00,1.26386,1.26739,1.26102,1.26633,33906,MT5,H4
2019-06-04 00:00:00,1.26632,1.2713999999999999,1.2642,1.27029,35197,MT5,H4
2019-06-05 00:00:00,1.27029,1.2743,1.268,1.2687599999999999,36430,MT5,H4
2019-06-06 00:00:00,1.2687599999999999,1.27414,1.26682,1.26944,36167,MT5,H4
2019-06-07 00:00:00,1.26945,1.27625,1.26884,1.27362,30729,MT5,H4
2019-06-09 00:00:00,1.27347,1.27359,1.2720500000000001,1.27218,3061,MT5,H4
2019-06-10 00:00:00,1.27219,1.27272,1.26525,1.2690299999999999,32192,MT5,H4
2019-06-11 00:00:00,1.26905,1.27317,1.26696,1.2723900000000001,35424,MT5,H4
2019-06-12 00:00:00,1.2724,1.27582,1.26814,1.26924,35751,MT5,H4
2019-06-13 00:00:00,1.26923,1.27073,1.26615,1.2679,33621,MT5,H4
2019-06-14 00:00:00,1.26789,1.26818,1.25799,1.2589299999999999,34332,MT5,H4
2019-06-16 00:00:00,1.25792,1.25943,1.25781,1.25934,2844,MT5,H4
2019-06-17 00:00:00,1.25934,1.2604899999999999,1.25285,1.25409,30070,MT5,H4
2019-06-18 00:00:00,1.25408,1.25686,1.2506,1.25657,39326,MT5,H4
2019-06-19 00:00:00,1.25656,1.26733,1.25424,1.2652700000000001,38835,MT5,H4
2019-06-20 00:00:00,1.26526,1.27268,1.26519,1.2707,46155,MT5,H4
2019-06-21 00:00:00,1.2707,1.27464,1.26422,1.27441,39488,MT5,H4
2019-06-23 00:00:00,1.2736399999999999,1.27516,1.27305,1.27516,3149,MT5,H4
2019-06-24 00:00:00,1.2751299999999999,1.27661,1.2708300000000001,1.27385,32846,MT5,H4
2019-06-25 00:00:00,1.27386,1.27823,1.26718,1.2690000000000001,41654,MT5,H4
2019-06-26 00:00:00,1.26898,1.2707,1.26626,1.26946,40178,MT5,H4
2019-06-27 00:00:00,1.26945,1.27243,1.26616,1.26732,33037,MT5,H4
2019-06-28 00:00:00,1.26733,1.27343,1.2665,1.26971,27558,MT5,H4
2019-06-30 00:00:00,1.27007,1.27019,1.26904,1.26931,1832,MT5,H4
2019-07-01 00:00:00,1.26929,1.2705199999999999,1.26316,1.26441,29349,MT5,H4
2019-07-02 00:00:00,1.26443,1.26456,1.25839,1.25969,28678,MT5,H4
2019-07-03 00:00:00,1.25971,1.25998,1.2557,1.25824,26396,MT5,H4
2019-07-04 00:00:00,1.25823,1.25909,1.25684,1.25819,21279,MT5,H4
2019-07-05 00:00:00,1.25821,1.25872,1.2481,1.25268,24205,MT5,H4
2019-07-07 00:00:00,1.25265,1.2528299999999999,1.2523,1.2524,728,MT5,H4
2019-07-08 00:00:00,1.25241,1.25393,1.24996,1.2515,20157,MT5,H4
2019-07-09 00:00:00,1.2515100000000001,1.25179,1.2439,1.24573,24390,MT5,H4
2019-07-10 00:00:00,1.24572,1.25206,1.24436,1.25058,28177,MT5,H4
2019-07-11 00:00:00,1.2505899999999999,1.25705,1.25052,1.25203,29659,MT5,H4
2019-07-12 00:00:00,1.25204,1.25786,1.25202,1.25753,24859,MT5,H4
2019-07-14 00:00:00,1.25711,1.2576800000000001,1.25621,1.25704,1073,MT5,H4
2019-07-15 00:00:00,1.2570700000000001,1.25758,1.25098,1.2516,20976,MT5,H4
2019-07-16 00:00:00,1.25161,1.2519,1.23959,1.24093,28108,MT5,H4
2019-07-17 00:00:00,1.24094,1.2456,1.23817,1.24338,25830,MT5,H4
2019-07-18 00:00:00,1.24337,1.2558,1.24278,1.2542499999999999,30688,MT5,H4
2019-07-19 00:00:00,1.25423,1.2554400000000001,1.24763,1.2503600000000001,24432,MT5,H4
2019-07-21 00:00:00,1.24929,1.25136,1.24894,1.25112,1389,MT5,H4
2019-07-22 00:00:00,1.25111,1.25131,1.24554,1.24718,22889,MT5,H4
2019-07-23 00:00:00,1.24719,1.24814,1.2417799999999999,1.2437,26879,MT5,H4
2019-07-24 00:00:00,1.24369,1.25218,1.24262,1.2485,25614,MT5,H4
2019-07-25 00:00:00,1.2484899999999999,1.25176,1.24365,1.24525,29053,MT5,H4
2019-07-26 00:00:00,1.24523,1.24592,1.23761,1.23823,22801,MT5,H4
2019-07-28 00:00:00,1.23753,1.2382,1.2375,1.2375,906,MT5,H4
2019-07-29 00:00:00,1.2375099999999999,1.23806,1.22121,1.22162,27281,MT5,H4
2019-07-30 00:00:00,1.22159,1.22212,1.21185,1.21573,34171,MT5,H4
2019-07-31 00:00:00,1.2157,1.2248999999999999,1.21343,1.21529,39149,MT5,H4
2019-08-01 00:00:00,1.2153,1.21708,1.20794,1.21233,42085,MT5,H4
2019-08-02 00:00:00,1.21234,1.21691,1.20903,1.21612,36952,MT5,H4
2019-08-04 00:00:00,1.21599,1.21599,1.21457,1.21499,1615,MT5,H4
2019-08-05 00:00:00,1.21498,1.21879,1.21015,1.21564,41731,MT5,H4
2019-08-06 00:00:00,1.2156,1.2209,1.21369,1.21699,36828,MT5,H4
2019-08-07 00:00:00,1.21701,1.21903,1.21212,1.21399,40573,MT5,H4
2019-08-08 00:00:00,1.21398,1.21821,1.20946,1.21424,34768,MT5,H4
2019-08-09 00:00:00,1.21423,1.21473,1.20237,1.20261,29770,MT5,H4
2019-08-11 00:00:00,1.20486,1.20493,1.20149,1.20194,2149,MT5,H4
2019-08-12 00:00:00,1.20193,1.21058,1.20171,1.20773,32456,MT5,H4
2019-08-13 00:00:00,1.2077499999999999,1.20973,1.20418,1.20625,35098,MT5,H4
2019-08-14 00:00:00,1.2062599999999999,1.21002,1.20449,1.20597,33551,MT5,H4
2019-08-15 00:00:00,1.20596,1.21502,1.20504,1.20906,37123,MT5,H4
2019-08-16 00:00:00,1.20905,1.2175,1.20815,1.21462,29163,MT5,H4
2019-08-18 00:00:00,1.2153,1.21598,1.21446,1.21581,1423,MT5,H4
2019-08-19 00:00:00,1.21578,1.2172,1.21046,1.21277,26577,MT5,H4
2019-08-20 00:00:00,1.21279,1.21789,1.2064300000000001,1.21616,33751,MT5,H4
2019-08-21 00:00:00,1.21619,1.21747,1.21118,1.21314,29803,MT5,H4
2019-08-22 00:00:00,1.21313,1.22727,1.21083,1.22508,37605,MT5,H4
2019-08-23 00:00:00,1.22507,1.22935,1.21943,1.22884,34644,MT5,H4
2019-08-25 00:00:00,1.22699,1.2284,1.22601,1.22604,2658,MT5,H4
2019-08-26 00:00:00,1.22605,1.22847,1.22077,1.22215,33404,MT5,H4
2019-08-27 00:00:00,1.22214,1.23093,1.22086,1.22801,32687,MT5,H4
2019-08-28 00:00:00,1.22802,1.22874,1.21558,1.22172,38543,MT5,H4
2019-08-29 00:00:00,1.22173,1.22318,1.21721,1.21833,30729,MT5,H4
2019-08-30 00:00:00,1.21835,1.2225,1.21391,1.21628,31558,MT5,H4
2019-09-01 00:00:00,1.2156,1.21639,1.21439,1.2158,1532,MT5,H4
2019-09-02 00:00:00,1.21582,1.21741,1.20359,1.20642,27608,MT5,H4
2019-09-03 00:00:00,1.2064300000000001,1.21052,1.1957,1.20905,43676,MT5,H4
2019-09-04 00:00:00,1.20904,1.22557,1.20848,1.22458,40833,MT5,H4
2019-09-05 00:00:00,1.22457,1.23533,1.22101,1.23236,38584,MT5,H4
2019-09-06 00:00:00,1.23237,1.23432,1.22794,1.2286299999999999,32231,MT5,H4
2019-09-08 00:00:00,1.22723,1.22881,1.22693,1.22841,1284,MT5,H4
2019-09-09 00:00:00,1.2284,1.23844,1.22332,1.23455,33568,MT5,H4
2019-09-10 00:00:00,1.23453,1.23789,1.23069,1.23571,28749,MT5,H4
2019-09-11 00:00:00,1.23569,1.23702,1.23123,1.23342,30228,MT5,H4
2019-09-12 00:00:00,1.2334100000000001,1.23664,1.22833,1.23287,35941,MT5,H4
2019-09-13 00:00:00,1.23289,1.25054,1.2327,1.25,32140,MT5,H4
2019-09-15 00:00:00,1.24866,1.2502499999999999,1.24861,1.2496,1615,MT5,H4
2019-09-16 00:00:00,1.24958,1.24976,1.23988,1.24251,30026,MT5,H4
2019-09-17 00:00:00,1.2425,1.2526,1.2392400000000001,1.25009,28406,MT5,H4
2019-09-18 00:00:00,1.25011,1.25116,1.24391,1.24689,34315,MT5,H4
2019-09-19 00:00:00,1.2469000000000001,1.25598,1.24376,1.25225,34509,MT5,H4
2019-09-20 00:00:00,1.25226,1.25807,1.24596,1.24712,33805,MT5,H4
2019-09-22 00:00:00,1.24652,1.24732,1.24644,1.24697,1304,MT5,H4
2019-09-23 00:00:00,1.24698,1.24903,1.24128,1.24329,28606,MT5,H4
2019-09-24 00:00:00,1.24328,1.2502499999999999,1.2414100000000001,1.24848,31391,MT5,H4
2019-09-25 00:00:00,1.24846,1.2487,1.23475,1.23582,30231,MT5,H4
2019-09-26 00:00:00,1.23581,1.23794,1.23026,1.23281,29086,MT5,H4
2019-09-27 00:00:00,1.23282,1.23362,1.22711,1.22884,25960,MT5,H4
2019-09-29 00:00:00,1.22892,1.22956,1.22875,1.22922,1100,MT5,H4
2019-09-30 00:00:00,1.22919,1.2345,1.22753,1.22889,26862,MT5,H4
2019-10-01 00:00:00,1.22891,1.23311,1.22055,1.22911,35890,MT5,H4
2019-10-02 00:00:00,1.2291,1.23232,1.22267,1.23041,32216,MT5,H4
2019-10-03 00:00:00,1.23039,1.24127,1.22665,1.2341199999999999,33618,MT5,H4
2019-10-04 00:00:00,1.23411,1.23565,1.2276,1.23346,27010,MT5,H4
2019-10-06 00:00:00,1.23208,1.23343,1.23145,1.23343,1000,MT5,H4
2019-10-07 00:00:00,1.23342,1.23363,1.22852,1.22874,24598,MT5,H4
2019-10-08 00:00:00,1.22875,1.23022,1.2195,1.22195,32469,MT5,H4
2019-10-09 00:00:00,1.22194,1.22859,1.21977,1.22115,29704,MT5,H4
2019-10-10 00:00:00,1.22113,1.2468,1.22085,1.24304,47495,MT5,H4
2019-10-11 00:00:00,1.24305,1.27065,1.24132,1.26479,54564,MT5,H4
2019-10-13 00:00:00,1.26329,1.26433,1.26144,1.2616399999999999,1888,MT5,H4
2019-10-14 00:00:00,1.26166,1.26493,1.25173,1.26088,42289,MT5,H4
2019-10-15 00:00:00,1.26087,1.28,1.26028,1.27595,64168,MT5,H4
2019-10-16 00:00:00,1.27594,1.2875,1.2658,1.2819099999999999,65883,MT5,H4
2019-10-17 00:00:00,1.28189,1.29866,1.27494,1.2864200000000001,62141,MT5,H4
2019-10-18 00:00:00,1.28644,1.29757,1.28394,1.29756,43433,MT5,H4
2019-10-20 00:00:00,1.29463,1.29465,1.2876,1.29029,3405,MT5,H4
2019-10-21 00:00:00,1.29031,1.30122,1.28881,1.29712,37788,MT5,H4
2019-10-22 00:00:00,1.29711,1.29999,1.28621,1.28834,46618,MT5,H4
2019-10-23 00:00:00,1.2883499999999999,1.29213,1.2841,1.29204,35290,MT5,H4
2019-10-24 00:00:00,1.29202,1.29494,1.2788300000000001,1.28384,34746,MT5,H4
2019-10-25 00:00:00,1.28385,1.28609,1.28041,1.28232,25374,MT5,H4
2019-10-27 00:00:00,1.28135,1.28332,1.28135,1.28273,1146,MT5,H4
2019-10-28 00:00:00,1.28274,1.28756,1.28111,1.28559,27239,MT5,H4
2019-10-29 00:00:00,1.28558,1.29043,1.2806600000000001,1.28648,31093,MT5,H4
2019-10-30 00:00:00,1.2865,1.2907199999999999,1.28453,1.29007,30820,MT5,H4
2019-10-31 00:00:00,1.2901,1.29753,1.2901,1.29383,31968,MT5,H4
2019-11-01 00:00:00,1.2938399999999999,1.29719,1.29268,1.2938100000000001,27663,MT5,H4
2019-11-03 00:00:00,1.29292,1.29393,1.29279,1.29366,826,MT5,H4
2019-11-04 00:00:00,1.29366,1.29424,1.28761,1.2888600000000001,24453,MT5,H4
2019-11-05 00:00:00,1.28887,1.2916699999999999,1.28589,1.288,27369,MT5,H4
2019-11-06 00:00:00,1.28799,1.28967,1.28439,1.28545,22794,MT5,H4
2019-11-07 00:00:00,1.2854700000000001,1.28772,1.27942,1.28197,31106,MT5,H4
2019-11-08 00:00:00,1.28198,1.28225,1.27685,1.27829,21390,MT5,H4
2019-11-10 00:00:00,1.2791000000000001,1.2794400000000001,1.2788300000000001,1.2793999999999999,524,MT5,H4
2019-11-11 00:00:00,1.27942,1.28972,1.27854,1.28537,24144,MT5,H4
2019-11-12 00:00:00,1.28536,1.2873299999999999,1.2815400000000001,1.28505,25913,MT5,H4
2019-11-13 00:00:00,1.28504,1.2858800000000001,1.28214,1.28532,24803,MT5,H4
2019-11-14 00:00:00,1.28531,1.28878,1.28248,1.28813,23726,MT5,H4
2019-11-15 00:00:00,1.28815,1.29187,1.2867199999999999,1.29043,20657,MT5,H4
2019-11-17 00:00:00,1.29156,1.29205,1.29102,1.2919100000000001,1239,MT5,H4
2019-11-18 00:00:00,1.2919100000000001,1.29844,1.29157,1.29492,23742,MT5,H4
2019-11-19 00:00:00,1.29491,1.29694,1.2910300000000001,1.29281,23635,MT5,H4
2019-11-20 00:00:00,1.2928,1.29284,1.28875,1.29253,24831,MT5,H4
2019-11-21 00:00:00,1.29254,1.29694,1.28931,1.29184,25356,MT5,H4
2019-11-22 00:00:00,1.29186,1.29277,1.2823,1.28363,23883,MT5,H4
2019-11-24 00:00:00,1.28518,1.28519,1.28433,1.28499,826,MT5,H4
2019-11-25 00:00:00,1.28505,1.29112,1.28409,1.28963,23296,MT5,H4
2019-11-26 00:00:00,1.28963,1.29032,1.2835,1.28602,24318,MT5,H4
2019-11-27 00:00:00,1.28601,1.29474,1.2827,1.29292,27369,MT5,H4
2019-11-28 00:00:00,1.29292,1.29501,1.28992,1.29115,23970,MT5,H4
2019-11-29 00:00:00,1.29116,1.2941500000000001,1.28787,1.29336,20537,MT5,H4
2019-12-01 00:00:00,1.29119,1.29151,1.29098,1.29119,819,MT5,H4
2019-12-02 00:00:00,1.29116,1.29485,1.28961,1.29394,23135,MT5,H4
2019-12-03 00:00:00,1.29393,1.30106,1.29303,1.2996699999999999,23884,MT5,H4
2019-12-04 00:00:00,1.2996699999999999,1.31198,1.29824,1.31089,27234,MT5,H4
2019-12-05 00:00:00,1.3109,1.31658,1.31051,1.31576,23163,MT5,H4
2019-12-06 00:00:00,1.31576,1.3165,1.31006,1.3140800000000001,22290,MT5,H4
2019-12-08 00:00:00,1.31341,1.3140800000000001,1.3132,1.31383,797,MT5,H4
2019-12-09 00:00:00,1.31382,1.31805,1.3136,1.31446,24499,MT5,H4
2019-12-10 00:00:00,1.31453,1.32146,1.31097,1.3129,26956,MT5,H4
2019-12-11 00:00:00,1.31289,1.32132,1.31113,1.31992,30560,MT5,H4
2019-12-12 00:00:00,1.31993,1.35093,1.3051,1.34728,49446,MT5,H4
2019-12-13 00:00:00,1.34729,1.3507500000000001,1.33056,1.33437,52401,MT5,H4
2019-12-15 00:00:00,1.33391,1.33534,1.33373,1.3352,1091,MT5,H4
2019-12-16 00:00:00,1.33528,1.3421699999999999,1.32436,1.32672,34249,MT5,H4
2019-12-17 00:00:00,1.32674,1.33006,1.30994,1.31216,42020,MT5,H4
2019-12-18 00:00:00,1.3122,1.3128199999999999,1.30596,1.3084500000000001,37668,MT5,H4
2019-12-19 00:00:00,1.30844,1.31319,1.2989600000000001,1.30169,37815,MT5,H4
2019-12-20 00:00:00,1.3017,1.30786,1.30034,1.30044,26393,MT5,H4
2019-12-22 00:00:00,1.3001,1.30126,1.2990599999999999,1.30049,1173,MT5,H4
2019-12-23 00:00:00,1.3005200000000001,1.30317,1.29047,1.29424,29442,MT5,H4
2019-12-24 00:00:00,1.2943,1.29702,1.29216,1.2967,19015,MT5,H4
2019-12-26 00:00:00,1.29879,1.30152,1.296,1.2998,12107,MT5,H4
2019-12-27 00:00:00,1.29999,1.3117,1.2968199999999999,1.3075,28042,MT5,H4
2019-12-29 00:00:00,1.30897,1.30959,1.30727,1.30899,1082,MT5,H4
2019-12-30 00:00:00,1.30899,1.31497,1.30856,1.31109,28849,MT5,H4
2019-12-31 00:00:00,1.3111,1.32836,1.31058,1.32626,24426,MT5,H4
2020-01-02 00:00:00,1.32566,1.32656,1.31152,1.31464,33286,MT5,H4
2020-01-03 00:00:00,1.31467,1.31599,1.30533,1.3073000000000001,32349,MT5,H4
2020-01-05 00:00:00,1.30829,1.3083,1.3066,1.30765,946,MT5,H4
2020-01-06 00:00:00,1.30769,1.31758,1.30636,1.31705,29548,MT5,H4
2020-01-07 00:00:00,1.31708,1.32118,1.30952,1.31125,32159,MT5,H4
2020-01-08 00:00:00,1.31132,1.3169,1.30804,1.31046,36078,MT5,H4
2020-01-09 00:00:00,1.3105,1.31234,1.30128,1.30687,30123,MT5,H4
2020-01-10 00:00:00,1.30691,1.3096700000000001,1.30422,1.30554,28039,MT5,H4
2020-01-12 00:00:00,1.30369,1.30437,1.30342,1.30435,772,MT5,H4
2020-01-13 00:00:00,1.30432,1.30446,1.2961,1.29861,27895,MT5,H4
2020-01-14 00:00:00,1.2986,1.3032599999999999,1.29541,1.3020800000000001,27920,MT5,H4
2020-01-15 00:00:00,1.3020800000000001,1.30533,1.29844,1.30396,26654,MT5,H4
2020-01-16 00:00:00,1.30395,1.30826,1.30252,1.3076400000000001,26561,MT5,H4
2020-01-17 00:00:00,1.30763,1.3118,1.30129,1.3014999999999999,26680,MT5,H4
2020-01-19 00:00:00,1.29986,1.3005900000000001,1.29961,1.30057,778,MT5,H4
2020-01-20 00:00:00,1.30054,1.30102,1.29619,1.3003,18718,MT5,H4
2020-01-21 00:00:00,1.30034,1.30829,1.29954,1.30454,26509,MT5,H4
2020-01-22 00:00:00,1.30456,1.31524,1.30342,1.31433,28492,MT5,H4
2020-01-23 00:00:00,1.3143500000000001,1.31508,1.30966,1.31186,24233,MT5,H4
2020-01-24 00:00:00,1.3118699999999999,1.3171599999999999,1.30569,1.30748,27108,MT5,H4
2020-01-26 00:00:00,1.3075999999999999,1.3075999999999999,1.30606,1.3061,1034,MT5,H4
2020-01-27 00:00:00,1.30609,1.31044,1.30403,1.30588,21422,MT5,H4
2020-01-28 00:00:00,1.30589,1.30647,1.2975400000000001,1.3023,20301,MT5,H4
2020-01-29 00:00:00,1.30231,1.30274,1.2989600000000001,1.30206,18251,MT5,H4
2020-01-30 00:00:00,1.3020800000000001,1.3109600000000001,1.29779,1.3085,27442,MT5,H4
2020-01-31 00:00:00,1.30849,1.32054,1.30839,1.3204799999999999,22361,MT5,H4
2020-02-02 00:00:00,1.3175,1.31827,1.3175,1.31807,685,MT5,H4
2020-02-03 00:00:00,1.31807,1.31821,1.29824,1.29966,26560,MT5,H4
2020-02-04 00:00:00,1.29966,1.30457,1.29407,1.3030300000000001,26213,MT5,H4
2020-02-05 00:00:00,1.30304,1.30692,1.2956400000000001,1.29948,25747,MT5,H4
2020-02-06 00:00:00,1.29949,1.29981,1.29212,1.29295,22942,MT5,H4
2020-02-07 00:00:00,1.29298,1.29585,1.28817,1.28848,23616,MT5,H4
2020-02-09 00:00:00,1.28881,1.28909,1.28848,1.28898,772,MT5,H4
2020-02-10 00:00:00,1.28895,1.29455,1.28717,1.29155,21966,MT5,H4
2020-02-11 00:00:00,1.29156,1.29677,1.28946,1.29555,23816,MT5,H4
2020-02-12 00:00:00,1.29557,1.29909,1.29515,1.29563,22809,MT5,H4
2020-02-13 00:00:00,1.29569,1.30689,1.29437,1.30446,26204,MT5,H4
2020-02-14 00:00:00,1.30447,1.30629,1.3001,1.30462,20947,MT5,H4
2020-02-16 00:00:00,1.3039100000000001,1.30527,1.3035999999999999,1.30511,493,MT5,H4
2020-02-17 00:00:00,1.30512,1.30512,1.29977,1.3005499999999999,16548,MT5,H4
2020-02-18 00:00:00,1.3005200000000001,1.3048199999999999,1.29708,1.2999100000000001,24817,MT5,H4
2020-02-19 00:00:00,1.2999100000000001,1.30231,1.29075,1.2925200000000001,24219,MT5,H4
2020-02-20 00:00:00,1.29253,1.29281,1.2849300000000001,1.28807,26667,MT5,H4
2020-02-21 00:00:00,1.28806,1.29802,1.28787,1.29579,24756,MT5,H4
2020-02-23 00:00:00,1.29453,1.2953000000000001,1.29453,1.29515,742,MT5,H4
2020-02-24 00:00:00,1.29515,1.29539,1.28864,1.29243,28480,MT5,H4
2020-02-25 00:00:00,1.29242,1.30172,1.2913999999999999,1.30022,29118,MT5,H4
2020-02-26 00:00:00,1.30023,1.30076,1.28963,1.29054,30325,MT5,H4
2020-02-27 00:00:00,1.29056,1.29459,1.28601,1.28873,35183,MT5,H4
2020-02-28 00:00:00,1.28873,1.2919100000000001,1.27259,1.28179,39119,MT5,H4
2020-03-01 00:00:00,1.2803,1.28168,1.27964,1.28043,1422,MT5,H4
2020-03-02 00:00:00,1.28042,1.28502,1.27398,1.27661,42084,MT5,H4
2020-03-03 00:00:00,1.2766199999999999,1.2843499999999999,1.27582,1.28194,42987,MT5,H4
2020-03-04 00:00:00,1.28196,1.2872,1.27699,1.28709,35505,MT5,H4
2020-03-05 00:00:00,1.28709,1.2968,1.28607,1.29488,30626,MT5,H4
2020-03-06 00:00:00,1.2949,1.30521,1.29488,1.30469,44786,MT5,H4
2020-03-08 00:00:00,1.30763,1.31055,1.30758,1.30959,3584,MT5,H4
2020-03-09 00:00:00,1.30961,1.32,1.30347,1.30728,77550,MT5,H4
2020-03-10 00:00:00,1.3073000000000001,1.30883,1.2873700000000001,1.29052,58461,MT5,H4
2020-03-11 00:00:00,1.2905,1.2976,1.28044,1.28171,52876,MT5,H4
2020-03-12 00:00:00,1.28172,1.2848600000000001,1.24906,1.25721,74655,MT5,H4
2020-03-13 00:00:00,1.25724,1.26237,1.2268,1.22804,72418,MT5,H4
2020-03-15 00:00:00,1.22976,1.2421,1.22976,1.23979,10184,MT5,H4
2020-03-16 00:00:00,1.23978,1.23989,1.2202,1.22664,95771,MT5,H4
2020-03-17 00:00:00,1.22661,1.22696,1.20014,1.21163,86053,MT5,H4
2020-03-18 00:00:00,1.21164,1.21293,1.14502,1.16083,96359,MT5,H4
2020-03-19 00:00:00,1.16085,1.17933,1.1414,1.14909,114475,MT5,H4
2020-03-20 00:00:00,1.14908,1.19343,1.1476899999999999,1.16259,106346,MT5,H4
2020-03-22 00:00:00,1.16645,1.16763,1.15324,1.16197,11830,MT5,H4
2020-03-23 00:00:00,1.16199,1.17141,1.14471,1.15954,99120,MT5,H4
2020-03-24 00:00:00,1.15952,1.17992,1.15806,1.1789,90963,MT5,H4
2020-03-25 00:00:00,1.1789100000000001,1.1972800000000001,1.16388,1.18484,94693,MT5,H4
2020-03-26 00:00:00,1.1848,1.22289,1.18187,1.21926,91394,MT5,H4
2020-03-27 00:00:00,1.21929,1.24851,1.21434,1.24537,97364,MT5,H4
2020-03-29 00:00:00,1.24293,1.24552,1.23917,1.2451,3746,MT5,H4
2020-03-30 00:00:00,1.24512,1.2466599999999999,1.23172,1.23684,72193,MT5,H4
2020-03-31 00:00:00,1.23685,1.24712,1.22433,1.24063,84333,MT5,H4
2020-04-01 00:00:00,1.24064,1.24384,1.233,1.23801,59191,MT5,H4
2020-04-02 00:00:00,1.23803,1.2475100000000001,1.23479,1.23916,58219,MT5,H4
2020-04-03 00:00:00,1.23912,1.23946,1.2205,1.22674,50724,MT5,H4
2020-04-05 00:00:00,1.22327,1.22611,1.22111,1.22173,3375,MT5,H4
2020-04-06 00:00:00,1.2217500000000001,1.23266,1.21628,1.22305,52351,MT5,H4
2020-04-07 00:00:00,1.22303,1.2383899999999999,1.2218499999999999,1.23366,56591,MT5,H4
2020-04-08 00:00:00,1.23366,1.24193,1.22879,1.23904,48352,MT5,H4
2020-04-09 00:00:00,1.23905,1.24831,1.23604,1.24526,53077,MT5,H4
2020-04-10 00:00:00,1.24522,1.24845,1.24436,1.24488,19231,MT5,H4
2020-04-12 00:00:00,1.24599,1.24724,1.2452,1.24593,2004,MT5,H4
2020-04-13 00:00:00,1.24591,1.25363,1.24532,1.25201,33008,MT5,H4
2020-04-14 00:00:00,1.25204,1.26471,1.25098,1.26243,44561,MT5,H4
2020-04-15 00:00:00,1.26243,1.26244,1.24364,1.25183,46603,MT5,H4
2020-04-16 00:00:00,1.25183,1.2524600000000001,1.24079,1.24875,77747,MT5,H4
2020-04-17 00:00:00,1.24875,1.2521900000000001,1.24062,1.25037,70342,MT5,H4
2020-04-19 00:00:00,1.2495,1.24988,1.24847,1.24847,1302,MT5,H4
2020-04-20 00:00:00,1.24847,1.24917,1.24163,1.244,61773,MT5,H4
2020-04-21 00:00:00,1.24402,1.24418,1.22469,1.23011,75138,MT5,H4
2020-04-22 00:00:00,1.23011,1.23854,1.22745,1.23221,60877,MT5,H4
2020-04-23 00:00:00,1.2321900000000001,1.24138,1.23079,1.23516,72542,MT5,H4
2020-04-24 00:00:00,1.23515,1.2376800000000001,1.2298,1.23629,57788,MT5,H4
2020-04-26 00:00:00,1.23654,1.23687,1.23616,1.23667,1188,MT5,H4
2020-04-27 00:00:00,1.23668,1.24542,1.23593,1.24211,51895,MT5,H4
2020-04-28 00:00:00,1.2421,1.2517800000000001,1.24037,1.24341,53319,MT5,H4
2020-04-29 00:00:00,1.24343,1.2485,1.23887,1.24698,55481,MT5,H4
2020-04-30 00:00:00,1.24698,1.26421,1.24289,1.25807,72967,MT5,H4
2020-05-01 00:00:00,1.25806,1.25813,1.24827,1.2498,53619,MT5,H4
2020-05-03 00:00:00,1.2481,1.24834,1.24492,1.2455,2462,MT5,H4
2020-05-04 00:00:00,1.24551,1.24756,1.24051,1.24442,55167,MT5,H4
2020-05-05 00:00:00,1.24443,1.24832,1.24201,1.24436,58644,MT5,H4
2020-05-06 00:00:00,1.24438,1.24498,1.23222,1.2324,53947,MT5,H4
2020-05-07 00:00:00,1.23241,1.24166,1.22651,1.23733,66705,MT5,H4
2020-05-08 00:00:00,1.23735,1.2466599999999999,1.23559,1.24077,44642,MT5,H4
2020-05-10 00:00:00,1.24081,1.24171,1.23938,1.24162,2036,MT5,H4
2020-05-11 00:00:00,1.24163,1.24371,1.22824,1.23312,61003,MT5,H4
2020-05-12 00:00:00,1.23311,1.2376800000000001,1.22511,1.2251400000000001,66619,MT5,H4
2020-05-13 00:00:00,1.22515,1.23392,1.22099,1.22381,72716,MT5,H4
2020-05-14 00:00:00,1.2238,1.22407,1.21649,1.2233100000000001,66921,MT5,H4
2020-05-15 00:00:00,1.22333,1.22384,1.21014,1.2111,65085,MT5,H4
2020-05-17 00:00:00,1.20862,1.2097,1.20735,1.20848,3149,MT5,H4
2020-05-18 00:00:00,1.20849,1.2227000000000001,1.20842,1.2199200000000001,63680,MT5,H4
2020-05-19 00:00:00,1.21991,1.22958,1.21839,1.22552,65374,MT5,H4
2020-05-20 00:00:00,1.22552,1.22871,1.22204,1.2236,58304,MT5,H4
2020-05-21 00:00:00,1.22362,1.22493,1.21848,1.22218,57910,MT5,H4
2020-05-22 00:00:00,1.2221899999999999,1.22332,1.21613,1.2169,51916,MT5,H4
2020-05-24 00:00:00,1.2175,1.21875,1.21645,1.21858,1715,MT5,H4
2020-05-25 00:00:00,1.21857,1.22031,1.21637,1.22014,36710,MT5,H4
2020-05-26 00:00:00,1.22013,1.23625,1.2197,1.23313,58593,MT5,H4
2020-05-27 00:00:00,1.23314,1.23536,1.22039,1.22628,80107,MT5,H4
2020-05-28 00:00:00,1.22627,1.23442,1.22336,1.23182,69131,MT5,H4
2020-05-29 00:00:00,1.23183,1.23936,1.22902,1.2342,91168,MT5,H4
2020-05-31 00:00:00,1.23316,1.2352400000000001,1.23247,1.23448,3221,MT5,H4
2020-06-01 00:00:00,1.2345,1.25062,1.23434,1.2486,68815,MT5,H4
2020-06-02 00:00:00,1.24859,1.25826,1.24781,1.25807,78125,MT5,H4
2020-06-03 00:00:00,1.25806,1.26145,1.25534,1.25735,80506,MT5,H4
2020-06-04 00:00:00,1.25735,1.26327,1.25004,1.26056,83282,MT5,H4
2020-06-05 00:00:00,1.26054,1.27308,1.25828,1.26679,85672,MT5,H4
2020-06-07 00:00:00,1.26788,1.27292,1.2671999999999999,1.27188,3356,MT5,H4
2020-06-08 00:00:00,1.27186,1.27402,1.26278,1.2734,63170,MT5,H4
2020-06-09 00:00:00,1.2734,1.27552,1.26173,1.27092,74289,MT5,H4
2020-06-10 00:00:00,1.27091,1.2812700000000001,1.27061,1.27114,98690,MT5,H4
2020-06-11 00:00:00,1.27116,1.275,1.25688,1.25729,114499,MT5,H4
2020-06-12 00:00:00,1.25727,1.2652999999999999,1.24735,1.25394,98821,MT5,H4
2020-06-14 00:00:00,1.25141,1.25179,1.24848,1.25082,4301,MT5,H4
2020-06-15 00:00:00,1.25083,1.26379,1.2454,1.26372,102552,MT5,H4
2020-06-16 00:00:00,1.2637399999999999,1.2687,1.25521,1.25818,104560,MT5,H4
2020-06-17 00:00:00,1.25818,1.2588300000000001,1.25106,1.25495,86685,MT5,H4
2020-06-18 00:00:00,1.25496,1.25626,1.24008,1.24244,88207,MT5,H4
2020-06-19 00:00:00,1.24246,1.24553,1.2343600000000001,1.23478,68945,MT5,H4
2020-06-21 00:00:00,1.23446,1.23548,1.23379,1.23455,2911,MT5,H4
2020-06-22 00:00:00,1.23456,1.25068,1.23352,1.2500200000000001,66481,MT5,H4
2020-06-23 00:00:00,1.25,1.25315,1.24319,1.2524199999999999,82977,MT5,H4
2020-06-24 00:00:00,1.25241,1.2542200000000001,1.24108,1.24116,84735,MT5,H4
2020-06-25 00:00:00,1.2411699999999999,1.2464,1.23888,1.24241,71075,MT5,H4
2020-06-26 00:00:00,1.24243,1.24366,1.23142,1.23353,55306,MT5,H4
2020-06-28 00:00:00,1.23407,1.23449,1.2323,1.23401,1998,MT5,H4
2020-06-29 00:00:00,1.23403,1.23891,1.22512,1.23106,56160,MT5,H4
2020-06-30 00:00:00,1.2310699999999999,1.24013,1.22573,1.23877,60731,MT5,H4
2020-07-01 00:00:00,1.23876,1.24898,1.23592,1.24641,58807,MT5,H4
2020-07-02 00:00:00,1.24641,1.25295,1.2456,1.2465600000000001,57968,MT5,H4
2020-07-03 00:00:00,1.24654,1.24952,1.24376,1.24809,45131,MT5,H4
2020-07-05 00:00:00,1.24708,1.24772,1.24631,1.2474,1599,MT5,H4
2020-07-06 00:00:00,1.24739,1.25198,1.24734,1.24945,54344,MT5,H4
2020-07-07 00:00:00,1.2494399999999999,1.25918,1.24621,1.25408,61371,MT5,H4
2020-07-08 00:00:00,1.25409,1.26226,1.25082,1.26126,63315,MT5,H4
2020-07-09 00:00:00,1.26128,1.26692,1.25977,1.2604899999999999,65353,MT5,H4
2020-07-10 00:00:00,1.26051,1.26637,1.25659,1.26216,54369,MT5,H4
2020-07-12 00:00:00,1.26257,1.26372,1.26228,1.26257,2113,MT5,H4
2020-07-13 00:00:00,1.26258,1.26658,1.255,1.25513,58609,MT5,H4
2020-07-14 00:00:00,1.25515,1.25727,1.24797,1.25685,72768,MT5,H4
2020-07-15 00:00:00,1.25686,1.26491,1.25632,1.25901,63695,MT5,H4
2020-07-16 00:00:00,1.25899,1.26243,1.25196,1.2558099999999999,62723,MT5,H4
2020-07-17 00:00:00,1.2558099999999999,1.2574,1.25113,1.2566899999999999,45182,MT5,H4
2020-07-19 00:00:00,1.25518,1.25722,1.25478,1.2570299999999999,1841,MT5,H4
2020-07-20 00:00:00,1.25704,1.2664900000000001,1.25177,1.26608,55555,MT5,H4
2020-07-21 00:00:00,1.26609,1.27675,1.26499,1.27319,63783,MT5,H4
2020-07-22 00:00:00,1.27321,1.27431,1.26436,1.27268,73454,MT5,H4
2020-07-23 00:00:00,1.2727,1.27597,1.26727,1.27294,75178,MT5,H4
2020-07-24 00:00:00,1.27295,1.28029,1.27169,1.27936,67272,MT5,H4
2020-07-26 00:00:00,1.27856,1.28012,1.2779099999999999,1.27938,3028,MT5,H4
2020-07-27 00:00:00,1.2793700000000001,1.29023,1.27934,1.28877,66709,MT5,H4
2020-07-28 00:00:00,1.2888,1.29522,1.28378,1.29238,68865,MT5,H4
2020-07-29 00:00:00,1.29237,1.30128,1.29116,1.29787,70893,MT5,H4
2020-07-30 00:00:00,1.29787,1.31198,1.29441,1.3115,74307,MT5,H4
2020-07-31 00:00:00,1.31149,1.31697,1.30701,1.30833,88617,MT5,H4
2020-08-02 00:00:00,1.30759,1.31044,1.3069,1.30992,3461,MT5,H4
2020-08-03 00:00:00,1.3099,1.31122,1.30044,1.30776,71154,MT5,H4
2020-08-04 00:00:00,1.30775,1.31073,1.2981,1.30842,66243,MT5,H4
2020-08-05 00:00:00,1.30843,1.3161,1.3057400000000001,1.3124500000000001,65432,MT5,H4
2020-08-06 00:00:00,1.31247,1.31852,1.3118400000000001,1.31372,87095,MT5,H4
2020-08-07 00:00:00,1.31373,1.3147199999999999,1.30092,1.30508,74403,MT5,H4
2020-08-09 00:00:00,1.30602,1.30617,1.30396,1.30503,2346,MT5,H4
2020-08-10 00:00:00,1.30505,1.3102800000000001,1.30186,1.30761,53288,MT5,H4
2020-08-11 00:00:00,1.3075999999999999,1.3131599999999999,1.30412,1.30507,68976,MT5,H4
2020-08-12 00:00:00,1.3050899999999999,1.30671,1.30051,1.30454,71280,MT5,H4
2020-08-13 00:00:00,1.30456,1.31244,1.30432,1.30693,60204,MT5,H4
2020-08-14 00:00:00,1.30694,1.31422,1.3048199999999999,1.30853,51723,MT5,H4
2020-08-16 00:00:00,1.30888,1.31064,1.30888,1.31049,2015,MT5,H4
2020-08-17 00:00:00,1.31047,1.31212,1.30737,1.31061,48056,MT5,H4
2020-08-18 00:00:00,1.3106,1.32542,1.31053,1.32522,58382,MT5,H4
2020-08-19 00:00:00,1.3252,1.32666,1.30931,1.3109199999999999,72482,MT5,H4
2020-08-20 00:00:00,1.31093,1.32241,1.3064200000000001,1.32183,76551,MT5,H4
2020-08-21 00:00:00,1.32185,1.32546,1.30586,1.30881,73275,MT5,H4
2020-08-23 00:00:00,1.30811,1.3101,1.30811,1.30922,1679,MT5,H4
2020-08-24 00:00:00,1.30923,1.31485,1.30532,1.30705,57576,MT5,H4
2020-08-25 00:00:00,1.30704,1.31702,1.30583,1.3149600000000001,61985,MT5,H4
2020-08-26 00:00:00,1.31497,1.32188,1.31169,1.32184,57576,MT5,H4
2020-08-27 00:00:00,1.32186,1.32817,1.3161100000000001,1.32,87622,MT5,H4
2020-08-28 00:00:00,1.31998,1.33559,1.3186,1.33495,66498,MT5,H4
2020-08-30 00:00:00,1.33416,1.33578,1.33375,1.33548,2652,MT5,H4
2020-08-31 00:00:00,1.3354599999999999,1.3395299999999999,1.3301,1.33631,57490,MT5,H4
2020-09-01 00:00:00,1.33632,1.34819,1.33559,1.33995,84781,MT5,H4
2020-09-02 00:00:00,1.33993,1.34003,1.32832,1.33476,72486,MT5,H4
2020-09-03 00:00:00,1.33476,1.33477,1.3242099999999999,1.32632,81593,MT5,H4
2020-09-04 00:00:00,1.32632,1.33185,1.31755,1.3279,82211,MT5,H4
2020-09-06 00:00:00,1.32569,1.3263,1.32367,1.32463,2626,MT5,H4
2020-09-07 00:00:00,1.32465,1.32573,1.31398,1.31604,47861,MT5,H4
2020-09-08 00:00:00,1.31604,1.31653,1.29483,1.29643,81323,MT5,H4
2020-09-09 00:00:00,1.29645,1.30227,1.28846,1.29979,80351,MT5,H4
2020-09-10 00:00:00,1.29978,1.30339,1.2772700000000001,1.2806600000000001,77844,MT5,H4
2020-09-11 00:00:00,1.2806899999999999,1.2865199999999999,1.27617,1.2794699999999999,59150,MT5,H4
2020-09-13 00:00:00,1.2775699999999999,1.28104,1.27741,1.2806600000000001,1926,MT5,H4
2020-09-14 00:00:00,1.28063,1.29187,1.2790599999999999,1.28484,50582,MT5,H4
2020-09-15 00:00:00,1.28483,1.29258,1.28147,1.2882799999999999,51438,MT5,H4
2020-09-16 00:00:00,1.28827,1.30066,1.28747,1.2960099999999999,66470,MT5,H4
2020-09-17 00:00:00,1.29603,1.29986,1.28647,1.29748,77222,MT5,H4
2020-09-18 00:00:00,1.29748,1.29993,1.2913999999999999,1.29144,55447,MT5,H4
2020-09-20 00:00:00,1.292,1.29376,1.2919800000000001,1.2932000000000001,1845,MT5,H4
2020-09-21 00:00:00,1.29317,1.2966,1.27751,1.28175,62461,MT5,H4
2020-09-22 00:00:00,1.28176,1.28667,1.27105,1.27419,69821,MT5,H4
2020-09-23 00:00:00,1.27416,1.27766,1.2675100000000001,1.27134,65176,MT5,H4
2020-09-24 00:00:00,1.27136,1.27809,1.2690299999999999,1.27555,70387,MT5,H4
2020-09-25 00:00:00,1.27553,1.28053,1.26871,1.27439,52581,MT5,H4
2020-09-27 00:00:00,1.27575,1.27685,1.2753700000000001,1.27637,1949,MT5,H4
2020-09-28 00:00:00,1.27636,1.2929,1.27509,1.2873299999999999,53129,MT5,H4
2020-09-29 00:00:00,1.2873,1.29019,1.28224,1.2864499999999999,55681,MT5,H4
2020-09-30 00:00:00,1.2864200000000001,1.29421,1.28051,1.29157,65741,MT5,H4
2020-10-01 00:00:00,1.29158,1.29782,1.28194,1.2885499999999999,75263,MT5,H4
2020-10-02 00:00:00,1.2885499999999999,1.29536,1.28359,1.29337,76507,MT5,H4
2020-10-04 00:00:00,1.29269,1.29314,1.29138,1.29287,1674,MT5,H4
2020-10-05 00:00:00,1.2929,1.29934,1.28995,1.29924,42443,MT5,H4
2020-10-06 00:00:00,1.29926,1.30066,1.28667,1.2883200000000001,63737,MT5,H4
2020-10-07 00:00:00,1.28833,1.29291,1.28447,1.29157,53527,MT5,H4
2020-10-08 00:00:00,1.2916,1.29699,1.28909,1.29391,45903,MT5,H4
2020-10-09 00:00:00,1.29391,1.30491,1.29211,1.30346,42923,MT5,H4
2020-10-11 00:00:00,1.30244,1.30373,1.30233,1.30301,1560,MT5,H4
2020-10-12 00:00:00,1.30301,1.3082099999999999,1.30051,1.3064200000000001,38239,MT5,H4
2020-10-13 00:00:00,1.30641,1.30677,1.29216,1.29341,51882,MT5,H4
2020-10-14 00:00:00,1.2934,1.30639,1.28627,1.30114,55335,MT5,H4
2020-10-15 00:00:00,1.3011599999999999,1.30294,1.28901,1.29027,57997,MT5,H4
2020-10-16 00:00:00,1.29025,1.29611,1.28595,1.2915,60631,MT5,H4
2020-10-18 00:00:00,1.29006,1.2928,1.28941,1.2925499999999999,2148,MT5,H4
2020-10-19 00:00:00,1.2925499999999999,1.3024200000000001,1.29221,1.2947199999999999,50912,MT5,H4
2020-10-20 00:00:00,1.29474,1.29791,1.29109,1.29557,45912,MT5,H4
2020-10-21 00:00:00,1.29554,1.31763,1.29538,1.31289,54985,MT5,H4
2020-10-22 00:00:00,1.3128600000000001,1.31493,1.30702,1.30775,46083,MT5,H4
2020-10-23 00:00:00,1.30773,1.31223,1.30188,1.3042500000000001,45423,MT5,H4
2020-10-25 00:00:00,1.30504,1.3056,1.30388,1.30528,2466,MT5,H4
2020-10-26 00:00:00,1.30525,1.30747,1.29926,1.3014999999999999,47924,MT5,H4
2020-10-27 00:00:00,1.30148,1.30792,1.30006,1.303,41776,MT5,H4
2020-10-28 00:00:00,1.3030300000000001,1.30632,1.29162,1.29887,59269,MT5,H4
2020-10-29 00:00:00,1.29885,1.30249,1.28806,1.29307,59061,MT5,H4
2020-10-30 00:00:00,1.29306,1.2987600000000001,1.2898,1.29502,57051,MT5,H4
2020-11-01 00:00:00,1.29227,1.29367,1.2917,1.29239,1225,MT5,H4
2020-11-02 00:00:00,1.29253,1.29423,1.28536,1.2921,48638,MT5,H4
2020-11-03 00:00:00,1.29216,1.31296,1.29147,1.31173,45637,MT5,H4
2020-11-04 00:00:00,1.31189,1.3140100000000001,1.29142,1.2965,116794,MT5,H4
2020-11-05 00:00:00,1.29656,1.31544,1.29395,1.31371,79664,MT5,H4
2020-11-06 00:00:00,1.3138,1.3176700000000001,1.30924,1.3147,70773,MT5,H4
2020-11-08 00:00:00,1.3155299999999999,1.31803,1.3148900000000001,1.31772,2064,MT5,H4
2020-11-09 00:00:00,1.31795,1.32076,1.3118,1.31677,79743,MT5,H4
2020-11-10 00:00:00,1.31684,1.32778,1.31568,1.32588,76010,MT5,H4
2020-11-11 00:00:00,1.3260399999999999,1.33129,1.31911,1.32217,57923,MT5,H4
2020-11-12 00:00:00,1.3223099999999999,1.32279,1.31059,1.31196,53670,MT5,H4
2020-11-13 00:00:00,1.31209,1.31999,1.3109,1.31965,39667,MT5,H4
2020-11-15 00:00:00,1.31791,1.32222,1.31784,1.32182,1175,MT5,H4
2020-11-16 00:00:00,1.32193,1.3242,1.31653,1.32191,47642,MT5,H4
2020-11-17 00:00:00,1.32212,1.32721,1.3193,1.32548,44316,MT5,H4
2020-11-18 00:00:00,1.32562,1.33109,1.32434,1.3249900000000001,39875,MT5,H4
2020-11-19 00:00:00,1.32512,1.32788,1.31956,1.32455,47597,MT5,H4
2020-11-20 00:00:00,1.3247,1.32976,1.3247,1.32847,39852,MT5,H4
2020-11-22 00:00:00,1.32894,1.3303099999999999,1.3282,1.33016,1408,MT5,H4
2020-11-23 00:00:00,1.33032,1.33972,1.32635,1.33247,45774,MT5,H4
2020-11-24 00:00:00,1.33261,1.33799,1.32927,1.33608,45639,MT5,H4
2020-11-25 00:00:00,1.3361399999999999,1.33929,1.33039,1.33818,47801,MT5,H4
2020-11-26 00:00:00,1.3383099999999999,1.3397299999999999,1.33215,1.3351600000000001,28316,MT5,H4
2020-11-27 00:00:00,1.3353,1.33813,1.3287,1.33061,37101,MT5,H4
2020-11-29 00:00:00,1.33221,1.33311,1.33192,1.3328,767,MT5,H4
2020-11-30 00:00:00,1.3330899999999999,1.33849,1.33047,1.33337,49579,MT5,H4
2020-12-01 00:00:00,1.33351,1.34419,1.33151,1.34199,53781,MT5,H4
2020-12-02 00:00:00,1.34213,1.3440699999999999,1.3287200000000001,1.33667,56938,MT5,H4
2020-12-03 00:00:00,1.33681,1.34996,1.33531,1.345,50474,MT5,H4
2020-12-04 00:00:00,1.34514,1.3538999999999999,1.34094,1.3431600000000001,61524,MT5,H4
2020-12-06 00:00:00,1.34117,1.34182,1.34091,1.34131,1728,MT5,H4
2020-12-07 00:00:00,1.34146,1.34375,1.3224,1.3354,70607,MT5,H4
2020-12-08 00:00:00,1.33548,1.33931,1.32891,1.3363,64793,MT5,H4
2020-12-09 00:00:00,1.33644,1.34774,1.33341,1.33639,51696,MT5,H4
2020-12-10 00:00:00,1.33652,1.33893,1.32455,1.33004,60430,MT5,H4
2020-12-11 00:00:00,1.33018,1.3324,1.31342,1.3223500000000001,57890,MT5,H4
2020-12-13 00:00:00,1.3333300000000001,1.3342800000000001,1.3311899999999999,1.33132,1772,MT5,H4
2020-12-14 00:00:00,1.33159,1.34451,1.32898,1.3323800000000001,51958,MT5,H4
2020-12-15 00:00:00,1.33252,1.34667,1.32798,1.34455,57743,MT5,H4
2020-12-16 00:00:00,1.3446799999999999,1.35534,1.3434300000000001,1.35005,55973,MT5,H4
2020-12-17 00:00:00,1.35018,1.3624,1.34954,1.3567,50163,MT5,H4
2020-12-18 00:00:00,1.35684,1.35728,1.34714,1.3515,47147,MT5,H4
2020-12-20 00:00:00,1.3417,1.3439,1.33917,1.33976,1800,MT5,H4
2020-12-21 00:00:00,1.3400699999999999,1.34991,1.31876,1.34455,83471,MT5,H4
2020-12-22 00:00:00,1.34469,1.3457,1.33038,1.34002,70117,MT5,H4
2020-12-23 00:00:00,1.3401399999999999,1.35703,1.33711,1.3511,74734,MT5,H4
2020-12-24 00:00:00,1.35123,1.36188,1.3502399999999999,1.35452,47343,MT5,H4
2020-12-27 00:00:00,1.35472,1.35707,1.35428,1.3568,903,MT5,H4
2020-12-28 00:00:00,1.35694,1.3575599999999999,1.34289,1.34626,46448,MT5,H4
2020-12-29 00:00:00,1.3464,1.35224,1.34592,1.34957,49556,MT5,H4
2020-12-30 00:00:00,1.34971,1.36279,1.34932,1.36274,51428,MT5,H4
2020-12-31 00:00:00,1.36287,1.3685800000000001,1.36038,1.36666,49023,MT5,H4
2021-01-03 00:00:00,1.36502,1.36815,1.36478,1.3679000000000001,1194,MT5,H4
2021-01-04 00:00:00,1.36804,1.37035,1.35412,1.35693,66381,MT5,H4
2021-01-05 00:00:00,1.35707,1.36417,1.3553899999999999,1.36253,60853,MT5,H4
2021-01-06 00:00:00,1.36267,1.3670499999999999,1.35386,1.36222,77368,MT5,H4
2021-01-07 00:00:00,1.36235,1.3632900000000001,1.35323,1.3567,62606,MT5,H4
2021-01-08 00:00:00,1.35684,1.36353,1.35382,1.35589,67275,MT5,H4
2021-01-10 00:00:00,1.35622,1.35696,1.35079,1.35167,1304,MT5,H4
2021-01-11 00:00:00,1.3518,1.35345,1.34506,1.35215,55524,MT5,H4
2021-01-12 00:00:00,1.35228,1.36699,1.35039,1.36656,51758,MT5,H4
2021-01-13 00:00:00,1.36667,1.37006,1.36112,1.36457,47679,MT5,H4
2021-01-14 00:00:00,1.36471,1.37097,1.36162,1.3681,51192,MT5,H4
2021-01-15 00:00:00,1.3682400000000001,1.36977,1.3572,1.3582,46535,MT5,H4
2021-01-17 00:00:00,1.35891,1.35965,1.35679,1.35689,1431,MT5,H4
2021-01-18 00:00:00,1.35702,1.35893,1.35193,1.35809,34653,MT5,H4
2021-01-19 00:00:00,1.35823,1.36456,1.3580999999999999,1.3642400000000001,38563,MT5,H4
2021-01-20 00:00:00,1.36438,1.37181,1.3623,1.36653,42136,MT5,H4
2021-01-21 00:00:00,1.36663,1.37454,1.36584,1.37271,41471,MT5,H4
2021-01-22 00:00:00,1.3728500000000001,1.37354,1.36355,1.36814,37353,MT5,H4
2021-01-24 00:00:00,1.3679700000000001,1.36894,1.36719,1.36838,1167,MT5,H4
2021-01-25 00:00:00,1.36852,1.37231,1.36482,1.36752,41514,MT5,H4
2021-01-26 00:00:00,1.36764,1.37439,1.3609200000000001,1.37393,37269,MT5,H4
2021-01-27 00:00:00,1.3740700000000001,1.37583,1.36588,1.36689,51001,MT5,H4
2021-01-28 00:00:00,1.36703,1.37456,1.36298,1.37229,51758,MT5,H4
2021-01-29 00:00:00,1.37243,1.3751,1.36569,1.36987,57466,MT5,H4
2021-01-31 00:00:00,1.37001,1.37057,1.3691499999999999,1.36958,1517,MT5,H4
2021-02-01 00:00:00,1.36972,1.37574,1.36558,1.3673899999999999,47880,MT5,H4
2021-02-02 00:00:00,1.36753,1.371,1.36108,1.36572,43721,MT5,H4
2021-02-03 00:00:00,1.36586,1.3683,1.3618999999999999,1.36479,39384,MT5,H4
2021-02-04 00:00:00,1.3649200000000001,1.3697300000000001,1.35662,1.36703,46502,MT5,H4
2021-02-05 00:00:00,1.36719,1.37395,1.36656,1.37327,36980,MT5,H4
2021-02-07 00:00:00,1.37195,1.3738000000000001,1.37189,1.37362,1663,MT5,H4
2021-02-08 00:00:00,1.3737599999999999,1.37489,1.36798,1.37438,32103,MT5,H4
2021-02-09 00:00:00,1.37452,1.38199,1.3742,1.38137,36164,MT5,H4
2021-02-10 00:00:00,1.3815,1.38655,1.38021,1.38289,37722,MT5,H4
2021-02-11 00:00:00,1.38303,1.38589,1.38002,1.38096,30531,MT5,H4
2021-02-12 00:00:00,1.38109,1.38619,1.37754,1.38527,29183,MT5,H4
2021-02-14 00:00:00,1.38502,1.38689,1.38487,1.38672,1492,MT5,H4
2021-02-15 00:00:00,1.38685,1.3918599999999999,1.38653,1.39121,24440,MT5,H4
2021-02-16 00:00:00,1.39135,1.39511,1.38689,1.38835,39863,MT5,H4
2021-02-17 00:00:00,1.38848,1.39033,1.3829099999999999,1.38654,40602,MT5,H4
2021-02-18 00:00:00,1.38651,1.39853,1.3839299999999999,1.39655,38706,MT5,H4
2021-02-19 00:00:00,1.39669,1.40357,1.39511,1.4006,34695,MT5,H4
2021-02-21 00:00:00,1.40124,1.40296,1.4004400000000001,1.40256,2096,MT5,H4
2021-02-22 00:00:00,1.4027,1.4086,1.39802,1.40658,39194,MT5,H4
2021-02-23 00:00:00,1.40672,1.41188,1.40539,1.4117600000000001,38454,MT5,H4
2021-02-24 00:00:00,1.41188,1.42405,1.40819,1.4144700000000001,48221,MT5,H4
2021-02-25 00:00:00,1.4146,1.41815,1.39998,1.4002,59924,MT5,H4
2021-02-26 00:00:00,1.40033,1.40212,1.38876,1.39177,78459,MT5,H4
2021-02-28 00:00:00,1.39263,1.39772,1.39256,1.39717,2537,MT5,H4
2021-03-01 00:00:00,1.39734,1.3998599999999999,1.39038,1.39269,49124,MT5,H4
2021-03-02 00:00:00,1.39282,1.39765,1.38587,1.39523,49700,MT5,H4
2021-03-03 00:00:00,1.39537,1.40058,1.392,1.392,52670,MT5,H4
2021-03-04 00:00:00,1.39208,1.40167,1.38799,1.38916,62976,MT5,H4
2021-03-05 00:00:00,1.3893,1.39062,1.37787,1.38296,65871,MT5,H4
2021-03-07 00:00:00,1.38091,1.38631,1.3808,1.38477,1970,MT5,H4
2021-03-08 00:00:00,1.38503,1.38587,1.37999,1.38199,53953,MT5,H4
2021-03-09 00:00:00,1.38213,1.3925100000000001,1.38016,1.38857,52744,MT5,H4
2021-03-10 00:00:00,1.38871,1.3937599999999999,1.3845100000000001,1.39285,45937,MT5,H4
2021-03-11 00:00:00,1.39298,1.39951,1.39185,1.39859,39522,MT5,H4
2021-03-12 00:00:00,1.39873,1.4004400000000001,1.3862999999999999,1.39172,40426,MT5,H4
2021-03-14 00:00:00,1.39144,1.39317,1.3914,1.39293,1654,MT5,H4
2021-03-15 00:00:00,1.39293,1.39492,1.38526,1.3898,38004,MT5,H4
2021-03-16 00:00:00,1.38979,1.3905699999999999,1.38086,1.39019,36412,MT5,H4
2021-03-17 00:00:00,1.39019,1.39757,1.38506,1.39749,42378,MT5,H4
2021-03-18 00:00:00,1.39748,1.4001000000000001,1.3897,1.39227,51292,MT5,H4
2021-03-19 00:00:00,1.39229,1.39589,1.3830200000000001,1.3866,43995,MT5,H4
2021-03-21 00:00:00,1.38408,1.38448,1.38294,1.38331,1492,MT5,H4
2021-03-22 00:00:00,1.3833,1.38765,1.38175,1.38588,33510,MT5,H4
2021-03-23 00:00:00,1.38589,1.38621,1.37236,1.37308,39364,MT5,H4
2021-03-24 00:00:00,1.37311,1.37422,1.36737,1.36881,37354,MT5,H4
2021-03-25 00:00:00,1.36883,1.3748,1.36694,1.37461,38577,MT5,H4
2021-03-26 00:00:00,1.37463,1.38121,1.37419,1.37915,29879,MT5,H4
2021-03-28 00:00:00,1.37869,1.37945,1.37821,1.37897,1229,MT5,H4
2021-03-29 00:00:00,1.37899,1.38464,1.37548,1.37738,36135,MT5,H4
2021-03-30 00:00:00,1.37738,1.37829,1.37057,1.37454,36025,MT5,H4
2021-03-31 00:00:00,1.37453,1.3811499999999999,1.37161,1.37853,36678,MT5,H4
2021-04-01 00:00:00,1.37853,1.38364,1.37457,1.38327,41006,MT5,H4
2021-04-02 00:00:00,1.38327,1.38514,1.38113,1.38255,19114,MT5,H4
2021-04-04 00:00:00,1.38251,1.38313,1.38153,1.383,1292,MT5,H4
2021-04-05 00:00:00,1.3830200000000001,1.39148,1.38127,1.3912200000000001,23688,MT5,H4
2021-04-06 00:00:00,1.3912,1.39184,1.38016,1.38299,44085,MT5,H4
2021-04-07 00:00:00,1.3829799999999999,1.38397,1.3724,1.3740999999999999,51525,MT5,H4
2021-04-08 00:00:00,1.37412,1.37821,1.37178,1.37329,42735,MT5,H4
2021-04-09 00:00:00,1.37333,1.37503,1.367,1.37057,39576,MT5,H4
2021-04-11 00:00:00,1.3707099999999999,1.37137,1.3698000000000001,1.3707099999999999,1689,MT5,H4
2021-04-12 00:00:00,1.37073,1.37763,1.36684,1.3753199999999999,38109,MT5,H4
2021-04-13 00:00:00,1.37534,1.3768500000000001,1.36939,1.37584,43978,MT5,H4
2021-04-14 00:00:00,1.37585,1.38084,1.37496,1.37774,40055,MT5,H4
2021-04-15 00:00:00,1.3777599999999999,1.38087,1.37611,1.3783,43555,MT5,H4
2021-04-16 00:00:00,1.37833,1.38413,1.3715,1.38408,42850,MT5,H4
2021-04-18 00:00:00,1.38285,1.38334,1.3816899999999999,1.38171,1647,MT5,H4
2021-04-19 00:00:00,1.3817300000000001,1.39926,1.38089,1.3991,52853,MT5,H4
2021-04-20 00:00:00,1.39912,1.40089,1.39259,1.3937599999999999,43793,MT5,H4
2021-04-21 00:00:00,1.39378,1.39492,1.38852,1.3930799999999999,38882,MT5,H4
2021-04-22 00:00:00,1.3931,1.3949,1.38233,1.38382,45043,MT5,H4
2021-04-23 00:00:00,1.38385,1.38952,1.38354,1.38811,39515,MT5,H4
2021-04-25 00:00:00,1.38727,1.38774,1.38642,1.38645,1074,MT5,H4
2021-04-26 00:00:00,1.38647,1.39288,1.38647,1.38944,40846,MT5,H4
2021-04-27 00:00:00,1.38944,1.39235,1.38582,1.39024,39084,MT5,H4
2021-04-28 00:00:00,1.39026,1.3955,1.38604,1.3954,48069,MT5,H4
2021-04-29 00:00:00,1.39542,1.3976199999999999,1.39318,1.39497,46460,MT5,H4
2021-04-30 00:00:00,1.39499,1.39581,1.3802400000000001,1.38154,50971,MT5,H4
2021-05-02 00:00:00,1.38102,1.38222,1.38087,1.38181,1020,MT5,H4
2021-05-03 00:00:00,1.38183,1.39313,1.37999,1.3902700000000001,37128,MT5,H4
2021-05-04 00:00:00,1.39029,1.3905,1.38381,1.3887,53148,MT5,H4
2021-05-05 00:00:00,1.38872,1.39261,1.3876,1.39082,37557,MT5,H4
2021-05-06 00:00:00,1.39084,1.3940299999999999,1.3856600000000001,1.3895,54993,MT5,H4
2021-05-07 00:00:00,1.38953,1.40053,1.38899,1.39872,53882,MT5,H4
2021-05-09 00:00:00,1.40004,1.40439,1.39938,1.404,1784,MT5,H4
2021-05-10 00:00:00,1.40402,1.41578,1.40145,1.4130099999999999,52648,MT5,H4
2021-05-11 00:00:00,1.41303,1.4166,1.41038,1.41351,53529,MT5,H4
2021-05-12 00:00:00,1.41353,1.41525,1.40494,1.4062000000000001,66777,MT5,H4
2021-05-13 00:00:00,1.40621,1.40778,1.40052,1.40458,59853,MT5,H4
2021-05-14 00:00:00,1.4046,1.4110800000000001,1.40357,1.40974,46434,MT5,H4
2021-05-16 00:00:00,1.40973,1.41036,1.40922,1.41005,965,MT5,H4
2021-05-17 00:00:00,1.41003,1.41473,1.40768,1.41471,43547,MT5,H4
2021-05-18 00:00:00,1.41475,1.42202,1.41452,1.4187,46741,MT5,H4
2021-05-19 00:00:00,1.41872,1.42004,1.40988,1.41071,68805,MT5,H4
2021-05-20 00:00:00,1.41071,1.41922,1.41009,1.41844,52120,MT5,H4
2021-05-21 00:00:00,1.41845,1.42337,1.41403,1.41497,52507,MT5,H4
2021-05-23 00:00:00,1.41506,1.4156,1.41357,1.41397,1321,MT5,H4
2021-05-24 00:00:00,1.41399,1.41713,1.41101,1.4154900000000001,43917,MT5,H4
2021-05-25 00:00:00,1.4155,1.42106,1.41154,1.41422,52383,MT5,H4
2021-05-26 00:00:00,1.41424,1.41757,1.41121,1.41148,48525,MT5,H4
2021-05-27 00:00:00,1.41151,1.4218899999999999,1.40915,1.42027,55237,MT5,H4
2021-05-28 00:00:00,1.42028,1.42054,1.4136199999999999,1.41886,58995,MT5,H4
2021-05-30 00:00:00,1.41806,1.419,1.41784,1.41792,712,MT5,H4
2021-05-31 00:00:00,1.4179300000000001,1.4228100000000001,1.41635,1.42266,38839,MT5,H4
2021-06-01 00:00:00,1.42267,1.42485,1.41437,1.41552,61062,MT5,H4
2021-06-02 00:00:00,1.41553,1.4183,1.41106,1.41706,50055,MT5,H4
2021-06-03 00:00:00,1.41707,1.42027,1.40862,1.41078,62029,MT5,H4
2021-06-04 00:00:00,1.41079,1.42,1.40826,1.41584,56497,MT5,H4
2021-06-06 00:00:00,1.41528,1.4165,1.41502,1.41639,1385,MT5,H4
2021-06-07 00:00:00,1.4163999999999999,1.41906,1.4111099999999999,1.41754,45006,MT5,H4
2021-06-08 00:00:00,1.4175499999999999,1.41843,1.4120599999999999,1.41489,45910,MT5,H4
2021-06-09 00:00:00,1.4149,1.41886,1.41082,1.4110800000000001,39784,MT5,H4
2021-06-10 00:00:00,1.41109,1.4178,1.40728,1.417,60534,MT5,H4
2021-06-11 00:00:00,1.4170099999999999,1.41849,1.40955,1.4112,43283,MT5,H4
2021-06-13 00:00:00,1.41032,1.41186,1.4102000000000001,1.4117199999999999,1046,MT5,H4
2021-06-14 00:00:00,1.41174,1.41235,1.40699,1.41093,37479,MT5,H4
2021-06-15 00:00:00,1.41095,1.41284,1.40339,1.40805,45019,MT5,H4
2021-06-16 00:00:00,1.4080599999999999,1.41324,1.39822,1.39887,64213,MT5,H4
2021-06-16 16:00:00,1.41103,1.41104,1.41055,1.41061,170,MT5,H4
2021-06-17 00:00:00,1.3988800000000001,1.40084,1.38955,1.39377,69134,MT5,H4
2021-06-18 00:00:00,1.39378,1.39442,1.37918,1.37984,70827,MT5,H4
2021-06-20 00:00:00,1.38029,1.38229,1.37935,1.3816,1772,MT5,H4
2021-06-21 00:00:00,1.38162,1.39365,1.37863,1.3924,63187,MT5,H4
2021-06-22 00:00:00,1.39242,1.39633,1.38599,1.3949099999999999,51777,MT5,H4
2021-06-23 00:00:00,1.39489,1.4001000000000001,1.39237,1.39664,50599,MT5,H4
2021-06-24 00:00:00,1.39666,1.39863,1.38892,1.3915899999999999,59348,MT5,H4
2021-06-25 00:00:00,1.39161,1.39352,1.3871,1.38797,42403,MT5,H4
2021-06-27 00:00:00,1.38867,1.3896,1.38776,1.3896,1214,MT5,H4
2021-06-28 00:00:00,1.38961,1.39389,1.38705,1.38782,43643,MT5,H4
2021-06-29 00:00:00,1.3878300000000001,1.38803,1.3813900000000001,1.384,44401,MT5,H4
2021-06-30 00:00:00,1.38401,1.38726,1.37982,1.38281,49308,MT5,H4
2021-07-01 00:00:00,1.38283,1.3834,1.37494,1.37588,50946,MT5,H4
2021-07-02 00:00:00,1.37589,1.38442,1.37318,1.38304,54399,MT5,H4
2021-07-04 00:00:00,1.38251,1.3834,1.38251,1.38311,1322,MT5,H4
2021-07-05 00:00:00,1.38312,1.38616,1.38165,1.3853,30835,MT5,H4
2021-07-06 00:00:00,1.38531,1.3898,1.37727,1.38037,60114,MT5,H4
2021-07-07 00:00:00,1.38039,1.38415,1.37537,1.37994,62924,MT5,H4
2021-07-08 00:00:00,1.37995,1.38018,1.37416,1.3789500000000001,76352,MT5,H4
2021-07-09 00:00:00,1.37897,1.3901,1.37553,1.3901,64906,MT5,H4
2021-07-11 00:00:00,1.38918,1.3901,1.38827,1.38984,1996,MT5,H4
2021-07-12 00:00:00,1.38985,1.3909799999999999,1.3838599999999999,1.3886,49332,MT5,H4
2021-07-12 04:00:00,1.38735,1.38762,1.38693,1.38746,906,MT5,H4
2021-07-12 08:00:00,1.38745,1.3879000000000001,1.3839000000000001,1.38426,15424,MT5,H4
2021-07-12 12:00:00,1.38428,1.38701,1.38379,1.38693,7661,MT5,H4
2021-07-13 00:00:00,1.38862,1.39048,1.37997,1.38053,54905,MT5,H4
2021-07-14 00:00:00,1.3805399999999999,1.38918,1.38012,1.38563,59040,MT5,H4
2021-07-15 00:00:00,1.38563,1.38987,1.38045,1.38278,65636,MT5,H4
2021-07-16 00:00:00,1.38279,1.38619,1.37604,1.37639,52476,MT5,H4
2021-07-16 12:00:00,1.3804699999999999,1.38215,1.37723,1.37829,11742,MT5,H4
2021-07-16 16:00:00,1.37831,1.3789,1.37724,1.37764,2771,MT5,H4
2021-07-18 00:00:00,1.37682,1.37711,1.3757,1.3763,1307,MT5,H4
2021-07-18 20:00:00,1.37682,1.37711,1.3757,1.3763,1088,MT5,H4
2021-07-19 00:00:00,1.37632,1.37634,1.3747,1.37557,6021,MT5,H4
2021-07-19 04:00:00,1.37557,1.37611,1.37112,1.37225,9711,MT5,H4
2021-07-19 08:00:00,1.37225,1.37451,1.37001,1.37151,18266,MT5,H4
2021-07-19 12:00:00,1.37151,1.37247,1.36616,1.36895,26871,MT5,H4
2021-07-19 16:00:00,1.36895,1.36895,1.36543,1.36686,10795,MT5,H4
2021-07-19 20:00:00,1.36689,1.3675899999999999,1.36674,1.36685,1882,MT5,H4
2021-07-20 00:00:00,1.36686,1.36893,1.36605,1.3670900000000001,5476,MT5,H4
2021-07-20 04:00:00,1.3670900000000001,1.36727,1.36263,1.36371,11427,MT5,H4
2021-07-20 08:00:00,1.3637000000000001,1.3676599999999999,1.36064,1.36235,17381,MT5,H4
2021-07-20 12:00:00,1.36235,1.36249,1.35718,1.36134,20305,MT5,H4
2021-07-20 16:00:00,1.36135,1.36311,1.36118,1.36297,6266,MT5,H4
2021-07-20 20:00:00,1.36297,1.36341,1.36191,1.3634,2349,MT5,H4
2021-07-21 00:00:00,1.36341,1.36419,1.36064,1.36185,4980,MT5,H4
2021-07-21 04:00:00,1.36185,1.36196,1.35904,1.36086,8769,MT5,H4
2021-07-21 08:00:00,1.3608500000000001,1.36383,1.35958,1.3620700000000001,13105,MT5,H4
2021-07-21 12:00:00,1.36209,1.36938,1.36189,1.36935,14818,MT5,H4
2021-07-21 16:00:00,1.36935,1.37228,1.36833,1.37185,5441,MT5,H4
2021-07-21 20:00:00,1.37186,1.37199,1.37073,1.37116,1278,MT5,H4
2021-07-22 00:00:00,1.37118,1.37137,1.36903,1.37089,3003,MT5,H4
2021-07-22 04:00:00,1.37087,1.37577,1.37086,1.37404,8426,MT5,H4
2021-07-22 08:00:00,1.37405,1.37738,1.37144,1.37728,14777,MT5,H4
2021-07-22 12:00:00,1.37728,1.37869,1.37427,1.37463,18577,MT5,H4
2021-07-22 16:00:00,1.37463,1.3778299999999999,1.37399,1.37665,5285,MT5,H4
2021-07-22 20:00:00,1.37667,1.37757,1.37558,1.37724,1624,MT5,H4
2021-07-23 00:00:00,1.37725,1.37798,1.37562,1.37612,3550,MT5,H4
2021-07-23 04:00:00,1.37611,1.3766,1.37327,1.37427,8186,MT5,H4
2021-07-23 08:00:00,1.37427,1.37449,1.37199,1.37351,12257,MT5,H4
2021-07-23 12:00:00,1.3734899999999999,1.37726,1.3734899999999999,1.37493,12936,MT5,H4
2021-07-23 16:00:00,1.37492,1.3763,1.37481,1.3749500000000001,3435,MT5,H4
2021-07-23 20:00:00,1.37493,1.37516,1.37449,1.37467,548,MT5,H4
2021-07-25 00:00:00,1.37516,1.37609,1.37416,1.37567,866,MT5,H4
2021-07-25 20:00:00,1.37516,1.37609,1.37416,1.37567,861,MT5,H4
2021-07-26 00:00:00,1.37568,1.37577,1.3740700000000001,1.37478,3211,MT5,H4
2021-07-26 04:00:00,1.37477,1.37728,1.37369,1.37567,6775,MT5,H4
2021-07-26 08:00:00,1.3757,1.37989,1.3740999999999999,1.3794,9472,MT5,H4
2021-07-26 12:00:00,1.37941,1.38324,1.37734,1.38294,9949,MT5,H4
2021-07-26 16:00:00,1.3829099999999999,1.38331,1.38107,1.3822,2316,MT5,H4
2021-07-26 20:00:00,1.38219,1.38285,1.3815,1.38258,1439,MT5,H4
2021-07-27 00:00:00,1.38259,1.38314,1.38187,1.38276,2178,MT5,H4
2021-07-27 04:00:00,1.38277,1.3829,1.37769,1.37935,8068,MT5,H4
2021-07-27 08:00:00,1.37936,1.38022,1.37666,1.3801700000000001,9236,MT5,H4
2021-07-27 12:00:00,1.38018,1.38921,1.3801,1.38835,14316,MT5,H4
2021-07-27 16:00:00,1.38833,1.3893900000000001,1.38757,1.38848,3913,MT5,H4
2021-07-27 20:00:00,1.38848,1.38867,1.38753,1.38816,1376,MT5,H4
2021-07-28 00:00:00,1.38818,1.38897,1.38738,1.38746,3099,MT5,H4
2021-07-28 04:00:00,1.38746,1.38944,1.38638,1.38726,4822,MT5,H4
2021-07-28 08:00:00,1.38727,1.38946,1.38618,1.38791,8794,MT5,H4
2021-07-28 12:00:00,1.3879000000000001,1.38865,1.38448,1.38834,9334,MT5,H4
2021-07-28 16:00:00,1.38833,1.3911,1.3843,1.39078,17334,MT5,H4
2021-07-28 20:00:00,1.39077,1.39104,1.39001,1.39055,1130,MT5,H4
2021-07-29 00:00:00,1.39056,1.39294,1.3898,1.39269,3397,MT5,H4
2021-07-29 04:00:00,1.39267,1.39507,1.39248,1.39384,5380,MT5,H4
2021-07-29 08:00:00,1.39382,1.39698,1.39347,1.39626,6946,MT5,H4
2021-07-29 12:00:00,1.39626,1.39816,1.39513,1.39658,8800,MT5,H4
2021-07-29 16:00:00,1.39656,1.39706,1.3957600000000001,1.39636,1919,MT5,H4
2021-07-29 20:00:00,1.39635,1.3970799999999999,1.39551,1.39633,1310,MT5,H4
2021-07-30 00:00:00,1.39635,1.39636,1.39415,1.39422,3237,MT5,H4
2021-07-30 04:00:00,1.39424,1.39689,1.39341,1.39656,3812,MT5,H4
2021-07-30 08:00:00,1.39657,1.39831,1.39538,1.39562,6651,MT5,H4
2021-07-30 12:00:00,1.39561,1.39685,1.3890500000000001,1.39121,11575,MT5,H4
2021-07-30 16:00:00,1.39121,1.39128,1.38879,1.3898,3552,MT5,H4
2021-07-30 20:00:00,1.38978,1.39123,1.38947,1.3906100000000001,966,MT5,H4
2021-08-01 00:00:00,1.38981,1.3902,1.38917,1.38953,700,MT5,H4
2021-08-01 20:00:00,1.38981,1.3902,1.38917,1.38953,660,MT5,H4
2021-08-02 00:00:00,1.38953,1.39044,1.38862,1.38981,3246,MT5,H4
2021-08-02 04:00:00,1.38982,1.39293,1.38961,1.39174,4269,MT5,H4
2021-08-02 08:00:00,1.39172,1.39323,1.38934,1.38998,5077,MT5,H4
2021-08-02 12:00:00,1.38997,1.3918300000000001,1.38839,1.38841,10826,MT5,H4
2021-08-02 16:00:00,1.38842,1.3897599999999999,1.3875600000000001,1.3891200000000001,3478,MT5,H4
2021-08-02 20:00:00,1.3891,1.3891499999999999,1.38779,1.3890500000000001,970,MT5,H4
2021-08-03 00:00:00,1.3890500000000001,1.39012,1.38866,1.3893,2549,MT5,H4
2021-08-03 04:00:00,1.38927,1.39216,1.3888099999999999,1.39131,5467,MT5,H4
2021-08-03 08:00:00,1.39132,1.39383,1.39066,1.39323,5015,MT5,H4
2021-08-03 12:00:00,1.39324,1.39324,1.38823,1.39051,11144,MT5,H4
2021-08-03 16:00:00,1.39052,1.39187,1.39041,1.3918599999999999,2437,MT5,H4
2021-08-03 20:00:00,1.39184,1.39184,1.3909,1.39168,832,MT5,H4
2021-08-04 00:00:00,1.39169,1.39329,1.3900000000000001,1.39249,2322,MT5,H4
2021-08-04 04:00:00,1.3924699999999999,1.39469,1.39212,1.39419,3467,MT5,H4
2021-08-04 08:00:00,1.39419,1.3942700000000001,1.39181,1.3927800000000001,4845,MT5,H4
2021-08-04 12:00:00,1.3927800000000001,1.39573,1.38999,1.39116,11328,MT5,H4
2021-08-04 16:00:00,1.39114,1.39117,1.38871,1.38873,2826,MT5,H4
2021-08-04 20:00:00,1.38873,1.3890500000000001,1.38836,1.38892,823,MT5,H4
2021-08-05 00:00:00,1.38893,1.38975,1.38777,1.3890500000000001,2242,MT5,H4
2021-08-05 04:00:00,1.38904,1.3924400000000001,1.38718,1.3924400000000001,4987,MT5,H4
2021-08-05 08:00:00,1.39243,1.39459,1.39009,1.39248,11794,MT5,H4
2021-08-05 12:00:00,1.3925100000000001,1.39487,1.38992,1.39279,11956,MT5,H4
2021-08-05 16:00:00,1.3928,1.39379,1.39239,1.39311,2766,MT5,H4
2021-08-05 20:00:00,1.39309,1.39309,1.3924,1.39269,851,MT5,H4
2021-08-06 00:00:00,1.3927100000000001,1.39288,1.39151,1.3921000000000001,1632,MT5,H4
2021-08-06 04:00:00,1.39208,1.39327,1.39101,1.39211,3354,MT5,H4
2021-08-06 08:00:00,1.39208,1.39297,1.39048,1.39171,4953,MT5,H4
2021-08-06 12:00:00,1.3917,1.39283,1.38611,1.3871,20005,MT5,H4
2021-08-06 16:00:00,1.38711,1.38811,1.38645,1.38774,2282,MT5,H4
2021-08-06 20:00:00,1.38772,1.38804,1.38724,1.3873199999999999,510,MT5,H4
2021-08-08 00:00:00,1.38741,1.38785,1.3858,1.3866399999999999,1739,MT5,H4
2021-08-08 20:00:00,1.38741,1.38785,1.3858,1.3866399999999999,1705,MT5,H4
2021-08-09 00:00:00,1.38665,1.3869099999999999,1.3854899999999999,1.38684,2888,MT5,H4
2021-08-09 04:00:00,1.38686,1.38902,1.38645,1.38654,3739,MT5,H4
2021-08-09 08:00:00,1.3865,1.38943,1.38502,1.38747,6746,MT5,H4
2021-08-09 12:00:00,1.38745,1.38891,1.38456,1.3850799999999999,8429,MT5,H4
2021-08-09 16:00:00,1.38509,1.38582,1.38407,1.38462,2723,MT5,H4
2021-08-09 20:00:00,1.3846,1.3851499999999999,1.3841999999999999,1.38464,925,MT5,H4
2021-08-10 00:00:00,1.38465,1.3851200000000001,1.38361,1.38472,1717,MT5,H4
2021-08-10 04:00:00,1.38471,1.38605,1.384,1.38519,3866,MT5,H4
2021-08-10 08:00:00,1.38521,1.3872200000000001,1.38514,1.38611,5033,MT5,H4
2021-08-10 12:00:00,1.38612,1.38682,1.3832499999999999,1.38377,7743,MT5,H4
2021-08-10 16:00:00,1.38378,1.3843,1.38272,1.38348,2794,MT5,H4
2021-08-10 20:00:00,1.38348,1.38416,1.38336,1.38352,1024,MT5,H4
2021-08-11 00:00:00,1.38354,1.3836300000000001,1.38193,1.38283,1818,MT5,H4
2021-08-11 04:00:00,1.38284,1.3832900000000001,1.38124,1.38163,2964,MT5,H4
2021-08-11 08:00:00,1.38162,1.38305,1.3801999999999999,1.38292,4019,MT5,H4
2021-08-11 12:00:00,1.38294,1.38758,1.38269,1.38649,14619,MT5,H4
2021-08-11 16:00:00,1.38649,1.38876,1.38631,1.38707,3163,MT5,H4
2021-08-11 20:00:00,1.38708,1.38708,1.38624,1.3866100000000001,958,MT5,H4
2021-08-12 00:00:00,1.38662,1.38743,1.38641,1.38743,1734,MT5,H4
2021-08-12 04:00:00,1.3874,1.3878300000000001,1.38552,1.38775,3027,MT5,H4
2021-08-12 08:00:00,1.38773,1.38773,1.38422,1.38474,4197,MT5,H4
2021-08-12 12:00:00,1.38473,1.38553,1.38223,1.38321,6702,MT5,H4
2021-08-12 16:00:00,1.38323,1.38341,1.37943,1.38057,3437,MT5,H4
2021-08-12 20:00:00,1.3805399999999999,1.38134,1.3803,1.38107,1387,MT5,H4
2021-08-13 00:00:00,1.38107,1.38164,1.38038,1.38136,1285,MT5,H4
2021-08-13 04:00:00,1.38136,1.38152,1.37967,1.38075,2304,MT5,H4
2021-08-13 08:00:00,1.3807800000000001,1.38227,1.3790499999999999,1.38183,3782,MT5,H4
2021-08-13 12:00:00,1.38183,1.38621,1.38183,1.38562,6121,MT5,H4
2021-08-13 16:00:00,1.38563,1.38748,1.38558,1.38704,2348,MT5,H4
2021-08-13 20:00:00,1.38701,1.38707,1.3865,1.38672,476,MT5,H4
2021-08-15 00:00:00,1.3857300000000001,1.38724,1.38545,1.38636,790,MT5,H4
2021-08-15 20:00:00,1.3857300000000001,1.38724,1.38545,1.38636,776,MT5,H4
2021-08-16 00:00:00,1.3863699999999999,1.38673,1.38513,1.38527,1515,MT5,H4
2021-08-16 04:00:00,1.38527,1.3862,1.38385,1.38548,3090,MT5,H4
2021-08-16 08:00:00,1.38547,1.38779,1.38484,1.38651,4666,MT5,H4
2021-08-16 12:00:00,1.38651,1.38723,1.38274,1.38475,9197,MT5,H4
2021-08-16 16:00:00,1.38475,1.38527,1.3835899999999999,1.38389,2022,MT5,H4
2021-08-16 20:00:00,1.38388,1.38459,1.38358,1.38405,875,MT5,H4
2021-08-17 00:00:00,1.38406,1.38407,1.38144,1.38155,2205,MT5,H4
2021-08-17 04:00:00,1.38153,1.3829799999999999,1.37872,1.37994,5101,MT5,H4
2021-08-17 08:00:00,1.37997,1.3813,1.3785,1.37884,5451,MT5,H4
2021-08-17 12:00:00,1.37885,1.37955,1.37336,1.37378,9711,MT5,H4
2021-08-17 16:00:00,1.37379,1.37454,1.37259,1.37385,3141,MT5,H4
2021-08-17 20:00:00,1.3738299999999999,1.3742,1.3725100000000001,1.37398,1259,MT5,H4
2021-08-18 00:00:00,1.37398,1.37588,1.3737,1.37528,2402,MT5,H4
2021-08-18 04:00:00,1.37528,1.37545,1.37308,1.37414,3216,MT5,H4
2021-08-18 08:00:00,1.37416,1.37689,1.37378,1.37687,4454,MT5,H4
2021-08-18 12:00:00,1.37686,1.37706,1.37456,1.37467,6436,MT5,H4
2021-08-18 16:00:00,1.37466,1.37852,1.37448,1.37573,7827,MT5,H4
2021-08-18 20:00:00,1.37571,1.3758,1.37429,1.37429,1296,MT5,H4
2021-08-19 00:00:00,1.37429,1.37494,1.37115,1.37198,3126,MT5,H4
2021-08-19 04:00:00,1.37199,1.37228,1.36897,1.36967,5856,MT5,H4
2021-08-19 08:00:00,1.36966,1.36987,1.36652,1.36812,7521,MT5,H4
2021-08-19 12:00:00,1.36812,1.36939,1.3652,1.36711,9562,MT5,H4
2021-08-19 16:00:00,1.3670900000000001,1.3673,1.36317,1.36341,4013,MT5,H4
2021-08-19 20:00:00,1.3634,1.36388,1.3627799999999999,1.36298,1343,MT5,H4
2021-08-20 00:00:00,1.363,1.36406,1.36172,1.36296,2705,MT5,H4
2021-08-20 04:00:00,1.36297,1.36348,1.36091,1.36177,5371,MT5,H4
2021-08-20 08:00:00,1.36176,1.36296,1.36059,1.36113,4837,MT5,H4
2021-08-20 12:00:00,1.36113,1.36358,1.36019,1.36257,7012,MT5,H4
2021-08-20 16:00:00,1.36255,1.36337,1.36184,1.3625,2267,MT5,H4
2021-08-20 20:00:00,1.3624800000000001,1.3628,1.3622,1.36235,1440,MT5,H4
2021-08-22 00:00:00,1.36194,1.36303,1.36127,1.36243,939,MT5,H4
2021-08-22 20:00:00,1.36194,1.36303,1.36127,1.36243,1136,MT5,H4
2021-08-23 00:00:00,1.36243,1.3654600000000001,1.36243,1.3648,3013,MT5,H4
2021-08-23 04:00:00,1.36478,1.36618,1.36311,1.3649200000000001,4207,MT5,H4
2021-08-23 08:00:00,1.36493,1.36853,1.36448,1.3682,5599,MT5,H4
2021-08-23 12:00:00,1.36818,1.37211,1.36799,1.37157,7558,MT5,H4
2021-08-23 16:00:00,1.37155,1.3731900000000001,1.37154,1.3728099999999999,1724,MT5,H4
2021-08-23 20:00:00,1.3728099999999999,1.37303,1.3713600000000001,1.37229,815,MT5,H4
2021-08-24 00:00:00,1.37231,1.37256,1.3710499999999999,1.3716599999999999,1410,MT5,H4
2021-08-24 04:00:00,1.37165,1.37474,1.37137,1.37164,3982,MT5,H4
2021-08-24 08:00:00,1.37161,1.3732,1.36934,1.37207,5719,MT5,H4
2021-08-24 12:00:00,1.37208,1.37472,1.37063,1.37147,7935,MT5,H4
2021-08-24 16:00:00,1.37146,1.37316,1.37117,1.3731200000000001,1754,MT5,H4
2021-08-24 20:00:00,1.37314,1.37321,1.37218,1.37245,963,MT5,H4
2021-08-25 00:00:00,1.37246,1.37316,1.3713600000000001,1.37184,1865,MT5,H4
2021-08-25 04:00:00,1.37185,1.37265,1.37065,1.37185,3017,MT5,H4
2021-08-25 08:00:00,1.37183,1.37429,1.37117,1.37151,4664,MT5,H4
2021-08-25 12:00:00,1.37152,1.37363,1.36964,1.37216,7184,MT5,H4
2021-08-25 16:00:00,1.37216,1.37666,1.37207,1.37599,2873,MT5,H4
2021-08-25 20:00:00,1.3759700000000001,1.37648,1.3753199999999999,1.37641,985,MT5,H4
2021-08-26 00:00:00,1.37641,1.37677,1.3749500000000001,1.37516,1681,MT5,H4
2021-08-26 04:00:00,1.37517,1.37588,1.3737599999999999,1.37474,3209,MT5,H4
2021-08-26 08:00:00,1.37473,1.37497,1.37311,1.37339,4884,MT5,H4
2021-08-26 12:00:00,1.37339,1.37361,1.37093,1.37117,9769,MT5,H4
2021-08-26 16:00:00,1.37118,1.3715899999999999,1.3688799999999999,1.37,2955,MT5,H4
2021-08-26 20:00:00,1.36999,1.37028,1.36942,1.37001,720,MT5,H4
2021-08-27 00:00:00,1.37002,1.37002,1.36795,1.36972,1983,MT5,H4
2021-08-27 04:00:00,1.36969,1.37206,1.3695,1.37157,3301,MT5,H4
2021-08-27 08:00:00,1.3715899999999999,1.37212,1.36936,1.3719999999999999,4675,MT5,H4
2021-08-27 12:00:00,1.37199,1.3780700000000001,1.37019,1.37673,17393,MT5,H4
2021-08-27 16:00:00,1.37675,1.37795,1.3761700000000001,1.37637,2893,MT5,H4
2021-08-27 20:00:00,1.37635,1.37648,1.3755600000000001,1.37596,559,MT5,H4
2021-08-29 00:00:00,1.37555,1.37656,1.37487,1.37623,975,MT5,H4
2021-08-29 20:00:00,1.37555,1.37656,1.37487,1.37623,1034,MT5,H4
2021-08-30 00:00:00,1.37625,1.3774899999999999,1.3756,1.37694,2005,MT5,H4
2021-08-30 04:00:00,1.37693,1.37748,1.37507,1.37669,2688,MT5,H4
2021-08-30 08:00:00,1.37666,1.37717,1.37481,1.37598,3916,MT5,H4
2021-08-30 12:00:00,1.3759700000000001,1.37675,1.37335,1.37577,5350,MT5,H4
2021-08-30 16:00:00,1.37576,1.37672,1.37533,1.37606,1348,MT5,H4
2021-08-30 20:00:00,1.37603,1.37616,1.37523,1.37585,802,MT5,H4
2021-08-31 00:00:00,1.37586,1.3777300000000001,1.37557,1.37761,2336,MT5,H4
2021-08-31 04:00:00,1.37759,1.3801,1.3774199999999999,1.37839,3912,MT5,H4
2021-08-31 08:00:00,1.3783699999999999,1.37919,1.37591,1.37882,7201,MT5,H4
2021-08-31 12:00:00,1.37883,1.38073,1.37426,1.37477,13181,MT5,H4
2021-08-31 16:00:00,1.3747500000000001,1.3759299999999999,1.37445,1.37482,3538,MT5,H4
2021-08-31 20:00:00,1.3748,1.37581,1.37474,1.3752,901,MT5,H4
2021-09-01 00:00:00,1.37521,1.37557,1.37309,1.3737,2267,MT5,H4
2021-09-01 04:00:00,1.37372,1.37647,1.3731200000000001,1.3756,4482,MT5,H4
2021-09-01 08:00:00,1.3755899999999999,1.37649,1.3743699999999999,1.37572,4580,MT5,H4
2021-09-01 12:00:00,1.3757,1.37981,1.3757,1.3789,9124,MT5,H4
2021-09-01 16:00:00,1.37891,1.37938,1.37676,1.37692,2668,MT5,H4
2021-09-01 20:00:00,1.37692,1.37732,1.3766,1.37709,640,MT5,H4
2021-09-02 00:00:00,1.3771,1.37802,1.37672,1.37741,1539,MT5,H4
2021-09-02 04:00:00,1.3773900000000001,1.37913,1.37708,1.37891,2735,MT5,H4
2021-09-02 08:00:00,1.3789,1.38011,1.37789,1.3789799999999999,3900,MT5,H4
2021-09-02 12:00:00,1.379,1.38361,1.37816,1.38232,6897,MT5,H4
2021-09-02 16:00:00,1.38233,1.38395,1.38228,1.38364,2524,MT5,H4
2021-09-02 20:00:00,1.38361,1.38377,1.38305,1.3835899999999999,791,MT5,H4
2021-09-03 00:00:00,1.3836,1.3845,1.38324,1.38346,2014,MT5,H4
2021-09-03 04:00:00,1.38346,1.38378,1.38246,1.38252,2575,MT5,H4
2021-09-03 08:00:00,1.3825,1.3841,1.38178,1.38321,4727,MT5,H4
2021-09-03 12:00:00,1.3832,1.38744,1.3823400000000001,1.38611,15388,MT5,H4
2021-09-03 16:00:00,1.38611,1.38913,1.38599,1.38628,2490,MT5,H4
2021-09-03 20:00:00,1.3862700000000001,1.38639,1.3857599999999999,1.38586,599,MT5,H4
2021-09-05 00:00:00,1.3860999999999999,1.38673,1.3854199999999999,1.3857300000000001,674,MT5,H4
2021-09-05 20:00:00,1.3860999999999999,1.38673,1.3854199999999999,1.3857300000000001,803,MT5,H4
2021-09-06 00:00:00,1.38575,1.38594,1.38489,1.38517,1763,MT5,H4
2021-09-06 04:00:00,1.38518,1.38555,1.38352,1.38391,2850,MT5,H4
2021-09-06 08:00:00,1.3839299999999999,1.38462,1.3831,1.38452,3762,MT5,H4
2021-09-06 12:00:00,1.3845399999999999,1.38463,1.38183,1.3827,3157,MT5,H4
2021-09-06 16:00:00,1.3826800000000001,1.38379,1.3826800000000001,1.3832200000000001,1441,MT5,H4
2021-09-06 20:00:00,1.38321,1.38405,1.38259,1.38384,857,MT5,H4
2021-09-07 00:00:00,1.38385,1.38563,1.38384,1.38471,1864,MT5,H4
2021-09-07 04:00:00,1.38469,1.38529,1.38205,1.38313,5264,MT5,H4
2021-09-07 08:00:00,1.38315,1.3832200000000001,1.37675,1.37744,8256,MT5,H4
2021-09-07 12:00:00,1.37744,1.38,1.37677,1.3790200000000001,8897,MT5,H4
2021-09-07 16:00:00,1.37901,1.37958,1.37789,1.37809,3036,MT5,H4
2021-09-07 20:00:00,1.37809,1.3787099999999999,1.37785,1.37789,851,MT5,H4
2021-09-08 00:00:00,1.3779,1.37903,1.3774899999999999,1.37793,1911,MT5,H4
2021-09-08 04:00:00,1.37792,1.37823,1.37555,1.37649,5129,MT5,H4
2021-09-08 08:00:00,1.37647,1.3778000000000001,1.37503,1.3768500000000001,6841,MT5,H4
2021-09-08 12:00:00,1.3768099999999999,1.37766,1.37263,1.3762699999999999,10371,MT5,H4
2021-09-08 16:00:00,1.37628,1.37842,1.37572,1.3774,3892,MT5,H4
2021-09-08 20:00:00,1.3774,1.37763,1.37641,1.37663,854,MT5,H4
2021-09-09 00:00:00,1.37666,1.37733,1.3759000000000001,1.37632,2001,MT5,H4
2021-09-09 04:00:00,1.37635,1.3792200000000001,1.37533,1.3787,4443,MT5,H4
2021-09-09 08:00:00,1.37869,1.38376,1.37865,1.38366,7172,MT5,H4
2021-09-09 12:00:00,1.38365,1.38534,1.38206,1.38534,10796,MT5,H4
2021-09-09 16:00:00,1.38534,1.38622,1.38353,1.38376,4534,MT5,H4
2021-09-09 20:00:00,1.38377,1.38401,1.38315,1.38379,1069,MT5,H4
2021-09-10 00:00:00,1.3838,1.38517,1.38327,1.3850799999999999,1919,MT5,H4
2021-09-10 04:00:00,1.3850799999999999,1.38784,1.38397,1.38734,4056,MT5,H4
2021-09-10 08:00:00,1.38731,1.38849,1.3863699999999999,1.3884,5220,MT5,H4
2021-09-10 12:00:00,1.38837,1.38882,1.38413,1.38463,8118,MT5,H4
2021-09-10 16:00:00,1.38463,1.38591,1.38311,1.3832,2932,MT5,H4
2021-09-10 20:00:00,1.38321,1.38352,1.38266,1.38303,710,MT5,H4
2021-09-12 00:00:00,1.38395,1.38411,1.38303,1.38384,662,MT5,H4
2021-09-12 20:00:00,1.38395,1.38411,1.38303,1.38384,812,MT5,H4
2021-09-13 00:00:00,1.38387,1.38456,1.3826100000000001,1.38398,2584,MT5,H4
2021-09-13 04:00:00,1.384,1.38404,1.3796300000000001,1.38163,4861,MT5,H4
2021-09-13 08:00:00,1.3816,1.3832,1.38068,1.38251,4376,MT5,H4
2021-09-13 12:00:00,1.38249,1.38509,1.38134,1.38434,7738,MT5,H4
2021-09-13 16:00:00,1.38435,1.3844699999999999,1.38262,1.3835,2915,MT5,H4
2021-09-13 20:00:00,1.3835,1.38415,1.38309,1.38371,845,MT5,H4
2021-09-14 00:00:00,1.38372,1.38499,1.38345,1.38453,2032,MT5,H4
2021-09-14 04:00:00,1.38453,1.3881700000000001,1.38294,1.38761,4830,MT5,H4
2021-09-14 08:00:00,1.38761,1.38807,1.38523,1.38532,4990,MT5,H4
2021-09-14 12:00:00,1.38531,1.39128,1.38389,1.38465,12595,MT5,H4
2021-09-14 16:00:00,1.38467,1.3856600000000001,1.38034,1.38068,3482,MT5,H4
2021-09-14 20:00:00,1.38068,1.38103,1.38025,1.38077,893,MT5,H4
2021-09-15 00:00:00,1.3807800000000001,1.38123,1.37926,1.38049,2093,MT5,H4
2021-09-15 04:00:00,1.38048,1.38376,1.37968,1.38267,5336,MT5,H4
2021-09-15 08:00:00,1.3826800000000001,1.38425,1.38148,1.3824,4862,MT5,H4
2021-09-15 12:00:00,1.38238,1.38534,1.38128,1.38351,10657,MT5,H4
2021-09-15 16:00:00,1.38352,1.38462,1.3825,1.38459,2411,MT5,H4
2021-09-15 20:00:00,1.38456,1.38522,1.38341,1.3848099999999999,963,MT5,H4
2021-09-16 00:00:00,1.3848099999999999,1.38492,1.38341,1.38343,2022,MT5,H4
2021-09-16 04:00:00,1.38343,1.38375,1.38117,1.38222,4142,MT5,H4
2021-09-16 08:00:00,1.38223,1.3841,1.38049,1.38379,5336,MT5,H4
2021-09-16 12:00:00,1.38376,1.38378,1.37643,1.3783400000000001,9885,MT5,H4
2021-09-16 16:00:00,1.37835,1.3802400000000001,1.37747,1.37926,2896,MT5,H4
2021-09-16 20:00:00,1.37928,1.37995,1.37824,1.37976,1928,MT5,H4
2021-09-17 00:00:00,1.37977,1.37997,1.37835,1.37965,2159,MT5,H4
2021-09-17 04:00:00,1.37967,1.38097,1.37886,1.37911,3802,MT5,H4
2021-09-17 08:00:00,1.37913,1.38125,1.37755,1.37974,6377,MT5,H4
2021-09-17 12:00:00,1.37974,1.3807,1.37405,1.37547,9902,MT5,H4
2021-09-17 16:00:00,1.37547,1.3764,1.37351,1.37362,3475,MT5,H4
2021-09-17 20:00:00,1.37359,1.37369,1.37272,1.37299,786,MT5,H4
2021-09-19 00:00:00,1.37405,1.37479,1.37235,1.37284,902,MT5,H4
2021-09-19 20:00:00,1.37405,1.37479,1.37235,1.37284,1045,MT5,H4
2021-09-20 00:00:00,1.3728500000000001,1.37298,1.37009,1.3709799999999999,2418,MT5,H4
2021-09-20 04:00:00,1.3709799999999999,1.37151,1.36652,1.36697,5480,MT5,H4
2021-09-20 08:00:00,1.3669799999999999,1.36998,1.36563,1.36581,7196,MT5,H4
2021-09-20 12:00:00,1.36579,1.3685100000000001,1.3646099999999999,1.36562,10977,MT5,H4
2021-09-20 16:00:00,1.36559,1.3666,1.36402,1.36647,5195,MT5,H4
2021-09-20 20:00:00,1.36647,1.36649,1.36504,1.3661699999999999,1457,MT5,H4
2021-09-21 00:00:00,1.36618,1.3673,1.3648799999999999,1.36697,3230,MT5,H4
2021-09-21 04:00:00,1.36697,1.36883,1.36624,1.36828,5677,MT5,H4
2021-09-21 08:00:00,1.3683,1.36927,1.3674,1.36785,5917,MT5,H4
2021-09-21 12:00:00,1.36785,1.36889,1.3641,1.36628,12311,MT5,H4
2021-09-21 16:00:00,1.36629,1.3674,1.36499,1.36634,5869,MT5,H4
2021-09-21 20:00:00,1.36633,1.36635,1.3656,1.36573,1048,MT5,H4
2021-09-22 00:00:00,1.36571,1.36779,1.36479,1.36499,4210,MT5,H4
2021-09-22 04:00:00,1.36498,1.366,1.36326,1.36341,4354,MT5,H4
2021-09-22 08:00:00,1.36347,1.36499,1.36301,1.36401,4996,MT5,H4
2021-09-22 12:00:00,1.36398,1.36686,1.36158,1.36676,8240,MT5,H4
2021-09-22 16:00:00,1.36674,1.36895,1.3609200000000001,1.36184,25424,MT5,H4
2021-09-22 20:00:00,1.36184,1.36239,1.36137,1.36159,1538,MT5,H4
2021-09-23 00:00:00,1.36159,1.3645100000000001,1.36121,1.36415,2382,MT5,H4
2021-09-23 04:00:00,1.36413,1.36575,1.36335,1.36559,5719,MT5,H4
2021-09-23 08:00:00,1.36561,1.37191,1.36483,1.37182,15034,MT5,H4
2021-09-23 12:00:00,1.37181,1.37491,1.37029,1.3744399999999999,10750,MT5,H4
2021-09-23 16:00:00,1.3744399999999999,1.3750499999999999,1.3722699999999999,1.37243,4143,MT5,H4
2021-09-23 20:00:00,1.37241,1.3728,1.37149,1.37205,1116,MT5,H4
2021-09-24 00:00:00,1.37206,1.3736,1.3716300000000001,1.37239,2741,MT5,H4
2021-09-24 04:00:00,1.37236,1.3727,1.37022,1.3709,4645,MT5,H4
2021-09-24 08:00:00,1.37089,1.37207,1.3672,1.36752,7315,MT5,H4
2021-09-24 12:00:00,1.36753,1.36948,1.36578,1.36803,8735,MT5,H4
2021-09-24 16:00:00,1.36801,1.369,1.36589,1.36704,3130,MT5,H4
2021-09-24 20:00:00,1.36703,1.3676300000000001,1.36695,1.36722,429,MT5,H4
2021-09-26 00:00:00,1.36626,1.36725,1.36589,1.36681,881,MT5,H4
2021-09-26 20:00:00,1.36626,1.36725,1.36589,1.36682,1059,MT5,H4
2021-09-27 00:00:00,1.36681,1.36798,1.3664100000000001,1.36728,2463,MT5,H4
2021-09-27 04:00:00,1.3673,1.36957,1.36573,1.36804,5750,MT5,H4
2021-09-27 08:00:00,1.36806,1.3713199999999999,1.36794,1.36864,7817,MT5,H4
2021-09-27 12:00:00,1.36864,1.3728799999999999,1.36807,1.37118,12971,MT5,H4
2021-09-27 16:00:00,1.37117,1.37158,1.36996,1.3704,3062,MT5,H4
2021-09-27 20:00:00,1.37038,1.3707099999999999,1.3697300000000001,1.37005,802,MT5,H4
2021-09-28 00:00:00,1.37005,1.3706800000000001,1.3688,1.37039,1750,MT5,H4
2021-09-28 04:00:00,1.37036,1.37171,1.36647,1.36773,6379,MT5,H4
2021-09-28 08:00:00,1.36773,1.36777,1.35933,1.3597299999999999,12217,MT5,H4
2021-09-28 12:00:00,1.35971,1.3597299999999999,1.3523,1.35355,21052,MT5,H4
2021-09-28 16:00:00,1.35352,1.35463,1.35206,1.35395,6088,MT5,H4
2021-09-28 20:00:00,1.35393,1.35458,1.35297,1.35412,1548,MT5,H4
2021-09-29 00:00:00,1.3541400000000001,1.35472,1.35297,1.35457,4112,MT5,H4
2021-09-29 04:00:00,1.35459,1.35544,1.35033,1.35179,8064,MT5,H4
2021-09-29 08:00:00,1.3518,1.35298,1.34721,1.34898,9753,MT5,H4
2021-09-29 12:00:00,1.34896,1.3490199999999999,1.34218,1.3437000000000001,15702,MT5,H4
2021-09-29 16:00:00,1.34372,1.3442,1.34109,1.34164,6056,MT5,H4
2021-09-29 20:00:00,1.34161,1.34315,1.34151,1.34268,1075,MT5,H4
2021-09-30 00:00:00,1.34269,1.34581,1.3424800000000001,1.34554,3046,MT5,H4
2021-09-30 04:00:00,1.3455300000000001,1.34592,1.34148,1.34425,6478,MT5,H4
2021-09-30 08:00:00,1.34427,1.34687,1.34297,1.34494,7641,MT5,H4
2021-09-30 12:00:00,1.34493,1.35171,1.34493,1.3469,17007,MT5,H4
2021-09-30 16:00:00,1.34692,1.34843,1.34471,1.34722,7982,MT5,H4
2021-09-30 20:00:00,1.34721,1.34802,1.34666,1.3468499999999999,1398,MT5,H4
2021-10-01 00:00:00,1.34686,1.34725,1.34445,1.34546,4566,MT5,H4
2021-10-01 04:00:00,1.34546,1.34664,1.34334,1.34609,10134,MT5,H4
2021-10-01 08:00:00,1.34607,1.35419,1.34488,1.35403,11677,MT5,H4
2021-10-01 12:00:00,1.354,1.3575300000000001,1.35252,1.35701,16427,MT5,H4
2021-10-01 16:00:00,1.35702,1.3575,1.35469,1.35514,5180,MT5,H4
2021-10-01 20:00:00,1.3551199999999999,1.35528,1.35425,1.35443,498,MT5,H4
2021-10-03 00:00:00,1.35517,1.3575300000000001,1.35408,1.35696,1158,MT5,H4
2021-10-03 20:00:00,1.35517,1.3575300000000001,1.35408,1.35696,1238,MT5,H4
2021-10-04 00:00:00,1.35698,1.35768,1.35335,1.35346,2896,MT5,H4
2021-10-04 04:00:00,1.35344,1.35635,1.35307,1.35622,7607,MT5,H4
2021-10-04 08:00:00,1.3562400000000001,1.3606500000000001,1.3543,1.3605,10811,MT5,H4
2021-10-04 12:00:00,1.3605,1.36399,1.35944,1.36003,12633,MT5,H4
2021-10-04 16:00:00,1.3600400000000001,1.3618000000000001,1.35985,1.36127,5967,MT5,H4
2021-10-04 20:00:00,1.36129,1.36157,1.36016,1.3606500000000001,1144,MT5,H4
2021-10-05 00:00:00,1.36063,1.3611900000000001,1.35843,1.35955,4172,MT5,H4
2021-10-05 04:00:00,1.35954,1.36167,1.3584399999999999,1.3608,7442,MT5,H4
2021-10-05 08:00:00,1.36082,1.36426,1.36055,1.36195,8490,MT5,H4
2021-10-05 12:00:00,1.36193,1.36474,1.35992,1.36396,12274,MT5,H4
2021-10-05 16:00:00,1.36394,1.36444,1.36219,1.36239,4044,MT5,H4
2021-10-05 20:00:00,1.3624,1.36299,1.3620700000000001,1.3626,995,MT5,H4
2021-10-06 00:00:00,1.36259,1.3631,1.3609200000000001,1.36139,3230,MT5,H4
2021-10-06 04:00:00,1.36141,1.36148,1.3563,1.3563399999999999,8319,MT5,H4
2021-10-06 08:00:00,1.35632,1.35782,1.35438,1.35712,11084,MT5,H4
2021-10-06 12:00:00,1.3571,1.35908,1.35499,1.3565800000000001,15523,MT5,H4
2021-10-06 16:00:00,1.3566099999999999,1.35891,1.35532,1.35887,6868,MT5,H4
2021-10-06 20:00:00,1.35886,1.35926,1.35781,1.35918,1487,MT5,H4
2021-10-07 00:00:00,1.35919,1.35974,1.35772,1.3584,2474,MT5,H4
2021-10-07 04:00:00,1.3584,1.36046,1.3572899999999999,1.35819,6718,MT5,H4
2021-10-07 08:00:00,1.3581699999999999,1.36176,1.35703,1.3606500000000001,9552,MT5,H4
2021-10-07 12:00:00,1.36067,1.36381,1.35853,1.3632,10125,MT5,H4
2021-10-07 16:00:00,1.36318,1.36376,1.36132,1.36162,4018,MT5,H4
2021-10-07 20:00:00,1.36163,1.36192,1.36106,1.36189,1008,MT5,H4
2021-10-08 00:00:00,1.3618700000000001,1.3623,1.36064,1.36094,2909,MT5,H4
2021-10-08 04:00:00,1.36096,1.36127,1.35826,1.35923,5585,MT5,H4
2021-10-08 08:00:00,1.35921,1.36375,1.35863,1.36233,5804,MT5,H4
2021-10-08 12:00:00,1.36232,1.36581,1.36117,1.3629,19235,MT5,H4
2021-10-08 16:00:00,1.36291,1.36291,1.3609499999999999,1.36197,3504,MT5,H4
2021-10-08 20:00:00,1.36196,1.36205,1.36117,1.36155,471,MT5,H4
2021-10-10 00:00:00,1.36148,1.36263,1.36099,1.36157,1103,MT5,H4
2021-10-10 20:00:00,1.36148,1.36263,1.36099,1.36157,1325,MT5,H4
2021-10-11 00:00:00,1.36157,1.36557,1.36151,1.36367,3352,MT5,H4
2021-10-11 04:00:00,1.36365,1.3673600000000001,1.36344,1.36478,7290,MT5,H4
2021-10-11 08:00:00,1.36478,1.36566,1.3611,1.36295,8060,MT5,H4
2021-10-11 12:00:00,1.36293,1.36509,1.36182,1.3624399999999999,7799,MT5,H4
2021-10-11 16:00:00,1.36245,1.36245,1.35856,1.35862,3843,MT5,H4
2021-10-11 20:00:00,1.35862,1.3596300000000001,1.35843,1.35908,1470,MT5,H4
2021-10-12 00:00:00,1.3590900000000001,1.36022,1.35807,1.3596599999999999,2660,MT5,H4
2021-10-12 04:00:00,1.35964,1.36118,1.35832,1.3584800000000001,4931,MT5,H4
2021-10-12 08:00:00,1.35847,1.36298,1.35682,1.36253,7312,MT5,H4
2021-10-12 12:00:00,1.36252,1.36371,1.3569200000000001,1.36029,13199,MT5,H4
2021-10-12 16:00:00,1.36029,1.36055,1.35762,1.35931,4267,MT5,H4
2021-10-12 20:00:00,1.3593,1.3593,1.35758,1.35766,1004,MT5,H4
2021-10-13 00:00:00,1.35764,1.3618000000000001,1.35757,1.36138,2724,MT5,H4
2021-10-13 04:00:00,1.36139,1.36277,1.36018,1.36206,5443,MT5,H4
2021-10-13 08:00:00,1.36208,1.36439,1.36163,1.3620700000000001,7982,MT5,H4
2021-10-13 12:00:00,1.36206,1.36479,1.3587500000000001,1.36441,15531,MT5,H4
2021-10-13 16:00:00,1.36443,1.36646,1.36314,1.36609,5444,MT5,H4
2021-10-13 20:00:00,1.36611,1.36687,1.36527,1.36681,811,MT5,H4
2021-10-14 00:00:00,1.36682,1.36721,1.36581,1.36693,1477,MT5,H4
2021-10-14 04:00:00,1.36695,1.36987,1.3660999999999999,1.36969,3500,MT5,H4
2021-10-14 08:00:00,1.36966,1.3734,1.36955,1.37161,6730,MT5,H4
2021-10-14 12:00:00,1.37158,1.37198,1.36752,1.36841,9897,MT5,H4
2021-10-14 16:00:00,1.3684,1.36909,1.3669799999999999,1.3671,3492,MT5,H4
2021-10-14 20:00:00,1.3670900000000001,1.36767,1.36673,1.36679,1026,MT5,H4
2021-10-15 00:00:00,1.3668,1.36884,1.36679,1.36852,2000,MT5,H4
2021-10-15 04:00:00,1.36852,1.37287,1.36747,1.37202,5337,MT5,H4
2021-10-15 08:00:00,1.37203,1.37577,1.37158,1.37507,7821,MT5,H4
2021-10-15 12:00:00,1.37509,1.37728,1.37328,1.37555,10647,MT5,H4
2021-10-15 16:00:00,1.37555,1.37637,1.374,1.37428,3724,MT5,H4
2021-10-15 20:00:00,1.37428,1.37476,1.37394,1.37449,590,MT5,H4
2021-10-17 00:00:00,1.3747099999999999,1.37648,1.3744399999999999,1.37604,1814,MT5,H4
2021-10-17 20:00:00,1.3747099999999999,1.37648,1.3744399999999999,1.37604,2113,MT5,H4
2021-10-18 00:00:00,1.37605,1.37633,1.37275,1.37296,2215,MT5,H4
2021-10-18 04:00:00,1.37297,1.3746800000000001,1.37194,1.3746800000000001,4873,MT5,H4
2021-10-18 08:00:00,1.37469,1.3747099999999999,1.37164,1.3734199999999999,6926,MT5,H4
2021-10-18 12:00:00,1.37339,1.37456,1.37087,1.37267,9715,MT5,H4
2021-10-18 16:00:00,1.37269,1.37396,1.37232,1.37314,2907,MT5,H4
2021-10-18 20:00:00,1.37313,1.37361,1.37214,1.37352,824,MT5,H4
2021-10-19 00:00:00,1.37355,1.37663,1.37355,1.3765399999999999,2489,MT5,H4
2021-10-19 04:00:00,1.37653,1.37874,1.37653,1.37797,5106,MT5,H4
2021-10-19 08:00:00,1.37795,1.38336,1.37787,1.38247,6811,MT5,H4
2021-10-19 12:00:00,1.38247,1.38321,1.37915,1.38058,8543,MT5,H4
2021-10-19 16:00:00,1.38056,1.38123,1.37915,1.37915,2871,MT5,H4
2021-10-19 20:00:00,1.37916,1.37968,1.37883,1.37921,727,MT5,H4
2021-10-20 00:00:00,1.3792200000000001,1.38147,1.3788,1.38076,2962,MT5,H4
2021-10-20 04:00:00,1.38073,1.3813,1.37684,1.37731,5617,MT5,H4
2021-10-20 08:00:00,1.37732,1.37893,1.37421,1.37426,5116,MT5,H4
2021-10-20 12:00:00,1.37425,1.3824,1.37423,1.3820299999999999,9170,MT5,H4
2021-10-20 16:00:00,1.38204,1.38341,1.3816899999999999,1.38251,3429,MT5,H4
2021-10-20 20:00:00,1.38254,1.38276,1.3812,1.38216,850,MT5,H4
2021-10-21 00:00:00,1.38217,1.3832900000000001,1.38216,1.38317,2294,MT5,H4
2021-10-21 04:00:00,1.38318,1.3832200000000001,1.37911,1.38156,5916,MT5,H4
2021-10-21 08:00:00,1.38155,1.3816899999999999,1.37856,1.38113,5384,MT5,H4
2021-10-21 12:00:00,1.3811200000000001,1.38242,1.37949,1.38101,10505,MT5,H4
2021-10-21 16:00:00,1.38099,1.38131,1.37758,1.3787099999999999,3925,MT5,H4
2021-10-21 20:00:00,1.3787099999999999,1.37951,1.3784399999999999,1.37909,1103,MT5,H4
2021-10-22 00:00:00,1.37906,1.38091,1.37825,1.37958,3382,MT5,H4
2021-10-22 04:00:00,1.37957,1.38033,1.37771,1.37775,6685,MT5,H4
2021-10-22 08:00:00,1.37775,1.38144,1.37704,1.37831,8439,MT5,H4
2021-10-22 12:00:00,1.37829,1.37936,1.37354,1.37429,14510,MT5,H4
2021-10-22 16:00:00,1.3743,1.3761700000000001,1.37357,1.3761700000000001,6566,MT5,H4
2021-10-22 20:00:00,1.37615,1.3761700000000001,1.37537,1.37584,471,MT5,H4
2021-10-24 00:00:00,1.3746399999999999,1.37644,1.37462,1.3761700000000001,805,MT5,H4
2021-10-24 20:00:00,1.3746399999999999,1.37644,1.37462,1.3761700000000001,802,MT5,H4
2021-10-25 00:00:00,1.37618,1.37846,1.37596,1.37811,4159,MT5,H4
2021-10-25 04:00:00,1.37809,1.37906,1.37595,1.37873,5856,MT5,H4
2021-10-25 08:00:00,1.37873,1.37917,1.37421,1.3754,7904,MT5,H4
2021-10-25 12:00:00,1.37538,1.37795,1.37416,1.3773,11087,MT5,H4
2021-10-25 16:00:00,1.37728,1.37755,1.37564,1.37663,3111,MT5,H4
2021-10-25 20:00:00,1.3766,1.37693,1.37585,1.37632,776,MT5,H4
2021-10-26 00:00:00,1.37634,1.37718,1.37567,1.37655,2820,MT5,H4
2021-10-26 04:00:00,1.37653,1.3787099999999999,1.3757,1.37703,5572,MT5,H4
2021-10-26 08:00:00,1.37704,1.38293,1.37655,1.38066,8811,MT5,H4
2021-10-26 12:00:00,1.38064,1.38094,1.37653,1.37694,11182,MT5,H4
2021-10-26 16:00:00,1.37694,1.37705,1.37581,1.37632,4134,MT5,H4
2021-10-26 20:00:00,1.37633,1.37673,1.3761,1.37652,869,MT5,H4
2021-10-27 00:00:00,1.37653,1.37777,1.37653,1.37694,2915,MT5,H4
2021-10-27 04:00:00,1.37695,1.37805,1.37422,1.37463,5092,MT5,H4
2021-10-27 08:00:00,1.3746,1.37594,1.3710200000000001,1.37326,9814,MT5,H4
2021-10-27 12:00:00,1.37324,1.37544,1.37093,1.37381,15248,MT5,H4
2021-10-27 16:00:00,1.37382,1.37589,1.37317,1.37367,5365,MT5,H4
2021-10-27 20:00:00,1.37367,1.37418,1.37307,1.3731499999999999,910,MT5,H4
2021-10-28 00:00:00,1.37316,1.3746,1.3721999999999999,1.37457,3931,MT5,H4
2021-10-28 04:00:00,1.37456,1.37735,1.3735,1.37591,6333,MT5,H4
2021-10-28 08:00:00,1.37592,1.37664,1.37387,1.37494,9507,MT5,H4
2021-10-28 12:00:00,1.37493,1.38147,1.373,1.38036,19245,MT5,H4
2021-10-28 16:00:00,1.38037,1.38064,1.37853,1.37886,5932,MT5,H4
2021-10-28 20:00:00,1.37884,1.38003,1.3786800000000001,1.37982,1212,MT5,H4
2021-10-29 00:00:00,1.37985,1.38035,1.37875,1.37948,3728,MT5,H4
2021-10-29 04:00:00,1.37947,1.38016,1.37769,1.37896,5363,MT5,H4
2021-10-29 08:00:00,1.37893,1.38002,1.37637,1.37891,8522,MT5,H4
2021-10-29 12:00:00,1.37889,1.3789799999999999,1.36796,1.36844,17982,MT5,H4
2021-10-29 16:00:00,1.36846,1.3698299999999999,1.36681,1.3685,5876,MT5,H4
2021-10-29 20:00:00,1.36849,1.3695300000000001,1.36836,1.3692199999999999,741,MT5,H4
2021-10-31 00:00:00,1.36813,1.36878,1.36789,1.36822,901,MT5,H4
2021-10-31 20:00:00,1.36813,1.36878,1.36789,1.36822,894,MT5,H4
2021-11-01 00:00:00,1.3682400000000001,1.36877,1.36657,1.3679299999999999,3600,MT5,H4
2021-11-01 04:00:00,1.36791,1.36874,1.36426,1.36509,4723,MT5,H4
2021-11-01 08:00:00,1.36507,1.36781,1.36417,1.3676300000000001,8806,MT5,H4
2021-11-01 12:00:00,1.36761,1.36929,1.36611,1.36777,10499,MT5,H4
2021-11-01 16:00:00,1.36779,1.36814,1.36526,1.36625,5042,MT5,H4
2021-11-01 20:00:00,1.36624,1.36693,1.36543,1.36543,1530,MT5,H4
2021-11-02 00:00:00,1.36544,1.36592,1.36452,1.36511,3365,MT5,H4
2021-11-02 04:00:00,1.36509,1.36667,1.3639299999999999,1.36587,6191,MT5,H4
2021-11-02 08:00:00,1.36585,1.3660700000000001,1.3625099999999999,1.36482,9500,MT5,H4
2021-11-02 12:00:00,1.36482,1.36635,1.36082,1.36112,11052,MT5,H4
2021-11-02 16:00:00,1.36111,1.36249,1.36054,1.36157,3752,MT5,H4
2021-11-02 20:00:00,1.36158,1.36191,1.36089,1.36158,964,MT5,H4
2021-11-03 00:00:00,1.3616,1.3633199999999999,1.36105,1.3632,2049,MT5,H4
2021-11-03 04:00:00,1.36322,1.36343,1.36191,1.36201,3171,MT5,H4
2021-11-03 08:00:00,1.36198,1.36542,1.36071,1.36533,7257,MT5,H4
2021-11-03 12:00:00,1.36531,1.36662,1.3633,1.36589,9966,MT5,H4
2021-11-03 16:00:00,1.36587,1.36918,1.36426,1.36819,21918,MT5,H4
2021-11-03 20:00:00,1.36821,1.36981,1.36784,1.36938,1190,MT5,H4
2021-11-04 00:00:00,1.36939,1.36939,1.36596,1.3662,2423,MT5,H4
2021-11-04 04:00:00,1.3662,1.3669799999999999,1.36509,1.36578,3939,MT5,H4
2021-11-04 08:00:00,1.36581,1.36603,1.36162,1.36409,8128,MT5,H4
2021-11-04 12:00:00,1.36406,1.36408,1.3470900000000001,1.34914,27241,MT5,H4
2021-11-04 16:00:00,1.34915,1.35156,1.34842,1.35032,5943,MT5,H4
2021-11-04 20:00:00,1.3503,1.35077,1.34901,1.3507500000000001,1175,MT5,H4
2021-11-05 00:00:00,1.35077,1.35077,1.34839,1.34993,3344,MT5,H4
2021-11-05 04:00:00,1.34994,1.35087,1.34896,1.35045,3245,MT5,H4
2021-11-05 08:00:00,1.35047,1.35049,1.34241,1.34421,12262,MT5,H4
2021-11-05 12:00:00,1.34419,1.34993,1.34296,1.34898,16032,MT5,H4
2021-11-05 16:00:00,1.34896,1.35066,1.34767,1.34927,4668,MT5,H4
2021-11-05 20:00:00,1.34927,1.34966,1.34875,1.3495599999999999,623,MT5,H4
2021-11-07 00:00:00,1.34844,1.34938,1.34836,1.34903,891,MT5,H4
2021-11-07 20:00:00,1.34844,1.34938,1.34836,1.34903,854,MT5,H4
2021-11-08 00:00:00,1.349,1.34941,1.34718,1.34789,2694,MT5,H4
2021-11-08 04:00:00,1.3479,1.34958,1.34728,1.34805,3354,MT5,H4
2021-11-08 08:00:00,1.34806,1.35161,1.34501,1.35151,7346,MT5,H4
2021-11-08 12:00:00,1.35149,1.35795,1.35038,1.35615,10520,MT5,H4
2021-11-08 16:00:00,1.35613,1.35684,1.3549,1.35549,4770,MT5,H4
2021-11-08 20:00:00,1.3555,1.3568,1.35523,1.3563399999999999,2100,MT5,H4
2021-11-09 00:00:00,1.35632,1.35669,1.35477,1.35569,2953,MT5,H4
2021-11-09 04:00:00,1.35571,1.3582,1.35567,1.35659,4219,MT5,H4
2021-11-09 08:00:00,1.3566,1.36071,1.35567,1.35697,8311,MT5,H4
2021-11-09 12:00:00,1.35697,1.35748,1.35288,1.3550200000000001,11494,MT5,H4
2021-11-09 16:00:00,1.3550200000000001,1.35676,1.35239,1.35617,6375,MT5,H4
2021-11-09 20:00:00,1.35616,1.35678,1.35529,1.35595,1610,MT5,H4
2021-11-10 00:00:00,1.3559700000000001,1.35646,1.35459,1.35575,2536,MT5,H4
2021-11-10 04:00:00,1.35576,1.3563399999999999,1.35436,1.3553600000000001,4014,MT5,H4
2021-11-10 08:00:00,1.35535,1.35578,1.35006,1.35103,9703,MT5,H4
2021-11-10 12:00:00,1.351,1.35388,1.3468,1.34747,17810,MT5,H4
2021-11-10 16:00:00,1.34745,1.34992,1.34131,1.34135,12299,MT5,H4
2021-11-10 20:00:00,1.3413599999999999,1.3415599999999999,1.34008,1.34118,2912,MT5,H4
2021-11-11 00:00:00,1.34116,1.34195,1.33925,1.34069,4514,MT5,H4
2021-11-11 04:00:00,1.34067,1.34329,1.33867,1.33911,4770,MT5,H4
2021-11-11 08:00:00,1.33913,1.3409900000000001,1.33628,1.33982,9992,MT5,H4
2021-11-11 12:00:00,1.3397999999999999,1.34166,1.33822,1.3391899999999999,10189,MT5,H4
2021-11-11 16:00:00,1.33917,1.33954,1.33594,1.33632,5659,MT5,H4
2021-11-11 20:00:00,1.33632,1.33691,1.3358400000000001,1.3364500000000001,2147,MT5,H4
2021-11-12 00:00:00,1.33646,1.33715,1.33532,1.33602,2070,MT5,H4
2021-11-12 04:00:00,1.336,1.33887,1.33591,1.33883,3354,MT5,H4
2021-11-12 08:00:00,1.3388499999999999,1.34114,1.33772,1.33921,7639,MT5,H4
2021-11-12 12:00:00,1.33923,1.34243,1.33788,1.33937,10902,MT5,H4
2021-11-12 16:00:00,1.33937,1.34259,1.3392,1.3414,4471,MT5,H4
2021-11-12 20:00:00,1.34141,1.34222,1.3409200000000001,1.3413300000000001,1124,MT5,H4
2021-11-14 00:00:00,1.34137,1.34184,1.34085,1.34151,791,MT5,H4
2021-11-14 20:00:00,1.34137,1.34184,1.34085,1.34151,789,MT5,H4
2021-11-15 00:00:00,1.34158,1.34389,1.3412600000000001,1.34276,2377,MT5,H4
2021-11-15 04:00:00,1.34277,1.34396,1.34218,1.34263,3682,MT5,H4
2021-11-15 08:00:00,1.34263,1.3443399999999999,1.34029,1.34401,8154,MT5,H4
2021-11-15 12:00:00,1.3439999999999999,1.34491,1.34209,1.3431199999999999,9165,MT5,H4
2021-11-15 16:00:00,1.3431199999999999,1.34437,1.34165,1.34271,6503,MT5,H4
2021-11-15 20:00:00,1.34271,1.34308,1.3405,1.34097,1962,MT5,H4
2021-11-16 00:00:00,1.341,1.34381,1.341,1.34332,3232,MT5,H4
2021-11-16 04:00:00,1.34334,1.34646,1.34168,1.34638,5713,MT5,H4
2021-11-16 08:00:00,1.34637,1.34725,1.34322,1.34467,9265,MT5,H4
2021-11-16 12:00:00,1.3446500000000001,1.34625,1.34145,1.34206,13605,MT5,H4
2021-11-16 16:00:00,1.34203,1.3443100000000001,1.3418700000000001,1.3428499999999999,6055,MT5,H4
2021-11-16 20:00:00,1.34283,1.34308,1.34198,1.3424800000000001,2127,MT5,H4
2021-11-17 00:00:00,1.3425,1.34364,1.3395000000000001,1.34139,4054,MT5,H4
2021-11-17 04:00:00,1.34138,1.34731,1.34106,1.34466,9271,MT5,H4
2021-11-17 08:00:00,1.34466,1.34562,1.34165,1.34534,10567,MT5,H4
2021-11-17 12:00:00,1.34535,1.34912,1.34514,1.34646,11681,MT5,H4
2021-11-17 16:00:00,1.34644,1.34959,1.34588,1.3485,6309,MT5,H4
2021-11-17 20:00:00,1.34849,1.34954,1.34815,1.34881,2786,MT5,H4
2021-11-18 00:00:00,1.34883,1.35035,1.34846,1.3492600000000001,3291,MT5,H4
2021-11-18 04:00:00,1.34927,1.35133,1.34836,1.351,4031,MT5,H4
2021-11-18 08:00:00,1.35099,1.35124,1.3484099999999999,1.34871,9880,MT5,H4
2021-11-18 12:00:00,1.34873,1.34937,1.34637,1.34764,11885,MT5,H4
2021-11-18 16:00:00,1.34763,1.35047,1.347,1.34965,5051,MT5,H4
2021-11-18 20:00:00,1.34967,1.35037,1.34914,1.3498700000000001,1374,MT5,H4
2021-11-19 00:00:00,1.34984,1.34985,1.34828,1.3485800000000001,2266,MT5,H4
2021-11-19 04:00:00,1.34857,1.35094,1.34808,1.3491,3573,MT5,H4
2021-11-19 08:00:00,1.3491,1.34969,1.34071,1.345,18781,MT5,H4
2021-11-19 12:00:00,1.345,1.3473,1.34135,1.3459699999999999,18361,MT5,H4
2021-11-19 16:00:00,1.34595,1.34748,1.34428,1.34467,7661,MT5,H4
2021-11-19 20:00:00,1.3446500000000001,1.34501,1.34397,1.3443399999999999,1536,MT5,H4
2021-11-21 00:00:00,1.34505,1.34512,1.34298,1.34326,845,MT5,H4
2021-11-21 20:00:00,1.34505,1.34512,1.34298,1.34326,789,MT5,H4
2021-11-22 00:00:00,1.34329,1.34482,1.34271,1.34355,4498,MT5,H4
2021-11-22 04:00:00,1.34353,1.34487,1.34277,1.34281,5211,MT5,H4
2021-11-22 08:00:00,1.34283,1.34471,1.34189,1.34419,11854,MT5,H4
2021-11-22 12:00:00,1.34418,1.3449499999999999,1.33898,1.34,16728,MT5,H4
2021-11-22 16:00:00,1.33998,1.34207,1.33841,1.33847,7242,MT5,H4
2021-11-22 20:00:00,1.33845,1.33989,1.33845,1.3397000000000001,2249,MT5,H4
2021-11-23 00:00:00,1.33972,1.34052,1.3385099999999999,1.33966,2503,MT5,H4
2021-11-23 04:00:00,1.33966,1.34093,1.33798,1.33982,6386,MT5,H4
2021-11-23 08:00:00,1.3397999999999999,1.3397999999999999,1.33561,1.3357299999999999,14738,MT5,H4
2021-11-23 12:00:00,1.33575,1.3379699999999999,1.33411,1.33689,14305,MT5,H4
2021-11-23 16:00:00,1.33691,1.33879,1.3359,1.33801,6892,MT5,H4
2021-11-23 20:00:00,1.33803,1.3385099999999999,1.33721,1.33748,1792,MT5,H4
2021-11-24 00:00:00,1.33751,1.3382800000000001,1.33669,1.33698,3430,MT5,H4
2021-11-24 04:00:00,1.33697,1.33896,1.33684,1.33711,5026,MT5,H4
2021-11-24 08:00:00,1.33711,1.33837,1.33518,1.33707,10817,MT5,H4
2021-11-24 12:00:00,1.33705,1.33785,1.3324799999999999,1.3330199999999999,16629,MT5,H4
2021-11-24 16:00:00,1.33301,1.33378,1.33155,1.3321,6674,MT5,H4
2021-11-24 20:00:00,1.33208,1.3332899999999999,1.33192,1.33294,1637,MT5,H4
2021-11-25 00:00:00,1.33297,1.33521,1.33279,1.3348,2429,MT5,H4
2021-11-25 04:00:00,1.33481,1.33513,1.33411,1.33491,2323,MT5,H4
2021-11-25 08:00:00,1.3349199999999999,1.33533,1.3315299999999999,1.33231,6704,MT5,H4
2021-11-25 12:00:00,1.33229,1.3327499999999999,1.33053,1.33185,6037,MT5,H4
2021-11-25 16:00:00,1.33182,1.3331,1.33171,1.3320400000000001,4757,MT5,H4
2021-11-25 20:00:00,1.33205,1.33236,1.3311899999999999,1.33121,2671,MT5,H4
2021-11-26 00:00:00,1.3312300000000001,1.33171,1.32978,1.33012,5562,MT5,H4
2021-11-26 04:00:00,1.33013,1.33083,1.32954,1.33023,6670,MT5,H4
2021-11-26 08:00:00,1.33023,1.33384,1.32775,1.33292,18380,MT5,H4
2021-11-26 12:00:00,1.33293,1.3349,1.33182,1.33352,14826,MT5,H4
2021-11-26 16:00:00,1.33353,1.33442,1.33073,1.3333599999999999,11049,MT5,H4
2021-11-26 20:00:00,1.33344,1.33582,1.33254,1.33297,3142,MT5,H4
2021-11-28 00:00:00,1.3336700000000001,1.33435,1.3327499999999999,1.33401,1626,MT5,H4
2021-11-28 20:00:00,1.3336700000000001,1.33435,1.3327499999999999,1.33401,1562,MT5,H4
2021-11-29 00:00:00,1.33399,1.33417,1.33271,1.33339,5228,MT5,H4
2021-11-29 04:00:00,1.33337,1.33414,1.33193,1.33293,6325,MT5,H4
2021-11-29 08:00:00,1.33291,1.33626,1.3318699999999999,1.33414,9439,MT5,H4
2021-11-29 12:00:00,1.33411,1.33464,1.32918,1.32945,12135,MT5,H4
2021-11-29 16:00:00,1.32944,1.3308499999999999,1.3287200000000001,1.32914,5654,MT5,H4
2021-11-29 20:00:00,1.32914,1.3323,1.32914,1.33139,2448,MT5,H4
2021-11-30 00:00:00,1.3314,1.33293,1.33095,1.33212,3262,MT5,H4
2021-11-30 04:00:00,1.3321100000000001,1.3329900000000001,1.3307,1.33281,10188,MT5,H4
2021-11-30 08:00:00,1.33282,1.33704,1.33273,1.33407,12920,MT5,H4
2021-11-30 12:00:00,1.33408,1.3366799999999999,1.3225799999999999,1.32325,23139,MT5,H4
2021-11-30 16:00:00,1.32325,1.3287499999999999,1.31932,1.32839,22765,MT5,H4
2021-11-30 20:00:00,1.32837,1.33141,1.32793,1.3295,4432,MT5,H4
2021-12-01 00:00:00,1.32952,1.3315299999999999,1.32882,1.33129,4571,MT5,H4
2021-12-01 04:00:00,1.33127,1.3332,1.33079,1.33176,6515,MT5,H4
2021-12-01 08:00:00,1.33174,1.33294,1.32757,1.33222,13140,MT5,H4
2021-12-01 12:00:00,1.3322,1.3351899999999999,1.33073,1.33122,15617,MT5,H4
2021-12-01 16:00:00,1.33122,1.33242,1.32783,1.3278400000000001,10655,MT5,H4
2021-12-01 20:00:00,1.3278400000000001,1.32824,1.32615,1.32772,3312,MT5,H4
2021-12-02 00:00:00,1.32774,1.3305500000000001,1.32714,1.32971,2826,MT5,H4
2021-12-02 04:00:00,1.32973,1.32991,1.3275299999999999,1.32831,4807,MT5,H4
2021-12-02 08:00:00,1.3283,1.33332,1.32803,1.33287,10825,MT5,H4
2021-12-02 12:00:00,1.33288,1.33334,1.32992,1.33067,15207,MT5,H4
2021-12-02 16:00:00,1.33064,1.33205,1.32893,1.32976,9862,MT5,H4
2021-12-02 20:00:00,1.32979,1.3305500000000001,1.32938,1.32993,2356,MT5,H4
2021-12-03 00:00:00,1.32995,1.33005,1.32829,1.32859,2547,MT5,H4
2021-12-03 04:00:00,1.32856,1.32988,1.3268,1.32772,3702,MT5,H4
2021-12-03 08:00:00,1.32773,1.32897,1.32537,1.32734,10863,MT5,H4
2021-12-03 12:00:00,1.32734,1.33097,1.32074,1.3219,24074,MT5,H4
2021-12-03 16:00:00,1.32191,1.32528,1.3213,1.3229600000000001,10253,MT5,H4
2021-12-03 20:00:00,1.32298,1.3241100000000001,1.32274,1.32341,2510,MT5,H4
2021-12-05 00:00:00,1.32371,1.32454,1.3228,1.32349,837,MT5,H4
2021-12-05 20:00:00,1.32371,1.32454,1.3228,1.32349,827,MT5,H4
2021-12-06 00:00:00,1.3235299999999999,1.32404,1.32274,1.32356,2953,MT5,H4
2021-12-06 04:00:00,1.32355,1.32365,1.32224,1.3232300000000001,3234,MT5,H4
2021-12-06 08:00:00,1.32325,1.32833,1.32298,1.32783,10073,MT5,H4
2021-12-06 12:00:00,1.3278400000000001,1.32859,1.32303,1.32362,12364,MT5,H4
2021-12-06 16:00:00,1.32361,1.32676,1.32327,1.32569,5869,MT5,H4
2021-12-06 20:00:00,1.3256700000000001,1.32648,1.32534,1.3262,2039,MT5,H4
2021-12-07 00:00:00,1.32622,1.32842,1.3256000000000001,1.3284,2940,MT5,H4
2021-12-07 04:00:00,1.3284099999999999,1.32892,1.327,1.32824,4586,MT5,H4
2021-12-07 08:00:00,1.32822,1.32876,1.32434,1.32517,9540,MT5,H4
2021-12-07 12:00:00,1.32515,1.32583,1.32076,1.32341,12517,MT5,H4
2021-12-07 16:00:00,1.32341,1.325,1.32212,1.32372,5336,MT5,H4
2021-12-07 20:00:00,1.3237,1.3248199999999999,1.32329,1.3245,2229,MT5,H4
2021-12-08 00:00:00,1.32452,1.32611,1.3239,1.3260399999999999,2738,MT5,H4
2021-12-08 04:00:00,1.32603,1.32608,1.32333,1.3241399999999999,3885,MT5,H4
2021-12-08 08:00:00,1.32415,1.32557,1.31602,1.32142,16786,MT5,H4
2021-12-08 12:00:00,1.32142,1.32181,1.3182800000000001,1.32154,16841,MT5,H4
2021-12-08 16:00:00,1.32153,1.32439,1.32149,1.32342,7217,MT5,H4
2021-12-08 20:00:00,1.32343,1.32373,1.31911,1.32088,3117,MT5,H4
2021-12-09 00:00:00,1.32085,1.32117,1.3193,1.3207200000000001,2662,MT5,H4
2021-12-09 04:00:00,1.32073,1.32161,1.32,1.32004,3907,MT5,H4
2021-12-09 08:00:00,1.32002,1.3210899999999999,1.31775,1.31863,8890,MT5,H4
2021-12-09 12:00:00,1.3186200000000001,1.32123,1.31698,1.32059,11107,MT5,H4
2021-12-09 16:00:00,1.32056,1.32193,1.31853,1.32073,6535,MT5,H4
2021-12-09 20:00:00,1.32074,1.32241,1.32074,1.3223799999999999,2129,MT5,H4
2021-12-10 00:00:00,1.32239,1.32331,1.32131,1.3229,2696,MT5,H4
2021-12-10 04:00:00,1.32287,1.32291,1.32099,1.32149,4448,MT5,H4
2021-12-10 08:00:00,1.32146,1.32187,1.3187,1.31988,9329,MT5,H4
2021-12-10 12:00:00,1.31985,1.32415,1.31954,1.32274,13394,MT5,H4
2021-12-10 16:00:00,1.32273,1.3275299999999999,1.32252,1.32568,5328,MT5,H4
2021-12-10 20:00:00,1.3256999999999999,1.32706,1.32559,1.3266,1206,MT5,H4
2021-12-12 00:00:00,1.32527,1.32599,1.32527,1.3256700000000001,627,MT5,H4
2021-12-12 20:00:00,1.32527,1.32599,1.32527,1.3256700000000001,614,MT5,H4
2021-12-13 00:00:00,1.32566,1.32609,1.32476,1.32505,1915,MT5,H4
2021-12-13 04:00:00,1.32503,1.32535,1.32213,1.32327,3172,MT5,H4
2021-12-13 08:00:00,1.32331,1.32606,1.32218,1.32598,8751,MT5,H4
2021-12-13 12:00:00,1.3259699999999999,1.3268499999999999,1.32284,1.32303,12363,MT5,H4
2021-12-13 16:00:00,1.32305,1.32413,1.32087,1.32178,5804,MT5,H4
2021-12-13 20:00:00,1.32179,1.3221,1.3207,1.32128,2085,MT5,H4
2021-12-14 00:00:00,1.32126,1.3213,1.3191,1.31915,2050,MT5,H4
2021-12-14 04:00:00,1.31913,1.32168,1.31909,1.32013,2921,MT5,H4
2021-12-14 08:00:00,1.32012,1.3256000000000001,1.31975,1.32512,9569,MT5,H4
2021-12-14 12:00:00,1.32512,1.32564,1.32251,1.32324,10527,MT5,H4
2021-12-14 16:00:00,1.32322,1.32403,1.32196,1.3220100000000001,3996,MT5,H4
2021-12-14 20:00:00,1.322,1.32304,1.3219,1.32295,1674,MT5,H4
2021-12-15 00:00:00,1.3229199999999999,1.32362,1.32269,1.32304,1808,MT5,H4
2021-12-15 04:00:00,1.32306,1.32619,1.32306,1.3251,4267,MT5,H4
2021-12-15 08:00:00,1.32511,1.32825,1.32456,1.32616,8230,MT5,H4
2021-12-15 12:00:00,1.32614,1.32623,1.32058,1.32152,11521,MT5,H4
2021-12-15 16:00:00,1.3215,1.32425,1.31717,1.32383,20181,MT5,H4
2021-12-15 20:00:00,1.32385,1.32732,1.32301,1.3262,6795,MT5,H4
2021-12-16 00:00:00,1.32623,1.32633,1.3248,1.32524,3674,MT5,H4
2021-12-16 04:00:00,1.32524,1.32661,1.3241100000000001,1.32643,3989,MT5,H4
2021-12-16 08:00:00,1.32642,1.3302800000000001,1.32583,1.32776,11191,MT5,H4
2021-12-16 12:00:00,1.32778,1.33742,1.32778,1.3330600000000001,29089,MT5,H4
2021-12-16 16:00:00,1.33304,1.33332,1.33041,1.33091,5932,MT5,H4
2021-12-16 20:00:00,1.3309199999999999,1.33279,1.33022,1.33224,2702,MT5,H4
2021-12-17 00:00:00,1.33225,1.3330899999999999,1.33185,1.33203,2883,MT5,H4
2021-12-17 04:00:00,1.33205,1.33383,1.3305500000000001,1.33088,5003,MT5,H4
2021-12-17 08:00:00,1.33086,1.33392,1.3281,1.32871,10772,MT5,H4
2021-12-17 12:00:00,1.32873,1.33037,1.32619,1.32626,10850,MT5,H4
2021-12-17 16:00:00,1.32625,1.32735,1.32465,1.32504,6826,MT5,H4
2021-12-17 20:00:00,1.3250199999999999,1.32517,1.3231,1.32361,1967,MT5,H4
2021-12-19 00:00:00,1.32362,1.32405,1.3222,1.32286,812,MT5,H4
2021-12-19 20:00:00,1.32362,1.32405,1.3222,1.32286,780,MT5,H4
2021-12-20 00:00:00,1.32288,1.32354,1.32213,1.32261,2803,MT5,H4
2021-12-20 04:00:00,1.32261,1.32276,1.32012,1.32132,4969,MT5,H4
2021-12-20 08:00:00,1.3213,1.32131,1.31723,1.32031,9672,MT5,H4
2021-12-20 12:00:00,1.32031,1.3244500000000001,1.32015,1.32208,10561,MT5,H4
2021-12-20 16:00:00,1.32208,1.32286,1.32012,1.32012,5364,MT5,H4
2021-12-20 20:00:00,1.32015,1.3213300000000001,1.31999,1.32091,1947,MT5,H4
2021-12-21 00:00:00,1.32093,1.32137,1.31971,1.3212,2739,MT5,H4
2021-12-21 04:00:00,1.32122,1.32237,1.32078,1.32205,3400,MT5,H4
2021-12-21 08:00:00,1.32207,1.32617,1.32181,1.32443,9106,MT5,H4
2021-12-21 12:00:00,1.32444,1.32614,1.32306,1.32329,8821,MT5,H4
2021-12-21 16:00:00,1.3232599999999999,1.32669,1.32305,1.32641,4678,MT5,H4
2021-12-21 20:00:00,1.3264,1.32707,1.32558,1.3268,1692,MT5,H4
2021-12-22 00:00:00,1.32683,1.32747,1.32558,1.3256000000000001,2142,MT5,H4
2021-12-22 04:00:00,1.32561,1.32735,1.3239,1.32724,3466,MT5,H4
2021-12-22 08:00:00,1.32731,1.3325,1.32638,1.33133,8657,MT5,H4
2021-12-22 12:00:00,1.33133,1.33461,1.33011,1.33439,9181,MT5,H4
2021-12-22 16:00:00,1.3344,1.33623,1.33414,1.33589,4865,MT5,H4
2021-12-22 20:00:00,1.3359,1.33631,1.33426,1.33505,1884,MT5,H4
2021-12-23 00:00:00,1.33503,1.33603,1.33426,1.33487,1593,MT5,H4
2021-12-23 04:00:00,1.33486,1.33703,1.33475,1.33695,1825,MT5,H4
2021-12-23 08:00:00,1.33698,1.3434300000000001,1.33666,1.34334,6772,MT5,H4
2021-12-23 12:00:00,1.34331,1.34376,1.33941,1.34098,10460,MT5,H4
2021-12-23 16:00:00,1.34096,1.34202,1.33994,1.34189,4039,MT5,H4
2021-12-23 20:00:00,1.3418999999999999,1.34205,1.34023,1.34053,2699,MT5,H4
2021-12-24 00:00:00,1.34043,1.34127,1.33997,1.3404099999999999,3126,MT5,H4
2021-12-24 04:00:00,1.34042,1.34115,1.33872,1.34061,4023,MT5,H4
2021-12-24 08:00:00,1.3406,1.34137,1.3391600000000001,1.3410199999999999,5219,MT5,H4
2021-12-24 12:00:00,1.34103,1.34165,1.3392,1.33947,6543,MT5,H4
2021-12-24 16:00:00,1.33948,1.34069,1.33818,1.33874,7776,MT5,H4
2021-12-26 00:00:00,1.33875,1.34082,1.33854,1.34025,494,MT5,H4
2021-12-26 20:00:00,1.33875,1.34082,1.33854,1.34025,469,MT5,H4
2021-12-27 00:00:00,1.34022,1.34151,1.33915,1.34141,1945,MT5,H4
2021-12-27 04:00:00,1.34141,1.34142,1.33924,1.34105,2102,MT5,H4
2021-12-27 08:00:00,1.34103,1.3418700000000001,1.33936,1.34029,4700,MT5,H4
2021-12-27 12:00:00,1.34027,1.34422,1.33968,1.34161,4903,MT5,H4
2021-12-27 16:00:00,1.34162,1.34435,1.34144,1.34414,2767,MT5,H4
2021-12-27 20:00:00,1.34415,1.34449,1.3436,1.34412,883,MT5,H4
2021-12-28 00:00:00,1.34413,1.34413,1.3428,1.34313,1859,MT5,H4
2021-12-28 04:00:00,1.3431,1.34393,1.34296,1.34323,1704,MT5,H4
2021-12-28 08:00:00,1.34323,1.34571,1.34304,1.34552,2932,MT5,H4
2021-12-28 12:00:00,1.34554,1.3461400000000001,1.34147,1.34246,5605,MT5,H4
2021-12-28 16:00:00,1.34246,1.3442,1.34207,1.34238,3230,MT5,H4
2021-12-28 20:00:00,1.34235,1.34369,1.3423,1.3433,1458,MT5,H4
2021-12-29 00:00:00,1.34328,1.34372,1.34212,1.34333,1533,MT5,H4
2021-12-29 04:00:00,1.34332,1.34352,1.34161,1.3425500000000001,1600,MT5,H4
2021-12-29 08:00:00,1.34257,1.3439999999999999,1.34086,1.34384,4800,MT5,H4
2021-12-29 12:00:00,1.34385,1.34992,1.34232,1.34847,9164,MT5,H4
2021-12-29 16:00:00,1.34849,1.34924,1.34686,1.34894,4222,MT5,H4
2021-12-29 20:00:00,1.34894,1.34968,1.34812,1.34966,1246,MT5,H4
2021-12-30 00:00:00,1.34965,1.35047,1.3486799999999999,1.3486799999999999,1800,MT5,H4
2021-12-30 04:00:00,1.34867,1.349,1.34638,1.34724,2650,MT5,H4
2021-12-30 08:00:00,1.34728,1.34912,1.34542,1.3486099999999999,4830,MT5,H4
2021-12-30 12:00:00,1.34863,1.35216,1.34783,1.34984,8962,MT5,H4
2021-12-30 16:00:00,1.34986,1.3509,1.34799,1.3509,4237,MT5,H4
2021-12-30 20:00:00,1.35088,1.35131,1.34904,1.34971,1628,MT5,H4
2021-12-31 00:00:00,1.3497,1.35065,1.34948,1.34969,1130,MT5,H4
2021-12-31 04:00:00,1.34969,1.35066,1.34937,1.35061,2095,MT5,H4
2021-12-31 08:00:00,1.35063,1.35196,1.34753,1.34761,6543,MT5,H4
2021-12-31 12:00:00,1.34759,1.355,1.34653,1.35447,11507,MT5,H4
2021-12-31 16:00:00,1.3545,1.35463,1.35271,1.35327,5449,MT5,H4
2022-01-02 00:00:00,1.3526099999999999,1.3534,1.35203,1.35213,451,MT5,H4
2022-01-02 20:00:00,1.3526099999999999,1.3534,1.35203,1.35213,433,MT5,H4
2022-01-03 00:00:00,1.35211,1.35294,1.34952,1.34993,2584,MT5,H4
2022-01-03 04:00:00,1.34994,1.3507500000000001,1.34951,1.35057,2813,MT5,H4
2022-01-03 08:00:00,1.35054,1.35281,1.35031,1.35103,6035,MT5,H4
2022-01-03 12:00:00,1.35103,1.35121,1.34307,1.34467,10697,MT5,H4
2022-01-03 16:00:00,1.34469,1.34855,1.34362,1.34846,6216,MT5,H4
2022-01-03 20:00:00,1.34844,1.34854,1.34711,1.3482,1890,MT5,H4
2022-01-04 00:00:00,1.34821,1.3484,1.34628,1.34641,2139,MT5,H4
2022-01-04 04:00:00,1.34639,1.34889,1.34593,1.34879,3008,MT5,H4
2022-01-04 08:00:00,1.34883,1.35144,1.34827,1.34955,8221,MT5,H4
2022-01-04 12:00:00,1.34957,1.3557000000000001,1.34787,1.35528,10638,MT5,H4
2022-01-04 16:00:00,1.35529,1.35534,1.35205,1.35347,5617,MT5,H4
2022-01-04 20:00:00,1.35348,1.35374,1.35226,1.3529900000000001,1575,MT5,H4
2022-01-05 00:00:00,1.35297,1.35399,1.3526500000000001,1.35327,1926,MT5,H4
2022-01-05 04:00:00,1.3532600000000001,1.35415,1.35225,1.35357,2320,MT5,H4
2022-01-05 08:00:00,1.35358,1.35544,1.35278,1.35412,6833,MT5,H4
2022-01-05 12:00:00,1.35412,1.35676,1.35315,1.35655,10525,MT5,H4
2022-01-05 16:00:00,1.35654,1.35983,1.35571,1.35605,10372,MT5,H4
2022-01-05 20:00:00,1.35602,1.3560400000000001,1.35481,1.3554599999999999,2620,MT5,H4
2022-01-06 00:00:00,1.35545,1.3555,1.35321,1.35381,2659,MT5,H4
2022-01-06 04:00:00,1.35381,1.35381,1.34941,1.34989,3986,MT5,H4
2022-01-06 08:00:00,1.34991,1.35459,1.349,1.35368,9040,MT5,H4
2022-01-06 12:00:00,1.3537,1.35589,1.35159,1.35274,13638,MT5,H4
2022-01-06 16:00:00,1.35272,1.3541,1.35221,1.35247,6266,MT5,H4
2022-01-06 20:00:00,1.3525,1.35372,1.35248,1.35327,1987,MT5,H4
2022-01-07 00:00:00,1.35325,1.35528,1.3528,1.35483,2236,MT5,H4
2022-01-07 04:00:00,1.3548,1.3548,1.3531900000000001,1.3538999999999999,2675,MT5,H4
2022-01-07 08:00:00,1.35389,1.35572,1.35273,1.3551,5114,MT5,H4
2022-01-07 12:00:00,1.35508,1.35738,1.35286,1.35718,16234,MT5,H4
2022-01-07 16:00:00,1.3572,1.35967,1.35606,1.35956,4503,MT5,H4
2022-01-07 20:00:00,1.35955,1.35972,1.3590200000000001,1.35914,1021,MT5,H4
2022-01-09 00:00:00,1.35836,1.35916,1.3577,1.35913,784,MT5,H4
2022-01-09 20:00:00,1.35836,1.35916,1.3577,1.35913,770,MT5,H4
2022-01-10 00:00:00,1.35911,1.3597299999999999,1.3581400000000001,1.35835,1984,MT5,H4
2022-01-10 04:00:00,1.35832,1.35938,1.3578299999999999,1.35856,2712,MT5,H4
2022-01-10 08:00:00,1.35855,1.36033,1.35742,1.35821,8060,MT5,H4
2022-01-10 12:00:00,1.35822,1.35896,1.35318,1.35605,10925,MT5,H4
2022-01-10 16:00:00,1.35605,1.35743,1.35535,1.35705,6829,MT5,H4
2022-01-10 20:00:00,1.35706,1.35805,1.35683,1.35794,2353,MT5,H4
2022-01-11 00:00:00,1.35791,1.35974,1.35776,1.35925,2794,MT5,H4
2022-01-11 04:00:00,1.35922,1.35999,1.3578999999999999,1.35971,3708,MT5,H4
2022-01-11 08:00:00,1.35975,1.36188,1.35845,1.35854,9374,MT5,H4
2022-01-11 12:00:00,1.35852,1.36046,1.35614,1.36041,11247,MT5,H4
2022-01-11 16:00:00,1.36044,1.36282,1.36044,1.36272,5954,MT5,H4
2022-01-11 20:00:00,1.3627099999999999,1.3636300000000001,1.3624399999999999,1.36324,1862,MT5,H4
2022-01-12 00:00:00,1.36325,1.36455,1.36282,1.36442,2194,MT5,H4
2022-01-12 04:00:00,1.36441,1.36449,1.36255,1.36296,2209,MT5,H4
2022-01-12 08:00:00,1.36295,1.36404,1.36205,1.36337,5851,MT5,H4
2022-01-12 12:00:00,1.3633600000000001,1.36952,1.3633600000000001,1.36871,13495,MT5,H4
2022-01-12 16:00:00,1.36869,1.3712900000000001,1.36842,1.37117,5866,MT5,H4
2022-01-12 20:00:00,1.37119,1.37142,1.36998,1.37058,2221,MT5,H4
2022-01-13 00:00:00,1.37056,1.37183,1.3704100000000001,1.37112,2866,MT5,H4
2022-01-13 04:00:00,1.3711,1.3731499999999999,1.37051,1.37314,3063,MT5,H4
2022-01-13 08:00:00,1.37316,1.37487,1.37238,1.3727800000000001,7630,MT5,H4
2022-01-13 12:00:00,1.37279,1.37479,1.3713199999999999,1.37339,11784,MT5,H4
2022-01-13 16:00:00,1.3734199999999999,1.37397,1.37084,1.3719700000000001,5934,MT5,H4
2022-01-13 20:00:00,1.3719999999999999,1.3719999999999999,1.37006,1.37128,2191,MT5,H4
2022-01-14 00:00:00,1.37127,1.37293,1.37049,1.37265,3508,MT5,H4
2022-01-14 04:00:00,1.37264,1.37371,1.37155,1.37249,4170,MT5,H4
2022-01-14 08:00:00,1.3725100000000001,1.37428,1.37192,1.37192,7442,MT5,H4
2022-01-14 12:00:00,1.37189,1.37263,1.36733,1.3682699999999999,15814,MT5,H4
2022-01-14 16:00:00,1.36829,1.3688799999999999,1.36532,1.36762,6230,MT5,H4
2022-01-14 20:00:00,1.36764,1.36835,1.36742,1.36776,1540,MT5,H4
2022-01-16 00:00:00,1.3676,1.36764,1.36654,1.36726,842,MT5,H4
2022-01-16 20:00:00,1.3676,1.36764,1.36654,1.36726,817,MT5,H4
2022-01-17 00:00:00,1.36728,1.36814,1.36629,1.36779,4063,MT5,H4
2022-01-17 04:00:00,1.36779,1.36856,1.36696,1.36835,3663,MT5,H4
2022-01-17 08:00:00,1.36835,1.36895,1.36564,1.3660999999999999,7751,MT5,H4
2022-01-17 12:00:00,1.36613,1.36652,1.3636599999999999,1.36483,8420,MT5,H4
2022-01-17 16:00:00,1.36486,1.36566,1.36423,1.36432,2171,MT5,H4
2022-01-17 20:00:00,1.3643399999999999,1.36471,1.36388,1.3647,505,MT5,H4
2022-01-18 00:00:00,1.36472,1.3660999999999999,1.36213,1.36283,3835,MT5,H4
2022-01-18 04:00:00,1.36284,1.3649200000000001,1.36281,1.36443,6424,MT5,H4
2022-01-18 08:00:00,1.36442,1.3652,1.36017,1.3602699999999999,9859,MT5,H4
2022-01-18 12:00:00,1.36028,1.3603,1.35728,1.3582,13635,MT5,H4
2022-01-18 16:00:00,1.35818,1.36036,1.3572600000000001,1.35969,7876,MT5,H4
2022-01-18 20:00:00,1.3597000000000001,1.36003,1.3584399999999999,1.35992,3194,MT5,H4
2022-01-19 00:00:00,1.35994,1.36049,1.3587799999999999,1.35982,4403,MT5,H4
2022-01-19 04:00:00,1.35981,1.36167,1.3587799999999999,1.35894,5658,MT5,H4
2022-01-19 08:00:00,1.35894,1.36443,1.3587799999999999,1.36301,9544,MT5,H4
2022-01-19 12:00:00,1.3630200000000001,1.36486,1.36205,1.36277,11602,MT5,H4
2022-01-19 16:00:00,1.36279,1.36347,1.36203,1.36255,5960,MT5,H4
2022-01-19 20:00:00,1.36255,1.3627500000000001,1.36049,1.36084,2156,MT5,H4
2022-01-20 00:00:00,1.36087,1.36356,1.36087,1.36266,4363,MT5,H4
2022-01-20 04:00:00,1.3626800000000001,1.3633600000000001,1.36195,1.36264,4691,MT5,H4
2022-01-20 08:00:00,1.36265,1.36368,1.36037,1.36074,9059,MT5,H4
2022-01-20 12:00:00,1.36072,1.36615,1.35982,1.36555,10858,MT5,H4
2022-01-20 16:00:00,1.36552,1.36596,1.36121,1.36121,6505,MT5,H4
2022-01-20 20:00:00,1.36124,1.36154,1.35866,1.35965,3745,MT5,H4
2022-01-21 00:00:00,1.35967,1.36018,1.35789,1.35953,5690,MT5,H4
2022-01-21 04:00:00,1.35951,1.35967,1.35697,1.35759,5446,MT5,H4
2022-01-21 08:00:00,1.35758,1.35758,1.35521,1.3557000000000001,9083,MT5,H4
2022-01-21 12:00:00,1.3557000000000001,1.35762,1.3545099999999999,1.3553899999999999,12655,MT5,H4
2022-01-21 16:00:00,1.3553899999999999,1.35674,1.355,1.3554599999999999,7659,MT5,H4
2022-01-21 20:00:00,1.3554300000000001,1.35585,1.3548,1.3554,2377,MT5,H4
2022-01-23 00:00:00,1.35489,1.35547,1.35459,1.3554599999999999,733,MT5,H4
2022-01-23 20:00:00,1.35489,1.35547,1.35459,1.3554599999999999,709,MT5,H4
2022-01-24 00:00:00,1.35547,1.35651,1.35489,1.35551,3198,MT5,H4
2022-01-24 04:00:00,1.35553,1.3558,1.35334,1.35422,4317,MT5,H4
2022-01-24 08:00:00,1.3542399999999999,1.3554599999999999,1.34859,1.34874,11346,MT5,H4
2022-01-24 12:00:00,1.34875,1.34944,1.34439,1.3464,15230,MT5,H4
2022-01-24 16:00:00,1.3464,1.34833,1.34398,1.34819,11076,MT5,H4
2022-01-24 20:00:00,1.34817,1.34923,1.3479700000000001,1.3488,3391,MT5,H4
2022-01-25 00:00:00,1.34882,1.34889,1.34669,1.3476,4258,MT5,H4
2022-01-25 04:00:00,1.3476,1.34866,1.34708,1.34824,5224,MT5,H4
2022-01-25 08:00:00,1.34822,1.34962,1.3443399999999999,1.3446,10070,MT5,H4
2022-01-25 12:00:00,1.34461,1.34939,1.34356,1.34839,13454,MT5,H4
2022-01-25 16:00:00,1.3484,1.35183,1.3477999999999999,1.35176,8339,MT5,H4
2022-01-25 20:00:00,1.35176,1.35176,1.34975,1.35093,3207,MT5,H4
2022-01-26 00:00:00,1.35096,1.3520699999999999,1.3506,1.35091,2800,MT5,H4
2022-01-26 04:00:00,1.3509,1.35141,1.34964,1.35018,3396,MT5,H4
2022-01-26 08:00:00,1.3502,1.35232,1.34932,1.3512,6904,MT5,H4
2022-01-26 12:00:00,1.35121,1.35199,1.34913,1.35095,10491,MT5,H4
2022-01-26 16:00:00,1.35098,1.35245,1.34588,1.34663,18029,MT5,H4
2022-01-26 20:00:00,1.34661,1.34677,1.34442,1.3467,9663,MT5,H4
2022-01-27 00:00:00,1.34668,1.34669,1.34348,1.34364,5378,MT5,H4
2022-01-27 04:00:00,1.34363,1.34414,1.34114,1.34132,5510,MT5,H4
2022-01-27 08:00:00,1.3413,1.34327,1.33746,1.33865,10924,MT5,H4
2022-01-27 12:00:00,1.33866,1.34062,1.3357700000000001,1.33897,16656,MT5,H4
2022-01-27 16:00:00,1.33896,1.34044,1.33667,1.33731,11020,MT5,H4
2022-01-27 20:00:00,1.3372899999999999,1.33887,1.3372899999999999,1.33869,3261,MT5,H4
2022-01-28 00:00:00,1.3387,1.3404,1.3378999999999999,1.33997,4073,MT5,H4
2022-01-28 04:00:00,1.33994,1.34148,1.33812,1.33866,5099,MT5,H4
2022-01-28 08:00:00,1.33865,1.33945,1.3365,1.33893,9864,MT5,H4
2022-01-28 12:00:00,1.33895,1.34313,1.3373,1.34139,16407,MT5,H4
2022-01-28 16:00:00,1.34141,1.34326,1.33735,1.3385,9086,MT5,H4
2022-01-28 20:00:00,1.33852,1.34005,1.33813,1.33975,2276,MT5,H4
2022-01-30 00:00:00,1.33931,1.34028,1.33865,1.34024,940,MT5,H4
2022-01-30 20:00:00,1.33931,1.34028,1.33865,1.34024,910,MT5,H4
2022-01-31 00:00:00,1.34022,1.3414,1.33991,1.3410199999999999,3456,MT5,H4
2022-01-31 04:00:00,1.34101,1.34345,1.34094,1.34338,3814,MT5,H4
2022-01-31 08:00:00,1.3434300000000001,1.34484,1.3403399999999999,1.3403399999999999,8436,MT5,H4
2022-01-31 12:00:00,1.34032,1.34546,1.33921,1.34183,14356,MT5,H4
2022-01-31 16:00:00,1.34185,1.34591,1.34049,1.34572,8273,MT5,H4
2022-01-31 20:00:00,1.34575,1.34601,1.34393,1.34445,2691,MT5,H4
2022-02-01 00:00:00,1.34444,1.34479,1.3434,1.34403,3125,MT5,H4
2022-02-01 04:00:00,1.3440400000000001,1.34792,1.34403,1.34778,4326,MT5,H4
2022-02-01 08:00:00,1.34779,1.35134,1.34704,1.3494,7898,MT5,H4
2022-02-01 12:00:00,1.34941,1.35163,1.3476,1.3505,12559,MT5,H4
2022-02-01 16:00:00,1.35052,1.35217,1.34934,1.3517299999999999,6932,MT5,H4
2022-02-01 20:00:00,1.35171,1.35277,1.35162,1.35242,2494,MT5,H4
2022-02-02 00:00:00,1.35239,1.35272,1.35167,1.35167,2592,MT5,H4
2022-02-02 04:00:00,1.3516599999999999,1.35378,1.3516599999999999,1.35348,3138,MT5,H4
2022-02-02 08:00:00,1.35351,1.35663,1.35267,1.3562699999999999,7931,MT5,H4
2022-02-02 12:00:00,1.35629,1.35874,1.35542,1.35651,12736,MT5,H4
2022-02-02 16:00:00,1.35653,1.35863,1.35542,1.35838,6204,MT5,H4
2022-02-02 20:00:00,1.3584,1.35858,1.35638,1.35639,1853,MT5,H4
2022-02-03 00:00:00,1.35638,1.35671,1.35544,1.35644,2612,MT5,H4
2022-02-03 04:00:00,1.35645,1.35648,1.35471,1.3558,3936,MT5,H4
2022-02-03 08:00:00,1.3558,1.3568,1.3538000000000001,1.35643,8029,MT5,H4
2022-02-03 12:00:00,1.35649,1.36276,1.35426,1.3609,35959,MT5,H4
2022-02-03 16:00:00,1.3609200000000001,1.36195,1.3585099999999999,1.35884,9629,MT5,H4
2022-02-03 20:00:00,1.35884,1.36019,1.35849,1.35977,2203,MT5,H4
2022-02-04 00:00:00,1.35975,1.36144,1.35942,1.36091,3227,MT5,H4
2022-02-04 04:00:00,1.36089,1.36121,1.35794,1.35816,4968,MT5,H4
2022-02-04 08:00:00,1.35816,1.3587,1.35503,1.35721,13583,MT5,H4
2022-02-04 12:00:00,1.3572,1.35794,1.35046,1.35298,21270,MT5,H4
2022-02-04 16:00:00,1.3529900000000001,1.3551,1.3524,1.35285,7550,MT5,H4
2022-02-04 20:00:00,1.35287,1.35375,1.35237,1.35289,2018,MT5,H4
2022-02-06 00:00:00,1.35333,1.3538700000000001,1.35278,1.35324,453,MT5,H4
2022-02-06 20:00:00,1.35333,1.3538700000000001,1.35278,1.35324,443,MT5,H4
2022-02-07 00:00:00,1.3532600000000001,1.35364,1.35154,1.35236,3572,MT5,H4
2022-02-07 04:00:00,1.35235,1.3544100000000001,1.3517700000000001,1.35433,4520,MT5,H4
2022-02-07 08:00:00,1.35435,1.3550499999999999,1.3490199999999999,1.35106,10628,MT5,H4
2022-02-07 12:00:00,1.35107,1.3531900000000001,1.3501699999999999,1.35302,12388,MT5,H4
2022-02-07 16:00:00,1.353,1.35379,1.35147,1.35376,5448,MT5,H4
2022-02-07 20:00:00,1.35377,1.35377,1.35264,1.35365,1730,MT5,H4
2022-02-08 00:00:00,1.35367,1.35386,1.35237,1.35341,2571,MT5,H4
2022-02-08 04:00:00,1.35343,1.35347,1.35076,1.35233,4378,MT5,H4
2022-02-08 08:00:00,1.3523100000000001,1.35638,1.35227,1.35463,8151,MT5,H4
2022-02-08 12:00:00,1.35466,1.35548,1.35155,1.35528,9519,MT5,H4
2022-02-08 16:00:00,1.35529,1.3556300000000001,1.35373,1.35422,4244,MT5,H4
2022-02-08 20:00:00,1.3542399999999999,1.35527,1.35378,1.35463,1875,MT5,H4
2022-02-09 00:00:00,1.35463,1.3589,1.3526500000000001,1.35591,32072,MT5,H4
2022-02-09 04:00:00,1.35588,1.3562400000000001,1.35373,1.3553,2805,MT5,H4
2022-02-09 08:00:00,1.35528,1.3589,1.35443,1.3576,7418,MT5,H4
2022-02-09 12:00:00,1.35762,1.35853,1.35456,1.35461,8288,MT5,H4
2022-02-09 16:00:00,1.35459,1.35565,1.3529,1.3535,5556,MT5,H4
2022-02-09 20:00:00,1.35348,1.35378,1.3526500000000001,1.35323,1588,MT5,H4
2022-02-10 00:00:00,1.3532199999999999,1.35361,1.3526099999999999,1.3532199999999999,2936,MT5,H4
2022-02-10 04:00:00,1.35321,1.35468,1.35285,1.35468,2972,MT5,H4
2022-02-10 08:00:00,1.35468,1.35788,1.35432,1.35687,7115,MT5,H4
2022-02-10 12:00:00,1.35686,1.3618999999999999,1.3523100000000001,1.3615,21754,MT5,H4
2022-02-10 16:00:00,1.36152,1.3643399999999999,1.35715,1.35737,17625,MT5,H4
2022-02-10 20:00:00,1.35739,1.35799,1.35408,1.35488,4987,MT5,H4
2022-02-11 00:00:00,1.35486,1.35554,1.35327,1.35389,5234,MT5,H4
2022-02-11 04:00:00,1.3538700000000001,1.35437,1.35129,1.35345,6454,MT5,H4
2022-02-11 08:00:00,1.35343,1.35701,1.35195,1.3562400000000001,9966,MT5,H4
2022-02-11 12:00:00,1.35625,1.36091,1.35601,1.3602699999999999,14048,MT5,H4
2022-02-11 16:00:00,1.36026,1.36053,1.35413,1.35487,27885,MT5,H4
2022-02-11 20:00:00,1.35489,1.35637,1.35418,1.35608,7573,MT5,H4
2022-02-13 00:00:00,1.3551,1.35712,1.35493,1.35686,1274,MT5,H4
2022-02-13 20:00:00,1.3551,1.35712,1.35493,1.35686,1217,MT5,H4
2022-02-14 00:00:00,1.3568799999999999,1.35716,1.35346,1.35351,4084,MT5,H4
2022-02-14 04:00:00,1.35349,1.3548,1.35272,1.3538700000000001,4539,MT5,H4
2022-02-14 08:00:00,1.35384,1.35394,1.34941,1.35142,10638,MT5,H4
2022-02-14 12:00:00,1.35142,1.35474,1.35016,1.35127,18129,MT5,H4
2022-02-14 16:00:00,1.35128,1.35405,1.3509,1.3519700000000001,13604,MT5,H4
2022-02-14 20:00:00,1.35195,1.35344,1.3516,1.35321,3258,MT5,H4
2022-02-15 00:00:00,1.35323,1.35459,1.35318,1.35372,3614,MT5,H4
2022-02-15 04:00:00,1.35369,1.35431,1.35275,1.3531,4581,MT5,H4
2022-02-15 08:00:00,1.35311,1.35667,1.35278,1.35386,11363,MT5,H4
2022-02-15 12:00:00,1.35388,1.3553,1.34859,1.35211,14478,MT5,H4
2022-02-15 16:00:00,1.3521,1.35413,1.35205,1.3535,6756,MT5,H4
2022-02-15 20:00:00,1.35349,1.3544,1.35297,1.35401,2758,MT5,H4
2022-02-16 00:00:00,1.35399,1.3549,1.3538999999999999,1.35395,2577,MT5,H4
2022-02-16 04:00:00,1.35396,1.35626,1.35384,1.35584,3474,MT5,H4
2022-02-16 08:00:00,1.35585,1.35744,1.35535,1.3558,8528,MT5,H4
2022-02-16 12:00:00,1.3558,1.35911,1.35398,1.35796,12007,MT5,H4
2022-02-16 16:00:00,1.35793,1.36003,1.35702,1.3599700000000001,9659,MT5,H4
2022-02-16 20:00:00,1.3599700000000001,1.36008,1.35779,1.35815,3247,MT5,H4
2022-02-17 00:00:00,1.3581699999999999,1.35971,1.3561,1.35614,4990,MT5,H4
2022-02-17 04:00:00,1.35615,1.35964,1.35552,1.3596,11029,MT5,H4
2022-02-17 08:00:00,1.35961,1.36191,1.35678,1.3608500000000001,12545,MT5,H4
2022-02-17 12:00:00,1.36083,1.36377,1.3602400000000001,1.36201,17488,MT5,H4
2022-02-17 16:00:00,1.36201,1.36314,1.36171,1.36228,6403,MT5,H4
2022-02-17 20:00:00,1.3623,1.36234,1.36089,1.36143,2819,MT5,H4
2022-02-18 00:00:00,1.36142,1.36181,1.35998,1.3611900000000001,4215,MT5,H4
2022-02-18 04:00:00,1.36117,1.36267,1.3605,1.36234,3862,MT5,H4
2022-02-18 08:00:00,1.36232,1.36425,1.36105,1.36165,9626,MT5,H4
2022-02-18 12:00:00,1.36165,1.36252,1.35807,1.35826,12089,MT5,H4
2022-02-18 16:00:00,1.35827,1.36059,1.3573,1.36016,8109,MT5,H4
2022-02-18 20:00:00,1.36014,1.36047,1.35886,1.35913,2178,MT5,H4
2022-02-20 00:00:00,1.3590900000000001,1.3597299999999999,1.35853,1.35911,774,MT5,H4
2022-02-20 20:00:00,1.3590900000000001,1.3597299999999999,1.35853,1.35911,754,MT5,H4
2022-02-21 00:00:00,1.3591,1.36233,1.35855,1.36193,4696,MT5,H4
2022-02-21 04:00:00,1.36192,1.36319,1.36148,1.36284,3547,MT5,H4
2022-02-21 08:00:00,1.36282,1.36382,1.36103,1.3618999999999999,9360,MT5,H4
2022-02-21 12:00:00,1.36188,1.36226,1.3593199999999999,1.36072,12254,MT5,H4
2022-02-21 16:00:00,1.3607,1.36182,1.35951,1.36022,3589,MT5,H4
2022-02-21 20:00:00,1.3602400000000001,1.36039,1.3581400000000001,1.35944,1417,MT5,H4
2022-02-22 00:00:00,1.35947,1.35993,1.35792,1.35863,3231,MT5,H4
2022-02-22 04:00:00,1.35865,1.35981,1.3566,1.3566099999999999,3765,MT5,H4
2022-02-22 08:00:00,1.35663,1.3596300000000001,1.3544100000000001,1.35538,11299,MT5,H4
2022-02-22 12:00:00,1.3553600000000001,1.3602,1.35381,1.35899,12921,MT5,H4
2022-02-22 16:00:00,1.3590200000000001,1.36044,1.35757,1.35918,9704,MT5,H4
2022-02-22 20:00:00,1.35919,1.35948,1.35773,1.35881,3275,MT5,H4
2022-02-23 00:00:00,1.35883,1.36038,1.35849,1.3593600000000001,3568,MT5,H4
2022-02-23 04:00:00,1.35935,1.36099,1.3588,1.36075,4040,MT5,H4
2022-02-23 08:00:00,1.36073,1.36204,1.35846,1.35858,9601,MT5,H4
2022-02-23 12:00:00,1.35857,1.36068,1.3555,1.35598,9869,MT5,H4
2022-02-23 16:00:00,1.35596,1.3563399999999999,1.3535599999999999,1.35379,7046,MT5,H4
2022-02-23 20:00:00,1.35378,1.35491,1.35364,1.35446,2644,MT5,H4
2022-02-24 00:00:00,1.35449,1.35464,1.3510900000000001,1.3513899999999999,8911,MT5,H4
2022-02-24 04:00:00,1.35137,1.35168,1.34626,1.3477700000000001,16165,MT5,H4
2022-02-24 08:00:00,1.3477999999999999,1.34935,1.3383099999999999,1.33965,21893,MT5,H4
2022-02-24 12:00:00,1.33966,1.3419400000000001,1.32733,1.32744,21569,MT5,H4
2022-02-24 16:00:00,1.3274599999999999,1.34047,1.32725,1.33814,22584,MT5,H4
2022-02-24 20:00:00,1.33816,1.34029,1.33695,1.33712,6317,MT5,H4
2022-02-25 00:00:00,1.33714,1.34223,1.33689,1.34223,7338,MT5,H4
2022-02-25 04:00:00,1.3422100000000001,1.34381,1.34088,1.34183,7789,MT5,H4
2022-02-25 08:00:00,1.34183,1.34271,1.33676,1.33852,13243,MT5,H4
2022-02-25 12:00:00,1.33854,1.34213,1.3366500000000001,1.3416299999999999,19988,MT5,H4
2022-02-25 16:00:00,1.34164,1.34243,1.33812,1.34109,7958,MT5,H4
2022-02-25 20:00:00,1.34109,1.34193,1.34078,1.34114,2636,MT5,H4
2022-02-27 00:00:00,1.33312,1.33741,1.33278,1.33719,3181,MT5,H4
2022-02-27 20:00:00,1.33359,1.3373599999999999,1.33279,1.33714,2068,MT5,H4
2022-02-28 00:00:00,1.33719,1.33815,1.33468,1.3347,6972,MT5,H4
2022-02-28 04:00:00,1.3347,1.33876,1.33414,1.33731,8948,MT5,H4
2022-02-28 08:00:00,1.3373300000000001,1.34116,1.33511,1.33932,15256,MT5,H4
2022-02-28 12:00:00,1.3393,1.34314,1.33871,1.34196,16788,MT5,H4
2022-02-28 16:00:00,1.34195,1.3422,1.33863,1.34125,11525,MT5,H4
2022-02-28 20:00:00,1.34125,1.34246,1.34032,1.3421699999999999,3539,MT5,H4
2022-03-01 00:00:00,1.34215,1.3423,1.34054,1.34062,3191,MT5,H4
2022-03-01 04:00:00,1.34061,1.34371,1.3405,1.34235,6974,MT5,H4
2022-03-01 08:00:00,1.34232,1.34357,1.33866,1.34064,12390,MT5,H4
2022-03-01 12:00:00,1.34066,1.34195,1.33496,1.33517,15710,MT5,H4
2022-03-01 16:00:00,1.3351600000000001,1.33552,1.3302,1.33124,13508,MT5,H4
2022-03-01 20:00:00,1.3312599999999999,1.33356,1.33071,1.33352,4666,MT5,H4
2022-03-02 00:00:00,1.33349,1.3338999999999999,1.33144,1.33186,2947,MT5,H4
2022-03-02 04:00:00,1.33185,1.3321399999999999,1.32713,1.32907,7791,MT5,H4
2022-03-02 08:00:00,1.32908,1.33361,1.32757,1.33285,17786,MT5,H4
2022-03-02 12:00:00,1.33287,1.33558,1.33096,1.33131,19724,MT5,H4
2022-03-02 16:00:00,1.33133,1.3385500000000001,1.33112,1.33747,15636,MT5,H4
2022-03-02 20:00:00,1.33749,1.3406799999999999,1.33741,1.33959,4881,MT5,H4
2022-03-03 00:00:00,1.33961,1.34017,1.33772,1.33924,4182,MT5,H4
2022-03-03 04:00:00,1.33925,1.34175,1.33907,1.3391899999999999,4695,MT5,H4
2022-03-03 08:00:00,1.3391600000000001,1.33997,1.33625,1.33698,11101,MT5,H4
2022-03-03 12:00:00,1.3369900000000001,1.33925,1.33375,1.3339400000000001,15590,MT5,H4
2022-03-03 16:00:00,1.33396,1.33567,1.33173,1.33343,13478,MT5,H4
2022-03-03 20:00:00,1.33345,1.33505,1.33314,1.33503,2833,MT5,H4
2022-03-04 00:00:00,1.33501,1.33513,1.3315299999999999,1.33359,11579,MT5,H4
2022-03-04 04:00:00,1.33357,1.33481,1.3318400000000001,1.33233,6310,MT5,H4
2022-03-04 08:00:00,1.33233,1.33271,1.3282,1.32868,10801,MT5,H4
2022-03-04 12:00:00,1.32869,1.32911,1.3202099999999999,1.32186,19903,MT5,H4
2022-03-04 16:00:00,1.32186,1.32454,1.3205,1.32192,11421,MT5,H4
2022-03-04 20:00:00,1.3219,1.32493,1.32171,1.32374,3893,MT5,H4
2022-03-06 00:00:00,1.32237,1.32363,1.3201,1.3211300000000001,2616,MT5,H4
2022-03-06 20:00:00,1.32237,1.32363,1.3201,1.3211300000000001,2467,MT5,H4
2022-03-07 00:00:00,1.32115,1.32224,1.31849,1.32083,11932,MT5,H4
2022-03-07 04:00:00,1.32083,1.32282,1.32006,1.32019,9383,MT5,H4
2022-03-07 08:00:00,1.3202099999999999,1.32104,1.3141,1.31691,18738,MT5,H4
2022-03-07 12:00:00,1.31692,1.32142,1.31169,1.31348,30188,MT5,H4
2022-03-07 16:00:00,1.31346,1.31385,1.31015,1.31043,17027,MT5,H4
2022-03-07 20:00:00,1.31043,1.31166,1.31005,1.31131,3904,MT5,H4
2022-03-08 00:00:00,1.3113299999999999,1.31307,1.31013,1.31244,5616,MT5,H4
2022-03-08 04:00:00,1.31246,1.31285,1.30812,1.30912,9785,MT5,H4
2022-03-08 08:00:00,1.3091300000000001,1.31334,1.30873,1.31178,20750,MT5,H4
2022-03-08 12:00:00,1.31177,1.31443,1.30853,1.31111,22133,MT5,H4
2022-03-08 16:00:00,1.31111,1.31436,1.30895,1.31074,25679,MT5,H4
2022-03-08 20:00:00,1.3107199999999999,1.31137,1.3088,1.30982,4639,MT5,H4
2022-03-09 00:00:00,1.30984,1.31175,1.30981,1.3107199999999999,4863,MT5,H4
2022-03-09 04:00:00,1.3107199999999999,1.31273,1.3107199999999999,1.31109,6703,MT5,H4
2022-03-09 08:00:00,1.31111,1.31806,1.31046,1.31509,13465,MT5,H4
2022-03-09 12:00:00,1.31508,1.3183500000000001,1.31369,1.31572,18581,MT5,H4
2022-03-09 16:00:00,1.31574,1.31872,1.3153000000000001,1.3181,11230,MT5,H4
2022-03-09 20:00:00,1.3181,1.31897,1.31724,1.31845,3449,MT5,H4
2022-03-10 00:00:00,1.31843,1.31873,1.31434,1.31666,5321,MT5,H4
2022-03-10 04:00:00,1.31667,1.31939,1.31646,1.31936,4965,MT5,H4
2022-03-10 08:00:00,1.31938,1.31943,1.3140800000000001,1.3159,19002,MT5,H4
2022-03-10 12:00:00,1.31588,1.31929,1.3118699999999999,1.31293,24221,MT5,H4
2022-03-10 16:00:00,1.31294,1.31319,1.3091599999999999,1.30972,7578,MT5,H4
2022-03-10 20:00:00,1.30971,1.31041,1.30807,1.31024,3206,MT5,H4
2022-03-11 00:00:00,1.31023,1.3103799999999999,1.30736,1.30907,4500,MT5,H4
2022-03-11 04:00:00,1.30907,1.31016,1.30658,1.30709,6596,MT5,H4
2022-03-11 08:00:00,1.30708,1.31186,1.30503,1.3108,17356,MT5,H4
2022-03-11 12:00:00,1.3108,1.3124799999999999,1.30731,1.3085200000000001,17351,MT5,H4
2022-03-11 16:00:00,1.3085499999999999,1.30884,1.30354,1.30381,9808,MT5,H4
2022-03-11 20:00:00,1.3038,1.30395,1.3027199999999999,1.30383,2555,MT5,H4
2022-03-13 00:00:00,1.3039,1.30522,1.30298,1.30492,1931,MT5,H4
2022-03-13 20:00:00,1.3039,1.30522,1.30298,1.30492,1907,MT5,H4
2022-03-14 00:00:00,1.30493,1.30493,1.3011300000000001,1.30137,5810,MT5,H4
2022-03-14 04:00:00,1.30136,1.3042500000000001,1.30094,1.3039,5357,MT5,H4
2022-03-14 08:00:00,1.30392,1.3057,1.3019,1.30223,10713,MT5,H4
2022-03-14 12:00:00,1.30225,1.3079,1.30225,1.30472,14382,MT5,H4
2022-03-14 16:00:00,1.3047,1.30624,1.3001,1.3001800000000001,8555,MT5,H4
2022-03-14 20:00:00,1.3001800000000001,1.30105,1.29993,1.30095,1382,MT5,H4
2022-03-15 00:00:00,1.30097,1.30456,1.3000099999999999,1.30456,6474,MT5,H4
2022-03-15 04:00:00,1.30457,1.30503,1.3026,1.30327,8771,MT5,H4
2022-03-15 08:00:00,1.3032599999999999,1.30588,1.3017699999999999,1.30506,12476,MT5,H4
2022-03-15 12:00:00,1.30507,1.30884,1.30507,1.30663,14182,MT5,H4
2022-03-15 16:00:00,1.3066499999999999,1.30684,1.30209,1.30473,9558,MT5,H4
2022-03-15 20:00:00,1.30474,1.30487,1.30335,1.30438,1709,MT5,H4
2022-03-16 00:00:00,1.30439,1.30569,1.3035700000000001,1.30522,5126,MT5,H4
2022-03-16 04:00:00,1.30521,1.30639,1.30356,1.30389,5680,MT5,H4
2022-03-16 08:00:00,1.30389,1.31053,1.30382,1.3093,12370,MT5,H4
2022-03-16 12:00:00,1.30932,1.31162,1.30738,1.30949,16806,MT5,H4
2022-03-16 16:00:00,1.30948,1.31552,1.30431,1.31531,25327,MT5,H4
2022-03-16 20:00:00,1.31532,1.31562,1.31257,1.31397,3011,MT5,H4
2022-03-17 00:00:00,1.31398,1.31631,1.3134000000000001,1.31542,8238,MT5,H4
2022-03-17 04:00:00,1.31541,1.31805,1.31482,1.31803,6847,MT5,H4
2022-03-17 08:00:00,1.318,1.32107,1.31542,1.32038,11642,MT5,H4
2022-03-17 12:00:00,1.32033,1.32033,1.30874,1.31575,19936,MT5,H4
2022-03-17 16:00:00,1.31576,1.3173599999999999,1.31453,1.31538,6584,MT5,H4
2022-03-17 20:00:00,1.31536,1.31588,1.31443,1.31583,1502,MT5,H4
2022-03-18 00:00:00,1.31586,1.31832,1.31511,1.31593,5927,MT5,H4
2022-03-18 04:00:00,1.3159399999999999,1.31724,1.3142,1.31551,6254,MT5,H4
2022-03-18 08:00:00,1.31551,1.3158,1.31217,1.3128600000000001,10048,MT5,H4
2022-03-18 12:00:00,1.31288,1.31766,1.31106,1.31699,12068,MT5,H4
2022-03-18 16:00:00,1.31698,1.31967,1.31658,1.31812,7482,MT5,H4
2022-03-18 20:00:00,1.31811,1.31853,1.31741,1.31781,522,MT5,H4
2022-03-20 00:00:00,1.31735,1.31768,1.31586,1.31593,1381,MT5,H4
2022-03-20 20:00:00,1.31735,1.31768,1.31586,1.31593,1353,MT5,H4
2022-03-21 00:00:00,1.3159399999999999,1.3170899999999999,1.31547,1.31576,3414,MT5,H4
2022-03-21 04:00:00,1.31574,1.31668,1.31453,1.31532,4862,MT5,H4
2022-03-21 08:00:00,1.31531,1.31698,1.31258,1.3140399999999999,10158,MT5,H4
2022-03-21 12:00:00,1.3140399999999999,1.32097,1.3136,1.31996,11255,MT5,H4
2022-03-21 16:00:00,1.31997,1.32062,1.3155299999999999,1.31635,11164,MT5,H4
2022-03-21 20:00:00,1.31637,1.31688,1.31573,1.31688,1409,MT5,H4
2022-03-22 00:00:00,1.3169,1.3169,1.31324,1.31515,3626,MT5,H4
2022-03-22 04:00:00,1.31513,1.31516,1.31198,1.31394,8735,MT5,H4
2022-03-22 08:00:00,1.31395,1.32269,1.3131,1.32208,13510,MT5,H4
2022-03-22 12:00:00,1.3221,1.32735,1.3219400000000001,1.32588,12779,MT5,H4
2022-03-22 16:00:00,1.32586,1.32635,1.32466,1.32595,7314,MT5,H4
2022-03-22 20:00:00,1.32593,1.32715,1.3256000000000001,1.3265500000000001,1756,MT5,H4
2022-03-23 00:00:00,1.32656,1.32864,1.32656,1.32846,3079,MT5,H4
2022-03-23 04:00:00,1.32847,1.32914,1.32565,1.32606,6185,MT5,H4
2022-03-23 08:00:00,1.32608,1.32625,1.3199100000000001,1.3207900000000001,9766,MT5,H4
2022-03-23 12:00:00,1.3208,1.32141,1.3175,1.32114,12804,MT5,H4
2022-03-23 16:00:00,1.32115,1.3214000000000001,1.31976,1.32095,6017,MT5,H4
2022-03-23 20:00:00,1.32092,1.3210899999999999,1.31956,1.32051,1370,MT5,H4
2022-03-24 00:00:00,1.3205200000000001,1.32127,1.31834,1.31929,3601,MT5,H4
2022-03-24 04:00:00,1.31927,1.3205,1.31796,1.31818,7295,MT5,H4
2022-03-24 08:00:00,1.3182,1.32118,1.31564,1.32022,13553,MT5,H4
2022-03-24 12:00:00,1.32023,1.32139,1.31668,1.3183799999999999,14266,MT5,H4
2022-03-24 16:00:00,1.31839,1.3195299999999999,1.3167,1.31905,7102,MT5,H4
2022-03-24 20:00:00,1.31906,1.31966,1.31808,1.31939,1420,MT5,H4
2022-03-25 00:00:00,1.3194,1.3207900000000001,1.31836,1.32061,3712,MT5,H4
2022-03-25 04:00:00,1.32059,1.32246,1.31864,1.3189600000000001,5774,MT5,H4
2022-03-25 08:00:00,1.31894,1.31997,1.3159,1.31972,9565,MT5,H4
2022-03-25 12:00:00,1.31973,1.32223,1.31786,1.3191,14076,MT5,H4
2022-03-25 16:00:00,1.31908,1.31988,1.31788,1.3189899999999999,8563,MT5,H4
2022-03-25 20:00:00,1.319,1.319,1.31782,1.31814,582,MT5,H4
2022-03-27 00:00:00,1.31773,1.31837,1.31686,1.31727,1144,MT5,H4
2022-03-27 20:00:00,1.31773,1.31837,1.31686,1.31727,1124,MT5,H4
2022-03-28 00:00:00,1.31728,1.31763,1.31454,1.31538,8025,MT5,H4
2022-03-28 04:00:00,1.3154,1.31641,1.31294,1.31459,9249,MT5,H4
2022-03-28 08:00:00,1.3146200000000001,1.31666,1.31044,1.31142,14130,MT5,H4
2022-03-28 12:00:00,1.31142,1.31168,1.3066,1.30908,15873,MT5,H4
2022-03-28 16:00:00,1.3090899999999999,1.30993,1.30819,1.30934,7415,MT5,H4
2022-03-28 20:00:00,1.30936,1.3106,1.30885,1.3099,1400,MT5,H4
2022-03-29 00:00:00,1.30991,1.31058,1.30781,1.30957,7318,MT5,H4
2022-03-29 04:00:00,1.30958,1.31148,1.30853,1.30914,8904,MT5,H4
2022-03-29 08:00:00,1.3091300000000001,1.3147199999999999,1.30507,1.31283,20566,MT5,H4
2022-03-29 12:00:00,1.3128600000000001,1.3159399999999999,1.31223,1.31295,24848,MT5,H4
2022-03-29 16:00:00,1.31293,1.31293,1.30594,1.30985,8422,MT5,H4
2022-03-29 20:00:00,1.30983,1.31025,1.30853,1.30927,1371,MT5,H4
2022-03-30 00:00:00,1.30925,1.31114,1.30885,1.3106900000000001,8970,MT5,H4
2022-03-30 04:00:00,1.31068,1.31333,1.30986,1.31262,10205,MT5,H4
2022-03-30 08:00:00,1.31264,1.31612,1.31164,1.3159,14399,MT5,H4
2022-03-30 12:00:00,1.31589,1.31822,1.3146,1.31495,15345,MT5,H4
2022-03-30 16:00:00,1.31495,1.31547,1.31268,1.31335,5422,MT5,H4
2022-03-30 20:00:00,1.31337,1.31392,1.31291,1.31371,1304,MT5,H4
2022-03-31 00:00:00,1.31372,1.31434,1.31145,1.31162,6872,MT5,H4
2022-03-31 04:00:00,1.31163,1.31479,1.31097,1.31351,8137,MT5,H4
2022-03-31 08:00:00,1.31351,1.3143099999999999,1.31093,1.31254,12301,MT5,H4
2022-03-31 12:00:00,1.31253,1.31754,1.31049,1.31494,19666,MT5,H4
2022-03-31 16:00:00,1.31493,1.3152300000000001,1.31301,1.31369,6841,MT5,H4
2022-03-31 20:00:00,1.31371,1.31514,1.31336,1.31452,2667,MT5,H4
2022-04-01 00:00:00,1.31453,1.31467,1.3121800000000001,1.3134299999999999,5587,MT5,H4
2022-04-01 04:00:00,1.31342,1.31388,1.31127,1.31229,7341,MT5,H4
2022-04-01 08:00:00,1.3123,1.31454,1.3115299999999999,1.31305,9207,MT5,H4
2022-04-01 12:00:00,1.31307,1.3134299999999999,1.30862,1.31124,12808,MT5,H4
2022-04-01 16:00:00,1.31121,1.31142,1.30919,1.31134,5134,MT5,H4
2022-04-01 20:00:00,1.31135,1.31154,1.31087,1.31142,606,MT5,H4
2022-04-03 00:00:00,1.31017,1.31104,1.30982,1.31043,1039,MT5,H4
2022-04-03 20:00:00,1.31017,1.31104,1.30982,1.31043,1030,MT5,H4
2022-04-04 00:00:00,1.31044,1.31198,1.31013,1.3115,3909,MT5,H4
2022-04-04 04:00:00,1.31149,1.31368,1.31143,1.31274,5614,MT5,H4
2022-04-04 08:00:00,1.31276,1.3128600000000001,1.30929,1.3096,8318,MT5,H4
2022-04-04 12:00:00,1.30961,1.3128600000000001,1.30948,1.31152,9519,MT5,H4
2022-04-04 16:00:00,1.31151,1.31202,1.30966,1.31146,5034,MT5,H4
2022-04-04 20:00:00,1.31144,1.31168,1.311,1.31124,882,MT5,H4
2022-04-05 00:00:00,1.3112599999999999,1.31223,1.31059,1.31137,3390,MT5,H4
2022-04-05 04:00:00,1.31137,1.31445,1.31064,1.31257,7949,MT5,H4
2022-04-05 08:00:00,1.31259,1.31422,1.31152,1.3134299999999999,8247,MT5,H4
2022-04-05 12:00:00,1.3134299999999999,1.31667,1.30976,1.30993,13964,MT5,H4
2022-04-05 16:00:00,1.30994,1.31014,1.30667,1.30776,7203,MT5,H4
2022-04-05 20:00:00,1.30774,1.30796,1.30695,1.30766,1303,MT5,H4
2022-04-06 00:00:00,1.3076699999999999,1.30776,1.30565,1.30725,4809,MT5,H4
2022-04-06 04:00:00,1.30724,1.3075700000000001,1.3044,1.30659,8091,MT5,H4
2022-04-06 08:00:00,1.30656,1.31076,1.30634,1.30851,10078,MT5,H4
2022-04-06 12:00:00,1.3085200000000001,1.30994,1.30681,1.30802,12519,MT5,H4
2022-04-06 16:00:00,1.30804,1.31025,1.3048,1.30737,17162,MT5,H4
2022-04-06 20:00:00,1.30737,1.30758,1.30605,1.3069,1421,MT5,H4
2022-04-07 00:00:00,1.30691,1.30835,1.30686,1.3078400000000001,4690,MT5,H4
2022-04-07 04:00:00,1.30785,1.3106499999999999,1.3075,1.309,6675,MT5,H4
2022-04-07 08:00:00,1.30899,1.3094999999999999,1.30627,1.30814,10805,MT5,H4
2022-04-07 12:00:00,1.30816,1.3087,1.3051599999999999,1.3059,12881,MT5,H4
2022-04-07 16:00:00,1.30589,1.30753,1.30523,1.30739,7012,MT5,H4
2022-04-07 20:00:00,1.30737,1.30765,1.3066,1.30685,1547,MT5,H4
2022-04-08 00:00:00,1.30687,1.3077,1.30646,1.30693,4974,MT5,H4
2022-04-08 04:00:00,1.30694,1.30737,1.30257,1.30409,6732,MT5,H4
2022-04-08 08:00:00,1.30409,1.3054299999999999,1.30216,1.30311,7276,MT5,H4
2022-04-08 12:00:00,1.30311,1.30318,1.29819,1.30307,11667,MT5,H4
2022-04-08 16:00:00,1.3030599999999999,1.3039399999999999,1.30213,1.30335,4758,MT5,H4
2022-04-08 20:00:00,1.30334,1.30377,1.30322,1.3035999999999999,441,MT5,H4
2022-04-10 00:00:00,1.30293,1.3039399999999999,1.30256,1.30298,1364,MT5,H4
2022-04-10 20:00:00,1.30293,1.3039399999999999,1.30256,1.30298,1340,MT5,H4
2022-04-11 00:00:00,1.3029899999999999,1.30317,1.30085,1.30139,5742,MT5,H4
2022-04-11 04:00:00,1.3014000000000001,1.30285,1.29889,1.3027199999999999,8683,MT5,H4
2022-04-11 08:00:00,1.30275,1.30565,1.30188,1.30295,9219,MT5,H4
2022-04-11 12:00:00,1.30293,1.30465,1.3018100000000001,1.30316,11738,MT5,H4
2022-04-11 16:00:00,1.30317,1.30382,1.30194,1.30229,5022,MT5,H4
2022-04-11 20:00:00,1.30227,1.30313,1.30212,1.30226,1293,MT5,H4
2022-04-12 00:00:00,1.30224,1.30376,1.30042,1.30231,4761,MT5,H4
2022-04-12 04:00:00,1.30233,1.30344,1.30017,1.30149,7392,MT5,H4
2022-04-12 08:00:00,1.3014700000000001,1.30218,1.29935,1.30217,7968,MT5,H4
2022-04-12 12:00:00,1.30219,1.30538,1.30077,1.30301,18566,MT5,H4
2022-04-12 16:00:00,1.30302,1.3045,1.29989,1.3001800000000001,8043,MT5,H4
2022-04-12 20:00:00,1.3001800000000001,1.30041,1.2995999999999999,1.30015,928,MT5,H4
2022-04-13 00:00:00,1.30016,1.30144,1.29871,1.30125,4630,MT5,H4
2022-04-13 04:00:00,1.3012299999999999,1.30254,1.29712,1.29996,7805,MT5,H4
2022-04-13 08:00:00,1.29996,1.30243,1.29936,1.2999399999999999,8704,MT5,H4
2022-04-13 12:00:00,1.29997,1.30748,1.29902,1.30707,13845,MT5,H4
2022-04-13 16:00:00,1.30708,1.31146,1.3070599999999999,1.31093,6615,MT5,H4
2022-04-13 20:00:00,1.31095,1.31229,1.31056,1.31183,1141,MT5,H4
2022-04-14 00:00:00,1.31186,1.3141,1.3112599999999999,1.31346,4972,MT5,H4
2022-04-14 04:00:00,1.3134700000000001,1.3147199999999999,1.31274,1.31314,5698,MT5,H4
2022-04-14 08:00:00,1.31311,1.31459,1.31158,1.31161,8929,MT5,H4
2022-04-14 12:00:00,1.31161,1.31243,1.30332,1.30506,21532,MT5,H4
2022-04-14 16:00:00,1.30507,1.30822,1.305,1.30753,5541,MT5,H4
2022-04-14 20:00:00,1.30751,1.30812,1.30594,1.30641,3209,MT5,H4
2022-04-15 00:00:00,1.30628,1.30676,1.3044,1.30607,3705,MT5,H4
2022-04-15 04:00:00,1.30602,1.30715,1.30494,1.3070599999999999,6764,MT5,H4
2022-04-15 08:00:00,1.30702,1.30722,1.30555,1.30633,6008,MT5,H4
2022-04-15 12:00:00,1.30637,1.30682,1.3054700000000001,1.30568,4695,MT5,H4
2022-04-15 16:00:00,1.30585,1.30637,1.30544,1.30585,3319,MT5,H4
2022-04-15 20:00:00,1.30564,1.30645,1.30487,1.30505,495,MT5,H4
2022-04-17 00:00:00,1.30501,1.30643,1.30488,1.30567,1444,MT5,H4
2022-04-17 20:00:00,1.30501,1.30643,1.30488,1.30567,1422,MT5,H4
2022-04-18 00:00:00,1.30568,1.30576,1.30254,1.3027,5265,MT5,H4
2022-04-18 04:00:00,1.30268,1.30308,1.30057,1.30091,4473,MT5,H4
2022-04-18 08:00:00,1.30092,1.30395,1.30085,1.30388,4354,MT5,H4
2022-04-18 12:00:00,1.3039,1.30447,1.30138,1.3018,8058,MT5,H4
2022-04-18 16:00:00,1.3018100000000001,1.30209,1.30046,1.30088,4431,MT5,H4
2022-04-18 20:00:00,1.3008899999999999,1.3013,1.30006,1.30075,1405,MT5,H4
2022-04-19 00:00:00,1.30073,1.30186,1.29893,1.30046,5185,MT5,H4
2022-04-19 04:00:00,1.30045,1.30157,1.2987199999999999,1.30146,7218,MT5,H4
2022-04-19 08:00:00,1.30148,1.30406,1.30044,1.3016,9141,MT5,H4
2022-04-19 12:00:00,1.30161,1.30241,1.29795,1.30096,14144,MT5,H4
2022-04-19 16:00:00,1.30096,1.30146,1.29918,1.30027,5199,MT5,H4
2022-04-19 20:00:00,1.3002500000000001,1.30138,1.2993700000000001,1.30135,1682,MT5,H4
2022-04-20 00:00:00,1.30137,1.3045200000000001,1.30108,1.30409,6723,MT5,H4
2022-04-20 04:00:00,1.3041,1.30436,1.30003,1.30007,7002,MT5,H4
2022-04-20 08:00:00,1.30007,1.3066,1.29963,1.30518,9017,MT5,H4
2022-04-20 12:00:00,1.3052000000000001,1.30654,1.30324,1.30536,12724,MT5,H4
2022-04-20 16:00:00,1.30535,1.3070300000000001,1.30462,1.30629,6285,MT5,H4
2022-04-20 20:00:00,1.30631,1.30735,1.30508,1.30679,1951,MT5,H4
2022-04-21 00:00:00,1.30681,1.30681,1.30422,1.3044799999999999,4821,MT5,H4
2022-04-21 04:00:00,1.3045,1.30824,1.3045,1.30745,8916,MT5,H4
2022-04-21 08:00:00,1.30743,1.309,1.30293,1.30323,8303,MT5,H4
2022-04-21 12:00:00,1.30325,1.30761,1.30223,1.30432,13327,MT5,H4
2022-04-21 16:00:00,1.3043,1.30474,1.30226,1.3029,8764,MT5,H4
2022-04-21 20:00:00,1.3029,1.3035,1.30237,1.30243,1749,MT5,H4
2022-04-22 00:00:00,1.3024499999999999,1.30316,1.30099,1.3020100000000001,5993,MT5,H4
2022-04-22 04:00:00,1.302,1.30327,1.28997,1.29061,12454,MT5,H4
2022-04-22 08:00:00,1.29065,1.29166,1.28621,1.29025,11913,MT5,H4
2022-04-22 12:00:00,1.29028,1.29029,1.28379,1.28464,16015,MT5,H4
2022-04-22 16:00:00,1.28465,1.28478,1.28228,1.28275,7188,MT5,H4
2022-04-22 20:00:00,1.28277,1.28399,1.2827,1.28376,799,MT5,H4
2022-04-24 00:00:00,1.28343,1.28393,1.28258,1.2827899999999999,1715,MT5,H4
2022-04-24 20:00:00,1.28343,1.28393,1.28258,1.2827899999999999,1686,MT5,H4
2022-04-25 00:00:00,1.28281,1.28296,1.27916,1.28051,6578,MT5,H4
2022-04-25 04:00:00,1.2805,1.28077,1.27279,1.27489,14158,MT5,H4
2022-04-25 08:00:00,1.2749,1.27654,1.27051,1.27499,15583,MT5,H4
2022-04-25 12:00:00,1.27498,1.27545,1.27009,1.27009,18979,MT5,H4
2022-04-25 16:00:00,1.27006,1.27435,1.2697,1.27403,10901,MT5,H4
2022-04-25 20:00:00,1.274,1.27447,1.27248,1.27376,2524,MT5,H4
2022-04-26 00:00:00,1.27377,1.27716,1.27304,1.2766,6784,MT5,H4
2022-04-26 04:00:00,1.27661,1.2768,1.27105,1.27123,8691,MT5,H4
2022-04-26 08:00:00,1.27126,1.27304,1.26855,1.26855,10494,MT5,H4
2022-04-26 12:00:00,1.26856,1.2697,1.26081,1.26136,17115,MT5,H4
2022-04-26 16:00:00,1.26135,1.26218,1.25805,1.25892,8176,MT5,H4
2022-04-26 20:00:00,1.25889,1.25889,1.25587,1.25812,2270,MT5,H4
2022-04-27 00:00:00,1.25813,1.25913,1.25693,1.25797,6287,MT5,H4
2022-04-27 04:00:00,1.25796,1.25973,1.2540499999999999,1.25719,10428,MT5,H4
2022-04-27 08:00:00,1.25722,1.26014,1.25358,1.25659,14060,MT5,H4
2022-04-27 12:00:00,1.25661,1.25783,1.25024,1.25438,18672,MT5,H4
2022-04-27 16:00:00,1.25441,1.25735,1.25353,1.25455,9072,MT5,H4
2022-04-27 20:00:00,1.25455,1.25476,1.25335,1.25396,1412,MT5,H4
2022-04-28 00:00:00,1.25397,1.25454,1.25087,1.25111,7749,MT5,H4
2022-04-28 04:00:00,1.25112,1.25696,1.24903,1.25559,14764,MT5,H4
2022-04-28 08:00:00,1.2556,1.25567,1.24235,1.24254,14443,MT5,H4
2022-04-28 12:00:00,1.24254,1.24746,1.24111,1.24388,24166,MT5,H4
2022-04-28 16:00:00,1.24386,1.24734,1.24379,1.24669,8625,MT5,H4
2022-04-28 20:00:00,1.24667,1.24686,1.24488,1.24647,1594,MT5,H4
2022-04-29 00:00:00,1.24648,1.2496800000000001,1.24648,1.24828,5969,MT5,H4
2022-04-29 04:00:00,1.24826,1.25702,1.24768,1.25591,9662,MT5,H4
2022-04-29 08:00:00,1.25593,1.25853,1.25407,1.25559,11783,MT5,H4
2022-04-29 12:00:00,1.25557,1.25731,1.2530000000000001,1.25648,22224,MT5,H4
2022-04-29 16:00:00,1.2564600000000001,1.26144,1.25567,1.25757,9953,MT5,H4
2022-04-29 20:00:00,1.25758,1.25828,1.25692,1.25756,1044,MT5,H4
2022-05-01 00:00:00,1.25813,1.25881,1.25694,1.25701,1885,MT5,H4
2022-05-01 20:00:00,1.25813,1.25882,1.25694,1.25701,1867,MT5,H4
2022-05-02 00:00:00,1.2570299999999999,1.25971,1.25514,1.25584,7581,MT5,H4
2022-05-02 04:00:00,1.25583,1.25807,1.25397,1.2573699999999999,8409,MT5,H4
2022-05-02 08:00:00,1.25736,1.25875,1.25558,1.25604,8795,MT5,H4
2022-05-02 12:00:00,1.25603,1.2566899999999999,1.25033,1.2521,14264,MT5,H4
2022-05-02 16:00:00,1.25211,1.25241,1.2472699999999999,1.24896,7583,MT5,H4
2022-05-02 20:00:00,1.24894,1.24996,1.24826,1.24993,1385,MT5,H4
2022-05-03 00:00:00,1.24994,1.25323,1.2497099999999999,1.25315,4733,MT5,H4
2022-05-03 04:00:00,1.25314,1.2545,1.25052,1.2537,11564,MT5,H4
2022-05-03 08:00:00,1.25372,1.25552,1.24927,1.25317,10865,MT5,H4
2022-05-03 12:00:00,1.25315,1.25668,1.2505600000000001,1.25096,14971,MT5,H4
2022-05-03 16:00:00,1.25095,1.25144,1.24703,1.24964,9617,MT5,H4
2022-05-03 20:00:00,1.24963,1.25027,1.24872,1.24984,1568,MT5,H4
2022-05-04 00:00:00,1.24982,1.25054,1.24824,1.24836,3746,MT5,H4
2022-05-04 04:00:00,1.24833,1.25144,1.24657,1.25125,6708,MT5,H4
2022-05-04 08:00:00,1.25123,1.2524,1.2502,1.251,7589,MT5,H4
2022-05-04 12:00:00,1.25098,1.2537099999999999,1.24675,1.24875,13528,MT5,H4
2022-05-04 16:00:00,1.24877,1.26379,1.24515,1.26167,49453,MT5,H4
2022-05-04 20:00:00,1.26167,1.2637800000000001,1.26054,1.26162,3218,MT5,H4
2022-05-05 00:00:00,1.26162,1.26328,1.25784,1.25796,8690,MT5,H4
2022-05-05 04:00:00,1.2579799999999999,1.25807,1.25173,1.25423,12831,MT5,H4
2022-05-05 08:00:00,1.25426,1.25782,1.23793,1.23944,25021,MT5,H4
2022-05-05 12:00:00,1.23941,1.24135,1.23265,1.23282,27719,MT5,H4
2022-05-05 16:00:00,1.23279,1.2368999999999999,1.23248,1.23649,17582,MT5,H4
2022-05-05 20:00:00,1.23648,1.2373,1.23544,1.23622,2458,MT5,H4
2022-05-06 00:00:00,1.23624,1.23798,1.23333,1.23691,11238,MT5,H4
2022-05-06 04:00:00,1.23691,1.2373,1.2276,1.23129,15185,MT5,H4
2022-05-06 08:00:00,1.23128,1.23792,1.23051,1.23358,19798,MT5,H4
2022-05-06 12:00:00,1.23361,1.23753,1.23009,1.2344,35392,MT5,H4
2022-05-06 16:00:00,1.23442,1.23621,1.23226,1.23424,14610,MT5,H4
2022-05-06 20:00:00,1.23421,1.23424,1.23312,1.23372,832,MT5,H4
2022-05-08 00:00:00,1.2341199999999999,1.2344,1.23244,1.23255,1889,MT5,H4
2022-05-08 20:00:00,1.2341199999999999,1.2344,1.23244,1.23255,1871,MT5,H4
2022-05-09 00:00:00,1.23257,1.23271,1.22837,1.22905,8062,MT5,H4
2022-05-09 04:00:00,1.22907,1.2299,1.22606,1.22878,11396,MT5,H4
2022-05-09 08:00:00,1.22876,1.23711,1.22685,1.2366,14422,MT5,H4
2022-05-09 12:00:00,1.2366,1.24057,1.23004,1.23338,20927,MT5,H4
2022-05-09 16:00:00,1.23337,1.23803,1.23257,1.23311,15196,MT5,H4
2022-05-09 20:00:00,1.23312,1.23417,1.23246,1.23357,2055,MT5,H4
2022-05-10 00:00:00,1.23357,1.23721,1.23176,1.23665,10067,MT5,H4
2022-05-10 04:00:00,1.23664,1.23755,1.2316799999999999,1.2317,11494,MT5,H4
2022-05-10 08:00:00,1.23172,1.23584,1.23042,1.23379,12288,MT5,H4
2022-05-10 12:00:00,1.23381,1.23415,1.22927,1.23125,20941,MT5,H4
2022-05-10 16:00:00,1.23126,1.23305,1.22916,1.23182,17132,MT5,H4
2022-05-10 20:00:00,1.2318,1.23224,1.23067,1.23069,1562,MT5,H4
2022-05-11 00:00:00,1.2307,1.23399,1.23048,1.23309,5741,MT5,H4
2022-05-11 04:00:00,1.23307,1.23467,1.23227,1.2345,7711,MT5,H4
2022-05-11 08:00:00,1.2345,1.23896,1.23248,1.23563,13659,MT5,H4
2022-05-11 12:00:00,1.23564,1.24,1.2277,1.23146,41892,MT5,H4
2022-05-11 16:00:00,1.23146,1.23242,1.22374,1.2242899999999999,19943,MT5,H4
2022-05-11 20:00:00,1.22428,1.22525,1.22318,1.22333,2043,MT5,H4
2022-05-12 00:00:00,1.22334,1.22484,1.22101,1.22277,9053,MT5,H4
2022-05-12 04:00:00,1.22277,1.22319,1.21804,1.2200199999999999,19263,MT5,H4
2022-05-12 08:00:00,1.22004,1.22192,1.21644,1.21953,17522,MT5,H4
2022-05-12 12:00:00,1.21955,1.22474,1.21896,1.21956,27364,MT5,H4
2022-05-12 16:00:00,1.21957,1.22193,1.21732,1.21926,16151,MT5,H4
2022-05-12 20:00:00,1.21927,1.22075,1.21906,1.22041,1920,MT5,H4
2022-05-13 00:00:00,1.22043,1.22267,1.21929,1.2217500000000001,7357,MT5,H4
2022-05-13 04:00:00,1.22173,1.22313,1.21993,1.22171,11085,MT5,H4
2022-05-13 08:00:00,1.22172,1.22277,1.21743,1.21914,11203,MT5,H4
2022-05-13 12:00:00,1.21916,1.22447,1.21547,1.22432,19215,MT5,H4
2022-05-13 16:00:00,1.2243,1.22486,1.22201,1.22421,7433,MT5,H4
2022-05-13 20:00:00,1.22418,1.22607,1.22405,1.22605,885,MT5,H4
2022-05-15 00:00:00,1.22408,1.2266,1.2240199999999999,1.22569,2167,MT5,H4
2022-05-15 20:00:00,1.22408,1.2266,1.2240199999999999,1.22569,2134,MT5,H4
2022-05-16 00:00:00,1.2257,1.22966,1.2233,1.22361,10464,MT5,H4
2022-05-16 04:00:00,1.22362,1.22529,1.22169,1.2219,10528,MT5,H4
2022-05-16 08:00:00,1.22191,1.22704,1.22188,1.2259,11149,MT5,H4
2022-05-16 12:00:00,1.22592,1.22739,1.22359,1.22695,17277,MT5,H4
2022-05-16 16:00:00,1.22694,1.23293,1.22654,1.23174,8222,MT5,H4
2022-05-16 20:00:00,1.2317,1.23273,1.23143,1.23255,1536,MT5,H4
2022-05-17 00:00:00,1.2325599999999999,1.23442,1.23206,1.23354,6948,MT5,H4
2022-05-17 04:00:00,1.23355,1.24317,1.23313,1.24233,10958,MT5,H4
2022-05-17 08:00:00,1.2423899999999999,1.24987,1.24209,1.2483,20302,MT5,H4
2022-05-17 12:00:00,1.2483,1.24955,1.24493,1.24691,16934,MT5,H4
2022-05-17 16:00:00,1.24692,1.2493400000000001,1.24525,1.24837,16900,MT5,H4
2022-05-17 20:00:00,1.24838,1.2496,1.24803,1.24869,1532,MT5,H4
2022-05-18 00:00:00,1.24868,1.25006,1.2462900000000001,1.24686,7231,MT5,H4
2022-05-18 04:00:00,1.24684,1.2496,1.23927,1.23948,11120,MT5,H4
2022-05-18 08:00:00,1.2395,1.2423899999999999,1.23715,1.24191,11577,MT5,H4
2022-05-18 12:00:00,1.24192,1.24356,1.23862,1.23926,16303,MT5,H4
2022-05-18 16:00:00,1.23929,1.23957,1.23386,1.23408,9871,MT5,H4
2022-05-18 20:00:00,1.23406,1.23565,1.23296,1.2343899999999999,2959,MT5,H4
2022-05-19 00:00:00,1.2344,1.23836,1.23391,1.23834,8870,MT5,H4
2022-05-19 04:00:00,1.23835,1.23947,1.2337799999999999,1.23833,11611,MT5,H4
2022-05-19 08:00:00,1.23834,1.24375,1.23695,1.24318,17350,MT5,H4
2022-05-19 12:00:00,1.24319,1.25243,1.24101,1.2503,28770,MT5,H4
2022-05-19 16:00:00,1.25031,1.2517800000000001,1.24861,1.24955,16189,MT5,H4
2022-05-19 20:00:00,1.24953,1.24955,1.24582,1.24627,2807,MT5,H4
2022-05-20 00:00:00,1.2462900000000001,1.24698,1.24373,1.24482,8260,MT5,H4
2022-05-20 04:00:00,1.2448,1.24964,1.24429,1.24736,12144,MT5,H4
2022-05-20 08:00:00,1.24739,1.24905,1.24589,1.24688,10862,MT5,H4
2022-05-20 12:00:00,1.24686,1.24998,1.24522,1.24908,16368,MT5,H4
2022-05-20 16:00:00,1.2490700000000001,1.24936,1.24528,1.24886,13586,MT5,H4
2022-05-20 20:00:00,1.24885,1.2496800000000001,1.24848,1.24931,700,MT5,H4
2022-05-22 00:00:00,1.24787,1.25095,1.24762,1.2503,1631,MT5,H4
2022-05-22 20:00:00,1.24787,1.25095,1.24762,1.2503,1615,MT5,H4
2022-05-23 00:00:00,1.25031,1.2549000000000001,1.24997,1.25428,6893,MT5,H4
2022-05-23 04:00:00,1.25426,1.2572999999999999,1.25403,1.25498,9859,MT5,H4
2022-05-23 08:00:00,1.25499,1.26009,1.25488,1.25745,14609,MT5,H4
2022-05-23 12:00:00,1.25745,1.25931,1.2556,1.2570000000000001,14740,MT5,H4
2022-05-23 16:00:00,1.2570000000000001,1.25819,1.25582,1.25784,6946,MT5,H4
2022-05-23 20:00:00,1.25783,1.25881,1.25664,1.25667,2052,MT5,H4
2022-05-24 00:00:00,1.2566899999999999,1.25692,1.25475,1.25654,5409,MT5,H4
2022-05-24 04:00:00,1.25652,1.2598500000000001,1.25563,1.2582200000000001,10087,MT5,H4
2022-05-24 08:00:00,1.2582,1.25919,1.2475,1.24985,17762,MT5,H4
2022-05-24 12:00:00,1.24983,1.2543,1.24716,1.2542200000000001,20474,MT5,H4
2022-05-24 16:00:00,1.2542,1.25545,1.25102,1.25332,11254,MT5,H4
2022-05-24 20:00:00,1.25333,1.2549000000000001,1.25275,1.25412,1551,MT5,H4
2022-05-25 00:00:00,1.25413,1.25434,1.25141,1.2535,7872,MT5,H4
2022-05-25 04:00:00,1.25348,1.25598,1.2525,1.2539500000000001,10769,MT5,H4
2022-05-25 08:00:00,1.25396,1.25492,1.24809,1.24909,14355,MT5,H4
2022-05-25 12:00:00,1.2490999999999999,1.25579,1.24835,1.25389,16643,MT5,H4
2022-05-25 16:00:00,1.25391,1.25906,1.25245,1.25765,15365,MT5,H4
2022-05-25 20:00:00,1.25765,1.25941,1.25709,1.25857,1578,MT5,H4
2022-05-26 00:00:00,1.25858,1.26121,1.25745,1.25868,7992,MT5,H4
2022-05-26 04:00:00,1.25869,1.25974,1.25516,1.25861,10164,MT5,H4
2022-05-26 08:00:00,1.2586300000000001,1.26206,1.25546,1.25952,14337,MT5,H4
2022-05-26 12:00:00,1.25953,1.25969,1.25528,1.25805,14829,MT5,H4
2022-05-26 16:00:00,1.25806,1.26,1.25679,1.25989,6325,MT5,H4
2022-05-26 20:00:00,1.2599,1.26187,1.25864,1.26166,1401,MT5,H4
2022-05-27 00:00:00,1.26167,1.26664,1.26123,1.26486,8837,MT5,H4
2022-05-27 04:00:00,1.26485,1.26569,1.2612999999999999,1.2621,8391,MT5,H4
2022-05-27 08:00:00,1.26209,1.2627,1.25857,1.26163,10847,MT5,H4
2022-05-27 12:00:00,1.26162,1.26538,1.25968,1.26114,15943,MT5,H4
2022-05-27 16:00:00,1.26115,1.26309,1.25984,1.2629299999999999,4587,MT5,H4
2022-05-27 20:00:00,1.26294,1.26322,1.26284,1.26309,480,MT5,H4
2022-05-29 00:00:00,1.2616800000000001,1.2634400000000001,1.26146,1.26242,911,MT5,H4
2022-05-29 20:00:00,1.2616800000000001,1.2634400000000001,1.26146,1.26238,901,MT5,H4
2022-05-30 00:00:00,1.26241,1.26575,1.26212,1.26458,5775,MT5,H4
2022-05-30 04:00:00,1.26456,1.26513,1.26197,1.26205,9017,MT5,H4
2022-05-30 08:00:00,1.26205,1.26549,1.2616100000000001,1.26392,8586,MT5,H4
2022-05-30 12:00:00,1.26394,1.2659500000000001,1.2625,1.2658,8647,MT5,H4
2022-05-30 16:00:00,1.26582,1.2659500000000001,1.26463,1.26529,1310,MT5,H4
2022-05-30 20:00:00,1.26535,1.2655699999999999,1.26421,1.26455,1085,MT5,H4
2022-05-31 00:00:00,1.26456,1.26483,1.2598,1.26162,9560,MT5,H4
2022-05-31 04:00:00,1.2616100000000001,1.2623199999999999,1.25909,1.26067,8751,MT5,H4
2022-05-31 08:00:00,1.26064,1.26312,1.25775,1.2589000000000001,11154,MT5,H4
2022-05-31 12:00:00,1.25891,1.26298,1.25603,1.26254,21290,MT5,H4
2022-05-31 16:00:00,1.26253,1.2628,1.25984,1.26011,8607,MT5,H4
2022-05-31 20:00:00,1.2601200000000001,1.26117,1.25972,1.26092,1198,MT5,H4
2022-06-01 00:00:00,1.26094,1.2616399999999999,1.25903,1.25941,5839,MT5,H4
2022-06-01 04:00:00,1.25941,1.26118,1.25751,1.2594400000000001,9243,MT5,H4
2022-06-01 08:00:00,1.2594400000000001,1.26116,1.2559,1.25722,9245,MT5,H4
2022-06-01 12:00:00,1.25723,1.25994,1.24583,1.24695,20198,MT5,H4
2022-06-01 16:00:00,1.24696,1.2502,1.24668,1.24826,9610,MT5,H4
2022-06-01 20:00:00,1.24827,1.24977,1.24766,1.24834,1904,MT5,H4
2022-06-02 00:00:00,1.24835,1.24915,1.24711,1.24784,5864,MT5,H4
2022-06-02 04:00:00,1.24784,1.2538,1.24691,1.2528299999999999,7242,MT5,H4
2022-06-02 08:00:00,1.25284,1.25595,1.25269,1.25562,6973,MT5,H4
2022-06-02 12:00:00,1.25564,1.25711,1.25244,1.25562,15511,MT5,H4
2022-06-02 16:00:00,1.25563,1.25862,1.25534,1.2574100000000001,5864,MT5,H4
2022-06-02 20:00:00,1.2574,1.25792,1.25696,1.25781,1124,MT5,H4
2022-06-03 00:00:00,1.25783,1.25896,1.25705,1.25716,4520,MT5,H4
2022-06-03 04:00:00,1.25717,1.2583199999999999,1.2559,1.25742,4896,MT5,H4
2022-06-03 08:00:00,1.25744,1.25818,1.25575,1.25597,5449,MT5,H4
2022-06-03 12:00:00,1.25599,1.25732,1.24916,1.24923,17244,MT5,H4
2022-06-03 16:00:00,1.24924,1.25152,1.24924,1.2498,5224,MT5,H4
2022-06-03 20:00:00,1.24978,1.24982,1.24855,1.24887,475,MT5,H4
2022-06-05 00:00:00,1.24878,1.25023,1.24838,1.24898,1168,MT5,H4
2022-06-05 20:00:00,1.24878,1.25023,1.24838,1.24898,1160,MT5,H4
2022-06-06 00:00:00,1.24899,1.25003,1.24765,1.24951,5571,MT5,H4
2022-06-06 04:00:00,1.24949,1.25465,1.24906,1.25465,8989,MT5,H4
2022-06-06 08:00:00,1.2546599999999999,1.25773,1.25444,1.25695,10422,MT5,H4
2022-06-06 12:00:00,1.25694,1.25702,1.25253,1.25438,12316,MT5,H4
2022-06-06 16:00:00,1.25436,1.25477,1.25254,1.25354,6540,MT5,H4
2022-06-06 20:00:00,1.25355,1.25396,1.2515100000000001,1.25232,1672,MT5,H4
2022-06-07 00:00:00,1.25233,1.25243,1.24924,1.25069,6762,MT5,H4
2022-06-07 04:00:00,1.25068,1.25223,1.24301,1.24804,16063,MT5,H4
2022-06-07 08:00:00,1.24804,1.25342,1.24804,1.24918,12730,MT5,H4
2022-06-07 12:00:00,1.24918,1.25953,1.2482,1.2594,14914,MT5,H4
2022-06-07 16:00:00,1.25941,1.25991,1.25722,1.25973,5539,MT5,H4
2022-06-07 20:00:00,1.25972,1.25972,1.25819,1.25872,1181,MT5,H4
2022-06-08 00:00:00,1.25873,1.2589000000000001,1.25634,1.25672,6825,MT5,H4
2022-06-08 04:00:00,1.2566899999999999,1.25836,1.25449,1.25482,9779,MT5,H4
2022-06-08 08:00:00,1.25479,1.25594,1.25131,1.25501,11545,MT5,H4
2022-06-08 12:00:00,1.25498,1.25613,1.25214,1.25613,14122,MT5,H4
2022-06-08 16:00:00,1.25611,1.25641,1.25348,1.25385,6843,MT5,H4
2022-06-08 20:00:00,1.25385,1.25439,1.25326,1.2540200000000001,1417,MT5,H4
2022-06-09 00:00:00,1.25403,1.2548300000000001,1.25198,1.25411,6092,MT5,H4
2022-06-09 04:00:00,1.2541,1.25416,1.24965,1.24965,9022,MT5,H4
2022-06-09 08:00:00,1.24967,1.25469,1.24921,1.25403,15226,MT5,H4
2022-06-09 12:00:00,1.25403,1.25582,1.25106,1.25125,25994,MT5,H4
2022-06-09 16:00:00,1.25123,1.25224,1.24896,1.24901,7927,MT5,H4
2022-06-09 20:00:00,1.24903,1.2497,1.2486,1.24923,1536,MT5,H4
2022-06-10 00:00:00,1.24923,1.25014,1.24791,1.24954,5876,MT5,H4
2022-06-10 04:00:00,1.24955,1.25173,1.24698,1.24698,9840,MT5,H4
2022-06-10 08:00:00,1.24696,1.24856,1.2422,1.24376,12501,MT5,H4
2022-06-10 12:00:00,1.24374,1.24511,1.23118,1.23288,30279,MT5,H4
2022-06-10 16:00:00,1.23286,1.23289,1.23009,1.23103,10130,MT5,H4
2022-06-10 20:00:00,1.23101,1.23157,1.23066,1.23152,842,MT5,H4
2022-06-12 00:00:00,1.23164,1.23172,1.22718,1.22767,3197,MT5,H4
2022-06-12 20:00:00,1.23164,1.23172,1.22718,1.22767,3164,MT5,H4
2022-06-13 00:00:00,1.2276799999999999,1.22896,1.22622,1.22896,9706,MT5,H4
2022-06-13 04:00:00,1.22896,1.23004,1.22351,1.22393,15475,MT5,H4
2022-06-13 08:00:00,1.22393,1.22427,1.21614,1.21616,16743,MT5,H4
2022-06-13 12:00:00,1.21618,1.22083,1.21232,1.21683,24296,MT5,H4
2022-06-13 16:00:00,1.21681,1.22,1.21071,1.21254,23757,MT5,H4
2022-06-13 20:00:00,1.21256,1.21444,1.21218,1.21421,2989,MT5,H4
2022-06-14 00:00:00,1.21422,1.21788,1.21325,1.21767,12763,MT5,H4
2022-06-14 04:00:00,1.21767,1.22077,1.2156,1.21801,16903,MT5,H4
2022-06-14 08:00:00,1.218,1.21849,1.20638,1.20678,21924,MT5,H4
2022-06-14 12:00:00,1.20678,1.2098,1.1989,1.20152,30755,MT5,H4
2022-06-14 16:00:00,1.2015,1.20309,1.1933799999999999,1.19846,20161,MT5,H4
2022-06-14 20:00:00,1.19847,1.20117,1.19824,1.2010399999999999,2675,MT5,H4
2022-06-15 00:00:00,1.20106,1.20408,1.19991,1.20219,9717,MT5,H4
2022-06-15 04:00:00,1.2022,1.20401,1.19892,1.2032,19445,MT5,H4
2022-06-15 08:00:00,1.20319,1.21247,1.2028,1.21123,23738,MT5,H4
2022-06-15 12:00:00,1.21121,1.21182,1.20458,1.2057,26476,MT5,H4
2022-06-15 16:00:00,1.20571,1.22047,1.20286,1.21882,69661,MT5,H4
2022-06-15 20:00:00,1.2187999999999999,1.21976,1.2158,1.21744,3431,MT5,H4
2022-06-16 00:00:00,1.21745,1.21892,1.21417,1.21571,9774,MT5,H4
2022-06-16 04:00:00,1.21573,1.2159,1.20574,1.20903,16780,MT5,H4
2022-06-16 08:00:00,1.20901,1.21831,1.20412,1.21315,46668,MT5,H4
2022-06-16 12:00:00,1.21317,1.23461,1.21298,1.23422,39529,MT5,H4
2022-06-16 16:00:00,1.23422,1.24065,1.23183,1.2358,28390,MT5,H4
2022-06-16 20:00:00,1.23578,1.23603,1.23372,1.2349999999999999,3317,MT5,H4
2022-06-17 00:00:00,1.23502,1.23528,1.22854,1.22879,17536,MT5,H4
2022-06-17 04:00:00,1.22882,1.23177,1.2252,1.22994,17864,MT5,H4
2022-06-17 08:00:00,1.22992,1.23429,1.22603,1.22629,22764,MT5,H4
2022-06-17 12:00:00,1.22628,1.22861,1.21725,1.2200199999999999,29286,MT5,H4
2022-06-17 16:00:00,1.22004,1.22304,1.21822,1.22132,14725,MT5,H4
2022-06-17 20:00:00,1.2213,1.22327,1.22096,1.22196,1175,MT5,H4
2022-06-19 00:00:00,1.22216,1.22314,1.22073,1.22275,2412,MT5,H4
2022-06-19 20:00:00,1.22216,1.22314,1.22073,1.22275,2386,MT5,H4
2022-06-20 00:00:00,1.22277,1.22532,1.21991,1.22494,12980,MT5,H4
2022-06-20 04:00:00,1.22495,1.2253,1.2218,1.22256,15123,MT5,H4
2022-06-20 08:00:00,1.22259,1.22801,1.22243,1.22619,14987,MT5,H4
2022-06-20 12:00:00,1.22621,1.22706,1.22257,1.22496,14240,MT5,H4
2022-06-20 16:00:00,1.22497,1.2258,1.22304,1.22573,2240,MT5,H4
2022-06-20 20:00:00,1.22564,1.22591,1.22409,1.2248,1565,MT5,H4
2022-06-21 00:00:00,1.22481,1.22833,1.22472,1.22795,8635,MT5,H4
2022-06-21 04:00:00,1.22794,1.23083,1.22446,1.22971,11031,MT5,H4
2022-06-21 08:00:00,1.2297,1.23243,1.2251,1.22684,15422,MT5,H4
2022-06-21 12:00:00,1.22686,1.22944,1.2248,1.22762,19242,MT5,H4
2022-06-21 16:00:00,1.22761,1.22817,1.22579,1.22691,8574,MT5,H4
2022-06-21 20:00:00,1.22691,1.22794,1.22635,1.2263600000000001,1710,MT5,H4
2022-06-22 00:00:00,1.22638,1.22662,1.22349,1.22439,9079,MT5,H4
2022-06-22 04:00:00,1.22437,1.22468,1.21604,1.21963,14932,MT5,H4
2022-06-22 08:00:00,1.21961,1.22721,1.21884,1.22365,18455,MT5,H4
2022-06-22 12:00:00,1.22366,1.23144,1.22362,1.22774,25589,MT5,H4
2022-06-22 16:00:00,1.22772,1.22874,1.22569,1.22639,10077,MT5,H4
2022-06-22 20:00:00,1.2264,1.2267299999999999,1.2248,1.22519,1365,MT5,H4
2022-06-23 00:00:00,1.2252,1.2264,1.22315,1.22571,10701,MT5,H4
2022-06-23 04:00:00,1.22571,1.22637,1.21723,1.2175799999999999,16235,MT5,H4
2022-06-23 08:00:00,1.21757,1.22273,1.2169699999999999,1.22251,18262,MT5,H4
2022-06-23 12:00:00,1.22252,1.2294100000000001,1.22193,1.22383,27851,MT5,H4
2022-06-23 16:00:00,1.22383,1.22724,1.22196,1.22655,13015,MT5,H4
2022-06-23 20:00:00,1.22654,1.22708,1.22519,1.22596,1995,MT5,H4
2022-06-24 00:00:00,1.22598,1.22846,1.22408,1.2275,8080,MT5,H4
2022-06-24 04:00:00,1.22748,1.22843,1.22582,1.22676,10532,MT5,H4
2022-06-24 08:00:00,1.22677,1.23094,1.22427,1.22667,13700,MT5,H4
2022-06-24 12:00:00,1.22668,1.23202,1.22617,1.22705,26287,MT5,H4
2022-06-24 16:00:00,1.22702,1.22872,1.22498,1.22859,7904,MT5,H4
2022-06-24 20:00:00,1.22862,1.22868,1.22703,1.22748,738,MT5,H4
2022-06-26 00:00:00,1.22667,1.22965,1.22629,1.22824,2304,MT5,H4
2022-06-26 20:00:00,1.22667,1.22965,1.22629,1.22824,2287,MT5,H4
2022-06-27 00:00:00,1.22825,1.22905,1.2266,1.22748,10506,MT5,H4
2022-06-27 04:00:00,1.22746,1.23316,1.22643,1.23212,11207,MT5,H4
2022-06-27 08:00:00,1.23214,1.23241,1.2254800000000001,1.2260900000000001,12644,MT5,H4
2022-06-27 12:00:00,1.2261,1.23131,1.22378,1.23035,19880,MT5,H4
2022-06-27 16:00:00,1.2303600000000001,1.23078,1.22631,1.22647,8496,MT5,H4
2022-06-27 20:00:00,1.22645,1.22715,1.2261,1.22661,1447,MT5,H4
2022-06-28 00:00:00,1.22662,1.22835,1.22607,1.2275,8453,MT5,H4
2022-06-28 04:00:00,1.2275,1.22912,1.22507,1.2271,12633,MT5,H4
2022-06-28 08:00:00,1.22708,1.22872,1.22284,1.22394,13942,MT5,H4
2022-06-28 12:00:00,1.22394,1.22446,1.2185,1.21986,20497,MT5,H4
2022-06-28 16:00:00,1.21988,1.22141,1.21803,1.21881,10940,MT5,H4
2022-06-28 20:00:00,1.21881,1.2191,1.21751,1.21874,1353,MT5,H4
2022-06-29 00:00:00,1.21876,1.22129,1.21855,1.22042,7704,MT5,H4
2022-06-29 04:00:00,1.22042,1.2209699999999999,1.21728,1.21958,14652,MT5,H4
2022-06-29 08:00:00,1.21957,1.22113,1.21416,1.21543,16856,MT5,H4
2022-06-29 12:00:00,1.2154099999999999,1.21763,1.21054,1.21544,25738,MT5,H4
2022-06-29 16:00:00,1.21543,1.21543,1.2113800000000001,1.21169,9412,MT5,H4
2022-06-29 20:00:00,1.21167,1.21298,1.21139,1.2128700000000001,1721,MT5,H4
2022-06-30 00:00:00,1.21288,1.21411,1.21076,1.21274,8922,MT5,H4
2022-06-30 04:00:00,1.21272,1.21645,1.21246,1.21304,13571,MT5,H4
2022-06-30 08:00:00,1.21302,1.21657,1.20919,1.21122,15369,MT5,H4
2022-06-30 12:00:00,1.21122,1.21876,1.21023,1.2163599999999999,26957,MT5,H4
2022-06-30 16:00:00,1.21634,1.21883,1.2156,1.21726,11402,MT5,H4
2022-06-30 20:00:00,1.21727,1.21783,1.21576,1.216,1847,MT5,H4
2022-07-01 00:00:00,1.2160199999999999,1.21612,1.2117,1.21235,9343,MT5,H4
2022-07-01 04:00:00,1.21233,1.21384,1.20935,1.21098,14098,MT5,H4
2022-07-01 08:00:00,1.211,1.212,1.2031,1.20406,18365,MT5,H4
2022-07-01 12:00:00,1.20407,1.20588,1.1975500000000001,1.20466,26429,MT5,H4
2022-07-01 16:00:00,1.20467,1.21068,1.20369,1.20962,10684,MT5,H4
2022-07-01 20:00:00,1.20964,1.21008,1.20898,1.20975,715,MT5,H4
2022-07-03 00:00:00,1.20983,1.21223,1.20948,1.20997,1889,MT5,H4
2022-07-03 20:00:00,1.20983,1.21223,1.20948,1.20997,1849,MT5,H4
2022-07-04 00:00:00,1.20998,1.2114099999999999,1.20846,1.20877,8810,MT5,H4
2022-07-04 04:00:00,1.20879,1.21266,1.20868,1.21241,10301,MT5,H4
2022-07-04 08:00:00,1.21243,1.21634,1.21049,1.21539,11257,MT5,H4
2022-07-04 12:00:00,1.21536,1.21649,1.21009,1.21061,10404,MT5,H4
2022-07-04 16:00:00,1.21062,1.21131,1.2096,1.21023,2014,MT5,H4
2022-07-04 20:00:00,1.21024,1.21184,1.20975,1.21133,1836,MT5,H4
2022-07-05 00:00:00,1.21133,1.21225,1.20981,1.21124,8817,MT5,H4
2022-07-05 04:00:00,1.21122,1.21251,1.20656,1.20803,14371,MT5,H4
2022-07-05 08:00:00,1.20803,1.20851,1.19889,1.20003,20172,MT5,H4
2022-07-05 12:00:00,1.20003,1.20005,1.18984,1.19341,26729,MT5,H4
2022-07-05 16:00:00,1.19339,1.19589,1.19067,1.19565,13317,MT5,H4
2022-07-05 20:00:00,1.19566,1.19594,1.19445,1.1951100000000001,2204,MT5,H4
2022-07-06 00:00:00,1.1951100000000001,1.19715,1.19442,1.19566,10098,MT5,H4
2022-07-06 04:00:00,1.19568,1.1985999999999999,1.19109,1.19671,17572,MT5,H4
2022-07-06 08:00:00,1.19672,1.19891,1.18855,1.18987,21832,MT5,H4
2022-07-06 12:00:00,1.18985,1.19406,1.18758,1.19051,34380,MT5,H4
2022-07-06 16:00:00,1.19053,1.19453,1.18879,1.1925,20542,MT5,H4
2022-07-06 20:00:00,1.19252,1.19276,1.19143,1.19218,2102,MT5,H4
2022-07-07 00:00:00,1.1922,1.19532,1.19088,1.1947,11160,MT5,H4
2022-07-07 04:00:00,1.19471,1.1964299999999999,1.19333,1.19381,12660,MT5,H4
2022-07-07 08:00:00,1.19379,1.2023,1.19359,1.19744,22169,MT5,H4
2022-07-07 12:00:00,1.19745,1.20113,1.1948,1.19937,23185,MT5,H4
2022-07-07 16:00:00,1.19936,1.20295,1.19905,1.20256,8656,MT5,H4
2022-07-07 20:00:00,1.20255,1.20333,1.2016499999999999,1.2028699999999999,1837,MT5,H4
2022-07-08 00:00:00,1.2029,1.20558,1.20184,1.20233,11020,MT5,H4
2022-07-08 04:00:00,1.20233,1.20248,1.1924,1.19431,16014,MT5,H4
2022-07-08 08:00:00,1.19431,1.20064,1.19194,1.19978,18718,MT5,H4
2022-07-08 12:00:00,1.19978,1.20479,1.1951,1.20359,34678,MT5,H4
2022-07-08 16:00:00,1.2036,1.2037200000000001,1.2012,1.20315,8084,MT5,H4
2022-07-08 20:00:00,1.20317,1.20363,1.20244,1.20327,845,MT5,H4
2022-07-10 00:00:00,1.20144,1.20367,1.20143,1.20168,1718,MT5,H4
2022-07-10 20:00:00,1.20144,1.20367,1.20143,1.20168,1697,MT5,H4
2022-07-11 00:00:00,1.2017,1.20196,1.19768,1.19862,9874,MT5,H4
2022-07-11 04:00:00,1.1985999999999999,1.19932,1.19535,1.19588,12071,MT5,H4
2022-07-11 08:00:00,1.19589,1.1982,1.19289,1.19349,14175,MT5,H4
2022-07-11 12:00:00,1.19348,1.19448,1.18664,1.19043,24090,MT5,H4
2022-07-11 16:00:00,1.19042,1.19095,1.18804,1.18945,9653,MT5,H4
2022-07-11 20:00:00,1.18946,1.19012,1.18866,1.18991,1916,MT5,H4
2022-07-12 00:00:00,1.18991,1.19096,1.18603,1.18777,13563,MT5,H4
2022-07-12 04:00:00,1.18775,1.18776,1.18274,1.18393,16167,MT5,H4
2022-07-12 08:00:00,1.18393,1.18818,1.18071,1.18333,19372,MT5,H4
2022-07-12 12:00:00,1.18335,1.19128,1.18334,1.19056,22831,MT5,H4
2022-07-12 16:00:00,1.19057,1.19156,1.18817,1.18885,8089,MT5,H4
2022-07-12 20:00:00,1.18883,1.18947,1.18747,1.18775,1787,MT5,H4
2022-07-13 00:00:00,1.18773,1.19191,1.18701,1.19053,10783,MT5,H4
2022-07-13 04:00:00,1.19056,1.19362,1.18885,1.19045,15354,MT5,H4
2022-07-13 08:00:00,1.19044,1.19347,1.18764,1.19346,15591,MT5,H4
2022-07-13 12:00:00,1.19347,1.19668,1.18272,1.19156,46637,MT5,H4
2022-07-13 16:00:00,1.1915499999999999,1.1939899999999999,1.18876,1.18932,14273,MT5,H4
2022-07-13 20:00:00,1.18933,1.18949,1.18552,1.18635,2633,MT5,H4
2022-07-14 00:00:00,1.18636,1.1884000000000001,1.18464,1.18714,12502,MT5,H4
2022-07-14 04:00:00,1.18713,1.18749,1.18231,1.18639,15527,MT5,H4
2022-07-14 08:00:00,1.1864,1.1877,1.18133,1.18242,21190,MT5,H4
2022-07-14 12:00:00,1.18244,1.18475,1.17599,1.18259,36186,MT5,H4
2022-07-14 16:00:00,1.18259,1.18384,1.17749,1.1823299999999999,18683,MT5,H4
2022-07-14 20:00:00,1.18234,1.1840600000000001,1.18118,1.1840600000000001,2038,MT5,H4
2022-07-15 00:00:00,1.1840600000000001,1.18515,1.18187,1.18295,9893,MT5,H4
2022-07-15 04:00:00,1.18293,1.18447,1.18042,1.18312,14416,MT5,H4
2022-07-15 08:00:00,1.18314,1.18527,1.18179,1.18343,15719,MT5,H4
2022-07-15 12:00:00,1.18341,1.18743,1.18072,1.18596,35025,MT5,H4
2022-07-15 16:00:00,1.18594,1.18673,1.18408,1.18665,8114,MT5,H4
2022-07-15 20:00:00,1.18663,1.18702,1.18617,1.18681,640,MT5,H4
2022-07-17 00:00:00,1.18591,1.18906,1.1858,1.18897,2122,MT5,H4
2022-07-17 20:00:00,1.18591,1.18906,1.1858,1.18897,2105,MT5,H4
2022-07-18 00:00:00,1.18895,1.19064,1.18741,1.18979,8014,MT5,H4
2022-07-18 04:00:00,1.18978,1.19491,1.18781,1.1948699999999999,14157,MT5,H4
2022-07-18 08:00:00,1.19485,1.19914,1.19344,1.19688,15794,MT5,H4
2022-07-18 12:00:00,1.19691,1.20332,1.19523,1.19883,19605,MT5,H4
2022-07-18 16:00:00,1.19882,1.19993,1.1945999999999999,1.19543,9501,MT5,H4
2022-07-18 20:00:00,1.1954500000000001,1.19577,1.19408,1.19486,2583,MT5,H4
2022-07-19 00:00:00,1.1948699999999999,1.19509,1.19248,1.19415,6642,MT5,H4
2022-07-19 04:00:00,1.19416,1.20098,1.19373,1.2009,14912,MT5,H4
2022-07-19 08:00:00,1.20093,1.20397,1.1999900000000001,1.20195,20155,MT5,H4
2022-07-19 12:00:00,1.20196,1.20452,1.1999900000000001,1.2021,23990,MT5,H4
2022-07-19 16:00:00,1.20212,1.20248,1.19855,1.19985,7475,MT5,H4
2022-07-19 20:00:00,1.19984,1.20074,1.19917,1.20021,2003,MT5,H4
2022-07-20 00:00:00,1.20022,1.20313,1.20014,1.2025299999999999,5435,MT5,H4
2022-07-20 04:00:00,1.20251,1.2037200000000001,1.19886,1.19905,14376,MT5,H4
2022-07-20 08:00:00,1.19904,1.20322,1.19645,1.1973,19074,MT5,H4
2022-07-20 12:00:00,1.19731,1.2006000000000001,1.19554,1.19873,22895,MT5,H4
2022-07-20 16:00:00,1.19875,1.19889,1.19532,1.19754,11082,MT5,H4
2022-07-20 20:00:00,1.1975500000000001,1.19821,1.19662,1.19675,2306,MT5,H4
2022-07-21 00:00:00,1.19675,1.19922,1.19629,1.1979899999999999,7442,MT5,H4
2022-07-21 04:00:00,1.19797,1.20036,1.1936499999999999,1.19416,13381,MT5,H4
2022-07-21 08:00:00,1.19418,1.1970399999999999,1.19204,1.19214,17054,MT5,H4
2022-07-21 12:00:00,1.19212,1.19926,1.18893,1.1969,47577,MT5,H4
2022-07-21 16:00:00,1.19687,1.19818,1.19467,1.1981,9616,MT5,H4
2022-07-21 20:00:00,1.19807,1.20031,1.19737,1.1995,2571,MT5,H4
2022-07-22 00:00:00,1.19952,1.19964,1.19591,1.1964,7748,MT5,H4
2022-07-22 04:00:00,1.19638,1.19895,1.19161,1.1927699999999999,14440,MT5,H4
2022-07-22 08:00:00,1.19279,1.19759,1.19228,1.19529,21213,MT5,H4
2022-07-22 12:00:00,1.19528,1.20637,1.19401,1.20199,32967,MT5,H4
2022-07-22 16:00:00,1.20197,1.2024,1.19709,1.19974,13245,MT5,H4
2022-07-22 20:00:00,1.19977,1.20067,1.1992,1.2006000000000001,984,MT5,H4
2022-07-24 00:00:00,1.19959,1.20105,1.19849,1.19851,2047,MT5,H4
2022-07-24 20:00:00,1.1997,1.20105,1.19849,1.19851,2023,MT5,H4
2022-07-25 00:00:00,1.19853,1.19957,1.19603,1.19857,9556,MT5,H4
2022-07-25 04:00:00,1.19859,1.19988,1.19625,1.19932,12786,MT5,H4
2022-07-25 08:00:00,1.1993,1.20824,1.19802,1.2059,17838,MT5,H4
2022-07-25 12:00:00,1.2059199999999999,1.20863,1.20246,1.20403,20328,MT5,H4
2022-07-25 16:00:00,1.20401,1.2059,1.20341,1.20532,6905,MT5,H4
2022-07-25 20:00:00,1.2053099999999999,1.20547,1.20385,1.20535,1353,MT5,H4
2022-07-26 00:00:00,1.20537,1.20901,1.20533,1.20676,7138,MT5,H4
2022-07-26 04:00:00,1.20674,1.20707,1.20344,1.20445,10206,MT5,H4
2022-07-26 08:00:00,1.20447,1.20479,1.19719,1.19807,16999,MT5,H4
2022-07-26 12:00:00,1.1981,1.20536,1.19636,1.2034799999999999,23078,MT5,H4
2022-07-26 16:00:00,1.20346,1.20418,1.20157,1.20207,8497,MT5,H4
2022-07-26 20:00:00,1.20207,1.20412,1.20207,1.20352,1953,MT5,H4
2022-07-27 00:00:00,1.20353,1.20572,1.20351,1.2049400000000001,8324,MT5,H4
2022-07-27 04:00:00,1.20495,1.20743,1.20361,1.2051,10588,MT5,H4
2022-07-27 08:00:00,1.20508,1.20875,1.20453,1.20647,13369,MT5,H4
2022-07-27 12:00:00,1.20647,1.20684,1.20204,1.20246,17844,MT5,H4
2022-07-27 16:00:00,1.20248,1.21859,1.20234,1.2166,31866,MT5,H4
2022-07-27 20:00:00,1.21659,1.21683,1.2147999999999999,1.21617,3523,MT5,H4
2022-07-28 00:00:00,1.21619,1.21863,1.21422,1.21647,11137,MT5,H4
2022-07-28 04:00:00,1.21649,1.21836,1.21538,1.21829,14777,MT5,H4
2022-07-28 08:00:00,1.21831,1.21912,1.21042,1.21205,18925,MT5,H4
2022-07-28 12:00:00,1.21203,1.21657,1.21033,1.21268,34755,MT5,H4
2022-07-28 16:00:00,1.21266,1.21675,1.21103,1.21666,8278,MT5,H4
2022-07-28 20:00:00,1.21665,1.21833,1.21621,1.2172399999999999,2343,MT5,H4
2022-07-29 00:00:00,1.21726,1.21961,1.2162600000000001,1.219,8887,MT5,H4
2022-07-29 04:00:00,1.21898,1.22454,1.21847,1.22141,17317,MT5,H4
2022-07-29 08:00:00,1.22143,1.22143,1.2137,1.21542,18818,MT5,H4
2022-07-29 12:00:00,1.2154,1.21864,1.20629,1.21816,33976,MT5,H4
2022-07-29 16:00:00,1.21817,1.21837,1.21516,1.2178200000000001,8390,MT5,H4
2022-07-29 20:00:00,1.2178,1.21887,1.21746,1.21784,663,MT5,H4
2022-07-31 00:00:00,1.21743,1.2176,1.21566,1.21675,2087,MT5,H4
2022-07-31 20:00:00,1.21743,1.2176,1.21566,1.21675,2056,MT5,H4
2022-08-01 00:00:00,1.21676,1.21979,1.21627,1.21822,9792,MT5,H4
2022-08-01 04:00:00,1.21821,1.22057,1.21741,1.2196799999999999,10134,MT5,H4
2022-08-01 08:00:00,1.21967,1.22611,1.21947,1.22259,14594,MT5,H4
2022-08-01 12:00:00,1.22261,1.22932,1.22192,1.22751,26269,MT5,H4
2022-08-01 16:00:00,1.22754,1.2284,1.22412,1.22559,9808,MT5,H4
2022-08-01 20:00:00,1.22556,1.226,1.22434,1.22567,2100,MT5,H4
2022-08-02 00:00:00,1.22569,1.2279,1.2245,1.22574,13014,MT5,H4
2022-08-02 04:00:00,1.2257500000000001,1.22625,1.21889,1.22016,16135,MT5,H4
2022-08-02 08:00:00,1.22016,1.22274,1.21857,1.2217,15039,MT5,H4
2022-08-02 12:00:00,1.22169,1.22407,1.218,1.22193,28385,MT5,H4
2022-08-02 16:00:00,1.22194,1.22253,1.21664,1.21673,13301,MT5,H4
2022-08-02 20:00:00,1.21675,1.21722,1.214,1.21426,2973,MT5,H4
2022-08-03 00:00:00,1.21429,1.21886,1.21346,1.21865,10423,MT5,H4
2022-08-03 04:00:00,1.21865,1.2203,1.21571,1.21903,14678,MT5,H4
2022-08-03 08:00:00,1.21901,1.22075,1.21666,1.219,16675,MT5,H4
2022-08-03 12:00:00,1.21898,1.21961,1.20999,1.21311,27696,MT5,H4
2022-08-03 16:00:00,1.21312,1.21552,1.21241,1.2146,10986,MT5,H4
2022-08-03 20:00:00,1.21461,1.21505,1.2132,1.21376,1989,MT5,H4
2022-08-04 00:00:00,1.21377,1.21678,1.21368,1.2150400000000001,7257,MT5,H4
2022-08-04 04:00:00,1.21502,1.21757,1.21285,1.21662,10846,MT5,H4
2022-08-04 08:00:00,1.2166,1.22174,1.20652,1.20856,26086,MT5,H4
2022-08-04 12:00:00,1.20854,1.21437,1.20718,1.21398,28398,MT5,H4
2022-08-04 16:00:00,1.21398,1.21755,1.21365,1.21686,10054,MT5,H4
2022-08-04 20:00:00,1.21688,1.21705,1.21523,1.2158,4063,MT5,H4
2022-08-05 00:00:00,1.21582,1.21583,1.213,1.21434,6478,MT5,H4
2022-08-05 04:00:00,1.21432,1.21688,1.21354,1.21545,8814,MT5,H4
2022-08-05 08:00:00,1.21548,1.21566,1.21246,1.21391,12581,MT5,H4
2022-08-05 12:00:00,1.2139199999999999,1.21482,1.20032,1.206,36183,MT5,H4
2022-08-05 16:00:00,1.20602,1.20939,1.20547,1.20685,12000,MT5,H4
2022-08-05 20:00:00,1.2068699999999999,1.20772,1.20679,1.20699,722,MT5,H4
2022-08-07 00:00:00,1.20665,1.20676,1.20568,1.20608,1450,MT5,H4
2022-08-07 20:00:00,1.20673,1.20682,1.2057,1.20608,1649,MT5,H4
2022-08-08 00:00:00,1.20609,1.20801,1.20473,1.20789,6239,MT5,H4
2022-08-08 04:00:00,1.20787,1.2122600000000001,1.20688,1.2117,8842,MT5,H4
2022-08-08 08:00:00,1.21167,1.21171,1.2071399999999999,1.21163,10804,MT5,H4
2022-08-08 12:00:00,1.2116500000000001,1.21373,1.20924,1.20957,12962,MT5,H4
2022-08-08 16:00:00,1.2095799999999999,1.20988,1.20686,1.20794,7687,MT5,H4
2022-08-08 20:00:00,1.20796,1.20877,1.20752,1.20848,2045,MT5,H4
2022-08-09 00:00:00,1.20851,1.2088700000000001,1.20702,1.20831,4719,MT5,H4
2022-08-09 04:00:00,1.20832,1.2092100000000001,1.20654,1.20877,6787,MT5,H4
2022-08-09 08:00:00,1.20878,1.213,1.20864,1.20975,10961,MT5,H4
2022-08-09 12:00:00,1.20974,1.2128700000000001,1.20787,1.20872,16304,MT5,H4
2022-08-09 16:00:00,1.20872,1.20939,1.20629,1.20727,5660,MT5,H4
2022-08-09 20:00:00,1.20725,1.20777,1.2069,1.20712,1381,MT5,H4
2022-08-10 00:00:00,1.20713,1.20834,1.20649,1.20819,4108,MT5,H4
2022-08-10 04:00:00,1.20819,1.20906,1.20675,1.20869,6819,MT5,H4
2022-08-10 08:00:00,1.20867,1.21247,1.2081,1.21241,10682,MT5,H4
2022-08-10 12:00:00,1.21243,1.22765,1.21,1.22434,36574,MT5,H4
2022-08-10 16:00:00,1.22432,1.2261,1.22115,1.22181,11266,MT5,H4
2022-08-10 20:00:00,1.22183,1.22207,1.2205300000000001,1.22101,2326,MT5,H4
2022-08-11 00:00:00,1.22102,1.22174,1.21821,1.21924,6260,MT5,H4
2022-08-11 04:00:00,1.21923,1.22315,1.21832,1.22249,10182,MT5,H4
2022-08-11 08:00:00,1.22247,1.22452,1.2194099999999999,1.22094,14394,MT5,H4
2022-08-11 12:00:00,1.22091,1.22491,1.2196500000000001,1.22279,24302,MT5,H4
2022-08-11 16:00:00,1.22277,1.223,1.21852,1.2190400000000001,10132,MT5,H4
2022-08-11 20:00:00,1.21902,1.22036,1.21893,1.21945,2167,MT5,H4
2022-08-12 00:00:00,1.21945,1.22012,1.21771,1.21895,6652,MT5,H4
2022-08-12 04:00:00,1.21893,1.22165,1.21677,1.21808,10558,MT5,H4
2022-08-12 08:00:00,1.21808,1.21839,1.21158,1.21299,12778,MT5,H4
2022-08-12 12:00:00,1.21299,1.21486,1.20988,1.21303,22641,MT5,H4
2022-08-12 16:00:00,1.213,1.21462,1.2125,1.21368,6019,MT5,H4
2022-08-12 20:00:00,1.21367,1.21377,1.2132100000000001,1.2134800000000001,737,MT5,H4
2022-08-14 00:00:00,1.2124,1.21387,1.2124,1.21268,1282,MT5,H4
2022-08-14 20:00:00,1.2124,1.21387,1.2124,1.21268,1269,MT5,H4
2022-08-15 00:00:00,1.21269,1.2147999999999999,1.2107999999999999,1.21218,7132,MT5,H4
2022-08-15 04:00:00,1.21219,1.21255,1.20898,1.21041,8572,MT5,H4
2022-08-15 08:00:00,1.2104300000000001,1.21092,1.205,1.20834,12362,MT5,H4
2022-08-15 12:00:00,1.20835,1.21146,1.20718,1.20877,18319,MT5,H4
2022-08-15 16:00:00,1.20879,1.2088,1.2053099999999999,1.20545,5264,MT5,H4
2022-08-15 20:00:00,1.20546,1.20587,1.20441,1.20561,2043,MT5,H4
2022-08-16 00:00:00,1.20562,1.20601,1.20352,1.20483,6019,MT5,H4
2022-08-16 04:00:00,1.20484,1.2058,1.20075,1.20554,9833,MT5,H4
2022-08-16 08:00:00,1.20554,1.20558,1.20128,1.20214,13351,MT5,H4
2022-08-16 12:00:00,1.20211,1.21176,1.20182,1.20889,18588,MT5,H4
2022-08-16 16:00:00,1.20891,1.21042,1.20742,1.20941,6136,MT5,H4
2022-08-16 20:00:00,1.20942,1.2101600000000001,1.20886,1.20943,2052,MT5,H4
2022-08-17 00:00:00,1.20944,1.21158,1.20941,1.21072,7072,MT5,H4
2022-08-17 04:00:00,1.21071,1.2142,1.2081,1.20976,11581,MT5,H4
2022-08-17 08:00:00,1.20976,1.21198,1.2061,1.20791,13257,MT5,H4
2022-08-17 12:00:00,1.20789,1.20953,1.2028,1.20282,20948,MT5,H4
2022-08-17 16:00:00,1.20282,1.20877,1.20278,1.20506,17709,MT5,H4
2022-08-17 20:00:00,1.20507,1.20526,1.20421,1.2045,1641,MT5,H4
2022-08-18 00:00:00,1.20452,1.20601,1.20302,1.20347,6891,MT5,H4
2022-08-18 04:00:00,1.20345,1.20501,1.19933,1.20261,11633,MT5,H4
2022-08-18 08:00:00,1.20261,1.20795,1.20261,1.20632,13599,MT5,H4
2022-08-18 12:00:00,1.20629,1.20712,1.1968,1.19682,21103,MT5,H4
2022-08-18 16:00:00,1.19681,1.19758,1.19226,1.19368,9883,MT5,H4
2022-08-18 20:00:00,1.1936499999999999,1.19375,1.19251,1.19302,2180,MT5,H4
2022-08-19 00:00:00,1.19303,1.19332,1.19048,1.19158,7592,MT5,H4
2022-08-19 04:00:00,1.19158,1.19257,1.18939,1.19119,10637,MT5,H4
2022-08-19 08:00:00,1.19117,1.19119,1.18152,1.18332,13794,MT5,H4
2022-08-19 12:00:00,1.18332,1.18571,1.17919,1.1807,18049,MT5,H4
2022-08-19 16:00:00,1.1807,1.18338,1.1807,1.18301,7692,MT5,H4
2022-08-19 20:00:00,1.183,1.1832799999999999,1.1824,1.18291,655,MT5,H4
2022-08-21 00:00:00,1.18186,1.1829,1.1811099999999999,1.18187,1705,MT5,H4
2022-08-21 20:00:00,1.18186,1.1829,1.1811099999999999,1.18187,1703,MT5,H4
2022-08-22 00:00:00,1.18188,1.18365,1.18052,1.18299,6712,MT5,H4
2022-08-22 04:00:00,1.183,1.18361,1.17865,1.17939,9851,MT5,H4
2022-08-22 08:00:00,1.1794,1.18192,1.17821,1.18047,14810,MT5,H4
2022-08-22 12:00:00,1.18048,1.18263,1.1742,1.1749100000000001,17468,MT5,H4
2022-08-22 16:00:00,1.17493,1.17839,1.17488,1.17642,7627,MT5,H4
2022-08-22 20:00:00,1.17644,1.17699,1.17577,1.17652,1462,MT5,H4
2022-08-23 00:00:00,1.17653,1.17849,1.17572,1.17713,6844,MT5,H4
2022-08-23 04:00:00,1.1771099999999999,1.17781,1.17166,1.17648,12922,MT5,H4
2022-08-23 08:00:00,1.1764999999999999,1.17824,1.17419,1.17676,14678,MT5,H4
2022-08-23 12:00:00,1.17676,1.18776,1.17492,1.18438,30770,MT5,H4
2022-08-23 16:00:00,1.18438,1.1852800000000001,1.18165,1.18287,9622,MT5,H4
2022-08-23 20:00:00,1.18289,1.18378,1.18242,1.18296,1955,MT5,H4
2022-08-24 00:00:00,1.18297,1.18352,1.17988,1.1808,7124,MT5,H4
2022-08-24 04:00:00,1.18082,1.18335,1.18007,1.1827,9812,MT5,H4
2022-08-24 08:00:00,1.18272,1.1832799999999999,1.17676,1.17764,13678,MT5,H4
2022-08-24 12:00:00,1.17765,1.18253,1.17554,1.18004,25434,MT5,H4
2022-08-24 16:00:00,1.18006,1.18059,1.17793,1.17993,7715,MT5,H4
2022-08-24 20:00:00,1.17991,1.17996,1.17886,1.17902,1562,MT5,H4
2022-08-25 00:00:00,1.17903,1.18249,1.17835,1.1817199999999999,7031,MT5,H4
2022-08-25 04:00:00,1.18173,1.18642,1.18154,1.18418,13263,MT5,H4
2022-08-25 08:00:00,1.1842,1.18567,1.18214,1.18351,14115,MT5,H4
2022-08-25 12:00:00,1.1835,1.1850100000000001,1.1792799999999999,1.18015,21098,MT5,H4
2022-08-25 16:00:00,1.18017,1.18384,1.17943,1.18354,8919,MT5,H4
2022-08-25 20:00:00,1.18351,1.18385,1.1822,1.18226,1605,MT5,H4
2022-08-26 00:00:00,1.18228,1.18313,1.18058,1.1825700000000001,5332,MT5,H4
2022-08-26 04:00:00,1.18258,1.18258,1.1775,1.17933,9363,MT5,H4
2022-08-26 08:00:00,1.17934,1.18449,1.1776,1.18179,12200,MT5,H4
2022-08-26 12:00:00,1.18177,1.19006,1.1751,1.17754,43799,MT5,H4
2022-08-26 16:00:00,1.17752,1.17861,1.1733500000000001,1.17361,11961,MT5,H4
2022-08-26 20:00:00,1.17359,1.1742,1.17333,1.17401,1114,MT5,H4
2022-08-28 00:00:00,1.17311,1.17322,1.16835,1.16883,2026,MT5,H4
2022-08-28 20:00:00,1.17311,1.17322,1.16835,1.16883,2021,MT5,H4
2022-08-29 00:00:00,1.16885,1.17002,1.16554,1.16675,10453,MT5,H4
2022-08-29 04:00:00,1.1667399999999999,1.16822,1.16482,1.16728,12411,MT5,H4
2022-08-29 08:00:00,1.16726,1.17048,1.1656,1.16992,14821,MT5,H4
2022-08-29 12:00:00,1.16991,1.17438,1.16859,1.1714,21421,MT5,H4
2022-08-29 16:00:00,1.17142,1.17291,1.16984,1.17043,9381,MT5,H4
2022-08-29 20:00:00,1.17041,1.1723,1.16994,1.1721300000000001,1694,MT5,H4
2022-08-30 00:00:00,1.17214,1.17267,1.16872,1.17012,8151,MT5,H4
2022-08-30 04:00:00,1.1701,1.17442,1.16982,1.17351,13985,MT5,H4
2022-08-30 08:00:00,1.17351,1.17602,1.17038,1.17164,15707,MT5,H4
2022-08-30 12:00:00,1.17165,1.17221,1.1621,1.16503,28212,MT5,H4
2022-08-30 16:00:00,1.16504,1.16697,1.16465,1.16548,12874,MT5,H4
2022-08-30 20:00:00,1.16551,1.16605,1.16478,1.16582,1425,MT5,H4
2022-08-31 00:00:00,1.16583,1.16776,1.16539,1.16772,6468,MT5,H4
2022-08-31 04:00:00,1.1677,1.1693500000000001,1.16412,1.16412,11049,MT5,H4
2022-08-31 08:00:00,1.1641,1.16567,1.16128,1.16224,18059,MT5,H4
2022-08-31 12:00:00,1.16226,1.16532,1.1599,1.16421,28884,MT5,H4
2022-08-31 16:00:00,1.1642299999999999,1.16449,1.16061,1.16146,12216,MT5,H4
2022-08-31 20:00:00,1.16147,1.16223,1.15931,1.1596899999999999,2835,MT5,H4
2022-09-01 00:00:00,1.1597,1.15972,1.15677,1.15784,8825,MT5,H4
2022-09-01 04:00:00,1.15783,1.16164,1.15685,1.1604,13414,MT5,H4
2022-09-01 08:00:00,1.16042,1.1614,1.15516,1.15663,17571,MT5,H4
2022-09-01 12:00:00,1.15665,1.15785,1.14984,1.15379,28810,MT5,H4
2022-09-01 16:00:00,1.15377,1.15549,1.15322,1.1541,11132,MT5,H4
2022-09-01 20:00:00,1.15411,1.15482,1.15354,1.15468,1577,MT5,H4
2022-09-02 00:00:00,1.15468,1.1559599999999999,1.15405,1.15488,6178,MT5,H4
2022-09-02 04:00:00,1.15489,1.15692,1.15323,1.15572,10846,MT5,H4
2022-09-02 08:00:00,1.15572,1.15818,1.15468,1.15597,11421,MT5,H4
2022-09-02 12:00:00,1.15597,1.15884,1.15263,1.1580300000000001,34442,MT5,H4
2022-09-02 16:00:00,1.15804,1.15822,1.14958,1.15083,16685,MT5,H4
2022-09-02 20:00:00,1.15082,1.15174,1.15052,1.15127,890,MT5,H4
2022-09-04 00:00:00,1.14792,1.14913,1.1463700000000001,1.14726,2445,MT5,H4
2022-09-04 20:00:00,1.14792,1.14913,1.1463700000000001,1.14726,2397,MT5,H4
2022-09-05 00:00:00,1.14727,1.14927,1.14575,1.14723,10451,MT5,H4
2022-09-05 04:00:00,1.14725,1.14866,1.1443,1.14776,14615,MT5,H4
2022-09-05 08:00:00,1.14778,1.15186,1.14709,1.15063,13067,MT5,H4
2022-09-05 12:00:00,1.15062,1.15196,1.14802,1.15172,10736,MT5,H4
2022-09-05 16:00:00,1.15174,1.15208,1.15122,1.15161,1265,MT5,H4
2022-09-05 20:00:00,1.15157,1.1565699999999999,1.15076,1.15641,2663,MT5,H4
2022-09-06 00:00:00,1.15643,1.16001,1.15599,1.1565,9719,MT5,H4
2022-09-06 04:00:00,1.15652,1.1609,1.15597,1.15841,16118,MT5,H4
2022-09-06 08:00:00,1.15841,1.16082,1.15489,1.15734,16429,MT5,H4
2022-09-06 12:00:00,1.15736,1.1581,1.14937,1.15476,28349,MT5,H4
2022-09-06 16:00:00,1.15476,1.15488,1.15124,1.15164,11774,MT5,H4
2022-09-06 20:00:00,1.15163,1.15194,1.15021,1.151,1709,MT5,H4
2022-09-07 00:00:00,1.15102,1.15153,1.1451500000000001,1.14651,11687,MT5,H4
2022-09-07 04:00:00,1.14649,1.15186,1.14534,1.15139,13292,MT5,H4
2022-09-07 08:00:00,1.15141,1.15231,1.14163,1.14238,18188,MT5,H4
2022-09-07 12:00:00,1.14239,1.14839,1.14051,1.14693,23420,MT5,H4
2022-09-07 16:00:00,1.1469,1.1532499999999999,1.14685,1.15308,10693,MT5,H4
2022-09-07 20:00:00,1.15306,1.15404,1.15163,1.15219,2207,MT5,H4
2022-09-08 00:00:00,1.15221,1.15261,1.14909,1.14995,9131,MT5,H4
2022-09-08 04:00:00,1.14994,1.15216,1.14798,1.14866,13049,MT5,H4
2022-09-08 08:00:00,1.14869,1.15604,1.14759,1.15542,16333,MT5,H4
2022-09-08 12:00:00,1.15542,1.15595,1.14602,1.14825,43381,MT5,H4
2022-09-08 16:00:00,1.14823,1.15166,1.14623,1.15016,14125,MT5,H4
2022-09-08 20:00:00,1.15017,1.15222,1.14958,1.152,1606,MT5,H4
2022-09-09 00:00:00,1.15201,1.15856,1.15154,1.15845,9025,MT5,H4
2022-09-09 04:00:00,1.15843,1.16351,1.15783,1.16313,13579,MT5,H4
2022-09-09 08:00:00,1.16311,1.16478,1.15549,1.15586,17848,MT5,H4
2022-09-09 12:00:00,1.15586,1.15992,1.15507,1.15988,22932,MT5,H4
2022-09-09 16:00:00,1.1599,1.16017,1.15805,1.15911,7011,MT5,H4
2022-09-09 20:00:00,1.15909,1.15941,1.15834,1.15883,724,MT5,H4
2022-09-11 00:00:00,1.16246,1.16371,1.16024,1.16198,2416,MT5,H4
2022-09-11 20:00:00,1.16246,1.16371,1.16024,1.16197,2385,MT5,H4
2022-09-12 00:00:00,1.16198,1.16287,1.16036,1.16106,7518,MT5,H4
2022-09-12 04:00:00,1.16107,1.16942,1.16005,1.16852,15209,MT5,H4
2022-09-12 08:00:00,1.16854,1.16998,1.16629,1.16898,16429,MT5,H4
2022-09-12 12:00:00,1.16897,1.17102,1.16635,1.16966,18141,MT5,H4
2022-09-12 16:00:00,1.16968,1.17087,1.16754,1.16763,7491,MT5,H4
2022-09-12 20:00:00,1.1676199999999999,1.16888,1.16757,1.16887,1477,MT5,H4
2022-09-13 00:00:00,1.16889,1.17057,1.168,1.1688,7190,MT5,H4
2022-09-13 04:00:00,1.16881,1.1731,1.16789,1.17255,10434,MT5,H4
2022-09-13 08:00:00,1.17257,1.17374,1.1700599999999999,1.17324,11427,MT5,H4
2022-09-13 12:00:00,1.17322,1.1738,1.15182,1.15246,49090,MT5,H4
2022-09-13 16:00:00,1.15246,1.15408,1.14967,1.14996,11137,MT5,H4
2022-09-13 20:00:00,1.14997,1.15072,1.1481,1.15021,2828,MT5,H4
2022-09-14 00:00:00,1.15023,1.15122,1.14876,1.15062,10059,MT5,H4
2022-09-14 04:00:00,1.15063,1.1531500000000001,1.14787,1.15256,18836,MT5,H4
2022-09-14 08:00:00,1.15255,1.15723,1.15192,1.15451,19262,MT5,H4
2022-09-14 12:00:00,1.15451,1.15896,1.15375,1.15624,24844,MT5,H4
2022-09-14 16:00:00,1.15626,1.15755,1.15263,1.15402,8624,MT5,H4
2022-09-14 20:00:00,1.154,1.15477,1.15344,1.15443,1634,MT5,H4
2022-09-15 00:00:00,1.15444,1.15475,1.15229,1.15312,6125,MT5,H4
2022-09-15 04:00:00,1.15313,1.15379,1.1506,1.1534,9305,MT5,H4
2022-09-15 08:00:00,1.1534,1.15358,1.14871,1.1494900000000001,12974,MT5,H4
2022-09-15 12:00:00,1.14947,1.15172,1.14689,1.14704,21986,MT5,H4
2022-09-15 16:00:00,1.14702,1.14984,1.14615,1.14692,8187,MT5,H4
2022-09-15 20:00:00,1.14693,1.1473,1.14509,1.14516,1648,MT5,H4
2022-09-16 00:00:00,1.14517,1.1480299999999999,1.14517,1.14625,7062,MT5,H4
2022-09-16 04:00:00,1.14627,1.14714,1.13498,1.13728,14466,MT5,H4
2022-09-16 08:00:00,1.13727,1.14132,1.13536,1.1398,15627,MT5,H4
2022-09-16 12:00:00,1.13982,1.1446399999999999,1.13761,1.14167,25705,MT5,H4
2022-09-16 16:00:00,1.14166,1.14262,1.1386,1.14242,9043,MT5,H4
2022-09-16 20:00:00,1.1424,1.14262,1.14152,1.14206,1299,MT5,H4
2022-09-18 00:00:00,1.14135,1.14407,1.1411,1.14341,1754,MT5,H4
2022-09-18 20:00:00,1.14135,1.14407,1.1411,1.14339,1743,MT5,H4
2022-09-19 00:00:00,1.14341,1.1442,1.13944,1.14012,6257,MT5,H4
2022-09-19 04:00:00,1.14013,1.14053,1.13757,1.1379,7623,MT5,H4
2022-09-19 08:00:00,1.1379,1.13922,1.13552,1.13718,10254,MT5,H4
2022-09-19 12:00:00,1.1372,1.14205,1.13629,1.14013,13186,MT5,H4
2022-09-19 16:00:00,1.14015,1.14382,1.14014,1.14363,5177,MT5,H4
2022-09-19 20:00:00,1.14362,1.1445400000000001,1.14249,1.14444,2061,MT5,H4
2022-09-20 00:00:00,1.14445,1.14605,1.14092,1.14336,8152,MT5,H4
2022-09-20 04:00:00,1.14334,1.14604,1.1412499999999999,1.14583,11288,MT5,H4
2022-09-20 08:00:00,1.14583,1.14592,1.14094,1.14288,13196,MT5,H4
2022-09-20 12:00:00,1.14286,1.14336,1.13815,1.14026,20119,MT5,H4
2022-09-20 16:00:00,1.14028,1.14073,1.13571,1.1385399999999999,10381,MT5,H4
2022-09-20 20:00:00,1.13852,1.1387,1.13636,1.13804,2227,MT5,H4
2022-09-21 00:00:00,1.13805,1.13846,1.13656,1.13774,7729,MT5,H4
2022-09-21 04:00:00,1.13775,1.13825,1.13034,1.13357,19909,MT5,H4
2022-09-21 08:00:00,1.13357,1.13493,1.1326100000000001,1.1336,13062,MT5,H4
2022-09-21 12:00:00,1.13362,1.13503,1.13222,1.13294,15988,MT5,H4
2022-09-21 16:00:00,1.13294,1.1357,1.12354,1.12828,53497,MT5,H4
2022-09-21 20:00:00,1.12826,1.12923,1.12459,1.1257,3859,MT5,H4
2022-09-22 00:00:00,1.12571,1.12583,1.12202,1.12316,17193,MT5,H4
2022-09-22 04:00:00,1.12317,1.12806,1.12105,1.12724,18853,MT5,H4
2022-09-22 08:00:00,1.12725,1.13643,1.1268,1.13142,41505,MT5,H4
2022-09-22 12:00:00,1.13142,1.13482,1.12409,1.1268,32070,MT5,H4
2022-09-22 16:00:00,1.12681,1.12748,1.125,1.12574,11631,MT5,H4
2022-09-22 20:00:00,1.12573,1.12638,1.12497,1.12624,2443,MT5,H4
2022-09-23 00:00:00,1.12625,1.12735,1.12262,1.12313,8451,MT5,H4
2022-09-23 04:00:00,1.12314,1.12443,1.11685,1.11839,15059,MT5,H4
2022-09-23 08:00:00,1.11837,1.12083,1.1020699999999999,1.10554,40397,MT5,H4
2022-09-23 12:00:00,1.10553,1.10962,1.08957,1.09199,39633,MT5,H4
2022-09-23 16:00:00,1.09198,1.0924,1.08394,1.08668,18053,MT5,H4
2022-09-23 20:00:00,1.08667,1.08728,1.08428,1.08503,2301,MT5,H4
2022-09-25 00:00:00,1.08025,1.08459,1.07798,1.07927,9299,MT5,H4
2022-09-25 20:00:00,1.08025,1.08459,1.078,1.07929,9209,MT5,H4
2022-09-26 00:00:00,1.07928,1.08104,1.03546,1.04979,95576,MT5,H4
2022-09-26 04:00:00,1.04979,1.07496,1.04708,1.06755,59754,MT5,H4
2022-09-26 08:00:00,1.06753,1.08337,1.06687,1.07779,58635,MT5,H4
2022-09-26 12:00:00,1.07779,1.09307,1.06358,1.06992,91517,MT5,H4
2022-09-26 16:00:00,1.06995,1.07205,1.06314,1.06968,37419,MT5,H4
2022-09-26 20:00:00,1.06966,1.07769,1.06517,1.07663,8255,MT5,H4
2022-09-27 00:00:00,1.0766499999999999,1.07905,1.07386,1.07762,18673,MT5,H4
2022-09-27 04:00:00,1.07761,1.08378,1.07638,1.08041,27124,MT5,H4
2022-09-27 08:00:00,1.08041,1.0833,1.07799,1.07891,32181,MT5,H4
2022-09-27 12:00:00,1.07889,1.08164,1.07353,1.07506,51921,MT5,H4
2022-09-27 16:00:00,1.07508,1.07522,1.06588,1.07185,23158,MT5,H4
2022-09-27 20:00:00,1.07182,1.07381,1.07051,1.07259,4083,MT5,H4
2022-09-28 00:00:00,1.0726,1.07386,1.06303,1.06574,23582,MT5,H4
2022-09-28 04:00:00,1.06576,1.07117,1.06319,1.07012,35031,MT5,H4
2022-09-28 08:00:00,1.07014,1.08352,1.05394,1.05795,80934,MT5,H4
2022-09-28 12:00:00,1.05794,1.08515,1.05716,1.08294,73424,MT5,H4
2022-09-28 16:00:00,1.08294,1.09155,1.07945,1.08829,30664,MT5,H4
2022-09-28 20:00:00,1.0883,1.08942,1.08287,1.08308,4861,MT5,H4
2022-09-29 00:00:00,1.0830899999999999,1.08346,1.07819,1.07907,14919,MT5,H4
2022-09-29 04:00:00,1.0790899999999999,1.08169,1.07621,1.07812,35084,MT5,H4
2022-09-29 08:00:00,1.07814,1.08971,1.07702,1.08685,48251,MT5,H4
2022-09-29 12:00:00,1.08685,1.10751,1.08378,1.10457,64559,MT5,H4
2022-09-29 16:00:00,1.10457,1.11083,1.1038000000000001,1.10774,24219,MT5,H4
2022-09-29 20:00:00,1.10774,1.12031,1.10699,1.11712,12500,MT5,H4
2022-09-30 00:00:00,1.1171,1.11775,1.10705,1.10809,25246,MT5,H4
2022-09-30 04:00:00,1.1081,1.11841,1.108,1.11776,29885,MT5,H4
2022-09-30 08:00:00,1.11779,1.12342,1.10251,1.10418,41064,MT5,H4
2022-09-30 12:00:00,1.10416,1.11767,1.10253,1.11324,66412,MT5,H4
2022-09-30 16:00:00,1.11322,1.11802,1.10999,1.1167,19995,MT5,H4
2022-09-30 20:00:00,1.11671,1.11671,1.11438,1.1163,2460,MT5,H4
2022-10-02 00:00:00,1.11654,1.11933,1.11278,1.11352,4725,MT5,H4
2022-10-02 20:00:00,1.11654,1.11933,1.11278,1.11353,4706,MT5,H4
2022-10-03 00:00:00,1.11354,1.11632,1.11101,1.11179,14576,MT5,H4
2022-10-03 04:00:00,1.11181,1.12806,1.10857,1.12068,51375,MT5,H4
2022-10-03 08:00:00,1.12065,1.1244,1.11695,1.1218,20285,MT5,H4
2022-10-03 12:00:00,1.12177,1.13336,1.11999,1.127,43851,MT5,H4
2022-10-03 16:00:00,1.12701,1.13254,1.12594,1.13227,17351,MT5,H4
2022-10-03 20:00:00,1.13229,1.13413,1.13126,1.13379,4420,MT5,H4
2022-10-04 00:00:00,1.13381,1.13437,1.12804,1.1318,18586,MT5,H4
2022-10-04 04:00:00,1.13179,1.1428,1.12985,1.13917,34706,MT5,H4
2022-10-04 08:00:00,1.13917,1.13939,1.1299299999999999,1.13318,36293,MT5,H4
2022-10-04 12:00:00,1.13318,1.1446399999999999,1.13229,1.14436,39276,MT5,H4
2022-10-04 16:00:00,1.14439,1.14893,1.14272,1.14748,19811,MT5,H4
2022-10-04 20:00:00,1.14748,1.14866,1.145,1.14505,3674,MT5,H4
2022-10-05 00:00:00,1.14505,1.1472,1.1414,1.14324,25021,MT5,H4
2022-10-05 04:00:00,1.14322,1.1495199999999999,1.13952,1.14065,27740,MT5,H4
2022-10-05 08:00:00,1.14063,1.14328,1.13219,1.13314,26762,MT5,H4
2022-10-05 12:00:00,1.13315,1.13525,1.12269,1.12735,42353,MT5,H4
2022-10-05 16:00:00,1.12735,1.13565,1.12637,1.1326,17447,MT5,H4
2022-10-05 20:00:00,1.1326,1.13558,1.13034,1.13556,4404,MT5,H4
2022-10-06 00:00:00,1.13558,1.13828,1.13323,1.13649,13649,MT5,H4
2022-10-06 04:00:00,1.1365,1.13685,1.13117,1.1327,19740,MT5,H4
2022-10-06 08:00:00,1.13266,1.13301,1.12409,1.12582,26827,MT5,H4
2022-10-06 12:00:00,1.12581,1.12872,1.11313,1.11315,41561,MT5,H4
2022-10-06 16:00:00,1.11314,1.1193,1.11121,1.11564,22036,MT5,H4
2022-10-06 20:00:00,1.11562,1.11709,1.11519,1.1161,4929,MT5,H4
2022-10-07 00:00:00,1.1161,1.11896,1.11349,1.11712,14922,MT5,H4
2022-10-07 04:00:00,1.11711,1.11906,1.11141,1.11674,22942,MT5,H4
2022-10-07 08:00:00,1.11677,1.12249,1.11604,1.1194,24136,MT5,H4
2022-10-07 12:00:00,1.11938,1.12133,1.10899,1.11144,56195,MT5,H4
2022-10-07 16:00:00,1.11141,1.11317,1.10554,1.10801,15312,MT5,H4
2022-10-07 20:00:00,1.10799,1.10948,1.10777,1.10931,3910,MT5,H4
2022-10-09 00:00:00,1.1085,1.10908,1.10611,1.10732,3718,MT5,H4
2022-10-09 20:00:00,1.1085,1.10908,1.10611,1.10723,3702,MT5,H4
2022-10-10 00:00:00,1.10724,1.1111,1.10581,1.10792,13655,MT5,H4
2022-10-10 04:00:00,1.10789,1.11105,1.1054599999999999,1.10725,20616,MT5,H4
2022-10-10 08:00:00,1.10723,1.10994,1.1027,1.1066,23014,MT5,H4
2022-10-10 12:00:00,1.10657,1.10809,1.10246,1.10396,35053,MT5,H4
2022-10-10 16:00:00,1.10398,1.10813,1.10191,1.1056,16676,MT5,H4
2022-10-10 20:00:00,1.10562,1.10786,1.10521,1.10786,2205,MT5,H4
2022-10-11 00:00:00,1.10788,1.1095,1.10227,1.10371,17960,MT5,H4
2022-10-11 04:00:00,1.10374,1.10549,1.0998,1.10188,28445,MT5,H4
2022-10-11 08:00:00,1.10185,1.11021,1.10158,1.10894,26463,MT5,H4
2022-10-11 12:00:00,1.10895,1.11755,1.10435,1.11659,39518,MT5,H4
2022-10-11 16:00:00,1.11661,1.11797,1.09647,1.09867,38197,MT5,H4
2022-10-11 20:00:00,1.09867,1.09913,1.09527,1.09636,5562,MT5,H4
2022-10-12 00:00:00,1.09638,1.09856,1.09232,1.09459,19704,MT5,H4
2022-10-12 04:00:00,1.09458,1.1054599999999999,1.09439,1.09731,56727,MT5,H4
2022-10-12 08:00:00,1.09729,1.10988,1.09704,1.10517,45733,MT5,H4
2022-10-12 12:00:00,1.10519,1.10992,1.10222,1.10933,43931,MT5,H4
2022-10-12 16:00:00,1.10932,1.11336,1.10548,1.10937,23061,MT5,H4
2022-10-12 20:00:00,1.10938,1.1105,1.10846,1.11007,2889,MT5,H4
2022-10-13 00:00:00,1.11007,1.11202,1.10778,1.108,10000,MT5,H4
2022-10-13 04:00:00,1.108,1.10939,1.1057,1.10885,14521,MT5,H4
2022-10-13 08:00:00,1.10887,1.12971,1.10726,1.12618,42668,MT5,H4
2022-10-13 12:00:00,1.12618,1.13668,1.11521,1.1342,104122,MT5,H4
2022-10-13 16:00:00,1.1342,1.13804,1.13014,1.13169,35286,MT5,H4
2022-10-13 20:00:00,1.13167,1.13381,1.12977,1.13012,3456,MT5,H4
2022-10-14 00:00:00,1.13014,1.13656,1.12898,1.13284,21070,MT5,H4
2022-10-14 04:00:00,1.13283,1.13349,1.12545,1.13061,28667,MT5,H4
2022-10-14 08:00:00,1.13059,1.13106,1.11662,1.11944,51899,MT5,H4
2022-10-14 12:00:00,1.11944,1.12881,1.11576,1.12064,63390,MT5,H4
2022-10-14 16:00:00,1.12063,1.12254,1.11517,1.11849,24375,MT5,H4
2022-10-14 20:00:00,1.11847,1.11859,1.11624,1.1179000000000001,1416,MT5,H4
2022-10-16 00:00:00,1.12173,1.12483,1.12087,1.12413,4034,MT5,H4
2022-10-16 20:00:00,1.12173,1.12483,1.12087,1.12413,3920,MT5,H4
2022-10-17 00:00:00,1.12415,1.1252,1.1216,1.12337,15101,MT5,H4
2022-10-17 04:00:00,1.12339,1.13042,1.12158,1.1258,27856,MT5,H4
2022-10-17 08:00:00,1.12578,1.13305,1.12238,1.1295,30752,MT5,H4
2022-10-17 12:00:00,1.1295,1.14383,1.1288,1.14249,36157,MT5,H4
2022-10-17 16:00:00,1.14249,1.1430500000000001,1.13437,1.13494,17728,MT5,H4
2022-10-17 20:00:00,1.13493,1.1368800000000001,1.13468,1.13517,7010,MT5,H4
2022-10-18 00:00:00,1.13518,1.1375899999999999,1.13311,1.13729,14837,MT5,H4
2022-10-18 04:00:00,1.13731,1.141,1.13016,1.13548,31157,MT5,H4
2022-10-18 08:00:00,1.13548,1.13607,1.1255,1.13083,33006,MT5,H4
2022-10-18 12:00:00,1.13082,1.13463,1.12799,1.1305399999999999,37139,MT5,H4
2022-10-18 16:00:00,1.13052,1.13333,1.1280000000000001,1.1326,23653,MT5,H4
2022-10-18 20:00:00,1.1326,1.1357599999999999,1.13145,1.13422,5783,MT5,H4
2022-10-19 00:00:00,1.13423,1.13506,1.13284,1.13341,14042,MT5,H4
2022-10-19 04:00:00,1.1334,1.13371,1.1259000000000001,1.12777,23354,MT5,H4
2022-10-19 08:00:00,1.12777,1.12858,1.12216,1.12469,29608,MT5,H4
2022-10-19 12:00:00,1.12467,1.12781,1.1221700000000001,1.12306,33292,MT5,H4
2022-10-19 16:00:00,1.12304,1.1237,1.11849,1.12263,18789,MT5,H4
2022-10-19 20:00:00,1.1226099999999999,1.12271,1.12012,1.12066,3926,MT5,H4
2022-10-20 00:00:00,1.12067,1.12221,1.11909,1.12013,14493,MT5,H4
2022-10-20 04:00:00,1.1201,1.124,1.11968,1.12164,29281,MT5,H4
2022-10-20 08:00:00,1.12167,1.12641,1.1171,1.12524,31583,MT5,H4
2022-10-20 12:00:00,1.12523,1.13365,1.12419,1.12857,51859,MT5,H4
2022-10-20 16:00:00,1.12859,1.12873,1.12027,1.12225,26137,MT5,H4
2022-10-20 20:00:00,1.12225,1.12365,1.12145,1.12213,3485,MT5,H4
2022-10-21 00:00:00,1.12215,1.12263,1.11947,1.11998,15080,MT5,H4
2022-10-21 04:00:00,1.11997,1.12222,1.11728,1.11787,23894,MT5,H4
2022-10-21 08:00:00,1.11785,1.11797,1.11001,1.11091,30986,MT5,H4
2022-10-21 12:00:00,1.11093,1.12954,1.10598,1.12894,99577,MT5,H4
2022-10-21 16:00:00,1.12892,1.13113,1.12178,1.13015,40077,MT5,H4
2022-10-21 20:00:00,1.13014,1.13147,1.12931,1.12968,2452,MT5,H4
2022-10-23 00:00:00,1.13762,1.14074,1.1307,1.13358,28054,MT5,H4
2022-10-23 20:00:00,1.13762,1.14074,1.1307,1.13358,31798,MT5,H4
2022-10-24 00:00:00,1.1335899999999999,1.13551,1.13001,1.13053,30324,MT5,H4
2022-10-24 04:00:00,1.13053,1.13824,1.13053,1.13257,32909,MT5,H4
2022-10-24 08:00:00,1.13257,1.13483,1.12734,1.1308799999999999,39565,MT5,H4
2022-10-24 12:00:00,1.13087,1.13438,1.12719,1.12921,51329,MT5,H4
2022-10-24 16:00:00,1.12921,1.13,1.12578,1.12791,15968,MT5,H4
2022-10-24 20:00:00,1.12789,1.13157,1.12736,1.13055,4503,MT5,H4
2022-10-25 00:00:00,1.13058,1.13252,1.12927,1.13016,20277,MT5,H4
2022-10-25 04:00:00,1.13015,1.13059,1.12706,1.12935,18473,MT5,H4
2022-10-25 08:00:00,1.12934,1.13403,1.1291,1.13132,21541,MT5,H4
2022-10-25 12:00:00,1.13131,1.14991,1.13052,1.14673,37046,MT5,H4
2022-10-25 16:00:00,1.14673,1.14884,1.146,1.1470799999999999,17863,MT5,H4
2022-10-25 20:00:00,1.1470799999999999,1.14782,1.1449799999999999,1.14584,4245,MT5,H4
2022-10-26 00:00:00,1.14585,1.14678,1.1430500000000001,1.1458599999999999,15669,MT5,H4
2022-10-26 04:00:00,1.14587,1.15783,1.1445,1.15689,25462,MT5,H4
2022-10-26 08:00:00,1.1569,1.16196,1.15475,1.15631,33606,MT5,H4
2022-10-26 12:00:00,1.1562999999999999,1.16253,1.1544,1.16135,44828,MT5,H4
2022-10-26 16:00:00,1.16133,1.1638600000000001,1.15975,1.16268,19581,MT5,H4
2022-10-26 20:00:00,1.1627,1.16401,1.16123,1.16388,4876,MT5,H4
2022-10-27 00:00:00,1.16388,1.16453,1.1605,1.16107,16092,MT5,H4
2022-10-27 04:00:00,1.16106,1.16361,1.15855,1.1592500000000001,22149,MT5,H4
2022-10-27 08:00:00,1.15927,1.1609,1.15485,1.1583,25190,MT5,H4
2022-10-27 12:00:00,1.15829,1.16342,1.1549,1.1572,64823,MT5,H4
2022-10-27 16:00:00,1.15721,1.16017,1.15577,1.1575199999999999,18063,MT5,H4
2022-10-27 20:00:00,1.15751,1.15768,1.15582,1.15642,5258,MT5,H4
2022-10-28 00:00:00,1.15643,1.15943,1.15445,1.15809,19432,MT5,H4
2022-10-28 04:00:00,1.15809,1.15834,1.15092,1.15154,25983,MT5,H4
2022-10-28 08:00:00,1.15156,1.15746,1.15033,1.15523,25792,MT5,H4
2022-10-28 12:00:00,1.1552,1.16001,1.15218,1.15717,46323,MT5,H4
2022-10-28 16:00:00,1.1571500000000001,1.16234,1.15564,1.16174,11976,MT5,H4
2022-10-28 20:00:00,1.16172,1.16216,1.16087,1.16149,1156,MT5,H4
2022-10-30 00:00:00,1.15881,1.16052,1.15844,1.15947,2447,MT5,H4
2022-10-30 20:00:00,1.15881,1.16052,1.15844,1.15947,2415,MT5,H4
2022-10-31 00:00:00,1.15948,1.16134,1.15856,1.16056,10488,MT5,H4
2022-10-31 04:00:00,1.16058,1.1609,1.15744,1.15775,11685,MT5,H4
2022-10-31 08:00:00,1.15772,1.15781,1.15147,1.15401,20290,MT5,H4
2022-10-31 12:00:00,1.1540300000000001,1.15415,1.14749,1.1513,27821,MT5,H4
2022-10-31 16:00:00,1.1513,1.15161,1.14603,1.14675,16216,MT5,H4
2022-10-31 20:00:00,1.14677,1.14745,1.14604,1.14672,2786,MT5,H4
2022-11-01 00:00:00,1.14674,1.15154,1.14641,1.15066,12574,MT5,H4
2022-11-01 04:00:00,1.15067,1.15494,1.14955,1.15177,17886,MT5,H4
2022-11-01 08:00:00,1.15178,1.15543,1.15129,1.15492,20415,MT5,H4
2022-11-01 12:00:00,1.15492,1.15659,1.14444,1.14591,34746,MT5,H4
2022-11-01 16:00:00,1.14589,1.1508,1.14369,1.14829,19351,MT5,H4
2022-11-01 20:00:00,1.14832,1.14931,1.14735,1.14883,3627,MT5,H4
2022-11-02 00:00:00,1.14885,1.15266,1.1486,1.15155,12264,MT5,H4
2022-11-02 04:00:00,1.15155,1.15223,1.14846,1.14937,12156,MT5,H4
2022-11-02 08:00:00,1.14937,1.15239,1.1485400000000001,1.15018,17536,MT5,H4
2022-11-02 12:00:00,1.15017,1.15158,1.14567,1.14658,24505,MT5,H4
2022-11-02 16:00:00,1.14658,1.15646,1.13948,1.13952,62400,MT5,H4
2022-11-02 20:00:00,1.1395,1.14013,1.1375,1.13834,4927,MT5,H4
2022-11-03 00:00:00,1.13834,1.14217,1.13751,1.14161,11695,MT5,H4
2022-11-03 04:00:00,1.14162,1.14204,1.13285,1.13449,14718,MT5,H4
2022-11-03 08:00:00,1.1345,1.1345,1.12285,1.12499,31770,MT5,H4
2022-11-03 12:00:00,1.12484,1.12804,1.11565,1.11812,54474,MT5,H4
2022-11-03 16:00:00,1.11814,1.12029,1.11542,1.11642,18189,MT5,H4
2022-11-03 20:00:00,1.11643,1.11714,1.11485,1.11699,4585,MT5,H4
2022-11-04 00:00:00,1.11702,1.12145,1.11685,1.1209500000000001,11998,MT5,H4
2022-11-04 04:00:00,1.12092,1.12417,1.11916,1.12011,20753,MT5,H4
2022-11-04 08:00:00,1.1201,1.12493,1.12008,1.12113,27181,MT5,H4
2022-11-04 12:00:00,1.12115,1.1337,1.11458,1.1277300000000001,61877,MT5,H4
2022-11-04 16:00:00,1.12775,1.1381999999999999,1.12625,1.13733,25728,MT5,H4
2022-11-04 20:00:00,1.13731,1.13812,1.13699,1.13742,1594,MT5,H4
2022-11-06 00:00:00,1.13119,1.13403,1.1307,1.13301,1897,MT5,H4
2022-11-06 20:00:00,1.13119,1.13403,1.1307,1.13301,1829,MT5,H4
2022-11-07 00:00:00,1.13305,1.13434,1.13055,1.13302,13239,MT5,H4
2022-11-07 04:00:00,1.133,1.13499,1.12904,1.13032,15847,MT5,H4
2022-11-07 08:00:00,1.1303,1.14763,1.12969,1.14447,32630,MT5,H4
2022-11-07 12:00:00,1.14445,1.14845,1.1426,1.14656,34773,MT5,H4
2022-11-07 16:00:00,1.14658,1.15414,1.14492,1.15322,15105,MT5,H4
2022-11-07 20:00:00,1.15322,1.1538,1.1504699999999999,1.15127,4222,MT5,H4
2022-11-08 00:00:00,1.15125,1.15362,1.14973,1.15106,9451,MT5,H4
2022-11-08 04:00:00,1.15109,1.15133,1.14598,1.14696,12605,MT5,H4
2022-11-08 08:00:00,1.14698,1.14941,1.14431,1.14651,19789,MT5,H4
2022-11-08 12:00:00,1.14652,1.1573,1.1429,1.15634,30441,MT5,H4
2022-11-08 16:00:00,1.15636,1.15989,1.15125,1.1535,20857,MT5,H4
2022-11-08 20:00:00,1.15349,1.1557,1.15327,1.15515,5832,MT5,H4
2022-11-09 00:00:00,1.15513,1.1559300000000001,1.15228,1.15462,12847,MT5,H4
2022-11-09 04:00:00,1.15462,1.15518,1.15174,1.15233,15454,MT5,H4
2022-11-09 08:00:00,1.15234,1.15669,1.14182,1.1461999999999999,35573,MT5,H4
2022-11-09 12:00:00,1.14622,1.14711,1.13555,1.13754,41630,MT5,H4
2022-11-09 16:00:00,1.13755,1.1421999999999999,1.13336,1.13427,23925,MT5,H4
2022-11-09 20:00:00,1.13425,1.13682,1.13419,1.13677,5677,MT5,H4
2022-11-10 00:00:00,1.13675,1.14092,1.13648,1.14043,12313,MT5,H4
2022-11-10 04:00:00,1.14042,1.1412499999999999,1.13649,1.13829,14339,MT5,H4
2022-11-10 08:00:00,1.13831,1.14059,1.1363,1.13742,29473,MT5,H4
2022-11-10 12:00:00,1.13744,1.16862,1.13729,1.16799,64423,MT5,H4
2022-11-10 16:00:00,1.16797,1.16964,1.16272,1.16963,26874,MT5,H4
2022-11-10 20:00:00,1.16961,1.17312,1.16873,1.16942,8378,MT5,H4
2022-11-11 00:00:00,1.16941,1.1703000000000001,1.16471,1.16732,17344,MT5,H4
2022-11-11 04:00:00,1.16729,1.1759,1.16591,1.17458,23543,MT5,H4
2022-11-11 08:00:00,1.17456,1.17736,1.17104,1.17605,35019,MT5,H4
2022-11-11 12:00:00,1.17604,1.17963,1.1709100000000001,1.1776,36352,MT5,H4
2022-11-11 16:00:00,1.17759,1.18544,1.17606,1.18532,20438,MT5,H4
2022-11-11 20:00:00,1.18529,1.18539,1.18285,1.1834,6026,MT5,H4
2022-11-13 00:00:00,1.18109,1.18114,1.17672,1.17966,1952,MT5,H4
2022-11-13 20:00:00,1.18109,1.18114,1.17672,1.17966,1902,MT5,H4
2022-11-14 00:00:00,1.17963,1.18176,1.17733,1.17765,17755,MT5,H4
2022-11-14 04:00:00,1.17768,1.17896,1.17433,1.17893,16316,MT5,H4
2022-11-14 08:00:00,1.17893,1.18288,1.17462,1.17699,28476,MT5,H4
2022-11-14 12:00:00,1.17698,1.18128,1.17099,1.17304,32571,MT5,H4
2022-11-14 16:00:00,1.17304,1.18023,1.17137,1.17795,18670,MT5,H4
2022-11-14 20:00:00,1.17793,1.17855,1.17425,1.17512,5029,MT5,H4
2022-11-15 00:00:00,1.17514,1.17738,1.17408,1.17658,10476,MT5,H4
2022-11-15 04:00:00,1.17659,1.18383,1.17547,1.18304,17245,MT5,H4
2022-11-15 08:00:00,1.18304,1.1882,1.18083,1.18719,31715,MT5,H4
2022-11-15 12:00:00,1.18717,1.20267,1.18548,1.18957,60488,MT5,H4
2022-11-15 16:00:00,1.18957,1.1903299999999999,1.17905,1.1874500000000001,53150,MT5,H4
2022-11-15 20:00:00,1.18747,1.18862,1.18483,1.18792,9669,MT5,H4
2022-11-16 00:00:00,1.18793,1.18871,1.1832799999999999,1.18478,20791,MT5,H4
2022-11-16 04:00:00,1.18475,1.19022,1.18312,1.18927,22832,MT5,H4
2022-11-16 08:00:00,1.18925,1.19419,1.18563,1.19021,26172,MT5,H4
2022-11-16 12:00:00,1.19021,1.19161,1.1831800000000001,1.18911,39638,MT5,H4
2022-11-16 16:00:00,1.18913,1.1915499999999999,1.1865999999999999,1.1911100000000001,20850,MT5,H4
2022-11-16 20:00:00,1.19109,1.19246,1.19012,1.19137,5907,MT5,H4
2022-11-17 00:00:00,1.19138,1.19192,1.18664,1.1878199999999999,10447,MT5,H4
2022-11-17 04:00:00,1.18784,1.19373,1.18771,1.1934,12361,MT5,H4
2022-11-17 08:00:00,1.19342,1.19576,1.18002,1.18512,30282,MT5,H4
2022-11-17 12:00:00,1.18513,1.18725,1.1762299999999999,1.17774,41135,MT5,H4
2022-11-17 16:00:00,1.17776,1.18644,1.17655,1.18516,18359,MT5,H4
2022-11-17 20:00:00,1.18517,1.18681,1.18422,1.18584,4614,MT5,H4
2022-11-18 00:00:00,1.18586,1.19314,1.18583,1.19191,12707,MT5,H4
2022-11-18 04:00:00,1.19193,1.19232,1.18815,1.19174,13865,MT5,H4
2022-11-18 08:00:00,1.19177,1.19505,1.18825,1.19104,25710,MT5,H4
2022-11-18 12:00:00,1.19102,1.19409,1.18735,1.19298,25176,MT5,H4
2022-11-18 16:00:00,1.19296,1.19336,1.18729,1.18903,14003,MT5,H4
2022-11-18 20:00:00,1.18905,1.19007,1.18792,1.18856,4396,MT5,H4
2022-11-20 00:00:00,1.18929,1.18958,1.18797,1.1885,925,MT5,H4
2022-11-20 20:00:00,1.18929,1.18958,1.18797,1.1885,923,MT5,H4
2022-11-21 00:00:00,1.18851,1.18861,1.18362,1.18542,10559,MT5,H4
2022-11-21 04:00:00,1.18543,1.1856,1.18072,1.18182,13856,MT5,H4
2022-11-21 08:00:00,1.1818,1.18384,1.1792799999999999,1.1809,23456,MT5,H4
2022-11-21 12:00:00,1.18089,1.18272,1.17795,1.17844,22710,MT5,H4
2022-11-21 16:00:00,1.17841,1.1824,1.17783,1.1815,13078,MT5,H4
2022-11-21 20:00:00,1.1815,1.18262,1.18049,1.18262,4482,MT5,H4
2022-11-22 00:00:00,1.18264,1.18635,1.1822,1.18577,9437,MT5,H4
2022-11-22 04:00:00,1.18575,1.18575,1.18246,1.18471,11129,MT5,H4
2022-11-22 08:00:00,1.18474,1.18839,1.1828400000000001,1.18758,23453,MT5,H4
2022-11-22 12:00:00,1.18757,1.19026,1.1865999999999999,1.18792,22018,MT5,H4
2022-11-22 16:00:00,1.18794,1.1893799999999999,1.18555,1.18836,10105,MT5,H4
2022-11-22 20:00:00,1.18834,1.18932,1.18794,1.18932,3614,MT5,H4
2022-11-23 00:00:00,1.18931,1.19096,1.18756,1.18791,7158,MT5,H4
2022-11-23 04:00:00,1.18789,1.1912,1.18725,1.19032,8794,MT5,H4
2022-11-23 08:00:00,1.19029,1.1945999999999999,1.18741,1.19384,17939,MT5,H4
2022-11-23 12:00:00,1.19385,1.20806,1.1927699999999999,1.20664,29216,MT5,H4
2022-11-23 16:00:00,1.20664,1.20741,1.20197,1.20652,20795,MT5,H4
2022-11-23 20:00:00,1.20654,1.2077,1.2046000000000001,1.20766,5743,MT5,H4
2022-11-24 00:00:00,1.2076500000000001,1.21052,1.20585,1.21027,10297,MT5,H4
2022-11-24 04:00:00,1.21024,1.21129,1.20788,1.20821,11123,MT5,H4
2022-11-24 08:00:00,1.20821,1.21312,1.20598,1.21261,23223,MT5,H4
2022-11-24 12:00:00,1.2126000000000001,1.21533,1.21038,1.21402,18829,MT5,H4
2022-11-24 16:00:00,1.21403,1.21416,1.21102,1.21186,5079,MT5,H4
2022-11-24 20:00:00,1.2118,1.21201,1.21031,1.21122,1246,MT5,H4
2022-11-25 00:00:00,1.2112,1.21159,1.20969,1.2111,7372,MT5,H4
2022-11-25 04:00:00,1.21111,1.21272,1.20901,1.20912,10542,MT5,H4
2022-11-25 08:00:00,1.2091,1.21197,1.20724,1.20861,18564,MT5,H4
2022-11-25 12:00:00,1.20861,1.21009,1.2058,1.20947,20110,MT5,H4
2022-11-25 16:00:00,1.20945,1.21107,1.20719,1.2095,26193,MT5,H4
2022-11-25 20:00:00,1.20943,1.21006,1.20845,1.2092,12899,MT5,H4
2022-11-27 00:00:00,1.20669,1.20673,1.20487,1.20534,1046,MT5,H4
2022-11-27 20:00:00,1.20669,1.20673,1.20487,1.20534,981,MT5,H4
2022-11-28 00:00:00,1.20537,1.20747,1.20256,1.20465,10927,MT5,H4
2022-11-28 04:00:00,1.20462,1.20821,1.20428,1.2065299999999999,10893,MT5,H4
2022-11-28 08:00:00,1.20652,1.21179,1.20528,1.20945,25290,MT5,H4
2022-11-28 12:00:00,1.20943,1.21004,1.20298,1.20378,25860,MT5,H4
2022-11-28 16:00:00,1.20376,1.20415,1.19503,1.19519,16590,MT5,H4
2022-11-28 20:00:00,1.1952099999999999,1.1964,1.19402,1.19591,4348,MT5,H4
2022-11-29 00:00:00,1.19592,1.2011,1.19527,1.20032,11013,MT5,H4
2022-11-29 04:00:00,1.20034,1.2039,1.19802,1.20341,15818,MT5,H4
2022-11-29 08:00:00,1.20342,1.20641,1.19792,1.2026,24514,MT5,H4
2022-11-29 12:00:00,1.20258,1.20349,1.1952099999999999,1.19994,29401,MT5,H4
2022-11-29 16:00:00,1.19994,1.20023,1.1945000000000001,1.19525,14097,MT5,H4
2022-11-29 20:00:00,1.19523,1.19557,1.19409,1.19459,3371,MT5,H4
2022-11-30 00:00:00,1.19461,1.19904,1.19424,1.19783,9131,MT5,H4
2022-11-30 04:00:00,1.19783,1.19932,1.19489,1.19663,11789,MT5,H4
2022-11-30 08:00:00,1.19663,1.20291,1.19541,1.20107,19637,MT5,H4
2022-11-30 12:00:00,1.20109,1.20249,1.19077,1.19113,31060,MT5,H4
2022-11-30 16:00:00,1.19112,1.206,1.19003,1.20574,39402,MT5,H4
2022-11-30 20:00:00,1.20575,1.20868,1.20456,1.2074799999999999,10189,MT5,H4
2022-12-01 00:00:00,1.20747,1.21044,1.2073,1.20898,13208,MT5,H4
2022-12-01 04:00:00,1.20896,1.21185,1.20695,1.20749,14783,MT5,H4
2022-12-01 08:00:00,1.20752,1.21661,1.2075,1.21639,22738,MT5,H4
2022-12-01 12:00:00,1.21641,1.23105,1.21631,1.22674,40427,MT5,H4
2022-12-01 16:00:00,1.22675,1.2275800000000001,1.2225,1.22591,23969,MT5,H4
2022-12-01 20:00:00,1.2259,1.22783,1.2239,1.22582,6437,MT5,H4
2022-12-02 00:00:00,1.2258,1.2258,1.22306,1.22504,9667,MT5,H4
2022-12-02 04:00:00,1.22505,1.22678,1.2224599999999999,1.22615,11606,MT5,H4
2022-12-02 08:00:00,1.22616,1.2297500000000001,1.22471,1.22772,21102,MT5,H4
2022-12-02 12:00:00,1.22772,1.22938,1.21345,1.2216,50989,MT5,H4
2022-12-02 16:00:00,1.2215799999999999,1.22998,1.22076,1.22883,18078,MT5,H4
2022-12-02 20:00:00,1.22884,1.22987,1.22763,1.2292,5202,MT5,H4
2022-12-04 00:00:00,1.22789,1.22963,1.22701,1.22959,1135,MT5,H4
2022-12-04 20:00:00,1.22789,1.22963,1.22701,1.22959,1125,MT5,H4
2022-12-05 00:00:00,1.22957,1.23414,1.22876,1.23373,10596,MT5,H4
2022-12-05 04:00:00,1.23373,1.23443,1.22857,1.2295,11116,MT5,H4
2022-12-05 08:00:00,1.22952,1.22998,1.22326,1.22761,22575,MT5,H4
2022-12-05 12:00:00,1.2276,1.232,1.21879,1.2214800000000001,29884,MT5,H4
2022-12-05 16:00:00,1.22147,1.22235,1.21615,1.21737,16627,MT5,H4
2022-12-05 20:00:00,1.21736,1.2197,1.2165300000000001,1.21918,5196,MT5,H4
2022-12-06 00:00:00,1.21921,1.22237,1.21921,1.21972,10896,MT5,H4
2022-12-06 04:00:00,1.21973,1.22088,1.21667,1.22021,12540,MT5,H4
2022-12-06 08:00:00,1.22021,1.22227,1.2158,1.22146,21025,MT5,H4
2022-12-06 12:00:00,1.22144,1.22409,1.21526,1.22197,26026,MT5,H4
2022-12-06 16:00:00,1.222,1.22691,1.21368,1.21424,20090,MT5,H4
2022-12-06 20:00:00,1.21426,1.21474,1.21257,1.21324,3424,MT5,H4
2022-12-07 00:00:00,1.21322,1.21499,1.21214,1.21389,8894,MT5,H4
2022-12-07 04:00:00,1.2139,1.21444,1.21064,1.2132,13167,MT5,H4
2022-12-07 08:00:00,1.21318,1.21864,1.21145,1.21483,20467,MT5,H4
2022-12-07 12:00:00,1.21481,1.22261,1.21395,1.21954,36911,MT5,H4
2022-12-07 16:00:00,1.21955,1.22343,1.21721,1.22136,16684,MT5,H4
2022-12-07 20:00:00,1.22135,1.2219,1.21997,1.22086,3992,MT5,H4
2022-12-08 00:00:00,1.22095,1.22135,1.218,1.21951,8756,MT5,H4
2022-12-08 04:00:00,1.2195,1.22144,1.2178,1.22017,9363,MT5,H4
2022-12-08 08:00:00,1.22016,1.22065,1.21543,1.21737,16307,MT5,H4
2022-12-08 12:00:00,1.21735,1.22469,1.21624,1.2217500000000001,23609,MT5,H4
2022-12-08 16:00:00,1.22174,1.22471,1.22055,1.2242899999999999,13820,MT5,H4
2022-12-08 20:00:00,1.22426,1.22426,1.22243,1.22338,3543,MT5,H4
2022-12-09 00:00:00,1.22336,1.22762,1.22265,1.22737,9942,MT5,H4
2022-12-09 04:00:00,1.22738,1.22767,1.22521,1.22557,9802,MT5,H4
2022-12-09 08:00:00,1.22555,1.22761,1.22316,1.22643,15526,MT5,H4
2022-12-09 12:00:00,1.22643,1.22998,1.22049,1.22946,35479,MT5,H4
2022-12-09 16:00:00,1.22946,1.23223,1.22684,1.22722,13786,MT5,H4
2022-12-09 20:00:00,1.2272,1.22754,1.22522,1.22651,3581,MT5,H4
2022-12-11 00:00:00,1.22578,1.22626,1.22325,1.22351,781,MT5,H4
2022-12-11 20:00:00,1.22578,1.22626,1.22325,1.22351,776,MT5,H4
2022-12-12 00:00:00,1.22355,1.22405,1.22119,1.2229700000000001,8991,MT5,H4
2022-12-12 04:00:00,1.22298,1.22597,1.22064,1.2257,10200,MT5,H4
2022-12-12 08:00:00,1.22569,1.22949,1.2231,1.22762,15897,MT5,H4
2022-12-12 12:00:00,1.22764,1.2298499999999999,1.225,1.22532,17442,MT5,H4
2022-12-12 16:00:00,1.2253,1.22882,1.22407,1.22577,15095,MT5,H4
2022-12-12 20:00:00,1.22576,1.22727,1.22569,1.22689,3673,MT5,H4
2022-12-13 00:00:00,1.22686,1.22904,1.22553,1.22587,7913,MT5,H4
2022-12-13 04:00:00,1.22588,1.23025,1.22519,1.22842,9663,MT5,H4
2022-12-13 08:00:00,1.22842,1.23025,1.22482,1.22907,16815,MT5,H4
2022-12-13 12:00:00,1.22905,1.24439,1.22858,1.23932,48595,MT5,H4
2022-12-13 16:00:00,1.2393399999999999,1.24142,1.23451,1.23727,27066,MT5,H4
2022-12-13 20:00:00,1.23725,1.23786,1.23532,1.23545,7119,MT5,H4
2022-12-14 00:00:00,1.23543,1.23579,1.23419,1.23521,9652,MT5,H4
2022-12-14 04:00:00,1.23522,1.23743,1.23415,1.23638,10479,MT5,H4
2022-12-14 08:00:00,1.23637,1.24039,1.23522,1.23731,24056,MT5,H4
2022-12-14 12:00:00,1.2373,1.24166,1.2355,1.24028,22460,MT5,H4
2022-12-14 16:00:00,1.24028,1.2444600000000001,1.23448,1.24035,49179,MT5,H4
2022-12-14 20:00:00,1.24034,1.24466,1.23972,1.24182,18304,MT5,H4
2022-12-15 00:00:00,1.2418,1.24253,1.2386300000000001,1.23871,8045,MT5,H4
2022-12-15 04:00:00,1.23871,1.24021,1.2376800000000001,1.238,10349,MT5,H4
2022-12-15 08:00:00,1.2380200000000001,1.23844,1.22961,1.23346,23514,MT5,H4
2022-12-15 12:00:00,1.23342,1.23565,1.22147,1.22162,48941,MT5,H4
2022-12-15 16:00:00,1.22164,1.22247,1.21562,1.2190400000000001,22840,MT5,H4
2022-12-15 20:00:00,1.21903,1.21959,1.21718,1.2190400000000001,4952,MT5,H4
2022-12-16 00:00:00,1.21902,1.22229,1.21885,1.22045,9857,MT5,H4
2022-12-16 04:00:00,1.22048,1.22225,1.21712,1.21761,10849,MT5,H4
2022-12-16 08:00:00,1.21764,1.22155,1.21198,1.2191,24824,MT5,H4
2022-12-16 12:00:00,1.2190699999999999,1.22222,1.21473,1.21556,30798,MT5,H4
2022-12-16 16:00:00,1.21554,1.21945,1.21452,1.21666,17452,MT5,H4
2022-12-16 20:00:00,1.21664,1.21814,1.21359,1.21374,6037,MT5,H4
2022-12-18 20:00:00,1.21483,1.21683,1.21481,1.21591,1045,MT5,H4
2022-12-19 00:00:00,1.2159200000000001,1.2202,1.2154,1.21818,9548,MT5,H4
2022-12-19 04:00:00,1.21818,1.21938,1.21673,1.21901,10649,MT5,H4
2022-12-19 08:00:00,1.21903,1.22416,1.21804,1.21858,21558,MT5,H4
2022-12-19 12:00:00,1.21861,1.21937,1.21205,1.21303,22641,MT5,H4
2022-12-19 16:00:00,1.21305,1.21927,1.21296,1.21421,14991,MT5,H4
2022-12-19 20:00:00,1.21423,1.21544,1.21397,1.2154,3606,MT5,H4
2022-12-20 00:00:00,1.21542,1.22234,1.21338,1.21394,24860,MT5,H4
2022-12-20 04:00:00,1.21396,1.21643,1.20853,1.21452,26074,MT5,H4
2022-12-20 08:00:00,1.21451,1.2197,1.2134,1.21608,29968,MT5,H4
2022-12-20 12:00:00,1.2161,1.2168,1.20979,1.2139199999999999,31709,MT5,H4
2022-12-20 16:00:00,1.2139,1.21704,1.21238,1.21691,18186,MT5,H4
2022-12-20 20:00:00,1.2169,1.21912,1.21591,1.21881,5270,MT5,H4
2022-12-21 00:00:00,1.2187999999999999,1.21895,1.21609,1.21691,9433,MT5,H4
2022-12-21 04:00:00,1.21689,1.21825,1.21501,1.21803,9175,MT5,H4
2022-12-21 08:00:00,1.21805,1.21823,1.20929,1.20986,20576,MT5,H4
2022-12-21 12:00:00,1.20989,1.21638,1.20858,1.21087,24679,MT5,H4
2022-12-21 16:00:00,1.21087,1.21122,1.2055,1.20817,15257,MT5,H4
2022-12-21 20:00:00,1.20814,1.20945,1.20725,1.20762,4185,MT5,H4
2022-12-22 00:00:00,1.20759,1.21343,1.20757,1.21335,6785,MT5,H4
2022-12-22 04:00:00,1.21333,1.2134,1.21008,1.21308,7758,MT5,H4
2022-12-22 08:00:00,1.21306,1.21472,1.20411,1.20445,18844,MT5,H4
2022-12-22 12:00:00,1.20447,1.20625,1.19923,1.20271,26585,MT5,H4
2022-12-22 16:00:00,1.20272,1.20438,1.20007,1.20304,12807,MT5,H4
2022-12-22 20:00:00,1.20302,1.2046999999999999,1.2025299999999999,1.20376,5747,MT5,H4
2022-12-23 00:00:00,1.2037499999999999,1.20524,1.20186,1.20498,9164,MT5,H4
2022-12-23 04:00:00,1.205,1.20712,1.20288,1.20644,8233,MT5,H4
2022-12-23 08:00:00,1.20642,1.209,1.20421,1.20693,15465,MT5,H4
2022-12-23 12:00:00,1.20692,1.20861,1.20224,1.20603,29656,MT5,H4
2022-12-23 16:00:00,1.20603,1.20697,1.20278,1.20401,11824,MT5,H4
2022-12-23 20:00:00,1.20402,1.20529,1.20349,1.20504,3422,MT5,H4
2022-12-25 20:00:00,1.20624,1.20641,1.20519,1.20629,577,MT5,H4
2022-12-26 00:00:00,1.20638,1.20777,1.20516,1.20652,2589,MT5,H4
2022-12-26 04:00:00,1.20644,1.20728,1.20551,1.20628,6161,MT5,H4
2022-12-26 08:00:00,1.20634,1.20781,1.20527,1.20721,3147,MT5,H4
2022-12-26 12:00:00,1.20724,1.20816,1.20615,1.20629,745,MT5,H4
2022-12-26 16:00:00,1.20634,1.207,1.20536,1.20612,11725,MT5,H4
2022-12-26 20:00:00,1.20606,1.20895,1.20466,1.20796,3586,MT5,H4
2022-12-27 00:00:00,1.208,1.21026,1.20724,1.20822,7532,MT5,H4
2022-12-27 04:00:00,1.2082,1.21123,1.20803,1.20915,8315,MT5,H4
2022-12-27 08:00:00,1.20916,1.20916,1.20305,1.2037200000000001,14608,MT5,H4
2022-12-27 12:00:00,1.20371,1.20477,1.20022,1.20206,19358,MT5,H4
2022-12-27 16:00:00,1.20206,1.20362,1.20081,1.20298,11606,MT5,H4
2022-12-27 20:00:00,1.20299,1.20327,1.20197,1.20264,3130,MT5,H4
2022-12-28 00:00:00,1.20266,1.20313,1.20023,1.20056,8454,MT5,H4
2022-12-28 04:00:00,1.20056,1.20546,1.2005,1.20446,8655,MT5,H4
2022-12-28 08:00:00,1.20447,1.20902,1.20173,1.20766,15236,MT5,H4
2022-12-28 12:00:00,1.20767,1.21249,1.20302,1.2035,21377,MT5,H4
2022-12-28 16:00:00,1.20353,1.20541,1.20221,1.20271,13151,MT5,H4
2022-12-28 20:00:00,1.20269,1.2031100000000001,1.20117,1.20267,3890,MT5,H4
2022-12-29 00:00:00,1.20276,1.20507,1.20276,1.2037200000000001,6395,MT5,H4
2022-12-29 04:00:00,1.2037200000000001,1.20425,1.20145,1.20339,6856,MT5,H4
2022-12-29 08:00:00,1.2034,1.20632,1.2022,1.20291,13767,MT5,H4
2022-12-29 12:00:00,1.20293,1.20785,1.20195,1.2054,22704,MT5,H4
2022-12-29 16:00:00,1.20543,1.20757,1.20482,1.20712,11084,MT5,H4
2022-12-29 20:00:00,1.20712,1.20721,1.20476,1.20551,4090,MT5,H4
2022-12-30 00:00:00,1.20549,1.20669,1.2041,1.20457,6806,MT5,H4
2022-12-30 04:00:00,1.20455,1.20709,1.20288,1.20672,8306,MT5,H4
2022-12-30 08:00:00,1.2067,1.2075,1.20265,1.20386,16924,MT5,H4
2022-12-30 12:00:00,1.20384,1.21074,1.20096,1.20289,30648,MT5,H4
2022-12-30 16:00:00,1.20288,1.20996,1.20252,1.20638,18875,MT5,H4
2022-12-30 20:00:00,1.20637,1.20995,1.20629,1.20955,5619,MT5,H4
2023-01-01 20:00:00,1.20695,1.20928,1.20552,1.20919,791,MT5,H4
2023-01-02 00:00:00,1.20951,1.20983,1.20633,1.20688,1059,MT5,H4
2023-01-02 04:00:00,1.2068699999999999,1.20756,1.20588,1.20605,2848,MT5,H4
2023-01-02 08:00:00,1.20608,1.20741,1.20396,1.20489,8769,MT5,H4
2023-01-02 12:00:00,1.20488,1.20499,1.20395,1.20402,932,MT5,H4
2023-01-02 16:00:00,1.2039900000000001,1.20459,1.20316,1.20428,3179,MT5,H4
2023-01-02 20:00:00,1.20431,1.20709,1.20295,1.20595,2228,MT5,H4
2023-01-03 00:00:00,1.20598,1.20848,1.20347,1.20739,12541,MT5,H4
2023-01-03 04:00:00,1.2074,1.20845,1.20218,1.20283,12646,MT5,H4
2023-01-03 08:00:00,1.20284,1.2032,1.18997,1.19312,26121,MT5,H4
2023-01-03 12:00:00,1.1931,1.20573,1.19238,1.20087,25412,MT5,H4
2023-01-03 16:00:00,1.2009,1.20114,1.19525,1.19838,14109,MT5,H4
2023-01-03 20:00:00,1.19838,1.19913,1.19569,1.19661,4676,MT5,H4
2023-01-04 00:00:00,1.19659,1.20012,1.19655,1.1989,8193,MT5,H4
2023-01-04 04:00:00,1.19891,1.20404,1.19707,1.20266,11147,MT5,H4
2023-01-04 08:00:00,1.20263,1.20875,1.20254,1.20543,21882,MT5,H4
2023-01-04 12:00:00,1.20545,1.20732,1.20136,1.20447,29262,MT5,H4
2023-01-04 16:00:00,1.20448,1.20763,1.20193,1.2059,19402,MT5,H4
2023-01-04 20:00:00,1.20587,1.20669,1.20514,1.2056,5493,MT5,H4
2023-01-05 00:00:00,1.20559,1.2078,1.20352,1.20364,9343,MT5,H4
2023-01-05 04:00:00,1.20363,1.20504,1.19994,1.20074,8477,MT5,H4
2023-01-05 08:00:00,1.20076,1.20379,1.19998,1.2022,16440,MT5,H4
2023-01-05 12:00:00,1.20222,1.20354,1.18731,1.1881,34627,MT5,H4
2023-01-05 16:00:00,1.18808,1.19352,1.1878199999999999,1.19173,18744,MT5,H4
2023-01-05 20:00:00,1.19173,1.19189,1.18946,1.19088,4656,MT5,H4
2023-01-06 00:00:00,1.1909,1.19356,1.19074,1.19284,10841,MT5,H4
2023-01-06 04:00:00,1.19282,1.19341,1.18853,1.18907,12409,MT5,H4
2023-01-06 08:00:00,1.18908,1.19171,1.18411,1.18472,20417,MT5,H4
2023-01-06 12:00:00,1.18472,1.20538,1.1844999999999999,1.20461,48847,MT5,H4
2023-01-06 16:00:00,1.20463,1.2099,1.20346,1.20965,17097,MT5,H4
2023-01-06 20:00:00,1.20963,1.20977,1.20879,1.20934,3869,MT5,H4
2023-01-08 20:00:00,1.20834,1.21195,1.20831,1.21195,1334,MT5,H4
2023-01-09 00:00:00,1.21193,1.21364,1.20933,1.21223,11344,MT5,H4
2023-01-09 04:00:00,1.21224,1.21669,1.21217,1.21397,13244,MT5,H4
2023-01-09 08:00:00,1.21397,1.21739,1.21119,1.2144,22666,MT5,H4
2023-01-09 12:00:00,1.21438,1.2209699999999999,1.21307,1.21909,26058,MT5,H4
2023-01-09 16:00:00,1.21908,1.22085,1.21739,1.22036,14978,MT5,H4
2023-01-09 20:00:00,1.22036,1.22036,1.2175,1.21836,5917,MT5,H4
2023-01-10 00:00:00,1.21837,1.21978,1.21569,1.21677,12819,MT5,H4
2023-01-10 04:00:00,1.21679,1.21774,1.2139,1.21494,11916,MT5,H4
2023-01-10 08:00:00,1.21496,1.21845,1.21488,1.21544,19027,MT5,H4
2023-01-10 12:00:00,1.21546,1.2180900000000001,1.21099,1.21476,33140,MT5,H4
2023-01-10 16:00:00,1.21478,1.2180900000000001,1.2141899999999999,1.21637,15400,MT5,H4
2023-01-10 20:00:00,1.21637,1.21638,1.21425,1.21533,3628,MT5,H4
2023-01-11 00:00:00,1.21535,1.21637,1.21412,1.21538,7557,MT5,H4
2023-01-11 04:00:00,1.21538,1.2178,1.21522,1.21568,8120,MT5,H4
2023-01-11 08:00:00,1.21569,1.2162,1.21172,1.2129699999999999,17207,MT5,H4
2023-01-11 12:00:00,1.21299,1.21533,1.21001,1.21258,21905,MT5,H4
2023-01-11 16:00:00,1.21259,1.2156,1.2113,1.21546,14440,MT5,H4
2023-01-11 20:00:00,1.21545,1.2161,1.21375,1.21574,4090,MT5,H4
2023-01-12 00:00:00,1.21582,1.2167,1.21497,1.21647,6819,MT5,H4
2023-01-12 04:00:00,1.21647,1.21702,1.21334,1.21481,7906,MT5,H4
2023-01-12 08:00:00,1.2147999999999999,1.21905,1.21347,1.21608,16650,MT5,H4
2023-01-12 12:00:00,1.21609,1.22423,1.20881,1.21551,61895,MT5,H4
2023-01-12 16:00:00,1.21554,1.22466,1.21461,1.22227,23216,MT5,H4
2023-01-12 20:00:00,1.22226,1.22227,1.22045,1.22164,5576,MT5,H4
2023-01-13 00:00:00,1.22165,1.22324,1.21896,1.21986,10347,MT5,H4
2023-01-13 04:00:00,1.21984,1.22129,1.2175799999999999,1.22126,10150,MT5,H4
2023-01-13 08:00:00,1.22127,1.22483,1.21706,1.21729,20427,MT5,H4
2023-01-13 12:00:00,1.21729,1.22216,1.21503,1.22151,24975,MT5,H4
2023-01-13 16:00:00,1.22152,1.22345,1.21821,1.22283,13984,MT5,H4
2023-01-13 20:00:00,1.22282,1.22395,1.22261,1.22316,3737,MT5,H4
2023-01-15 20:00:00,1.22137,1.2233,1.22134,1.22231,1002,MT5,H4
2023-01-16 00:00:00,1.22233,1.2288999999999999,1.22214,1.22691,9092,MT5,H4
2023-01-16 04:00:00,1.22688,1.2273,1.22217,1.22306,8804,MT5,H4
2023-01-16 08:00:00,1.22305,1.22305,1.21714,1.2204,17447,MT5,H4
2023-01-16 12:00:00,1.22038,1.22109,1.21803,1.22048,14896,MT5,H4
2023-01-16 16:00:00,1.22049,1.22108,1.21826,1.21938,4788,MT5,H4
2023-01-16 20:00:00,1.2194,1.22068,1.21799,1.22068,1647,MT5,H4
2023-01-17 00:00:00,1.22073,1.22119,1.2172,1.21905,9823,MT5,H4
2023-01-17 04:00:00,1.2190400000000001,1.22184,1.2168700000000001,1.2214800000000001,11534,MT5,H4
2023-01-17 08:00:00,1.22146,1.22587,1.21919,1.22541,21440,MT5,H4
2023-01-17 12:00:00,1.22542,1.22997,1.22332,1.22784,38068,MT5,H4
2023-01-17 16:00:00,1.22786,1.22857,1.22461,1.2274,16597,MT5,H4
2023-01-17 20:00:00,1.22742,1.22915,1.22726,1.22834,4316,MT5,H4
2023-01-18 00:00:00,1.22833,1.22899,1.2255,1.2268,16580,MT5,H4
2023-01-18 04:00:00,1.22681,1.23355,1.22628,1.23149,17001,MT5,H4
2023-01-18 08:00:00,1.23151,1.23884,1.23104,1.23726,23789,MT5,H4
2023-01-18 12:00:00,1.23725,1.24357,1.23526,1.23941,39700,MT5,H4
2023-01-18 16:00:00,1.23939,1.23939,1.23272,1.23409,18727,MT5,H4
2023-01-18 20:00:00,1.23408,1.23476,1.23321,1.23465,4428,MT5,H4
2023-01-19 00:00:00,1.23467,1.23495,1.23186,1.23339,8628,MT5,H4
2023-01-19 04:00:00,1.23336,1.23448,1.23123,1.23335,10937,MT5,H4
2023-01-19 08:00:00,1.23337,1.23588,1.23192,1.23523,19723,MT5,H4
2023-01-19 12:00:00,1.23522,1.23653,1.23153,1.23587,28308,MT5,H4
2023-01-19 16:00:00,1.23588,1.23937,1.23526,1.23916,14284,MT5,H4
2023-01-19 20:00:00,1.23914,1.23971,1.23846,1.23921,4014,MT5,H4
2023-01-20 00:00:00,1.2392,1.23969,1.23767,1.23809,6849,MT5,H4
2023-01-20 04:00:00,1.23808,1.23825,1.23513,1.23637,9231,MT5,H4
2023-01-20 08:00:00,1.23637,1.23807,1.23361,1.23527,17480,MT5,H4
2023-01-20 12:00:00,1.23526,1.23953,1.23353,1.23696,21265,MT5,H4
2023-01-20 16:00:00,1.23698,1.24011,1.23663,1.2396099999999999,13083,MT5,H4
2023-01-20 20:00:00,1.2396099999999999,1.24041,1.23907,1.23978,2798,MT5,H4
2023-01-22 20:00:00,1.2397,1.24131,1.23954,1.24058,957,MT5,H4
2023-01-23 00:00:00,1.2406,1.24476,1.24033,1.2432699999999999,6231,MT5,H4
2023-01-23 04:00:00,1.24328,1.24329,1.23941,1.2417,10541,MT5,H4
2023-01-23 08:00:00,1.24171,1.24237,1.23505,1.23538,16878,MT5,H4
2023-01-23 12:00:00,1.2354,1.23767,1.23235,1.23705,21847,MT5,H4
2023-01-23 16:00:00,1.23704,1.23877,1.2356,1.23655,12442,MT5,H4
2023-01-23 20:00:00,1.23655,1.2384,1.23634,1.23785,5015,MT5,H4
2023-01-24 00:00:00,1.23786,1.23909,1.23736,1.23811,5034,MT5,H4
2023-01-24 04:00:00,1.23809,1.24122,1.23749,1.24043,7021,MT5,H4
2023-01-24 08:00:00,1.24045,1.24136,1.23014,1.2314,19784,MT5,H4
2023-01-24 12:00:00,1.23141,1.23208,1.22623,1.23144,25930,MT5,H4
2023-01-24 16:00:00,1.23146,1.2340200000000001,1.23095,1.23369,12514,MT5,H4
2023-01-24 20:00:00,1.23368,1.23416,1.23248,1.23312,3922,MT5,H4
2023-01-25 00:00:00,1.23314,1.2337,1.23115,1.23257,6665,MT5,H4
2023-01-25 04:00:00,1.23259,1.23387,1.2304,1.23171,8235,MT5,H4
2023-01-25 08:00:00,1.23171,1.23311,1.2282899999999999,1.23061,15524,MT5,H4
2023-01-25 12:00:00,1.2306,1.23994,1.2305,1.23578,23291,MT5,H4
2023-01-25 16:00:00,1.23579,1.23993,1.23333,1.23988,11577,MT5,H4
2023-01-25 20:00:00,1.23988,1.24174,1.23893,1.24102,3493,MT5,H4
2023-01-26 00:00:00,1.241,1.24169,1.23931,1.23948,5635,MT5,H4
2023-01-26 04:00:00,1.23946,1.2411,1.23848,1.24087,7886,MT5,H4
2023-01-26 08:00:00,1.24085,1.24301,1.23739,1.23912,14306,MT5,H4
2023-01-26 12:00:00,1.23913,1.24191,1.23451,1.23553,28223,MT5,H4
2023-01-26 16:00:00,1.23553,1.2408,1.23445,1.24079,13909,MT5,H4
2023-01-26 20:00:00,1.24081,1.24176,1.23993,1.24139,3395,MT5,H4
2023-01-27 00:00:00,1.2414,1.24181,1.2387299999999999,1.23876,5670,MT5,H4
2023-01-27 04:00:00,1.23875,1.23875,1.23628,1.23757,6055,MT5,H4
2023-01-27 08:00:00,1.23757,1.23894,1.23592,1.23697,11946,MT5,H4
2023-01-27 12:00:00,1.23698,1.23973,1.23452,1.2358,21878,MT5,H4
2023-01-27 16:00:00,1.23578,1.2398,1.23566,1.23927,10847,MT5,H4
2023-01-27 20:00:00,1.23928,1.23993,1.23867,1.2395,2134,MT5,H4
2023-01-29 20:00:00,1.2387299999999999,1.24002,1.23804,1.24002,805,MT5,H4
2023-01-30 00:00:00,1.24,1.24041,1.2381,1.23904,6613,MT5,H4
2023-01-30 04:00:00,1.23904,1.24054,1.23715,1.23794,10411,MT5,H4
2023-01-30 08:00:00,1.23793,1.2417,1.2368000000000001,1.23844,15890,MT5,H4
2023-01-30 12:00:00,1.23844,1.23981,1.23662,1.23801,17713,MT5,H4
2023-01-30 16:00:00,1.238,1.23833,1.23368,1.23461,10053,MT5,H4
2023-01-30 20:00:00,1.23459,1.23572,1.23418,1.23495,3260,MT5,H4
2023-01-31 00:00:00,1.2349700000000001,1.23709,1.2343,1.23431,6587,MT5,H4
2023-01-31 04:00:00,1.23433,1.23624,1.23311,1.23491,7633,MT5,H4
2023-01-31 08:00:00,1.23488,1.23544,1.23078,1.23252,14793,MT5,H4
2023-01-31 12:00:00,1.23253,1.23292,1.22839,1.2304599999999999,26824,MT5,H4
2023-01-31 16:00:00,1.23045,1.23372,1.2304,1.2323,10266,MT5,H4
2023-01-31 20:00:00,1.2323,1.23292,1.2307299999999999,1.23081,3832,MT5,H4
2023-02-01 00:00:00,1.2308,1.2315800000000001,1.23033,1.23132,4565,MT5,H4
2023-02-01 04:00:00,1.2313,1.23279,1.23089,1.23192,6573,MT5,H4
2023-02-01 08:00:00,1.23194,1.23342,1.23109,1.23267,12174,MT5,H4
2023-02-01 12:00:00,1.23264,1.2346300000000001,1.23145,1.2325,19486,MT5,H4
2023-02-01 16:00:00,1.23248,1.23852,1.2272,1.23688,33738,MT5,H4
2023-02-01 20:00:00,1.23688,1.24001,1.23517,1.2387299999999999,14019,MT5,H4
2023-02-02 00:00:00,1.23875,1.24002,1.23703,1.23851,7259,MT5,H4
2023-02-02 04:00:00,1.23848,1.2397,1.23719,1.23732,7478,MT5,H4
2023-02-02 08:00:00,1.2373,1.2393399999999999,1.23103,1.23325,17549,MT5,H4
2023-02-02 12:00:00,1.23334,1.23896,1.2239,1.2292399999999999,49726,MT5,H4
2023-02-02 16:00:00,1.22923,1.23,1.22289,1.22319,16475,MT5,H4
2023-02-02 20:00:00,1.22319,1.22427,1.2218499999999999,1.22207,6751,MT5,H4
2023-02-03 00:00:00,1.22204,1.22204,1.22021,1.22126,6407,MT5,H4
2023-02-03 04:00:00,1.22127,1.22235,1.21844,1.21982,8176,MT5,H4
2023-02-03 08:00:00,1.21982,1.22654,1.21829,1.22593,15999,MT5,H4
2023-02-03 12:00:00,1.22591,1.22635,1.20622,1.21042,45600,MT5,H4
2023-02-03 16:00:00,1.2104,1.21157,1.2053099999999999,1.2055500000000001,15317,MT5,H4
2023-02-03 20:00:00,1.20558,1.20571,1.20473,1.20525,2461,MT5,H4
2023-02-05 20:00:00,1.20332,1.2056,1.20315,1.2043300000000001,1743,MT5,H4
2023-02-06 00:00:00,1.20432,1.2063,1.20307,1.20527,8756,MT5,H4
2023-02-06 04:00:00,1.20528,1.20685,1.20514,1.20532,7809,MT5,H4
2023-02-06 08:00:00,1.20532,1.20698,1.20213,1.20507,18215,MT5,H4
2023-02-06 12:00:00,1.20506,1.20771,1.20066,1.20128,20081,MT5,H4
2023-02-06 16:00:00,1.20126,1.20384,1.20054,1.20234,11773,MT5,H4
2023-02-06 20:00:00,1.20233,1.20307,1.20158,1.20259,4085,MT5,H4
2023-02-07 00:00:00,1.20261,1.20549,1.20245,1.20458,5805,MT5,H4
2023-02-07 04:00:00,1.20459,1.20572,1.20186,1.20225,8036,MT5,H4
2023-02-07 08:00:00,1.20224,1.204,1.19726,1.19845,18912,MT5,H4
2023-02-07 12:00:00,1.19847,1.20113,1.1961,1.20107,18143,MT5,H4
2023-02-07 16:00:00,1.20109,1.20952,1.19869,1.20332,40524,MT5,H4
2023-02-07 20:00:00,1.20335,1.20535,1.20214,1.20535,4217,MT5,H4
2023-02-08 00:00:00,1.20534,1.20614,1.204,1.20547,5910,MT5,H4
2023-02-08 04:00:00,1.20546,1.21047,1.20381,1.20993,7379,MT5,H4
2023-02-08 08:00:00,1.20995,1.21093,1.2077,1.2092100000000001,16090,MT5,H4
2023-02-08 12:00:00,1.2092,1.2107999999999999,1.20542,1.20789,16540,MT5,H4
2023-02-08 16:00:00,1.20789,1.20972,1.20641,1.20709,12549,MT5,H4
2023-02-08 20:00:00,1.20709,1.20732,1.20598,1.20703,3339,MT5,H4
2023-02-09 00:00:00,1.20705,1.20841,1.20568,1.2080899999999999,5184,MT5,H4
2023-02-09 04:00:00,1.20808,1.21062,1.20792,1.20949,7684,MT5,H4
2023-02-09 08:00:00,1.20948,1.21585,1.20946,1.21473,14819,MT5,H4
2023-02-09 12:00:00,1.21472,1.21936,1.21461,1.21703,16952,MT5,H4
2023-02-09 16:00:00,1.21701,1.21704,1.21154,1.21181,13600,MT5,H4
2023-02-09 20:00:00,1.2118,1.2122600000000001,1.21111,1.21153,3389,MT5,H4
2023-02-10 00:00:00,1.21155,1.2116500000000001,1.20896,1.20915,5289,MT5,H4
2023-02-10 04:00:00,1.20916,1.21225,1.20893,1.21201,10817,MT5,H4
2023-02-10 08:00:00,1.21201,1.2139,1.20797,1.21084,20444,MT5,H4
2023-02-10 12:00:00,1.21085,1.213,1.20695,1.20756,19729,MT5,H4
2023-02-10 16:00:00,1.20754,1.20876,1.2046999999999999,1.2049,9458,MT5,H4
2023-02-10 20:00:00,1.20489,1.20598,1.20468,1.20572,2413,MT5,H4
2023-02-12 20:00:00,1.20637,1.20638,1.20455,1.20511,779,MT5,H4
2023-02-13 00:00:00,1.20512,1.2053099999999999,1.20334,1.20413,6910,MT5,H4
2023-02-13 04:00:00,1.20415,1.20666,1.2040899999999999,1.20632,6509,MT5,H4
2023-02-13 08:00:00,1.20633,1.2064300000000001,1.20304,1.20578,11298,MT5,H4
2023-02-13 12:00:00,1.20577,1.21446,1.20577,1.21363,16727,MT5,H4
2023-02-13 16:00:00,1.21362,1.21516,1.21206,1.21317,8695,MT5,H4
2023-02-13 20:00:00,1.21315,1.21509,1.21284,1.21503,2811,MT5,H4
2023-02-14 00:00:00,1.21501,1.21513,1.21339,1.21459,5582,MT5,H4
2023-02-14 04:00:00,1.21458,1.21708,1.21341,1.21388,7971,MT5,H4
2023-02-14 08:00:00,1.21389,1.22159,1.21366,1.22015,13325,MT5,H4
2023-02-14 12:00:00,1.22017,1.22696,1.21171,1.21558,53170,MT5,H4
2023-02-14 16:00:00,1.21556,1.219,1.21441,1.21742,21799,MT5,H4
2023-02-14 20:00:00,1.21741,1.21801,1.21643,1.2172399999999999,4198,MT5,H4
2023-02-15 00:00:00,1.21734,1.21816,1.21454,1.21469,5550,MT5,H4
2023-02-15 04:00:00,1.21471,1.21604,1.20819,1.2082600000000001,11184,MT5,H4
2023-02-15 08:00:00,1.20824,1.21054,1.20563,1.20569,17233,MT5,H4
2023-02-15 12:00:00,1.20567,1.2069,1.19895,1.20022,28462,MT5,H4
2023-02-15 16:00:00,1.2002,1.2034,1.19955,1.2021,11836,MT5,H4
2023-02-15 20:00:00,1.2021,1.2038,1.20182,1.20367,3133,MT5,H4
2023-02-16 00:00:00,1.20369,1.20528,1.20143,1.20475,7518,MT5,H4
2023-02-16 04:00:00,1.20474,1.2052100000000001,1.20283,1.20467,7233,MT5,H4
2023-02-16 08:00:00,1.20464,1.20739,1.20387,1.2054,13139,MT5,H4
2023-02-16 12:00:00,1.20541,1.20561,1.19653,1.20123,27306,MT5,H4
2023-02-16 16:00:00,1.20124,1.20268,1.1998199999999999,1.20122,13650,MT5,H4
2023-02-16 20:00:00,1.20125,1.20143,1.19699,1.1973799999999999,8001,MT5,H4
2023-02-17 00:00:00,1.1974,1.19766,1.19469,1.19547,5027,MT5,H4
2023-02-17 04:00:00,1.19544,1.19583,1.19314,1.19377,7565,MT5,H4
2023-02-17 08:00:00,1.19376,1.1949,1.19147,1.19343,16052,MT5,H4
2023-02-17 12:00:00,1.19342,1.20335,1.19208,1.19973,23436,MT5,H4
2023-02-17 16:00:00,1.19973,1.20474,1.19895,1.20458,13556,MT5,H4
2023-02-17 20:00:00,1.20457,1.2049,1.20384,1.20417,2893,MT5,H4
2023-02-19 20:00:00,1.20238,1.20367,1.20238,1.2028699999999999,807,MT5,H4
2023-02-20 00:00:00,1.2029,1.20322,1.20144,1.20266,4564,MT5,H4
2023-02-20 04:00:00,1.20265,1.2056,1.20258,1.20518,6774,MT5,H4
2023-02-20 08:00:00,1.20516,1.20561,1.20184,1.20316,8157,MT5,H4
2023-02-20 12:00:00,1.20318,1.20426,1.20199,1.20291,5895,MT5,H4
2023-02-20 16:00:00,1.20289,1.20413,1.20263,1.20413,1466,MT5,H4
2023-02-20 20:00:00,1.2041,1.20431,1.20198,1.20383,1294,MT5,H4
2023-02-21 00:00:00,1.20381,1.20388,1.20128,1.20232,5883,MT5,H4
2023-02-21 04:00:00,1.20231,1.20312,1.19964,1.2015,8017,MT5,H4
2023-02-21 08:00:00,1.20151,1.21185,1.19858,1.21094,26887,MT5,H4
2023-02-21 12:00:00,1.21092,1.21472,1.20611,1.21422,27488,MT5,H4
2023-02-21 16:00:00,1.2142,1.21424,1.20969,1.2107700000000001,14181,MT5,H4
2023-02-21 20:00:00,1.21079,1.21137,1.2099199999999999,1.21088,3425,MT5,H4
2023-02-22 00:00:00,1.2109,1.21354,1.21059,1.21198,7353,MT5,H4
2023-02-22 04:00:00,1.212,1.21283,1.20978,1.21142,7098,MT5,H4
2023-02-22 08:00:00,1.2114,1.21197,1.20629,1.20834,18285,MT5,H4
2023-02-22 12:00:00,1.2083599999999999,1.21201,1.20631,1.2067,20678,MT5,H4
2023-02-22 16:00:00,1.20669,1.20824,1.20344,1.20363,19958,MT5,H4
2023-02-22 20:00:00,1.20365,1.20489,1.20356,1.20467,3952,MT5,H4
2023-02-23 00:00:00,1.20469,1.2067700000000001,1.20455,1.20639,4229,MT5,H4
2023-02-23 04:00:00,1.20639,1.20744,1.20522,1.20598,5806,MT5,H4
2023-02-23 08:00:00,1.206,1.20621,1.2014,1.20298,14482,MT5,H4
2023-02-23 12:00:00,1.20296,1.2069,1.20129,1.20238,24975,MT5,H4
2023-02-23 16:00:00,1.20235,1.20315,1.1992099999999999,1.20172,12048,MT5,H4
2023-02-23 20:00:00,1.20172,1.20236,1.2006999999999999,1.2016499999999999,3138,MT5,H4
2023-02-24 00:00:00,1.20164,1.2033,1.20073,1.20221,8597,MT5,H4
2023-02-24 04:00:00,1.20223,1.20276,1.20106,1.20267,7040,MT5,H4
2023-02-24 08:00:00,1.20266,1.20418,1.19808,1.1987,16512,MT5,H4
2023-02-24 12:00:00,1.19868,1.19875,1.1928,1.1941,33372,MT5,H4
2023-02-24 16:00:00,1.1941,1.19601,1.1937,1.19435,12755,MT5,H4
2023-02-24 20:00:00,1.19433,1.19544,1.19384,1.194,2399,MT5,H4
2023-02-26 20:00:00,1.19476,1.19535,1.19407,1.19497,596,MT5,H4
2023-02-27 00:00:00,1.19499,1.19638,1.19379,1.19447,5656,MT5,H4
2023-02-27 04:00:00,1.19448,1.19575,1.19225,1.19549,8638,MT5,H4
2023-02-27 08:00:00,1.19551,1.1989,1.19402,1.19842,15823,MT5,H4
2023-02-27 12:00:00,1.19844,1.20564,1.19741,1.20255,19993,MT5,H4
2023-02-27 16:00:00,1.20256,1.20657,1.20159,1.20578,11046,MT5,H4
2023-02-27 20:00:00,1.20578,1.20666,1.20506,1.2062,3000,MT5,H4
2023-02-28 00:00:00,1.20621,1.20678,1.20489,1.20512,5144,MT5,H4
2023-02-28 04:00:00,1.20514,1.20536,1.20309,1.20365,7863,MT5,H4
2023-02-28 08:00:00,1.20367,1.21086,1.20269,1.20954,16783,MT5,H4
2023-02-28 12:00:00,1.20955,1.21431,1.20863,1.21071,20578,MT5,H4
2023-02-28 16:00:00,1.21072,1.21244,1.20526,1.20537,12773,MT5,H4
2023-02-28 20:00:00,1.20537,1.2055500000000001,1.2009400000000001,1.20326,4678,MT5,H4
2023-03-01 00:00:00,1.20327,1.20416,1.20139,1.20392,5927,MT5,H4
2023-03-01 04:00:00,1.2039,1.2085,1.20352,1.20782,9173,MT5,H4
2023-03-01 08:00:00,1.20782,1.2088700000000001,1.20133,1.20495,21173,MT5,H4
2023-03-01 12:00:00,1.20497,1.2073800000000001,1.1965,1.20067,28689,MT5,H4
2023-03-01 16:00:00,1.20064,1.20447,1.1989,1.20156,15331,MT5,H4
2023-03-01 20:00:00,1.20156,1.20286,1.20113,1.20261,3066,MT5,H4
2023-03-02 00:00:00,1.20259,1.20361,1.1998,1.20044,7753,MT5,H4
2023-03-02 04:00:00,1.20044,1.2009400000000001,1.19614,1.1978,8982,MT5,H4
2023-03-02 08:00:00,1.19778,1.20092,1.19553,1.19811,19099,MT5,H4
2023-03-02 12:00:00,1.19812,1.19876,1.19246,1.19533,25968,MT5,H4
2023-03-02 16:00:00,1.19533,1.19626,1.19249,1.19427,12876,MT5,H4
2023-03-02 20:00:00,1.19427,1.19575,1.1936,1.19493,3534,MT5,H4
2023-03-03 00:00:00,1.19491,1.19764,1.19482,1.19645,6431,MT5,H4
2023-03-03 04:00:00,1.19646,1.19884,1.19613,1.19724,6862,MT5,H4
2023-03-03 08:00:00,1.19724,1.20035,1.19715,1.19968,14962,MT5,H4
2023-03-03 12:00:00,1.19971,1.20186,1.1962,1.19761,20658,MT5,H4
2023-03-03 16:00:00,1.19759,1.20466,1.19671,1.20443,10001,MT5,H4
2023-03-03 20:00:00,1.20444,1.20483,1.20382,1.20439,2439,MT5,H4
2023-03-05 20:00:00,1.2027,1.20369,1.20231,1.20264,646,MT5,H4
2023-03-06 00:00:00,1.20273,1.20478,1.2024,1.2043300000000001,5463,MT5,H4
2023-03-06 04:00:00,1.2043,1.20449,1.20231,1.20368,7146,MT5,H4
2023-03-06 08:00:00,1.20366,1.20454,1.19927,1.19989,14480,MT5,H4
2023-03-06 12:00:00,1.19989,1.2037499999999999,1.19958,1.20271,17455,MT5,H4
2023-03-06 16:00:00,1.20268,1.20485,1.20152,1.20157,8531,MT5,H4
2023-03-06 20:00:00,1.20156,1.20272,1.20134,1.20248,2533,MT5,H4
2023-03-07 00:00:00,1.20246,1.20456,1.20169,1.20445,5556,MT5,H4
2023-03-07 04:00:00,1.20447,1.20646,1.20341,1.20491,6996,MT5,H4
2023-03-07 08:00:00,1.2049,1.20492,1.19809,1.1989,16079,MT5,H4
2023-03-07 12:00:00,1.19891,1.19992,1.1865999999999999,1.1875,33201,MT5,H4
2023-03-07 16:00:00,1.18753,1.18878,1.18212,1.18289,21209,MT5,H4
2023-03-07 20:00:00,1.18291,1.18364,1.18207,1.18258,3424,MT5,H4
2023-03-08 00:00:00,1.1826699999999999,1.18358,1.18098,1.18116,6551,MT5,H4
2023-03-08 04:00:00,1.18118,1.18326,1.18105,1.18244,8298,MT5,H4
2023-03-08 08:00:00,1.18246,1.18466,1.18153,1.18356,12719,MT5,H4
2023-03-08 12:00:00,1.1835499999999999,1.18589,1.18022,1.18358,25712,MT5,H4
2023-03-08 16:00:00,1.18357,1.18519,1.18249,1.18422,13051,MT5,H4
2023-03-08 20:00:00,1.18423,1.18498,1.18316,1.1849,2336,MT5,H4
2023-03-09 00:00:00,1.18491,1.18544,1.18319,1.18469,4371,MT5,H4
2023-03-09 04:00:00,1.1846700000000001,1.18653,1.18436,1.18495,5782,MT5,H4
2023-03-09 08:00:00,1.18494,1.1902,1.1837900000000001,1.18889,13700,MT5,H4
2023-03-09 12:00:00,1.18887,1.1936,1.18761,1.19103,19733,MT5,H4
2023-03-09 16:00:00,1.19105,1.19386,1.19045,1.191,13418,MT5,H4
2023-03-09 20:00:00,1.191,1.19248,1.19031,1.19226,5187,MT5,H4
2023-03-10 00:00:00,1.19224,1.1933,1.19078,1.19245,9009,MT5,H4
2023-03-10 04:00:00,1.19244,1.19598,1.19195,1.19547,9886,MT5,H4
2023-03-10 08:00:00,1.19549,1.2009,1.19264,1.19928,19904,MT5,H4
2023-03-10 12:00:00,1.19927,1.21133,1.1975500000000001,1.2098200000000001,52956,MT5,H4
2023-03-10 16:00:00,1.20984,1.20987,1.20175,1.20321,27709,MT5,H4
2023-03-10 20:00:00,1.20319,1.20373,1.20211,1.20325,5414,MT5,H4
2023-03-12 20:00:00,1.2065,1.21037,1.20618,1.20755,14580,MT5,H4
2023-03-13 00:00:00,1.20757,1.21412,1.20545,1.21233,17444,MT5,H4
2023-03-13 04:00:00,1.21234,1.21292,1.20947,1.21025,14690,MT5,H4
2023-03-13 08:00:00,1.21023,1.21216,1.20462,1.20766,41953,MT5,H4
2023-03-13 12:00:00,1.20767,1.21783,1.20572,1.21581,53178,MT5,H4
2023-03-13 16:00:00,1.21583,1.21994,1.21401,1.21852,22263,MT5,H4
2023-03-13 20:00:00,1.21851,1.21872,1.21667,1.21667,2808,MT5,H4
2023-03-14 00:00:00,1.21669,1.2169699999999999,1.21448,1.21543,11215,MT5,H4
2023-03-14 04:00:00,1.21545,1.21831,1.21458,1.21545,15773,MT5,H4
2023-03-14 08:00:00,1.21544,1.21693,1.21406,1.21666,23435,MT5,H4
2023-03-14 12:00:00,1.21664,1.22034,1.21355,1.21448,53118,MT5,H4
2023-03-14 16:00:00,1.21447,1.2184599999999999,1.21406,1.21781,20096,MT5,H4
2023-03-14 20:00:00,1.2178,1.21786,1.21489,1.21506,3090,MT5,H4
2023-03-15 00:00:00,1.2150400000000001,1.21814,1.21466,1.21726,7929,MT5,H4
2023-03-15 04:00:00,1.21725,1.21747,1.21379,1.21567,8940,MT5,H4
2023-03-15 08:00:00,1.21568,1.21641,1.2059199999999999,1.20667,34331,MT5,H4
2023-03-15 12:00:00,1.20665,1.2113,1.20182,1.20307,55490,MT5,H4
2023-03-15 16:00:00,1.20305,1.20851,1.20102,1.20596,36203,MT5,H4
2023-03-15 20:00:00,1.20598,1.20712,1.20465,1.20669,3012,MT5,H4
2023-03-16 00:00:00,1.20669,1.20818,1.20609,1.20753,14581,MT5,H4
2023-03-16 04:00:00,1.2075,1.20999,1.20628,1.20952,9514,MT5,H4
2023-03-16 08:00:00,1.20954,1.2113,1.20317,1.2049,18904,MT5,H4
2023-03-16 12:00:00,1.20488,1.21164,1.20272,1.21099,48918,MT5,H4
2023-03-16 16:00:00,1.21096,1.21276,1.21022,1.21159,15026,MT5,H4
2023-03-16 20:00:00,1.21157,1.21214,1.20997,1.21095,2123,MT5,H4
2023-03-17 00:00:00,1.21097,1.2147999999999999,1.21018,1.21399,7355,MT5,H4
2023-03-17 04:00:00,1.21401,1.21763,1.2139199999999999,1.21632,8327,MT5,H4
2023-03-17 08:00:00,1.2163,1.21716,1.2113,1.2131,15412,MT5,H4
2023-03-17 12:00:00,1.21311,1.21664,1.21239,1.21394,20619,MT5,H4
2023-03-17 16:00:00,1.21395,1.2200199999999999,1.21353,1.21698,11889,MT5,H4
2023-03-17 20:00:00,1.21699,1.218,1.21688,1.21796,789,MT5,H4
2023-03-19 20:00:00,1.22029,1.2206,1.21768,1.21869,2315,MT5,H4
2023-03-20 00:00:00,1.2187000000000001,1.22001,1.21688,1.2173,9130,MT5,H4
2023-03-20 04:00:00,1.21732,1.21993,1.21668,1.21892,11457,MT5,H4
2023-03-20 08:00:00,1.21892,1.22338,1.21682,1.22313,18422,MT5,H4
2023-03-20 12:00:00,1.22317,1.22658,1.22169,1.2255,15785,MT5,H4
2023-03-20 16:00:00,1.2255,1.22846,1.2253,1.2277,9115,MT5,H4
2023-03-20 20:00:00,1.2276799999999999,1.22806,1.22687,1.22737,1494,MT5,H4
2023-03-21 00:00:00,1.22739,1.22824,1.22569,1.22593,5904,MT5,H4
2023-03-21 04:00:00,1.22592,1.22624,1.22347,1.2236799999999999,6512,MT5,H4
2023-03-21 08:00:00,1.22367,1.2258499999999999,1.22287,1.22497,11708,MT5,H4
2023-03-21 12:00:00,1.22499,1.22562,1.21796,1.21943,14114,MT5,H4
2023-03-21 16:00:00,1.2194099999999999,1.22187,1.21786,1.22177,7506,MT5,H4
2023-03-21 20:00:00,1.22179,1.22251,1.22064,1.22248,1239,MT5,H4
2023-03-22 00:00:00,1.22249,1.22333,1.22083,1.22305,6467,MT5,H4
2023-03-22 04:00:00,1.22303,1.22701,1.2224,1.22595,8085,MT5,H4
2023-03-22 08:00:00,1.22593,1.22972,1.22584,1.22689,10737,MT5,H4
2023-03-22 12:00:00,1.2269,1.22795,1.22207,1.22301,11284,MT5,H4
2023-03-22 16:00:00,1.22304,1.2335099999999999,1.22263,1.22726,36467,MT5,H4
2023-03-22 20:00:00,1.22724,1.22795,1.22587,1.22774,3239,MT5,H4
2023-03-23 00:00:00,1.22776,1.23244,1.22769,1.23161,8930,MT5,H4
2023-03-23 04:00:00,1.2315800000000001,1.23432,1.2305,1.23101,10369,MT5,H4
2023-03-23 08:00:00,1.23101,1.23316,1.22823,1.23034,14154,MT5,H4
2023-03-23 12:00:00,1.23032,1.23374,1.2265,1.23205,20444,MT5,H4
2023-03-23 16:00:00,1.23204,1.23288,1.22615,1.22898,16690,MT5,H4
2023-03-23 20:00:00,1.22901,1.22909,1.22763,1.22804,2442,MT5,H4
2023-03-24 00:00:00,1.22802,1.22862,1.22614,1.22823,8943,MT5,H4
2023-03-24 04:00:00,1.22825,1.22883,1.22663,1.22708,6948,MT5,H4
2023-03-24 08:00:00,1.2271,1.22737,1.21902,1.22188,20541,MT5,H4
2023-03-24 12:00:00,1.22186,1.22314,1.21963,1.22232,18833,MT5,H4
2023-03-24 16:00:00,1.22234,1.2234099999999999,1.2212399999999999,1.2226,8494,MT5,H4
2023-03-24 20:00:00,1.2226,1.2233100000000001,1.22251,1.2230699999999999,659,MT5,H4
2023-03-26 20:00:00,1.22249,1.22497,1.22245,1.22448,1537,MT5,H4
2023-03-27 00:00:00,1.22449,1.22509,1.22303,1.22442,6877,MT5,H4
2023-03-27 04:00:00,1.22444,1.22591,1.2219,1.22347,9134,MT5,H4
2023-03-27 08:00:00,1.22346,1.22729,1.22327,1.22639,9946,MT5,H4
2023-03-27 12:00:00,1.2264,1.22931,1.224,1.22773,13032,MT5,H4
2023-03-27 16:00:00,1.22771,1.22928,1.22719,1.22884,6618,MT5,H4
2023-03-27 20:00:00,1.22885,1.22978,1.22766,1.22961,1624,MT5,H4
2023-03-28 00:00:00,1.22963,1.23212,1.22936,1.23181,5825,MT5,H4
2023-03-28 04:00:00,1.23182,1.233,1.23082,1.23092,7607,MT5,H4
2023-03-28 08:00:00,1.2309,1.23269,1.22809,1.2321,9465,MT5,H4
2023-03-28 12:00:00,1.23207,1.2349,1.22994,1.234,11813,MT5,H4
2023-03-28 16:00:00,1.23399,1.23481,1.23293,1.23421,5103,MT5,H4
2023-03-28 20:00:00,1.2342,1.2343,1.2328000000000001,1.23296,1307,MT5,H4
2023-03-29 00:00:00,1.23298,1.23408,1.23207,1.23249,5241,MT5,H4
2023-03-29 04:00:00,1.23251,1.23342,1.23087,1.23209,8575,MT5,H4
2023-03-29 08:00:00,1.23209,1.23615,1.23048,1.23389,12336,MT5,H4
2023-03-29 12:00:00,1.23389,1.23451,1.23026,1.23102,16996,MT5,H4
2023-03-29 16:00:00,1.23104,1.23227,1.2304599999999999,1.23126,6879,MT5,H4
2023-03-29 20:00:00,1.23127,1.23177,1.23041,1.23099,1236,MT5,H4
2023-03-30 00:00:00,1.231,1.23117,1.22935,1.23037,6192,MT5,H4
2023-03-30 04:00:00,1.23039,1.23528,1.2303,1.23506,9899,MT5,H4
2023-03-30 08:00:00,1.23503,1.23634,1.23283,1.2338,10567,MT5,H4
2023-03-30 12:00:00,1.23381,1.23843,1.23381,1.2367,14269,MT5,H4
2023-03-30 16:00:00,1.23668,1.23928,1.23651,1.23893,5214,MT5,H4
2023-03-30 20:00:00,1.23895,1.23914,1.23779,1.23861,1355,MT5,H4
2023-03-31 00:00:00,1.23862,1.24228,1.23832,1.23978,6413,MT5,H4
2023-03-31 04:00:00,1.23977,1.24029,1.23604,1.23667,7772,MT5,H4
2023-03-31 08:00:00,1.2367,1.23907,1.23536,1.23736,10297,MT5,H4
2023-03-31 12:00:00,1.23736,1.23972,1.23442,1.23676,15753,MT5,H4
2023-03-31 16:00:00,1.23678,1.23679,1.23239,1.23367,6412,MT5,H4
2023-03-31 20:00:00,1.23368,1.23368,1.23262,1.23297,765,MT5,H4
2023-04-02 20:00:00,1.23221,1.23291,1.22839,1.22857,2373,MT5,H4
2023-04-03 00:00:00,1.2286,1.23076,1.22763,1.22766,8397,MT5,H4
2023-04-03 04:00:00,1.22764,1.23258,1.22742,1.23227,7661,MT5,H4
2023-04-03 08:00:00,1.23226,1.2383,1.23089,1.23828,10451,MT5,H4
2023-04-03 12:00:00,1.2382900000000001,1.24204,1.23779,1.24015,15997,MT5,H4
2023-04-03 16:00:00,1.24017,1.2423,1.23849,1.24222,6179,MT5,H4
2023-04-03 20:00:00,1.24219,1.24252,1.2405,1.24201,1553,MT5,H4
2023-04-04 00:00:00,1.2420200000000001,1.24228,1.2398500000000001,1.24043,5552,MT5,H4
2023-04-04 04:00:00,1.24045,1.24741,1.2395,1.24694,10813,MT5,H4
2023-04-04 08:00:00,1.24696,1.25207,1.24618,1.24808,13238,MT5,H4
2023-04-04 12:00:00,1.24808,1.25252,1.24657,1.2498,17979,MT5,H4
2023-04-04 16:00:00,1.2498,1.25017,1.2487,1.24989,6076,MT5,H4
2023-04-04 20:00:00,1.24989,1.25071,1.2494399999999999,1.24991,1066,MT5,H4
2023-04-05 00:00:00,1.24989,1.25102,1.24832,1.24904,6803,MT5,H4
2023-04-05 04:00:00,1.24902,1.2514,1.24786,1.24863,7957,MT5,H4
2023-04-05 08:00:00,1.24864,1.24938,1.24554,1.24724,10569,MT5,H4
2023-04-05 12:00:00,1.24726,1.25076,1.24325,1.24677,18903,MT5,H4
2023-04-05 16:00:00,1.24678,1.24704,1.24466,1.24587,5941,MT5,H4
2023-04-05 20:00:00,1.24587,1.24665,1.24522,1.24622,1065,MT5,H4
2023-04-06 00:00:00,1.24624,1.24641,1.2437,1.24451,3324,MT5,H4
2023-04-06 04:00:00,1.2445,1.24866,1.2441200000000001,1.24685,7005,MT5,H4
2023-04-06 08:00:00,1.24686,1.24815,1.24519,1.2479,9344,MT5,H4
2023-04-06 12:00:00,1.24787,1.24809,1.24124,1.24539,15314,MT5,H4
2023-04-06 16:00:00,1.24541,1.24669,1.244,1.24432,4447,MT5,H4
2023-04-06 20:00:00,1.2443,1.24431,1.24211,1.2435100000000001,1015,MT5,H4
2023-04-07 00:00:00,1.2435,1.24475,1.24317,1.24459,1761,MT5,H4
2023-04-07 04:00:00,1.24447,1.24537,1.24321,1.24354,2120,MT5,H4
2023-04-07 08:00:00,1.24348,1.24449,1.24275,1.24367,2427,MT5,H4
2023-04-07 12:00:00,1.24363,1.24363,1.23889,1.24196,8288,MT5,H4
2023-04-07 16:00:00,1.24192,1.24281,1.24142,1.24243,2956,MT5,H4
2023-04-07 20:00:00,1.24248,1.24321,1.24099,1.24105,694,MT5,H4
2023-04-09 20:00:00,1.24143,1.24312,1.24069,1.24305,972,MT5,H4
2023-04-10 00:00:00,1.24307,1.24341,1.24074,1.24082,4105,MT5,H4
2023-04-10 04:00:00,1.2408,1.2426599999999999,1.23966,1.2426599999999999,4953,MT5,H4
2023-04-10 08:00:00,1.24267,1.24423,1.24088,1.24121,6458,MT5,H4
2023-04-10 12:00:00,1.24123,1.24156,1.23442,1.23573,13208,MT5,H4
2023-04-10 16:00:00,1.23571,1.23849,1.23562,1.23847,4233,MT5,H4
2023-04-10 20:00:00,1.23846,1.23923,1.23746,1.23911,878,MT5,H4
2023-04-11 00:00:00,1.23912,1.2413,1.23865,1.24059,5500,MT5,H4
2023-04-11 04:00:00,1.24061,1.24365,1.24006,1.24238,8790,MT5,H4
2023-04-11 08:00:00,1.24241,1.24562,1.24177,1.2428,11321,MT5,H4
2023-04-11 12:00:00,1.24277,1.24401,1.24069,1.2408,12063,MT5,H4
2023-04-11 16:00:00,1.24081,1.24272,1.24052,1.2425,4953,MT5,H4
2023-04-11 20:00:00,1.24252,1.24307,1.24189,1.24292,1021,MT5,H4
2023-04-12 00:00:00,1.24294,1.244,1.24212,1.2432400000000001,4085,MT5,H4
2023-04-12 04:00:00,1.24326,1.24459,1.24167,1.24233,6671,MT5,H4
2023-04-12 08:00:00,1.24235,1.24277,1.23983,1.24047,8425,MT5,H4
2023-04-12 12:00:00,1.24048,1.24841,1.2399499999999999,1.24689,22055,MT5,H4
2023-04-12 16:00:00,1.2469000000000001,1.2495,1.24673,1.24834,7692,MT5,H4
2023-04-12 20:00:00,1.24836,1.2495,1.24745,1.24917,1162,MT5,H4
2023-04-13 00:00:00,1.24918,1.24961,1.24817,1.24866,5628,MT5,H4
2023-04-13 04:00:00,1.24865,1.2506300000000001,1.24768,1.24957,7055,MT5,H4
2023-04-13 08:00:00,1.24956,1.25285,1.24956,1.25028,10304,MT5,H4
2023-04-13 12:00:00,1.25027,1.2537,1.25001,1.25296,16690,MT5,H4
2023-04-13 16:00:00,1.25297,1.25351,1.25207,1.2524199999999999,4897,MT5,H4
2023-04-13 20:00:00,1.25244,1.25296,1.25126,1.2524199999999999,1191,MT5,H4
2023-04-14 00:00:00,1.25244,1.25462,1.2517,1.25413,5827,MT5,H4
2023-04-14 04:00:00,1.25415,1.25451,1.25251,1.25263,6800,MT5,H4
2023-04-14 08:00:00,1.25266,1.25279,1.2486,1.24921,9183,MT5,H4
2023-04-14 12:00:00,1.24922,1.2523900000000001,1.24109,1.2416,23371,MT5,H4
2023-04-14 16:00:00,1.24158,1.24255,1.23989,1.2416,6500,MT5,H4
2023-04-14 20:00:00,1.24162,1.24184,1.24126,1.24147,509,MT5,H4
2023-04-16 20:00:00,1.24103,1.24182,1.2398,1.24011,743,MT5,H4
2023-04-17 00:00:00,1.2401200000000001,1.24121,1.23833,1.24033,4713,MT5,H4
2023-04-17 04:00:00,1.24031,1.24282,1.24,1.24132,6911,MT5,H4
2023-04-17 08:00:00,1.2413,1.24271,1.2374100000000001,1.24242,11450,MT5,H4
2023-04-17 12:00:00,1.24244,1.24379,1.2356,1.23561,17279,MT5,H4
2023-04-17 16:00:00,1.23562,1.23784,1.23531,1.23782,4805,MT5,H4
2023-04-17 20:00:00,1.2378,1.23785,1.23677,1.23732,806,MT5,H4
2023-04-18 00:00:00,1.23733,1.23874,1.23674,1.23824,5187,MT5,H4
2023-04-18 04:00:00,1.23824,1.24314,1.23807,1.24293,8201,MT5,H4
2023-04-18 08:00:00,1.24294,1.2448299999999999,1.24255,1.24408,9705,MT5,H4
2023-04-18 12:00:00,1.2441,1.24496,1.24122,1.24193,13903,MT5,H4
2023-04-18 16:00:00,1.24194,1.24318,1.24171,1.24255,4692,MT5,H4
2023-04-18 20:00:00,1.24257,1.24302,1.24187,1.24243,958,MT5,H4
2023-04-19 00:00:00,1.24244,1.24342,1.24096,1.24195,4132,MT5,H4
2023-04-19 04:00:00,1.24196,1.24723,1.2402,1.24593,11865,MT5,H4
2023-04-19 08:00:00,1.24591,1.24614,1.23922,1.24048,12604,MT5,H4
2023-04-19 12:00:00,1.2404600000000001,1.2474,1.24,1.2439,11824,MT5,H4
2023-04-19 16:00:00,1.2439,1.24543,1.24364,1.24392,5160,MT5,H4
2023-04-19 20:00:00,1.24394,1.24405,1.24245,1.24278,1203,MT5,H4
2023-04-20 00:00:00,1.2428,1.2435,1.24203,1.24283,4674,MT5,H4
2023-04-20 04:00:00,1.24285,1.24522,1.24183,1.24211,8104,MT5,H4
2023-04-20 08:00:00,1.24212,1.24516,1.24152,1.24285,9661,MT5,H4
2023-04-20 12:00:00,1.24286,1.24674,1.2404600000000001,1.24467,14986,MT5,H4
2023-04-20 16:00:00,1.24468,1.24523,1.24292,1.24373,5564,MT5,H4
2023-04-20 20:00:00,1.24372,1.24435,1.24321,1.24402,1058,MT5,H4
2023-04-21 00:00:00,1.24402,1.24461,1.24294,1.24363,3992,MT5,H4
2023-04-21 04:00:00,1.24365,1.24368,1.23777,1.23981,7735,MT5,H4
2023-04-21 08:00:00,1.23979,1.24163,1.23769,1.2395100000000001,10348,MT5,H4
2023-04-21 12:00:00,1.23949,1.2425,1.23669,1.24175,15484,MT5,H4
2023-04-21 16:00:00,1.24175,1.24444,1.24154,1.2444,6230,MT5,H4
2023-04-21 20:00:00,1.24439,1.24479,1.24392,1.24424,476,MT5,H4
2023-04-23 20:00:00,1.2436099999999999,1.24516,1.2435100000000001,1.24474,779,MT5,H4
2023-04-24 00:00:00,1.24475,1.24499,1.24317,1.24349,5254,MT5,H4
2023-04-24 04:00:00,1.24347,1.24447,1.24104,1.24369,8124,MT5,H4
2023-04-24 08:00:00,1.24367,1.24589,1.24262,1.24369,9668,MT5,H4
2023-04-24 12:00:00,1.2437,1.24694,1.2432400000000001,1.24564,10990,MT5,H4
2023-04-24 16:00:00,1.24564,1.24851,1.24564,1.24819,3966,MT5,H4
2023-04-24 20:00:00,1.2482199999999999,1.24994,1.24749,1.24987,902,MT5,H4
2023-04-25 00:00:00,1.24987,1.2507,1.24837,1.24846,4699,MT5,H4
2023-04-25 04:00:00,1.24847,1.2490999999999999,1.24557,1.24622,9421,MT5,H4
2023-04-25 08:00:00,1.24623,1.2479,1.24259,1.24274,9429,MT5,H4
2023-04-25 12:00:00,1.24272,1.2442199999999999,1.23866,1.23953,13445,MT5,H4
2023-04-25 16:00:00,1.2395100000000001,1.24138,1.2391,1.24025,6908,MT5,H4
2023-04-25 20:00:00,1.24023,1.24167,1.24005,1.24139,1443,MT5,H4
2023-04-26 00:00:00,1.2414,1.24186,1.24026,1.24138,6611,MT5,H4
2023-04-26 04:00:00,1.24138,1.24615,1.24126,1.2459,8485,MT5,H4
2023-04-26 08:00:00,1.24592,1.2490700000000001,1.24484,1.24723,13388,MT5,H4
2023-04-26 12:00:00,1.24724,1.25152,1.24598,1.24841,16858,MT5,H4
2023-04-26 16:00:00,1.24838,1.24865,1.24538,1.24633,6866,MT5,H4
2023-04-26 20:00:00,1.24632,1.2473,1.24572,1.24706,1108,MT5,H4
2023-04-27 00:00:00,1.24707,1.24773,1.2462900000000001,1.24693,5892,MT5,H4
2023-04-27 04:00:00,1.24691,1.2488,1.24613,1.24625,9270,MT5,H4
2023-04-27 08:00:00,1.24624,1.24793,1.24402,1.24773,10409,MT5,H4
2023-04-27 12:00:00,1.24772,1.24992,1.2436099999999999,1.24689,20439,MT5,H4
2023-04-27 16:00:00,1.24689,1.2497099999999999,1.24614,1.24898,6025,MT5,H4
2023-04-27 20:00:00,1.24897,1.24993,1.24821,1.2496800000000001,1612,MT5,H4
2023-04-28 00:00:00,1.24969,1.25038,1.24859,1.24936,7501,MT5,H4
2023-04-28 04:00:00,1.24937,1.24965,1.24642,1.24913,13093,MT5,H4
2023-04-28 08:00:00,1.24916,1.2493400000000001,1.24462,1.24704,11478,MT5,H4
2023-04-28 12:00:00,1.24706,1.25804,1.24558,1.2580200000000001,22986,MT5,H4
2023-04-28 16:00:00,1.25803,1.25837,1.25575,1.25674,6695,MT5,H4
2023-04-28 20:00:00,1.25675,1.2569,1.25629,1.25668,742,MT5,H4
2023-04-30 20:00:00,1.25565,1.25693,1.25553,1.2557800000000001,1205,MT5,H4
2023-05-01 00:00:00,1.2558,1.25688,1.25506,1.25686,5021,MT5,H4
2023-05-01 04:00:00,1.25687,1.25688,1.25301,1.25352,6479,MT5,H4
2023-05-01 08:00:00,1.25354,1.25389,1.25142,1.25231,7058,MT5,H4
2023-05-01 12:00:00,1.25228,1.25596,1.24862,1.24929,14664,MT5,H4
2023-05-01 16:00:00,1.24928,1.2497,1.24803,1.24912,6376,MT5,H4
2023-05-01 20:00:00,1.24914,1.24954,1.24837,1.24844,1595,MT5,H4
2023-05-02 00:00:00,1.24845,1.25119,1.24843,1.24974,5607,MT5,H4
2023-05-02 04:00:00,1.24974,1.25115,1.24855,1.24902,10536,MT5,H4
2023-05-02 08:00:00,1.24899,1.24904,1.24533,1.24799,13181,MT5,H4
2023-05-02 12:00:00,1.24801,1.24893,1.24354,1.24735,18616,MT5,H4
2023-05-02 16:00:00,1.24732,1.2482,1.24669,1.2475,5407,MT5,H4
2023-05-02 20:00:00,1.2475,1.24773,1.24603,1.24762,1362,MT5,H4
2023-05-03 00:00:00,1.24763,1.2493,1.24678,1.24925,5227,MT5,H4
2023-05-03 04:00:00,1.24923,1.25228,1.24813,1.25109,6966,MT5,H4
2023-05-03 08:00:00,1.25108,1.25335,1.25015,1.25022,10116,MT5,H4
2023-05-03 12:00:00,1.25022,1.25528,1.24848,1.25442,14495,MT5,H4
2023-05-03 16:00:00,1.25444,1.25899,1.2538,1.25521,21480,MT5,H4
2023-05-03 20:00:00,1.25519,1.25759,1.2548,1.25685,2884,MT5,H4
2023-05-04 00:00:00,1.25687,1.2591700000000001,1.25672,1.25836,7405,MT5,H4
2023-05-04 04:00:00,1.25834,1.2593,1.256,1.25697,10055,MT5,H4
2023-05-04 08:00:00,1.25695,1.2585600000000001,1.2552400000000001,1.25849,11906,MT5,H4
2023-05-04 12:00:00,1.25851,1.25984,1.25479,1.25773,28956,MT5,H4
2023-05-04 16:00:00,1.2577099999999999,1.25982,1.25729,1.2573400000000001,6861,MT5,H4
2023-05-04 20:00:00,1.25733,1.25842,1.2563900000000001,1.25827,1519,MT5,H4
2023-05-05 00:00:00,1.2582900000000001,1.2614,1.25766,1.26101,5307,MT5,H4
2023-05-05 04:00:00,1.2610000000000001,1.2634,1.25971,1.26101,7722,MT5,H4
2023-05-05 08:00:00,1.2610299999999999,1.26174,1.25992,1.26043,7222,MT5,H4
2023-05-05 12:00:00,1.26044,1.26521,1.25586,1.26475,20083,MT5,H4
2023-05-05 16:00:00,1.26477,1.2652,1.26278,1.2635,5458,MT5,H4
2023-05-05 20:00:00,1.2635,1.26361,1.26305,1.26314,603,MT5,H4
2023-05-07 20:00:00,1.26294,1.26348,1.2624,1.26296,1110,MT5,H4
2023-05-08 00:00:00,1.26296,1.2646899999999999,1.26267,1.26458,4874,MT5,H4
2023-05-08 04:00:00,1.26459,1.26571,1.26315,1.26368,5188,MT5,H4
2023-05-08 08:00:00,1.26367,1.2668599999999999,1.2631700000000001,1.26497,6765,MT5,H4
2023-05-08 12:00:00,1.2649599999999999,1.26549,1.26266,1.26308,8522,MT5,H4
2023-05-08 16:00:00,1.26308,1.26441,1.26129,1.26153,4034,MT5,H4
2023-05-08 20:00:00,1.26151,1.26193,1.26106,1.26122,1031,MT5,H4
2023-05-09 00:00:00,1.26121,1.26179,1.2603900000000001,1.2617,4375,MT5,H4
2023-05-09 04:00:00,1.26172,1.26395,1.25969,1.26019,8266,MT5,H4
2023-05-09 08:00:00,1.26017,1.2624900000000001,1.25965,1.26006,9024,MT5,H4
2023-05-09 12:00:00,1.2600500000000001,1.26209,1.25779,1.26174,11258,MT5,H4
2023-05-09 16:00:00,1.26173,1.26289,1.2607,1.262,5457,MT5,H4
2023-05-09 20:00:00,1.26199,1.26276,1.26121,1.26241,1077,MT5,H4
2023-05-10 00:00:00,1.26241,1.2634400000000001,1.26233,1.26305,3849,MT5,H4
2023-05-10 04:00:00,1.26304,1.2644199999999999,1.26113,1.26223,5896,MT5,H4
2023-05-10 08:00:00,1.2622,1.26334,1.26023,1.26074,7396,MT5,H4
2023-05-10 12:00:00,1.26072,1.26796,1.26041,1.26117,18228,MT5,H4
2023-05-10 16:00:00,1.26118,1.26309,1.26065,1.26257,5593,MT5,H4
2023-05-10 20:00:00,1.26255,1.26294,1.26169,1.26255,965,MT5,H4
2023-05-11 00:00:00,1.26255,1.2640500000000001,1.26172,1.26176,4587,MT5,H4
2023-05-11 04:00:00,1.26176,1.26247,1.25644,1.25656,8508,MT5,H4
2023-05-11 08:00:00,1.25658,1.26149,1.25656,1.25858,13488,MT5,H4
2023-05-11 12:00:00,1.25857,1.2610000000000001,1.24965,1.24998,19189,MT5,H4
2023-05-11 16:00:00,1.24997,1.25175,1.24993,1.25119,4407,MT5,H4
2023-05-11 20:00:00,1.25121,1.25139,1.25045,1.25073,911,MT5,H4
2023-05-12 00:00:00,1.25074,1.25216,1.25073,1.25213,4113,MT5,H4
2023-05-12 04:00:00,1.25214,1.2540200000000001,1.25046,1.25176,7523,MT5,H4
2023-05-12 08:00:00,1.25175,1.2540499999999999,1.25141,1.25193,8167,MT5,H4
2023-05-12 12:00:00,1.25191,1.252,1.24582,1.24624,13344,MT5,H4
2023-05-12 16:00:00,1.24621,1.24624,1.2444600000000001,1.24506,3876,MT5,H4
2023-05-12 20:00:00,1.24506,1.2451699999999999,1.24452,1.24478,528,MT5,H4
2023-05-14 20:00:00,1.24501,1.24521,1.24416,1.24509,723,MT5,H4
2023-05-15 00:00:00,1.2451,1.24662,1.2445,1.2457799999999999,4685,MT5,H4
2023-05-15 04:00:00,1.24576,1.24912,1.24535,1.24815,5706,MT5,H4
2023-05-15 08:00:00,1.24813,1.25143,1.24766,1.25105,6848,MT5,H4
2023-05-15 12:00:00,1.25104,1.2525,1.25034,1.2523900000000001,10181,MT5,H4
2023-05-15 16:00:00,1.25241,1.25343,1.25192,1.25315,3361,MT5,H4
2023-05-15 20:00:00,1.25317,1.25317,1.25172,1.25245,836,MT5,H4
2023-05-16 00:00:00,1.25247,1.2532,1.25146,1.25274,3928,MT5,H4
2023-05-16 04:00:00,1.25271,1.25295,1.24652,1.25141,8560,MT5,H4
2023-05-16 08:00:00,1.25142,1.2545600000000001,1.2514,1.25179,7549,MT5,H4
2023-05-16 12:00:00,1.2518099999999999,1.25358,1.24769,1.24922,14635,MT5,H4
2023-05-16 16:00:00,1.24921,1.2497,1.24766,1.24801,5167,MT5,H4
2023-05-16 20:00:00,1.24801,1.24851,1.24753,1.24841,1072,MT5,H4
2023-05-17 00:00:00,1.24839,1.2493400000000001,1.24769,1.24819,5098,MT5,H4
2023-05-17 04:00:00,1.2482,1.24833,1.24215,1.24215,7887,MT5,H4
2023-05-17 08:00:00,1.24217,1.24704,1.24215,1.24604,8322,MT5,H4
2023-05-17 12:00:00,1.24606,1.24863,1.24441,1.24746,12864,MT5,H4
2023-05-17 16:00:00,1.24746,1.251,1.24744,1.2492,5724,MT5,H4
2023-05-17 20:00:00,1.2492,1.2493,1.24802,1.24819,1081,MT5,H4
2023-05-18 00:00:00,1.24821,1.24927,1.24781,1.24801,4911,MT5,H4
2023-05-18 04:00:00,1.24802,1.24804,1.24462,1.24503,6656,MT5,H4
2023-05-18 08:00:00,1.245,1.24594,1.24262,1.24427,8391,MT5,H4
2023-05-18 12:00:00,1.24428,1.24472,1.23971,1.24214,12908,MT5,H4
2023-05-18 16:00:00,1.24212,1.24243,1.23913,1.24091,4922,MT5,H4
2023-05-18 20:00:00,1.2409,1.24135,1.24005,1.24113,1310,MT5,H4
2023-05-19 00:00:00,1.24114,1.24162,1.23919,1.24024,5979,MT5,H4
2023-05-19 04:00:00,1.24023,1.24271,1.23941,1.24066,7414,MT5,H4
2023-05-19 08:00:00,1.24065,1.24432,1.23963,1.24432,9291,MT5,H4
2023-05-19 12:00:00,1.24432,1.24837,1.24217,1.24616,17813,MT5,H4
2023-05-19 16:00:00,1.24614,1.24742,1.24357,1.24488,6077,MT5,H4
2023-05-19 20:00:00,1.24488,1.24513,1.24423,1.24455,708,MT5,H4
2023-05-21 20:00:00,1.24404,1.24608,1.24404,1.24606,889,MT5,H4
2023-05-22 00:00:00,1.24606,1.2472,1.24553,1.24579,6586,MT5,H4
2023-05-22 04:00:00,1.24581,1.24631,1.24137,1.24335,7778,MT5,H4
2023-05-22 08:00:00,1.24333,1.24647,1.24227,1.24628,8764,MT5,H4
2023-05-22 12:00:00,1.24627,1.24706,1.2414,1.24219,14037,MT5,H4
2023-05-22 16:00:00,1.2422,1.24433,1.24195,1.24317,5803,MT5,H4
2023-05-22 20:00:00,1.24314,1.24382,1.2428,1.24337,1450,MT5,H4
2023-05-23 00:00:00,1.24338,1.24463,1.24255,1.24359,5829,MT5,H4
2023-05-23 04:00:00,1.24357,1.2437,1.24006,1.24087,9237,MT5,H4
2023-05-23 08:00:00,1.24088,1.24132,1.23728,1.23832,11486,MT5,H4
2023-05-23 12:00:00,1.23833,1.24339,1.23761,1.24206,15364,MT5,H4
2023-05-23 16:00:00,1.2420499999999999,1.2423899999999999,1.24068,1.24094,6210,MT5,H4
2023-05-23 20:00:00,1.24096,1.2420499999999999,1.24086,1.2416,1019,MT5,H4
2023-05-24 00:00:00,1.24161,1.2429000000000001,1.24146,1.24264,4642,MT5,H4
2023-05-24 04:00:00,1.24265,1.24688,1.24017,1.24099,11774,MT5,H4
2023-05-24 08:00:00,1.24099,1.24305,1.23638,1.23982,13949,MT5,H4
2023-05-24 12:00:00,1.23982,1.24146,1.23576,1.2364600000000001,16449,MT5,H4
2023-05-24 16:00:00,1.23648,1.23774,1.23579,1.23603,8890,MT5,H4
2023-05-24 20:00:00,1.23603,1.23708,1.23561,1.23696,1595,MT5,H4
2023-05-25 00:00:00,1.23697,1.23697,1.2332,1.23398,5769,MT5,H4
2023-05-25 04:00:00,1.23399,1.23662,1.23332,1.23538,7854,MT5,H4
2023-05-25 08:00:00,1.23538,1.23866,1.23528,1.23629,9016,MT5,H4
2023-05-25 12:00:00,1.2363,1.23763,1.23184,1.23231,18322,MT5,H4
2023-05-25 16:00:00,1.23228,1.23326,1.23079,1.23184,5184,MT5,H4
2023-05-25 20:00:00,1.23184,1.2325,1.23138,1.23165,1389,MT5,H4
2023-05-26 00:00:00,1.23163,1.23366,1.23109,1.23309,5113,MT5,H4
2023-05-26 04:00:00,1.23308,1.23607,1.23305,1.23501,7780,MT5,H4
2023-05-26 08:00:00,1.23499,1.2395100000000001,1.2346,1.23869,9496,MT5,H4
2023-05-26 12:00:00,1.2387,1.23913,1.23211,1.23394,19092,MT5,H4
2023-05-26 16:00:00,1.23392,1.23565,1.23371,1.23513,4440,MT5,H4
2023-05-26 20:00:00,1.23514,1.23537,1.23472,1.23479,759,MT5,H4
2023-05-28 20:00:00,1.23368,1.2351,1.23358,1.23451,943,MT5,H4
2023-05-29 00:00:00,1.23452,1.23575,1.23411,1.23467,3722,MT5,H4
2023-05-29 04:00:00,1.23469,1.23716,1.2335,1.23403,5070,MT5,H4
2023-05-29 08:00:00,1.23403,1.2352400000000001,1.23354,1.23398,4091,MT5,H4
2023-05-29 12:00:00,1.23399,1.23622,1.23363,1.23614,2755,MT5,H4
2023-05-29 16:00:00,1.23615,1.23617,1.23559,1.23561,821,MT5,H4
2023-05-29 20:00:00,1.23563,1.23574,1.23453,1.23475,1191,MT5,H4
2023-05-30 00:00:00,1.23475,1.23788,1.23431,1.23488,6342,MT5,H4
2023-05-30 04:00:00,1.23488,1.23571,1.2327,1.23553,9460,MT5,H4
2023-05-30 08:00:00,1.23555,1.24363,1.23542,1.24342,12092,MT5,H4
2023-05-30 12:00:00,1.24343,1.24462,1.23964,1.24011,12696,MT5,H4
2023-05-30 16:00:00,1.2401200000000001,1.24085,1.23833,1.24085,5501,MT5,H4
2023-05-30 20:00:00,1.24084,1.24126,1.24014,1.24121,1326,MT5,H4
2023-05-31 00:00:00,1.24121,1.24259,1.23817,1.23881,6156,MT5,H4
2023-05-31 04:00:00,1.23878,1.23993,1.23603,1.23611,9527,MT5,H4
2023-05-31 08:00:00,1.23612,1.23746,1.23478,1.23613,9232,MT5,H4
2023-05-31 12:00:00,1.23612,1.24138,1.23567,1.23937,18253,MT5,H4
2023-05-31 16:00:00,1.23936,1.24393,1.23759,1.24362,9302,MT5,H4
2023-05-31 20:00:00,1.24364,1.24492,1.24289,1.24451,1882,MT5,H4
2023-06-01 00:00:00,1.24452,1.2448,1.24276,1.24323,6750,MT5,H4
2023-06-01 04:00:00,1.2432400000000001,1.24416,1.24037,1.24077,8046,MT5,H4
2023-06-01 08:00:00,1.24075,1.24826,1.24007,1.24749,9743,MT5,H4
2023-06-01 12:00:00,1.24747,1.2537099999999999,1.2448,1.2533,18250,MT5,H4
2023-06-01 16:00:00,1.25328,1.25393,1.2521499999999999,1.25301,5343,MT5,H4
2023-06-01 20:00:00,1.25299,1.25311,1.25183,1.2526,1192,MT5,H4
2023-06-02 00:00:00,1.25262,1.25444,1.25227,1.2538,4757,MT5,H4
2023-06-02 04:00:00,1.25377,1.25431,1.25224,1.2526,7502,MT5,H4
2023-06-02 08:00:00,1.25257,1.25413,1.25189,1.25218,7127,MT5,H4
2023-06-02 12:00:00,1.2521900000000001,1.2535,1.24571,1.24659,19115,MT5,H4
2023-06-02 16:00:00,1.24659,1.24668,1.24413,1.24499,5612,MT5,H4
2023-06-02 20:00:00,1.24498,1.24535,1.24467,1.24499,529,MT5,H4
2023-06-04 20:00:00,1.24464,1.24487,1.24269,1.24299,1086,MT5,H4
2023-06-05 00:00:00,1.2429999999999999,1.24394,1.24261,1.24393,5227,MT5,H4
2023-06-05 04:00:00,1.24391,1.24392,1.23876,1.23983,8349,MT5,H4
2023-06-05 08:00:00,1.2398500000000001,1.24126,1.2377,1.2383,7832,MT5,H4
2023-06-05 12:00:00,1.23832,1.24382,1.23684,1.24378,14429,MT5,H4
2023-06-05 16:00:00,1.24379,1.24434,1.24268,1.24312,5305,MT5,H4
2023-06-05 20:00:00,1.24312,1.24355,1.2421,1.24319,1121,MT5,H4
2023-06-06 00:00:00,1.2432,1.24509,1.24309,1.2441,4081,MT5,H4
2023-06-06 04:00:00,1.2441200000000001,1.24583,1.24253,1.24333,10379,MT5,H4
2023-06-06 08:00:00,1.24335,1.24388,1.23999,1.24004,8962,MT5,H4
2023-06-06 12:00:00,1.24002,1.24235,1.23915,1.24162,11013,MT5,H4
2023-06-06 16:00:00,1.24161,1.24307,1.24133,1.24253,4262,MT5,H4
2023-06-06 20:00:00,1.24253,1.24296,1.2415,1.24289,938,MT5,H4
2023-06-07 00:00:00,1.24292,1.24379,1.24171,1.24247,4438,MT5,H4
2023-06-07 04:00:00,1.24245,1.24297,1.23948,1.24105,6524,MT5,H4
2023-06-07 08:00:00,1.24108,1.24718,1.24069,1.2471,8923,MT5,H4
2023-06-07 12:00:00,1.2471,1.24999,1.2445,1.24481,15302,MT5,H4
2023-06-07 16:00:00,1.2448,1.2455,1.24272,1.2429999999999999,6202,MT5,H4
2023-06-07 20:00:00,1.2429999999999999,1.24448,1.24284,1.2444,1187,MT5,H4
2023-06-08 00:00:00,1.24442,1.24523,1.2442199999999999,1.24488,4043,MT5,H4
2023-06-08 04:00:00,1.24489,1.24615,1.2441200000000001,1.24565,7338,MT5,H4
2023-06-08 08:00:00,1.24564,1.24808,1.2453,1.2466,7599,MT5,H4
2023-06-08 12:00:00,1.24663,1.25574,1.24651,1.25443,16013,MT5,H4
2023-06-08 16:00:00,1.25445,1.25582,1.25401,1.25567,5597,MT5,H4
2023-06-08 20:00:00,1.25565,1.25633,1.25502,1.2557800000000001,894,MT5,H4
2023-06-09 00:00:00,1.25579,1.25617,1.25469,1.25475,3853,MT5,H4
2023-06-09 04:00:00,1.25476,1.25674,1.25418,1.25501,6573,MT5,H4
2023-06-09 08:00:00,1.25498,1.25696,1.25338,1.2565,8473,MT5,H4
2023-06-09 12:00:00,1.2564899999999999,1.25899,1.25602,1.25781,13654,MT5,H4
2023-06-09 16:00:00,1.25779,1.2584,1.25719,1.2577,3626,MT5,H4
2023-06-09 20:00:00,1.25769,1.25808,1.25763,1.258,526,MT5,H4
2023-06-11 20:00:00,1.25677,1.25808,1.2564600000000001,1.25793,1438,MT5,H4
2023-06-12 00:00:00,1.25794,1.25797,1.2564899999999999,1.2570999999999999,4388,MT5,H4
2023-06-12 04:00:00,1.2570999999999999,1.25926,1.25664,1.2589000000000001,7479,MT5,H4
2023-06-12 08:00:00,1.25889,1.25991,1.25598,1.25629,10737,MT5,H4
2023-06-12 12:00:00,1.25629,1.25705,1.24869,1.2488299999999999,13827,MT5,H4
2023-06-12 16:00:00,1.24885,1.2512400000000001,1.2488,1.25111,7296,MT5,H4
2023-06-12 20:00:00,1.25113,1.25168,1.25034,1.25144,1659,MT5,H4
2023-06-13 00:00:00,1.25145,1.25353,1.25132,1.25332,5364,MT5,H4
2023-06-13 04:00:00,1.25333,1.2576800000000001,1.2528000000000001,1.25652,11695,MT5,H4
2023-06-13 08:00:00,1.25652,1.25756,1.25539,1.25717,10628,MT5,H4
2023-06-13 12:00:00,1.25719,1.26207,1.25629,1.26098,23231,MT5,H4
2023-06-13 16:00:00,1.26098,1.26244,1.2593,1.26082,8434,MT5,H4
2023-06-13 20:00:00,1.26082,1.26116,1.26036,1.26064,1875,MT5,H4
2023-06-14 00:00:00,1.26065,1.26172,1.2601200000000001,1.26128,5184,MT5,H4
2023-06-14 04:00:00,1.26128,1.26215,1.26007,1.26189,8375,MT5,H4
2023-06-14 08:00:00,1.26189,1.26493,1.26144,1.2647599999999999,8161,MT5,H4
2023-06-14 12:00:00,1.2647599999999999,1.2698800000000001,1.26465,1.26941,11946,MT5,H4
2023-06-14 16:00:00,1.26942,1.26983,1.26265,1.26579,25231,MT5,H4
2023-06-14 20:00:00,1.2658,1.26705,1.2653699999999999,1.26704,2057,MT5,H4
2023-06-15 00:00:00,1.26706,1.26738,1.26295,1.2643900000000001,6316,MT5,H4
2023-06-15 04:00:00,1.2644,1.26577,1.2631700000000001,1.26546,9506,MT5,H4
2023-06-15 08:00:00,1.26546,1.26721,1.2643,1.2643,9465,MT5,H4
2023-06-15 12:00:00,1.26427,1.27651,1.264,1.27596,19807,MT5,H4
2023-06-15 16:00:00,1.27596,1.27853,1.27588,1.27837,7474,MT5,H4
2023-06-15 20:00:00,1.27837,1.2790599999999999,1.2776100000000001,1.27847,1863,MT5,H4
2023-06-16 00:00:00,1.27847,1.27928,1.27681,1.27756,5794,MT5,H4
2023-06-16 04:00:00,1.2775400000000001,1.28177,1.27732,1.27872,9709,MT5,H4
2023-06-16 08:00:00,1.27869,1.28255,1.27813,1.2824499999999999,10395,MT5,H4
2023-06-16 12:00:00,1.2824499999999999,1.2848,1.28036,1.28141,19141,MT5,H4
2023-06-16 16:00:00,1.28142,1.28352,1.28131,1.28207,8406,MT5,H4
2023-06-16 20:00:00,1.28205,1.28253,1.28197,1.2823,785,MT5,H4
2023-06-18 20:00:00,1.2816100000000001,1.28322,1.28155,1.2830599999999999,1588,MT5,H4
2023-06-19 00:00:00,1.28309,1.28369,1.28117,1.28165,6316,MT5,H4
2023-06-19 04:00:00,1.28166,1.28302,1.28092,1.28132,8642,MT5,H4
2023-06-19 08:00:00,1.2812999999999999,1.28229,1.28018,1.28107,9404,MT5,H4
2023-06-19 12:00:00,1.28107,1.28134,1.27846,1.27932,8210,MT5,H4
2023-06-19 16:00:00,1.27931,1.2797,1.2770299999999999,1.27801,3286,MT5,H4
2023-06-19 20:00:00,1.27801,1.28055,1.2776100000000001,1.27928,2430,MT5,H4
2023-06-20 00:00:00,1.2793,1.28045,1.27814,1.2791000000000001,7871,MT5,H4
2023-06-20 04:00:00,1.2791000000000001,1.2805900000000001,1.27616,1.28022,11493,MT5,H4
2023-06-20 08:00:00,1.28022,1.28039,1.27491,1.2753,11582,MT5,H4
2023-06-20 12:00:00,1.27528,1.27603,1.27134,1.27291,17603,MT5,H4
2023-06-20 16:00:00,1.27292,1.27668,1.27214,1.27634,7885,MT5,H4
2023-06-20 20:00:00,1.27636,1.27686,1.27531,1.27651,2196,MT5,H4
2023-06-21 00:00:00,1.27653,1.27673,1.2753999999999999,1.27599,8543,MT5,H4
2023-06-21 04:00:00,1.27599,1.2801,1.27302,1.2736,15906,MT5,H4
2023-06-21 08:00:00,1.27363,1.27455,1.2691,1.27281,15996,MT5,H4
2023-06-21 12:00:00,1.27279,1.27549,1.27019,1.27351,21957,MT5,H4
2023-06-21 16:00:00,1.27349,1.2785,1.27321,1.27755,9944,MT5,H4
2023-06-21 20:00:00,1.27756,1.2777,1.27607,1.27702,2218,MT5,H4
2023-06-22 00:00:00,1.2770299999999999,1.27737,1.27619,1.27679,6190,MT5,H4
2023-06-22 04:00:00,1.2768,1.27718,1.27385,1.2765,11138,MT5,H4
2023-06-22 08:00:00,1.27651,1.28415,1.27373,1.27737,20053,MT5,H4
2023-06-22 12:00:00,1.27731,1.27834,1.27273,1.27474,21865,MT5,H4
2023-06-22 16:00:00,1.27472,1.27492,1.27255,1.27455,7855,MT5,H4
2023-06-22 20:00:00,1.27455,1.27485,1.2738,1.27464,2334,MT5,H4
2023-06-23 00:00:00,1.27465,1.27488,1.27093,1.27118,8501,MT5,H4
2023-06-23 04:00:00,1.27118,1.27301,1.26941,1.27095,14988,MT5,H4
2023-06-23 08:00:00,1.27096,1.27363,1.26852,1.27209,15920,MT5,H4
2023-06-23 12:00:00,1.2720799999999999,1.27362,1.26972,1.26981,18595,MT5,H4
2023-06-23 16:00:00,1.2698,1.27198,1.26885,1.27186,8293,MT5,H4
2023-06-23 20:00:00,1.27185,1.27217,1.27132,1.27148,1021,MT5,H4
2023-06-25 20:00:00,1.27068,1.27309,1.27055,1.27288,1989,MT5,H4
2023-06-26 00:00:00,1.27289,1.27386,1.27248,1.27313,8636,MT5,H4
2023-06-26 04:00:00,1.27313,1.27484,1.27104,1.27426,10988,MT5,H4
2023-06-26 08:00:00,1.27424,1.27463,1.26879,1.27145,13570,MT5,H4
2023-06-26 12:00:00,1.27146,1.27274,1.26945,1.27216,13372,MT5,H4
2023-06-26 16:00:00,1.27216,1.27256,1.27097,1.271,6788,MT5,H4
2023-06-26 20:00:00,1.271,1.27145,1.27003,1.27105,10239,MT5,H4
2023-06-27 00:00:00,1.27108,1.27365,1.27034,1.27276,30818,MT5,H4
2023-06-27 04:00:00,1.27279,1.27583,1.27265,1.27345,34548,MT5,H4
2023-06-27 08:00:00,1.27349,1.27393,1.27118,1.27279,36862,MT5,H4
2023-06-27 12:00:00,1.2728,1.27594,1.27163,1.27493,49235,MT5,H4
2023-06-27 16:00:00,1.27496,1.2757399999999999,1.27433,1.27536,29724,MT5,H4
2023-06-27 20:00:00,1.2753700000000001,1.2753700000000001,1.27411,1.27453,14363,MT5,H4
2023-06-28 00:00:00,1.27458,1.27519,1.27247,1.27309,31176,MT5,H4
2023-06-28 04:00:00,1.27312,1.27373,1.27164,1.27305,31450,MT5,H4
2023-06-28 08:00:00,1.27308,1.27359,1.26614,1.26642,39823,MT5,H4
2023-06-28 12:00:00,1.26645,1.26653,1.26062,1.26356,51027,MT5,H4
2023-06-28 16:00:00,1.26357,1.2653699999999999,1.2633,1.2640799999999999,29256,MT5,H4
2023-06-28 20:00:00,1.26413,1.26456,1.26231,1.26414,12419,MT5,H4
2023-06-29 00:00:00,1.26418,1.26468,1.26205,1.26253,28447,MT5,H4
2023-06-29 04:00:00,1.26257,1.26493,1.26147,1.26456,33668,MT5,H4
2023-06-29 08:00:00,1.26459,1.26644,1.26353,1.26554,32724,MT5,H4
2023-06-29 12:00:00,1.26555,1.26667,1.25909,1.26151,53729,MT5,H4
2023-06-29 16:00:00,1.26152,1.26274,1.26091,1.26136,28786,MT5,H4
2023-06-29 20:00:00,1.26138,1.26148,1.26022,1.26129,13657,MT5,H4
2023-06-30 00:00:00,1.26133,1.26235,1.26104,1.26185,28543,MT5,H4
2023-06-30 04:00:00,1.26189,1.26512,1.25992,1.26399,33662,MT5,H4
2023-06-30 08:00:00,1.26402,1.26543,1.26109,1.26475,37157,MT5,H4
2023-06-30 12:00:00,1.26481,1.27276,1.2646899999999999,1.27084,53839,MT5,H4
2023-06-30 16:00:00,1.27089,1.27222,1.2692,1.2698800000000001,29032,MT5,H4
2023-06-30 20:00:00,1.2699099999999999,1.27008,1.26932,1.26969,5367,MT5,H4
2023-07-02 20:00:00,1.26948,1.27042,1.26924,1.2693400000000001,1327,MT5,H4
2023-07-03 00:00:00,1.26935,1.27053,1.2687599999999999,1.2699799999999999,6699,MT5,H4
2023-07-03 04:00:00,1.2699799999999999,1.27068,1.26583,1.2664900000000001,10304,MT5,H4
2023-07-03 08:00:00,1.26651,1.2681499999999999,1.2659500000000001,1.26748,11227,MT5,H4
2023-07-03 12:00:00,1.2674699999999999,1.27229,1.26685,1.26931,15635,MT5,H4
2023-07-03 16:00:00,1.2692999999999999,1.27044,1.26807,1.2689,4294,MT5,H4
2023-07-03 20:00:00,1.2689,1.26931,1.2683900000000001,1.26918,1286,MT5,H4
2023-07-04 00:00:00,1.26919,1.27014,1.26847,1.26874,5170,MT5,H4
2023-07-04 04:00:00,1.2687599999999999,1.27106,1.26833,1.26963,8495,MT5,H4
2023-07-04 08:00:00,1.26963,1.27246,1.26902,1.27162,8339,MT5,H4
2023-07-04 12:00:00,1.27162,1.2739,1.2711299999999999,1.27305,7473,MT5,H4
2023-07-04 16:00:00,1.27305,1.27307,1.27136,1.27146,2378,MT5,H4
2023-07-04 20:00:00,1.27146,1.27173,1.27075,1.27169,1608,MT5,H4
2023-07-05 00:00:00,1.2717100000000001,1.27211,1.26999,1.2705899999999999,5226,MT5,H4
2023-07-05 04:00:00,1.2705899999999999,1.27222,1.26966,1.27102,8311,MT5,H4
2023-07-05 08:00:00,1.271,1.27175,1.2688,1.26983,10877,MT5,H4
2023-07-05 12:00:00,1.26984,1.2735,1.26917,1.27074,13897,MT5,H4
2023-07-05 16:00:00,1.27074,1.27173,1.26914,1.27006,7441,MT5,H4
2023-07-05 20:00:00,1.27006,1.2707,1.26946,1.27039,1796,MT5,H4
2023-07-06 00:00:00,1.27041,1.27118,1.26908,1.26944,6617,MT5,H4
2023-07-06 04:00:00,1.26944,1.27302,1.26894,1.2723499999999999,11336,MT5,H4
2023-07-06 08:00:00,1.27237,1.27795,1.26984,1.27734,13530,MT5,H4
2023-07-06 12:00:00,1.27734,1.27806,1.26734,1.27184,24845,MT5,H4
2023-07-06 16:00:00,1.27186,1.27438,1.2717800000000001,1.27417,8030,MT5,H4
2023-07-06 20:00:00,1.27417,1.27448,1.27278,1.27416,1627,MT5,H4
2023-07-07 00:00:00,1.27417,1.27442,1.27268,1.2736,5750,MT5,H4
2023-07-07 04:00:00,1.27359,1.27494,1.2729599999999999,1.27316,9297,MT5,H4
2023-07-07 08:00:00,1.27315,1.27716,1.27257,1.27613,11745,MT5,H4
2023-07-07 12:00:00,1.27613,1.28384,1.27515,1.28376,23942,MT5,H4
2023-07-07 16:00:00,1.28379,1.28491,1.28298,1.283,7592,MT5,H4
2023-07-07 20:00:00,1.28297,1.28396,1.28297,1.28388,743,MT5,H4
2023-07-09 20:00:00,1.2827899999999999,1.28406,1.28275,1.2837399999999999,1368,MT5,H4
2023-07-10 00:00:00,1.28375,1.28392,1.28091,1.28116,7142,MT5,H4
2023-07-10 04:00:00,1.28116,1.28251,1.2798,1.28133,8791,MT5,H4
2023-07-10 08:00:00,1.28132,1.28241,1.27736,1.27778,10140,MT5,H4
2023-07-10 12:00:00,1.27778,1.28382,1.275,1.28351,15113,MT5,H4
2023-07-10 16:00:00,1.28352,1.28681,1.28308,1.28617,6006,MT5,H4
2023-07-10 20:00:00,1.28619,1.2866,1.28524,1.28637,1578,MT5,H4
2023-07-11 00:00:00,1.28637,1.28791,1.28579,1.28779,6170,MT5,H4
2023-07-11 04:00:00,1.28779,1.29131,1.2867199999999999,1.2873700000000001,12235,MT5,H4
2023-07-11 08:00:00,1.2873700000000001,1.29339,1.28705,1.29141,11901,MT5,H4
2023-07-11 12:00:00,1.29143,1.29162,1.2886,1.28991,12641,MT5,H4
2023-07-11 16:00:00,1.28993,1.2931599999999999,1.28971,1.2931,5957,MT5,H4
2023-07-11 20:00:00,1.29311,1.29391,1.29266,1.29335,1829,MT5,H4
2023-07-12 00:00:00,1.29336,1.29691,1.29317,1.2959100000000001,7871,MT5,H4
2023-07-12 04:00:00,1.2959100000000001,1.29668,1.29351,1.29402,8865,MT5,H4
2023-07-12 08:00:00,1.29401,1.29453,1.29061,1.29108,9466,MT5,H4
2023-07-12 12:00:00,1.29107,1.30002,1.29038,1.2990300000000001,22621,MT5,H4
2023-07-12 16:00:00,1.29902,1.29989,1.29763,1.29927,8035,MT5,H4
2023-07-12 20:00:00,1.29924,1.2995999999999999,1.29797,1.29955,1867,MT5,H4
2023-07-13 00:00:00,1.29956,1.3018399999999999,1.29887,1.30118,6767,MT5,H4
2023-07-13 04:00:00,1.30118,1.30295,1.2984,1.30261,11917,MT5,H4
2023-07-13 08:00:00,1.30264,1.30789,1.30257,1.30624,11984,MT5,H4
2023-07-13 12:00:00,1.30624,1.31137,1.30449,1.30951,17332,MT5,H4
2023-07-13 16:00:00,1.30953,1.3140399999999999,1.30934,1.31327,7392,MT5,H4
2023-07-13 20:00:00,1.31326,1.3136700000000001,1.31167,1.3128,2551,MT5,H4
2023-07-14 00:00:00,1.3128,1.31419,1.31168,1.31382,7609,MT5,H4
2023-07-14 04:00:00,1.3138,1.3138,1.30933,1.31154,10232,MT5,H4
2023-07-14 08:00:00,1.3115299999999999,1.3142,1.31017,1.3113000000000001,11192,MT5,H4
2023-07-14 12:00:00,1.31129,1.31301,1.30941,1.31107,19168,MT5,H4
2023-07-14 16:00:00,1.31108,1.31169,1.30922,1.30931,6952,MT5,H4
2023-07-14 20:00:00,1.30931,1.30932,1.30894,1.30928,959,MT5,H4
2023-07-16 20:00:00,1.3088199999999999,1.30971,1.30851,1.30891,1551,MT5,H4
2023-07-17 00:00:00,1.30892,1.30964,1.3081800000000001,1.30873,6133,MT5,H4
2023-07-17 04:00:00,1.30873,1.3107199999999999,1.3065,1.31026,8887,MT5,H4
2023-07-17 08:00:00,1.31025,1.31086,1.30711,1.30843,10399,MT5,H4
2023-07-17 12:00:00,1.30842,1.30921,1.3050899999999999,1.30753,14317,MT5,H4
2023-07-17 16:00:00,1.30754,1.30867,1.3072599999999999,1.30783,4793,MT5,H4
2023-07-17 20:00:00,1.3078400000000001,1.3078400000000001,1.30683,1.30716,1972,MT5,H4
2023-07-18 00:00:00,1.30717,1.30953,1.30675,1.3094299999999999,7250,MT5,H4
2023-07-18 04:00:00,1.30942,1.3106499999999999,1.30717,1.3089,10303,MT5,H4
2023-07-18 08:00:00,1.30892,1.31254,1.30725,1.31058,12041,MT5,H4
2023-07-18 12:00:00,1.3106,1.3121399999999999,1.30499,1.3051,22430,MT5,H4
2023-07-18 16:00:00,1.30512,1.30521,1.3028,1.30406,6232,MT5,H4
2023-07-18 20:00:00,1.30405,1.30415,1.30302,1.30336,2576,MT5,H4
2023-07-19 00:00:00,1.30334,1.30386,1.30128,1.30223,7908,MT5,H4
2023-07-19 04:00:00,1.30223,1.3034,1.29302,1.2947899999999999,17387,MT5,H4
2023-07-19 08:00:00,1.29478,1.29612,1.28973,1.28976,13341,MT5,H4
2023-07-19 12:00:00,1.28977,1.2919800000000001,1.28675,1.28955,18203,MT5,H4
2023-07-19 16:00:00,1.2895699999999999,1.29368,1.2892299999999999,1.29365,7217,MT5,H4
2023-07-19 20:00:00,1.29364,1.29401,1.29271,1.2937,2023,MT5,H4
2023-07-20 00:00:00,1.29371,1.29643,1.29335,1.29521,8518,MT5,H4
2023-07-20 04:00:00,1.29521,1.2953000000000001,1.29052,1.29101,9697,MT5,H4
2023-07-20 08:00:00,1.29101,1.29326,1.28892,1.28914,10587,MT5,H4
2023-07-20 12:00:00,1.28914,1.28914,1.2839800000000001,1.28473,17650,MT5,H4
2023-07-20 16:00:00,1.28473,1.2867899999999999,1.28399,1.28648,6224,MT5,H4
2023-07-20 20:00:00,1.28648,1.2873999999999999,1.28586,1.28722,1727,MT5,H4
2023-07-21 00:00:00,1.28725,1.2885900000000001,1.28663,1.2876,7204,MT5,H4
2023-07-21 04:00:00,1.2876,1.2904,1.2865,1.28696,11529,MT5,H4
2023-07-21 08:00:00,1.28695,1.28745,1.28239,1.2824200000000001,12390,MT5,H4
2023-07-21 12:00:00,1.28244,1.2861099999999999,1.2815699999999999,1.28515,14760,MT5,H4
2023-07-21 16:00:00,1.28516,1.28659,1.28456,1.28559,5263,MT5,H4
2023-07-21 20:00:00,1.2856,1.2861,1.28515,1.28529,803,MT5,H4
2023-07-23 20:00:00,1.2845900000000001,1.28569,1.28457,1.2852000000000001,1421,MT5,H4
2023-07-24 00:00:00,1.28521,1.28699,1.28492,1.28619,6703,MT5,H4
2023-07-24 04:00:00,1.28617,1.2883499999999999,1.28423,1.28488,11085,MT5,H4
2023-07-24 08:00:00,1.2848899999999999,1.2858800000000001,1.2807,1.2852000000000001,14169,MT5,H4
2023-07-24 12:00:00,1.2852000000000001,1.28536,1.27977,1.2826,16486,MT5,H4
2023-07-24 16:00:00,1.28258,1.28404,1.28149,1.28173,6257,MT5,H4
2023-07-24 20:00:00,1.28173,1.2825199999999999,1.28109,1.28117,2366,MT5,H4
2023-07-25 00:00:00,1.28118,1.28427,1.2809300000000001,1.28392,7022,MT5,H4
2023-07-25 04:00:00,1.28392,1.28643,1.2829,1.28571,9953,MT5,H4
2023-07-25 08:00:00,1.28571,1.28603,1.28199,1.28299,10375,MT5,H4
2023-07-25 12:00:00,1.28298,1.28793,1.28121,1.2873299999999999,12206,MT5,H4
2023-07-25 16:00:00,1.28732,1.29027,1.2869,1.2899,5946,MT5,H4
2023-07-25 20:00:00,1.2899,1.29046,1.28884,1.28931,2446,MT5,H4
2023-07-26 00:00:00,1.28932,1.28964,1.28752,1.28897,6300,MT5,H4
2023-07-26 04:00:00,1.28897,1.29105,1.28811,1.29043,9254,MT5,H4
2023-07-26 08:00:00,1.2904200000000001,1.2924,1.2894999999999999,1.291,10336,MT5,H4
2023-07-26 12:00:00,1.29102,1.29362,1.29031,1.29292,12322,MT5,H4
2023-07-26 16:00:00,1.29291,1.2960099999999999,1.28985,1.29475,19621,MT5,H4
2023-07-26 20:00:00,1.29477,1.29477,1.2924,1.29267,2222,MT5,H4
2023-07-27 00:00:00,1.29268,1.29768,1.29264,1.29616,7063,MT5,H4
2023-07-27 04:00:00,1.29616,1.2985,1.29392,1.29831,10610,MT5,H4
2023-07-27 08:00:00,1.29832,1.29955,1.29488,1.29643,10400,MT5,H4
2023-07-27 12:00:00,1.29643,1.29644,1.28257,1.28671,29324,MT5,H4
2023-07-27 16:00:00,1.28671,1.28723,1.27819,1.27836,13269,MT5,H4
2023-07-27 20:00:00,1.27834,1.27993,1.27827,1.2793,2791,MT5,H4
2023-07-28 00:00:00,1.27931,1.28079,1.27862,1.27912,12906,MT5,H4
2023-07-28 04:00:00,1.27912,1.28088,1.27629,1.27765,20552,MT5,H4
2023-07-28 08:00:00,1.2776399999999999,1.2878,1.27735,1.287,11935,MT5,H4
2023-07-28 12:00:00,1.28698,1.28873,1.28377,1.28661,19519,MT5,H4
2023-07-28 16:00:00,1.28662,1.28812,1.28509,1.28565,7261,MT5,H4
2023-07-28 20:00:00,1.28563,1.28569,1.2845900000000001,1.28502,1190,MT5,H4
2023-07-30 20:00:00,1.28447,1.2858100000000001,1.28437,1.28532,1694,MT5,H4
2023-07-31 00:00:00,1.28534,1.28597,1.28441,1.28499,7288,MT5,H4
2023-07-31 04:00:00,1.28499,1.28671,1.2844,1.28561,8888,MT5,H4
2023-07-31 08:00:00,1.28561,1.28723,1.28352,1.28612,8367,MT5,H4
2023-07-31 12:00:00,1.28612,1.28698,1.28281,1.2854700000000001,14024,MT5,H4
2023-07-31 16:00:00,1.28548,1.28666,1.28317,1.28341,5198,MT5,H4
2023-07-31 20:00:00,1.28341,1.28402,1.28296,1.28314,1674,MT5,H4
2023-08-01 00:00:00,1.28315,1.2836,1.28153,1.28221,6194,MT5,H4
2023-08-01 04:00:00,1.28219,1.28383,1.28139,1.2818100000000001,9839,MT5,H4
2023-08-01 08:00:00,1.28179,1.28325,1.27793,1.27843,10380,MT5,H4
2023-08-01 12:00:00,1.27844,1.2795,1.27409,1.27473,17181,MT5,H4
2023-08-01 16:00:00,1.27473,1.27804,1.27444,1.27745,4793,MT5,H4
2023-08-01 20:00:00,1.27744,1.28046,1.27653,1.27943,3151,MT5,H4
2023-08-02 00:00:00,1.27945,1.27949,1.2763200000000001,1.27743,8038,MT5,H4
2023-08-02 04:00:00,1.27744,1.2794699999999999,1.27604,1.27917,10680,MT5,H4
2023-08-02 08:00:00,1.27919,1.27988,1.2763200000000001,1.27634,11108,MT5,H4
2023-08-02 12:00:00,1.27633,1.27721,1.26801,1.27109,19193,MT5,H4
2023-08-02 16:00:00,1.27109,1.27386,1.27091,1.27139,7052,MT5,H4
2023-08-02 20:00:00,1.27139,1.27218,1.2702499999999999,1.27186,1821,MT5,H4
2023-08-03 00:00:00,1.27186,1.27278,1.27096,1.27182,6554,MT5,H4
2023-08-03 04:00:00,1.27183,1.27183,1.26834,1.26881,11885,MT5,H4
2023-08-03 08:00:00,1.2688,1.2699799999999999,1.26202,1.2647,19203,MT5,H4
2023-08-03 12:00:00,1.2646899999999999,1.2723200000000001,1.26369,1.27071,24298,MT5,H4
2023-08-03 16:00:00,1.27072,1.2724,1.26967,1.27032,5914,MT5,H4
2023-08-03 20:00:00,1.2703,1.27163,1.27003,1.27154,2315,MT5,H4
2023-08-04 00:00:00,1.27155,1.27412,1.27103,1.27326,8319,MT5,H4
2023-08-04 04:00:00,1.2732700000000001,1.27358,1.27023,1.2705600000000001,8911,MT5,H4
2023-08-04 08:00:00,1.27054,1.27111,1.26943,1.26951,8554,MT5,H4
2023-08-04 12:00:00,1.26949,1.27833,1.26836,1.2772999999999999,24254,MT5,H4
2023-08-04 16:00:00,1.2772999999999999,1.27921,1.2741500000000001,1.27433,6544,MT5,H4
2023-08-04 20:00:00,1.27431,1.27516,1.27407,1.2748599999999999,1490,MT5,H4
2023-08-06 20:00:00,1.27451,1.27551,1.27413,1.2748300000000001,2027,MT5,H4
2023-08-07 00:00:00,1.27485,1.2761,1.27367,1.27371,6912,MT5,H4
2023-08-07 04:00:00,1.27371,1.27441,1.27129,1.27431,9189,MT5,H4
2023-08-07 08:00:00,1.27431,1.27443,1.27166,1.27436,9496,MT5,H4
2023-08-07 12:00:00,1.27434,1.27866,1.274,1.2766600000000001,11347,MT5,H4
2023-08-07 16:00:00,1.2766600000000001,1.27889,1.27637,1.2785199999999999,4997,MT5,H4
2023-08-07 20:00:00,1.2785,1.2785,1.27721,1.2781,1514,MT5,H4
2023-08-08 00:00:00,1.27811,1.27853,1.27509,1.2754699999999999,6618,MT5,H4
2023-08-08 04:00:00,1.2754699999999999,1.2772000000000001,1.2738,1.27549,9655,MT5,H4
2023-08-08 08:00:00,1.27549,1.27569,1.26958,1.26974,11399,MT5,H4
2023-08-08 12:00:00,1.26973,1.27291,1.26841,1.2726199999999999,14814,MT5,H4
2023-08-08 16:00:00,1.2726199999999999,1.27512,1.27259,1.27438,5337,MT5,H4
2023-08-08 20:00:00,1.27438,1.2749,1.27335,1.27431,1860,MT5,H4
2023-08-09 00:00:00,1.27433,1.27591,1.2739099999999999,1.27531,6862,MT5,H4
2023-08-09 04:00:00,1.27531,1.27816,1.27506,1.27704,7747,MT5,H4
2023-08-09 08:00:00,1.27702,1.27721,1.27289,1.27342,8805,MT5,H4
2023-08-09 12:00:00,1.27341,1.2751000000000001,1.27118,1.27139,12707,MT5,H4
2023-08-09 16:00:00,1.27138,1.27377,1.2713,1.27204,5621,MT5,H4
2023-08-09 20:00:00,1.27202,1.27222,1.27106,1.27194,1870,MT5,H4
2023-08-10 00:00:00,1.27194,1.2723499999999999,1.27071,1.2713,6606,MT5,H4
2023-08-10 04:00:00,1.2713,1.27585,1.27112,1.27447,8682,MT5,H4
2023-08-10 08:00:00,1.27446,1.27755,1.27432,1.27631,9444,MT5,H4
2023-08-10 12:00:00,1.27631,1.28183,1.27153,1.2723499999999999,32272,MT5,H4
2023-08-10 16:00:00,1.27236,1.27253,1.26695,1.2675100000000001,13889,MT5,H4
2023-08-10 20:00:00,1.26753,1.26776,1.26675,1.26697,2017,MT5,H4
2023-08-11 00:00:00,1.26699,1.2690299999999999,1.2665899999999999,1.26852,5851,MT5,H4
2023-08-11 04:00:00,1.26851,1.27226,1.26793,1.2705,10280,MT5,H4
2023-08-11 08:00:00,1.27051,1.2735,1.26935,1.27329,10942,MT5,H4
2023-08-11 12:00:00,1.27329,1.2738399999999999,1.26814,1.26929,22294,MT5,H4
2023-08-11 16:00:00,1.26931,1.27029,1.26855,1.2699099999999999,6518,MT5,H4
2023-08-11 20:00:00,1.26992,1.2701500000000001,1.26933,1.2695,951,MT5,H4
2023-08-13 20:00:00,1.26906,1.27009,1.26857,1.2693699999999999,1756,MT5,H4
2023-08-14 00:00:00,1.26939,1.26968,1.26662,1.26697,8658,MT5,H4
2023-08-14 04:00:00,1.26697,1.26981,1.26676,1.26935,9965,MT5,H4
2023-08-14 08:00:00,1.26933,1.27145,1.26874,1.26931,10751,MT5,H4
2023-08-14 12:00:00,1.26929,1.26967,1.26162,1.26892,17907,MT5,H4
2023-08-14 16:00:00,1.2689,1.27063,1.26731,1.26804,7365,MT5,H4
2023-08-14 20:00:00,1.26802,1.26982,1.26764,1.26852,2200,MT5,H4
2023-08-15 00:00:00,1.26853,1.26933,1.2675100000000001,1.26882,8106,MT5,H4
2023-08-15 04:00:00,1.26882,1.27191,1.26782,1.2692,12457,MT5,H4
2023-08-15 08:00:00,1.26919,1.27297,1.26848,1.27063,12693,MT5,H4
2023-08-15 12:00:00,1.27064,1.27522,1.26814,1.2742,23977,MT5,H4
2023-08-15 16:00:00,1.2742200000000001,1.27436,1.26941,1.27028,7248,MT5,H4
2023-08-15 20:00:00,1.27029,1.27041,1.26925,1.2699799999999999,2259,MT5,H4
2023-08-16 00:00:00,1.27,1.27036,1.2687,1.26971,8378,MT5,H4
2023-08-16 04:00:00,1.26969,1.2744900000000001,1.26965,1.2741,10422,MT5,H4
2023-08-16 08:00:00,1.2741,1.27661,1.27346,1.27404,10547,MT5,H4
2023-08-16 12:00:00,1.27402,1.27604,1.27182,1.27469,16637,MT5,H4
2023-08-16 16:00:00,1.27469,1.275,1.2711299999999999,1.27184,10651,MT5,H4
2023-08-16 20:00:00,1.27186,1.27321,1.2717399999999999,1.27273,2575,MT5,H4
2023-08-17 00:00:00,1.27273,1.27274,1.27111,1.2713700000000001,7907,MT5,H4
2023-08-17 04:00:00,1.2713700000000001,1.27432,1.27118,1.27349,8857,MT5,H4
2023-08-17 08:00:00,1.27349,1.27644,1.27023,1.2762,12380,MT5,H4
2023-08-17 12:00:00,1.27621,1.27871,1.27374,1.27499,18248,MT5,H4
2023-08-17 16:00:00,1.27498,1.27655,1.27268,1.2745199999999999,8408,MT5,H4
2023-08-17 20:00:00,1.2745,1.27497,1.27394,1.27469,1927,MT5,H4
2023-08-18 00:00:00,1.27471,1.27658,1.27453,1.27509,8291,MT5,H4
2023-08-18 04:00:00,1.2751000000000001,1.2754400000000001,1.27071,1.27135,11261,MT5,H4
2023-08-18 08:00:00,1.2713700000000001,1.27417,1.27009,1.27019,11017,MT5,H4
2023-08-18 12:00:00,1.27017,1.27492,1.26889,1.27366,17385,MT5,H4
2023-08-18 16:00:00,1.27366,1.27559,1.27335,1.27369,7097,MT5,H4
2023-08-18 20:00:00,1.27368,1.27405,1.27277,1.27349,1055,MT5,H4
2023-08-20 20:00:00,1.27286,1.27411,1.27267,1.27407,1771,MT5,H4
2023-08-21 00:00:00,1.2741,1.27502,1.27299,1.2736100000000001,6955,MT5,H4
2023-08-21 04:00:00,1.2736,1.2745199999999999,1.27226,1.2729,9123,MT5,H4
2023-08-21 08:00:00,1.27291,1.27647,1.27101,1.27596,10251,MT5,H4
2023-08-21 12:00:00,1.27596,1.27645,1.27229,1.27349,15738,MT5,H4
2023-08-21 16:00:00,1.27349,1.27664,1.27349,1.27586,5842,MT5,H4
2023-08-21 20:00:00,1.27584,1.27654,1.2747899999999999,1.27594,1971,MT5,H4
2023-08-22 00:00:00,1.27596,1.27776,1.27557,1.27735,7438,MT5,H4
2023-08-22 04:00:00,1.27735,1.28,1.27688,1.27958,8905,MT5,H4
2023-08-22 08:00:00,1.27958,1.27988,1.27559,1.2766,9965,MT5,H4
2023-08-22 12:00:00,1.2766199999999999,1.27698,1.27182,1.27306,16212,MT5,H4
2023-08-22 16:00:00,1.27304,1.27431,1.27279,1.2730000000000001,5557,MT5,H4
2023-08-22 20:00:00,1.27298,1.27349,1.27231,1.27309,1759,MT5,H4
2023-08-23 00:00:00,1.27309,1.27474,1.27289,1.27474,6280,MT5,H4
2023-08-23 04:00:00,1.27474,1.27643,1.2706,1.27196,10796,MT5,H4
2023-08-23 08:00:00,1.27196,1.2736100000000001,1.2622,1.2629000000000001,17764,MT5,H4
2023-08-23 12:00:00,1.2629000000000001,1.2718,1.26145,1.27128,19273,MT5,H4
2023-08-23 16:00:00,1.27128,1.2732700000000001,1.2708599999999999,1.27177,6311,MT5,H4
2023-08-23 20:00:00,1.2717800000000001,1.27284,1.27112,1.27199,2705,MT5,H4
2023-08-24 00:00:00,1.272,1.27283,1.27055,1.2713999999999999,7136,MT5,H4
2023-08-24 04:00:00,1.27141,1.27276,1.26922,1.27023,8582,MT5,H4
2023-08-24 08:00:00,1.27024,1.27129,1.26563,1.26577,9421,MT5,H4
2023-08-24 12:00:00,1.26579,1.2662499999999999,1.26262,1.26318,16713,MT5,H4
2023-08-24 16:00:00,1.26318,1.26345,1.2593,1.2593,6604,MT5,H4
2023-08-24 20:00:00,1.25928,1.26045,1.25858,1.25922,2565,MT5,H4
2023-08-25 00:00:00,1.25923,1.2597800000000001,1.25638,1.25656,6752,MT5,H4
2023-08-25 04:00:00,1.25656,1.25881,1.25598,1.25754,8324,MT5,H4
2023-08-25 08:00:00,1.25753,1.26217,1.25719,1.26158,8943,MT5,H4
2023-08-25 12:00:00,1.26155,1.26539,1.25478,1.25689,25006,MT5,H4
2023-08-25 16:00:00,1.2569,1.26011,1.25689,1.2588300000000001,9108,MT5,H4
2023-08-25 20:00:00,1.25881,1.25901,1.25758,1.25789,900,MT5,H4
2023-08-27 20:00:00,1.2578,1.25892,1.25738,1.25889,1729,MT5,H4
2023-08-28 00:00:00,1.2589000000000001,1.2604,1.25874,1.2599,6767,MT5,H4
2023-08-28 04:00:00,1.2599,1.26104,1.25722,1.25742,6635,MT5,H4
2023-08-28 08:00:00,1.25744,1.25912,1.25654,1.25867,7558,MT5,H4
2023-08-28 12:00:00,1.25867,1.25971,1.25724,1.25898,11522,MT5,H4
2023-08-28 16:00:00,1.25899,1.2607300000000001,1.2588300000000001,1.26043,6032,MT5,H4
2023-08-28 20:00:00,1.26044,1.26152,1.25915,1.26106,1941,MT5,H4
2023-08-29 00:00:00,1.26106,1.26319,1.2610000000000001,1.26278,5595,MT5,H4
2023-08-29 04:00:00,1.26277,1.26355,1.26079,1.26115,7768,MT5,H4
2023-08-29 08:00:00,1.26115,1.2618800000000001,1.2583199999999999,1.25868,10609,MT5,H4
2023-08-29 12:00:00,1.25867,1.26337,1.25625,1.26116,21451,MT5,H4
2023-08-29 16:00:00,1.26115,1.26545,1.2608,1.26505,8392,MT5,H4
2023-08-29 20:00:00,1.26502,1.26502,1.2635100000000001,1.26355,2035,MT5,H4
2023-08-30 00:00:00,1.26356,1.26427,1.26251,1.26303,5067,MT5,H4
2023-08-30 04:00:00,1.26303,1.26474,1.26187,1.26419,8733,MT5,H4
2023-08-30 08:00:00,1.26417,1.26693,1.26272,1.26566,11556,MT5,H4
2023-08-30 12:00:00,1.26566,1.27454,1.2653400000000001,1.27236,20824,MT5,H4
2023-08-30 16:00:00,1.27237,1.27287,1.27066,1.27172,6450,MT5,H4
2023-08-30 20:00:00,1.27172,1.27228,1.27099,1.27109,1998,MT5,H4
2023-08-31 00:00:00,1.27111,1.27342,1.27107,1.2720099999999999,5451,MT5,H4
2023-08-31 04:00:00,1.272,1.27241,1.27006,1.27085,8197,MT5,H4
2023-08-31 08:00:00,1.27087,1.27164,1.26632,1.2680500000000001,12254,MT5,H4
2023-08-31 12:00:00,1.2680500000000001,1.2696,1.26523,1.26651,21523,MT5,H4
2023-08-31 16:00:00,1.26651,1.26738,1.26566,1.26674,6823,MT5,H4
2023-08-31 20:00:00,1.26673,1.26753,1.26642,1.26709,2343,MT5,H4
2023-09-01 00:00:00,1.26709,1.2683200000000001,1.26581,1.26599,6135,MT5,H4
2023-09-01 04:00:00,1.26599,1.2689300000000001,1.26394,1.2684,7890,MT5,H4
2023-09-01 08:00:00,1.26841,1.26856,1.2669000000000001,1.26703,8456,MT5,H4
2023-09-01 12:00:00,1.26703,1.27125,1.25907,1.25912,27992,MT5,H4
2023-09-01 16:00:00,1.25912,1.25987,1.2577099999999999,1.2586300000000001,5624,MT5,H4
2023-09-01 20:00:00,1.25864,1.2591,1.25861,1.25862,762,MT5,H4
2023-09-03 20:00:00,1.2585,1.2592400000000001,1.25847,1.25907,1103,MT5,H4
2023-09-04 00:00:00,1.25908,1.26055,1.25875,1.26031,4950,MT5,H4
2023-09-04 04:00:00,1.2603,1.26292,1.25998,1.26203,6334,MT5,H4
2023-09-04 08:00:00,1.26204,1.26422,1.26203,1.26277,7634,MT5,H4
2023-09-04 12:00:00,1.26276,1.2639,1.26147,1.26241,6987,MT5,H4
2023-09-04 16:00:00,1.26241,1.26328,1.26206,1.26285,1401,MT5,H4
2023-09-04 20:00:00,1.26287,1.2631700000000001,1.2619500000000001,1.2622200000000001,1113,MT5,H4
2023-09-05 00:00:00,1.26223,1.26316,1.26123,1.26174,5231,MT5,H4
2023-09-05 04:00:00,1.26174,1.2628,1.25602,1.25628,10161,MT5,H4
2023-09-05 08:00:00,1.25626,1.2567,1.2528000000000001,1.2549000000000001,11825,MT5,H4
2023-09-05 12:00:00,1.25492,1.2582499999999999,1.25401,1.25804,19728,MT5,H4
2023-09-05 16:00:00,1.25804,1.25865,1.25583,1.25616,5662,MT5,H4
2023-09-05 20:00:00,1.25619,1.25726,1.25569,1.25695,1651,MT5,H4
2023-09-06 00:00:00,1.25696,1.25738,1.2549299999999999,1.25708,5828,MT5,H4
2023-09-06 04:00:00,1.2570700000000001,1.25876,1.25533,1.2554400000000001,9988,MT5,H4
2023-09-06 08:00:00,1.2554400000000001,1.25648,1.2543199999999999,1.2564600000000001,10946,MT5,H4
2023-09-06 12:00:00,1.25645,1.2566899999999999,1.24819,1.24974,20346,MT5,H4
2023-09-06 16:00:00,1.24976,1.2511,1.24955,1.25044,5959,MT5,H4
2023-09-06 20:00:00,1.25045,1.25076,1.24959,1.24981,1842,MT5,H4
2023-09-07 00:00:00,1.24981,1.2506,1.2490999999999999,1.25044,5201,MT5,H4
2023-09-07 04:00:00,1.25044,1.2508,1.24613,1.2472699999999999,9359,MT5,H4
2023-09-07 08:00:00,1.24725,1.24875,1.24504,1.2460499999999999,9985,MT5,H4
2023-09-07 12:00:00,1.2460499999999999,1.24896,1.24454,1.24839,15051,MT5,H4
2023-09-07 16:00:00,1.2484,1.24867,1.24675,1.24702,5798,MT5,H4
2023-09-07 20:00:00,1.24703,1.24749,1.24667,1.24749,1632,MT5,H4
2023-09-08 00:00:00,1.2475,1.25013,1.24732,1.24957,6145,MT5,H4
2023-09-08 04:00:00,1.24957,1.25098,1.24784,1.2493,7418,MT5,H4
2023-09-08 08:00:00,1.24931,1.24999,1.24669,1.2482199999999999,10704,MT5,H4
2023-09-08 12:00:00,1.24825,1.25141,1.24692,1.24737,14132,MT5,H4
2023-09-08 16:00:00,1.24738,1.2476,1.2451,1.24553,5396,MT5,H4
2023-09-08 20:00:00,1.24552,1.24657,1.24548,1.24654,891,MT5,H4
2023-09-10 20:00:00,1.24653,1.2492,1.24645,1.2488,2193,MT5,H4
2023-09-11 00:00:00,1.24882,1.25035,1.24817,1.25012,6610,MT5,H4
2023-09-11 04:00:00,1.25012,1.25274,1.2500499999999999,1.25225,8924,MT5,H4
2023-09-11 08:00:00,1.25227,1.2537,1.25008,1.25145,8185,MT5,H4
2023-09-11 12:00:00,1.25147,1.25478,1.25113,1.25263,12704,MT5,H4
2023-09-11 16:00:00,1.25264,1.25424,1.25073,1.25119,5236,MT5,H4
2023-09-11 20:00:00,1.25119,1.25129,1.2503,1.25076,1609,MT5,H4
2023-09-12 00:00:00,1.25076,1.25232,1.25008,1.25165,6241,MT5,H4
2023-09-12 04:00:00,1.25165,1.25291,1.24769,1.24851,9100,MT5,H4
2023-09-12 08:00:00,1.24851,1.2488299999999999,1.24596,1.24703,8515,MT5,H4
2023-09-12 12:00:00,1.24703,1.24834,1.24592,1.24752,11933,MT5,H4
2023-09-12 16:00:00,1.24754,1.24924,1.2475100000000001,1.24918,5342,MT5,H4
2023-09-12 20:00:00,1.24918,1.24986,1.24834,1.24909,2308,MT5,H4
2023-09-13 00:00:00,1.2490999999999999,1.25019,1.24809,1.2488299999999999,5743,MT5,H4
2023-09-13 04:00:00,1.2488299999999999,1.24977,1.24411,1.24678,10276,MT5,H4
2023-09-13 08:00:00,1.24685,1.24862,1.24556,1.24725,10265,MT5,H4
2023-09-13 12:00:00,1.24725,1.25116,1.24328,1.24871,24994,MT5,H4
2023-09-13 16:00:00,1.24871,1.2506,1.24809,1.24875,6672,MT5,H4
2023-09-13 20:00:00,1.24875,1.24918,1.24792,1.24892,2078,MT5,H4
2023-09-14 00:00:00,1.24893,1.25041,1.24848,1.2497099999999999,5279,MT5,H4
2023-09-14 04:00:00,1.2497099999999999,1.2505899999999999,1.24793,1.24857,6505,MT5,H4
2023-09-14 08:00:00,1.24856,1.24931,1.24604,1.24755,9111,MT5,H4
2023-09-14 12:00:00,1.24757,1.248,1.24007,1.24074,26065,MT5,H4
2023-09-14 16:00:00,1.24074,1.24201,1.23964,1.24061,6391,MT5,H4
2023-09-14 20:00:00,1.24063,1.24122,1.2399499999999999,1.24006,1543,MT5,H4
2023-09-15 00:00:00,1.24007,1.2422,1.2399499999999999,1.24219,5298,MT5,H4
2023-09-15 04:00:00,1.24219,1.24362,1.24159,1.24353,7730,MT5,H4
2023-09-15 08:00:00,1.24354,1.24455,1.2398500000000001,1.2406,8158,MT5,H4
2023-09-15 12:00:00,1.2406,1.24251,1.23849,1.23887,15540,MT5,H4
2023-09-15 16:00:00,1.23887,1.24007,1.23786,1.23841,5618,MT5,H4
2023-09-15 20:00:00,1.23841,1.23857,1.23789,1.23825,867,MT5,H4
2023-09-17 20:00:00,1.2381,1.23972,1.23807,1.2397,1038,MT5,H4
2023-09-18 00:00:00,1.2397,1.24038,1.23866,1.23876,4345,MT5,H4
2023-09-18 04:00:00,1.2387299999999999,1.24044,1.23761,1.23792,6228,MT5,H4
2023-09-18 08:00:00,1.23792,1.241,1.23701,1.23832,6678,MT5,H4
2023-09-18 12:00:00,1.23831,1.24047,1.23727,1.24007,11031,MT5,H4
2023-09-18 16:00:00,1.24007,1.2402199999999999,1.2374,1.23819,4724,MT5,H4
2023-09-18 20:00:00,1.23819,1.23871,1.23789,1.23827,1626,MT5,H4
2023-09-19 00:00:00,1.2382900000000001,1.23912,1.2375,1.23777,3868,MT5,H4
2023-09-19 04:00:00,1.23777,1.23926,1.23691,1.2389000000000001,6373,MT5,H4
2023-09-19 08:00:00,1.23888,1.24119,1.23711,1.24119,8312,MT5,H4
2023-09-19 12:00:00,1.2412,1.24244,1.23819,1.23899,12019,MT5,H4
2023-09-19 16:00:00,1.2389999999999999,1.23964,1.23833,1.23954,5006,MT5,H4
2023-09-19 20:00:00,1.23953,1.2396,1.23846,1.23925,1510,MT5,H4
2023-09-20 00:00:00,1.23927,1.23948,1.23822,1.23858,4269,MT5,H4
2023-09-20 04:00:00,1.23859,1.23953,1.2332,1.23603,10280,MT5,H4
2023-09-20 08:00:00,1.23603,1.23761,1.23537,1.23678,7955,MT5,H4
2023-09-20 12:00:00,1.23677,1.24098,1.23642,1.23869,11375,MT5,H4
2023-09-20 16:00:00,1.2387,1.24211,1.23384,1.2340200000000001,19936,MT5,H4
2023-09-20 20:00:00,1.23401,1.23453,1.23236,1.23266,2593,MT5,H4
2023-09-21 00:00:00,1.23267,1.23284,1.23041,1.23215,6680,MT5,H4
2023-09-21 04:00:00,1.23216,1.23312,1.22936,1.2313,8743,MT5,H4
2023-09-21 08:00:00,1.23128,1.232,1.22338,1.22681,15405,MT5,H4
2023-09-21 12:00:00,1.22679,1.23043,1.22441,1.22967,17558,MT5,H4
2023-09-21 16:00:00,1.22968,1.23072,1.22882,1.22921,6534,MT5,H4
2023-09-21 20:00:00,1.22922,1.22944,1.22879,1.22925,1715,MT5,H4
2023-09-22 00:00:00,1.22927,1.22936,1.22726,1.2278,5733,MT5,H4
2023-09-22 04:00:00,1.2278,1.22879,1.22509,1.22655,11912,MT5,H4
2023-09-22 08:00:00,1.22657,1.22702,1.22326,1.22547,10776,MT5,H4
2023-09-22 12:00:00,1.22547,1.22839,1.2245,1.22547,14134,MT5,H4
2023-09-22 16:00:00,1.22547,1.22598,1.22305,1.22387,6097,MT5,H4
2023-09-22 20:00:00,1.22387,1.2241900000000001,1.2236,1.22377,898,MT5,H4
2023-09-24 20:00:00,1.22359,1.2247,1.22337,1.22408,2119,MT5,H4
2023-09-25 00:00:00,1.22408,1.22495,1.22373,1.22387,4184,MT5,H4
2023-09-25 04:00:00,1.22387,1.22499,1.22327,1.22415,5857,MT5,H4
2023-09-25 08:00:00,1.22414,1.22448,1.22123,1.22206,9212,MT5,H4
2023-09-25 12:00:00,1.22207,1.22271,1.21937,1.22155,13804,MT5,H4
2023-09-25 16:00:00,1.22156,1.22218,1.2205300000000001,1.22113,5349,MT5,H4
2023-09-25 20:00:00,1.22113,1.22151,1.22036,1.22123,1808,MT5,H4
2023-09-26 00:00:00,1.22125,1.22147,1.21936,1.21972,5605,MT5,H4
2023-09-26 04:00:00,1.21974,1.22069,1.21666,1.21726,7863,MT5,H4
2023-09-26 08:00:00,1.21727,1.21938,1.21693,1.21763,9180,MT5,H4
2023-09-26 12:00:00,1.21765,1.21919,1.21589,1.21649,13480,MT5,H4
2023-09-26 16:00:00,1.21649,1.2175799999999999,1.21539,1.21552,5430,MT5,H4
2023-09-26 20:00:00,1.21554,1.21591,1.2143,1.21458,1948,MT5,H4
2023-09-27 00:00:00,1.21458,1.21571,1.21403,1.21414,5270,MT5,H4
2023-09-27 04:00:00,1.21414,1.21586,1.21356,1.2147999999999999,7058,MT5,H4
2023-09-27 08:00:00,1.21479,1.21639,1.21308,1.21385,8958,MT5,H4
2023-09-27 12:00:00,1.21386,1.21588,1.21235,1.21305,15206,MT5,H4
2023-09-27 16:00:00,1.21306,1.21529,1.21102,1.21387,11175,MT5,H4
2023-09-27 20:00:00,1.21386,1.21387,1.2128,1.21349,1891,MT5,H4
2023-09-28 00:00:00,1.21351,1.21449,1.21301,1.21368,5273,MT5,H4
2023-09-28 04:00:00,1.21368,1.21604,1.21198,1.21528,8227,MT5,H4
2023-09-28 08:00:00,1.2153,1.22134,1.21489,1.22071,9655,MT5,H4
2023-09-28 12:00:00,1.22071,1.22244,1.21753,1.22205,19124,MT5,H4
2023-09-28 16:00:00,1.22205,1.2223,1.21876,1.21991,8521,MT5,H4
2023-09-28 20:00:00,1.21993,1.22098,1.21957,1.22039,1814,MT5,H4
2023-09-29 00:00:00,1.2204,1.22281,1.2196,1.2219,4698,MT5,H4
2023-09-29 04:00:00,1.2219,1.22539,1.2217500000000001,1.22428,8799,MT5,H4
2023-09-29 08:00:00,1.22427,1.22716,1.22291,1.22545,11090,MT5,H4
2023-09-29 12:00:00,1.22545,1.22663,1.21801,1.22118,22181,MT5,H4
2023-09-29 16:00:00,1.22118,1.22186,1.21858,1.21996,10566,MT5,H4
2023-09-29 20:00:00,1.21997,1.22042,1.21995,1.22031,1154,MT5,H4
2023-10-01 20:00:00,1.2191,1.22051,1.21793,1.21925,2108,MT5,H4
2023-10-02 00:00:00,1.21927,1.21963,1.2187000000000001,1.21902,4170,MT5,H4
2023-10-02 04:00:00,1.21902,1.22196,1.21753,1.21938,7465,MT5,H4
2023-10-02 08:00:00,1.21937,1.21969,1.21481,1.2152,9461,MT5,H4
2023-10-02 12:00:00,1.2152,1.2167,1.2113800000000001,1.21271,17030,MT5,H4
2023-10-02 16:00:00,1.21273,1.21282,1.20917,1.20923,8129,MT5,H4
2023-10-02 20:00:00,1.2092100000000001,1.20943,1.20828,1.2089699999999999,2232,MT5,H4
2023-10-03 00:00:00,1.20899,1.20903,1.20707,1.20772,6264,MT5,H4
2023-10-03 04:00:00,1.20772,1.20885,1.20608,1.2083,9092,MT5,H4
2023-10-03 08:00:00,1.20828,1.20967,1.20522,1.2065299999999999,10681,MT5,H4
2023-10-03 12:00:00,1.20654,1.2101600000000001,1.20532,1.20656,26444,MT5,H4
2023-10-03 16:00:00,1.20656,1.20912,1.20656,1.20778,10599,MT5,H4
2023-10-03 20:00:00,1.20777,1.20811,1.20692,1.20772,1961,MT5,H4
2023-10-04 00:00:00,1.20774,1.20841,1.20603,1.20623,6211,MT5,H4
2023-10-04 04:00:00,1.20623,1.20845,1.2037200000000001,1.20833,9069,MT5,H4
2023-10-04 08:00:00,1.20833,1.21407,1.20815,1.21194,11686,MT5,H4
2023-10-04 12:00:00,1.21195,1.21768,1.2106,1.21543,23244,MT5,H4
2023-10-04 16:00:00,1.21545,1.21659,1.21305,1.21505,9770,MT5,H4
2023-10-04 20:00:00,1.2150400000000001,1.2151,1.21291,1.21367,1863,MT5,H4
2023-10-05 00:00:00,1.21368,1.21629,1.21307,1.2159,5993,MT5,H4
2023-10-05 04:00:00,1.2159,1.21629,1.21304,1.21308,7560,MT5,H4
2023-10-05 08:00:00,1.21308,1.21517,1.21157,1.2149,10085,MT5,H4
2023-10-05 12:00:00,1.21489,1.21742,1.21075,1.21683,19763,MT5,H4
2023-10-05 16:00:00,1.21684,1.21957,1.21657,1.21935,9168,MT5,H4
2023-10-05 20:00:00,1.21937,1.21952,1.2183,1.2187000000000001,1580,MT5,H4
2023-10-06 00:00:00,1.2187000000000001,1.21891,1.21767,1.21807,5404,MT5,H4
2023-10-06 04:00:00,1.21805,1.22068,1.2163599999999999,1.22036,7079,MT5,H4
2023-10-06 08:00:00,1.22036,1.22193,1.21922,1.22118,10191,MT5,H4
2023-10-06 12:00:00,1.22118,1.22611,1.21055,1.22528,31896,MT5,H4
2023-10-06 16:00:00,1.22525,1.2255099999999999,1.22308,1.2241900000000001,10339,MT5,H4
2023-10-06 20:00:00,1.22421,1.22422,1.22324,1.22376,916,MT5,H4
2023-10-08 20:00:00,1.21973,1.22212,1.21948,1.22191,2772,MT5,H4
2023-10-09 00:00:00,1.22193,1.22243,1.21969,1.21979,6329,MT5,H4
2023-10-09 04:00:00,1.21979,1.22169,1.21675,1.21704,9695,MT5,H4
2023-10-09 08:00:00,1.21703,1.21908,1.21637,1.21688,9514,MT5,H4
2023-10-09 12:00:00,1.21689,1.22202,1.21629,1.22035,13753,MT5,H4
2023-10-09 16:00:00,1.22033,1.22425,1.21961,1.22424,7443,MT5,H4
2023-10-09 20:00:00,1.22424,1.22515,1.22294,1.22492,1932,MT5,H4
2023-10-10 00:00:00,1.2248999999999999,1.22564,1.22348,1.22367,7835,MT5,H4
2023-10-10 04:00:00,1.22369,1.22369,1.22116,1.22308,10552,MT5,H4
2023-10-10 08:00:00,1.22309,1.22755,1.22248,1.22395,14842,MT5,H4
2023-10-10 12:00:00,1.22396,1.22883,1.22372,1.2286299999999999,17846,MT5,H4
2023-10-10 16:00:00,1.2286299999999999,1.22913,1.22635,1.22843,10425,MT5,H4
2023-10-10 20:00:00,1.22843,1.22944,1.22742,1.22889,2072,MT5,H4
2023-10-11 00:00:00,1.22891,1.23033,1.22872,1.2292399999999999,5679,MT5,H4
2023-10-11 04:00:00,1.2292399999999999,1.2304,1.227,1.2276,8858,MT5,H4
2023-10-11 08:00:00,1.22759,1.22979,1.2269700000000001,1.22897,12080,MT5,H4
2023-10-11 12:00:00,1.22896,1.2337,1.22688,1.23017,20590,MT5,H4
2023-10-11 16:00:00,1.23016,1.23119,1.22749,1.23086,9915,MT5,H4
2023-10-11 20:00:00,1.23086,1.2319,1.23034,1.23149,1930,MT5,H4
2023-10-12 00:00:00,1.2315,1.23227,1.23104,1.23178,5763,MT5,H4
2023-10-12 04:00:00,1.23176,1.23312,1.22938,1.2295,7896,MT5,H4
2023-10-12 08:00:00,1.2295,1.23128,1.22929,1.23125,8797,MT5,H4
2023-10-12 12:00:00,1.23125,1.23141,1.22009,1.2211400000000001,22967,MT5,H4
2023-10-12 16:00:00,1.2211400000000001,1.2223600000000001,1.21716,1.21752,10622,MT5,H4
2023-10-12 20:00:00,1.21753,1.21839,1.21689,1.21822,1984,MT5,H4
2023-10-13 00:00:00,1.21821,1.22075,1.21821,1.22031,4581,MT5,H4
2023-10-13 04:00:00,1.22031,1.2225,1.21848,1.22109,7967,MT5,H4
2023-10-13 08:00:00,1.22109,1.22192,1.21598,1.21841,11980,MT5,H4
2023-10-13 12:00:00,1.21844,1.2201,1.21312,1.2136,18553,MT5,H4
2023-10-13 16:00:00,1.21361,1.21462,1.21223,1.21399,9082,MT5,H4
2023-10-13 20:00:00,1.214,1.21456,1.21336,1.21434,1064,MT5,H4
2023-10-15 20:00:00,1.21343,1.21559,1.21337,1.21543,2070,MT5,H4
2023-10-16 00:00:00,1.21543,1.21586,1.21448,1.21556,5361,MT5,H4
2023-10-16 04:00:00,1.21557,1.21777,1.21545,1.21747,8556,MT5,H4
2023-10-16 08:00:00,1.2175,1.21805,1.21426,1.21783,10478,MT5,H4
2023-10-16 12:00:00,1.2178499999999999,1.21994,1.21532,1.21962,14893,MT5,H4
2023-10-16 16:00:00,1.21961,1.22191,1.21903,1.22171,6312,MT5,H4
2023-10-16 20:00:00,1.22171,1.2218499999999999,1.22027,1.22113,1872,MT5,H4
2023-10-17 00:00:00,1.2211400000000001,1.22156,1.2193100000000001,1.22025,5087,MT5,H4
2023-10-17 04:00:00,1.22025,1.22025,1.21644,1.2176,7813,MT5,H4
2023-10-17 08:00:00,1.2175799999999999,1.2190699999999999,1.21494,1.21841,11275,MT5,H4
2023-10-17 12:00:00,1.2184,1.22036,1.21327,1.22035,20119,MT5,H4
2023-10-17 16:00:00,1.22034,1.22117,1.21708,1.2184599999999999,8434,MT5,H4
2023-10-17 20:00:00,1.2184599999999999,1.21847,1.21734,1.21778,1886,MT5,H4
2023-10-18 00:00:00,1.21778,1.21797,1.21583,1.21754,5216,MT5,H4
2023-10-18 04:00:00,1.21754,1.2211,1.21742,1.21895,8624,MT5,H4
2023-10-18 08:00:00,1.21893,1.221,1.21759,1.21888,10698,MT5,H4
2023-10-18 12:00:00,1.21889,1.2206,1.21384,1.21481,16186,MT5,H4
2023-10-18 16:00:00,1.21482,1.2176,1.21369,1.21397,10305,MT5,H4
2023-10-18 20:00:00,1.21397,1.21448,1.21351,1.21412,1865,MT5,H4
2023-10-19 00:00:00,1.21411,1.21457,1.21266,1.21273,5454,MT5,H4
2023-10-19 04:00:00,1.21273,1.21447,1.21109,1.21173,8269,MT5,H4
2023-10-19 08:00:00,1.21171,1.21258,1.20898,1.21207,10848,MT5,H4
2023-10-19 12:00:00,1.21207,1.21618,1.2119,1.21427,15711,MT5,H4
2023-10-19 16:00:00,1.21429,1.21912,1.21256,1.21488,25226,MT5,H4
2023-10-19 20:00:00,1.21485,1.2149,1.21334,1.21352,2449,MT5,H4
2023-10-20 00:00:00,1.21352,1.2144300000000001,1.21177,1.21372,6094,MT5,H4
2023-10-20 04:00:00,1.21374,1.2138,1.2093099999999999,1.21036,8984,MT5,H4
2023-10-20 08:00:00,1.21036,1.2145,1.20966,1.21402,10696,MT5,H4
2023-10-20 12:00:00,1.21405,1.2161,1.2119900000000001,1.21501,17230,MT5,H4
2023-10-20 16:00:00,1.21503,1.217,1.2135,1.21603,9657,MT5,H4
2023-10-20 20:00:00,1.2160199999999999,1.21657,1.21591,1.21637,920,MT5,H4
2023-10-22 20:00:00,1.21551,1.21658,1.21533,1.21629,1424,MT5,H4
2023-10-23 00:00:00,1.21629,1.21635,1.21477,1.21479,4232,MT5,H4
2023-10-23 04:00:00,1.21477,1.21708,1.21442,1.21679,7407,MT5,H4
2023-10-23 08:00:00,1.2168,1.21845,1.2143,1.21698,10997,MT5,H4
2023-10-23 12:00:00,1.21698,1.22366,1.21501,1.22322,15427,MT5,H4
2023-10-23 16:00:00,1.22321,1.22583,1.22203,1.22444,8578,MT5,H4
2023-10-23 20:00:00,1.22442,1.22535,1.22433,1.22488,2034,MT5,H4
2023-10-24 00:00:00,1.2248999999999999,1.22737,1.22467,1.22654,5876,MT5,H4
2023-10-24 04:00:00,1.22654,1.22884,1.22587,1.22623,8861,MT5,H4
2023-10-24 08:00:00,1.22622,1.22656,1.22103,1.22192,11296,MT5,H4
2023-10-24 12:00:00,1.22189,1.22213,1.21585,1.21679,17394,MT5,H4
2023-10-24 16:00:00,1.21679,1.21723,1.21533,1.21628,7431,MT5,H4
2023-10-24 20:00:00,1.21628,1.21656,1.21548,1.21618,2185,MT5,H4
2023-10-25 00:00:00,1.21619,1.2175,1.21605,1.21709,5011,MT5,H4
2023-10-25 04:00:00,1.21709,1.21759,1.21372,1.21413,6828,MT5,H4
2023-10-25 08:00:00,1.21412,1.21502,1.21134,1.21179,9219,MT5,H4
2023-10-25 12:00:00,1.2118,1.21561,1.2116,1.21375,15443,MT5,H4
2023-10-25 16:00:00,1.21376,1.21399,1.2112,1.21122,9205,MT5,H4
2023-10-25 20:00:00,1.21122,1.2114099999999999,1.20945,1.2102,2458,MT5,H4
2023-10-26 00:00:00,1.21021,1.21046,1.20766,1.20803,5250,MT5,H4
2023-10-26 04:00:00,1.20803,1.20929,1.20693,1.20891,8524,MT5,H4
2023-10-26 08:00:00,1.20891,1.2095799999999999,1.20741,1.20853,8326,MT5,H4
2023-10-26 12:00:00,1.20851,1.21333,1.20783,1.2111,20114,MT5,H4
2023-10-26 16:00:00,1.21109,1.21394,1.20978,1.21217,8913,MT5,H4
2023-10-26 20:00:00,1.21214,1.21386,1.2117499999999999,1.21359,2119,MT5,H4
2023-10-27 00:00:00,1.2136,1.21389,1.21221,1.21341,4417,MT5,H4
2023-10-27 04:00:00,1.21339,1.21412,1.21121,1.21188,7002,MT5,H4
2023-10-27 08:00:00,1.21188,1.21426,1.2105299999999999,1.21087,8016,MT5,H4
2023-10-27 12:00:00,1.21087,1.21623,1.21059,1.21495,17227,MT5,H4
2023-10-27 16:00:00,1.21496,1.2154,1.21103,1.21201,9817,MT5,H4
2023-10-27 20:00:00,1.2119900000000001,1.21225,1.21173,1.21206,1157,MT5,H4
2023-10-29 20:00:00,1.21155,1.2124,1.21101,1.21127,1591,MT5,H4
2023-10-30 00:00:00,1.21128,1.21209,1.21061,1.2120199999999999,4493,MT5,H4
2023-10-30 04:00:00,1.21201,1.2133,1.20919,1.2098,4776,MT5,H4
2023-10-30 08:00:00,1.20978,1.21413,1.20899,1.21253,10516,MT5,H4
2023-10-30 12:00:00,1.21253,1.21645,1.21198,1.21555,14880,MT5,H4
2023-10-30 16:00:00,1.21554,1.21742,1.21414,1.2173,7630,MT5,H4
2023-10-30 20:00:00,1.21728,1.21728,1.21552,1.2163599999999999,2143,MT5,H4
2023-10-31 00:00:00,1.21637,1.21637,1.21368,1.2144300000000001,5611,MT5,H4
2023-10-31 04:00:00,1.21442,1.21608,1.21384,1.21557,6229,MT5,H4
2023-10-31 08:00:00,1.21558,1.2200199999999999,1.21456,1.21794,10112,MT5,H4
2023-10-31 12:00:00,1.21792,1.21856,1.21192,1.21329,15911,MT5,H4
2023-10-31 16:00:00,1.21328,1.21552,1.21232,1.21522,9179,MT5,H4
2023-10-31 20:00:00,1.21525,1.21543,1.21361,1.21502,2614,MT5,H4
2023-11-01 00:00:00,1.21503,1.21519,1.21339,1.21445,5134,MT5,H4
2023-11-01 04:00:00,1.21444,1.21607,1.21315,1.21521,5699,MT5,H4
2023-11-01 08:00:00,1.21521,1.21603,1.2123,1.21256,8784,MT5,H4
2023-11-01 12:00:00,1.21257,1.21641,1.20955,1.21261,20567,MT5,H4
2023-11-01 16:00:00,1.21259,1.21562,1.20972,1.2147999999999999,16973,MT5,H4
2023-11-01 20:00:00,1.21479,1.21804,1.21312,1.21804,2989,MT5,H4
2023-11-02 00:00:00,1.21808,1.21962,1.21788,1.21913,5427,MT5,H4
2023-11-02 04:00:00,1.21914,1.21914,1.2163599999999999,1.21691,5494,MT5,H4
2023-11-02 08:00:00,1.21689,1.21988,1.21551,1.21935,9390,MT5,H4
2023-11-02 12:00:00,1.21935,1.2225,1.21676,1.21732,15594,MT5,H4
2023-11-02 16:00:00,1.21731,1.2208700000000001,1.21684,1.22071,7557,MT5,H4
2023-11-02 20:00:00,1.22073,1.22081,1.21797,1.21893,2453,MT5,H4
2023-11-03 00:00:00,1.21894,1.22041,1.2184300000000001,1.21998,4652,MT5,H4
2023-11-03 04:00:00,1.21999,1.22134,1.21967,1.21996,4653,MT5,H4
2023-11-03 08:00:00,1.21994,1.22302,1.21858,1.2226,8033,MT5,H4
2023-11-03 12:00:00,1.22261,1.23744,1.2224,1.23708,19132,MT5,H4
2023-11-03 16:00:00,1.23703,1.23892,1.23582,1.23735,7845,MT5,H4
2023-11-03 20:00:00,1.23733,1.23826,1.23732,1.23807,742,MT5,H4
2023-11-05 20:00:00,1.2372,1.23761,1.23522,1.23708,1283,MT5,H4
2023-11-06 00:00:00,1.23716,1.23755,1.23648,1.23746,5459,MT5,H4
2023-11-06 04:00:00,1.23746,1.23959,1.23703,1.23824,5652,MT5,H4
2023-11-06 08:00:00,1.23823,1.24262,1.23762,1.24231,8396,MT5,H4
2023-11-06 12:00:00,1.24233,1.24277,1.23713,1.23891,10017,MT5,H4
2023-11-06 16:00:00,1.23891,1.23976,1.23509,1.23514,5946,MT5,H4
2023-11-06 20:00:00,1.23515,1.2352,1.23262,1.23434,2635,MT5,H4
2023-11-07 00:00:00,1.23437,1.23465,1.23325,1.2334100000000001,4452,MT5,H4
2023-11-07 04:00:00,1.23342,1.23367,1.23115,1.23148,4871,MT5,H4
2023-11-07 08:00:00,1.23149,1.23319,1.22753,1.2288000000000001,8968,MT5,H4
2023-11-07 12:00:00,1.22878,1.23103,1.22828,1.22986,10284,MT5,H4
2023-11-07 16:00:00,1.22986,1.23112,1.22625,1.22959,8020,MT5,H4
2023-11-07 20:00:00,1.2296,1.23001,1.22789,1.22907,3907,MT5,H4
2023-11-08 00:00:00,1.2291,1.22956,1.22778,1.22805,4812,MT5,H4
2023-11-08 04:00:00,1.22807,1.22842,1.22642,1.22719,5648,MT5,H4
2023-11-08 08:00:00,1.22723,1.2275800000000001,1.22416,1.22671,8670,MT5,H4
2023-11-08 12:00:00,1.22671,1.22882,1.22502,1.22859,11139,MT5,H4
2023-11-08 16:00:00,1.22859,1.2301,1.22817,1.22836,8553,MT5,H4
2023-11-08 20:00:00,1.22836,1.22893,1.22666,1.22849,4291,MT5,H4
2023-11-09 00:00:00,1.22852,1.22934,1.22746,1.22817,4494,MT5,H4
2023-11-09 04:00:00,1.22817,1.2288999999999999,1.22749,1.22822,5437,MT5,H4
2023-11-09 08:00:00,1.22821,1.23082,1.22533,1.2261,9443,MT5,H4
2023-11-09 12:00:00,1.2260900000000001,1.22947,1.22512,1.22862,12234,MT5,H4
2023-11-09 16:00:00,1.22862,1.22885,1.22122,1.22198,12236,MT5,H4
2023-11-09 20:00:00,1.22197,1.22292,1.22129,1.2216,4453,MT5,H4
2023-11-10 00:00:00,1.22161,1.22276,1.22118,1.2221,4521,MT5,H4
2023-11-10 04:00:00,1.2221,1.22372,1.22159,1.22274,6088,MT5,H4
2023-11-10 08:00:00,1.22272,1.22346,1.22025,1.22076,8596,MT5,H4
2023-11-10 12:00:00,1.22073,1.22268,1.21868,1.21956,11673,MT5,H4
2023-11-10 16:00:00,1.21959,1.22309,1.21921,1.22179,7510,MT5,H4
2023-11-10 20:00:00,1.22179,1.22277,1.22147,1.22261,2124,MT5,H4
2023-11-12 20:00:00,1.22051,1.22305,1.2198,1.22275,1507,MT5,H4
2023-11-13 00:00:00,1.2229,1.2235800000000001,1.22229,1.22268,4260,MT5,H4
2023-11-13 04:00:00,1.22268,1.22434,1.22261,1.22371,4991,MT5,H4
2023-11-13 08:00:00,1.2237,1.22549,1.2231,1.225,7842,MT5,H4
2023-11-13 12:00:00,1.22498,1.22583,1.2229700000000001,1.22526,10021,MT5,H4
2023-11-13 16:00:00,1.2252,1.22789,1.22478,1.22774,6830,MT5,H4
2023-11-13 20:00:00,1.22775,1.22801,1.2263600000000001,1.22784,2829,MT5,H4
2023-11-14 00:00:00,1.2279,1.22799,1.22684,1.22709,3425,MT5,H4
2023-11-14 04:00:00,1.22709,1.23,1.22653,1.22945,5031,MT5,H4
2023-11-14 08:00:00,1.22945,1.23071,1.22763,1.22803,8146,MT5,H4
2023-11-14 12:00:00,1.22807,1.24743,1.22799,1.2456,18569,MT5,H4
2023-11-14 16:00:00,1.24557,1.2499500000000001,1.2455,1.24988,8598,MT5,H4
2023-11-14 20:00:00,1.24988,1.25055,1.24768,1.24931,3881,MT5,H4
2023-11-15 00:00:00,1.24933,1.24955,1.24792,1.24941,4965,MT5,H4
2023-11-15 04:00:00,1.24941,1.24978,1.24637,1.24695,6481,MT5,H4
2023-11-15 08:00:00,1.24694,1.24758,1.24536,1.2471700000000001,10618,MT5,H4
2023-11-15 12:00:00,1.24718,1.24793,1.24034,1.24418,18085,MT5,H4
2023-11-15 16:00:00,1.24415,1.24538,1.24101,1.24183,9545,MT5,H4
2023-11-15 20:00:00,1.24183,1.24214,1.24061,1.24211,3214,MT5,H4
2023-11-16 00:00:00,1.24215,1.2424,1.23798,1.23881,5544,MT5,H4
2023-11-16 04:00:00,1.23881,1.23987,1.23761,1.23803,5387,MT5,H4
2023-11-16 08:00:00,1.2380200000000001,1.2413,1.23765,1.24039,10625,MT5,H4
2023-11-16 12:00:00,1.24038,1.24551,1.23822,1.24405,16852,MT5,H4
2023-11-16 16:00:00,1.24405,1.24485,1.2414,1.24174,8791,MT5,H4
2023-11-16 20:00:00,1.24173,1.24185,1.24059,1.24139,2690,MT5,H4
2023-11-17 00:00:00,1.2414100000000001,1.2422,1.2404,1.24075,4603,MT5,H4
2023-11-17 04:00:00,1.24075,1.24184,1.23737,1.23842,5895,MT5,H4
2023-11-17 08:00:00,1.23841,1.24376,1.23785,1.24292,13189,MT5,H4
2023-11-17 12:00:00,1.24292,1.24398,1.24049,1.24335,15859,MT5,H4
2023-11-17 16:00:00,1.24336,1.24576,1.24177,1.24486,8472,MT5,H4
2023-11-17 20:00:00,1.24484,1.24646,1.24462,1.24632,2300,MT5,H4
2023-11-19 20:00:00,1.24468,1.24611,1.24461,1.24511,1432,MT5,H4
2023-11-20 00:00:00,1.24528,1.24853,1.24457,1.24842,7173,MT5,H4
2023-11-20 04:00:00,1.24842,1.24951,1.24711,1.24748,6740,MT5,H4
2023-11-20 08:00:00,1.2475,1.25102,1.2461,1.24706,11788,MT5,H4
2023-11-20 12:00:00,1.24706,1.24942,1.24618,1.24921,12276,MT5,H4
2023-11-20 16:00:00,1.2492,1.25172,1.24898,1.251,8815,MT5,H4
2023-11-20 20:00:00,1.251,1.25133,1.24973,1.25073,3638,MT5,H4
2023-11-21 00:00:00,1.25075,1.25387,1.25042,1.25379,8657,MT5,H4
2023-11-21 04:00:00,1.25378,1.25396,1.25213,1.25241,8081,MT5,H4
2023-11-21 08:00:00,1.25245,1.25536,1.25198,1.25291,13463,MT5,H4
2023-11-21 12:00:00,1.25293,1.25593,1.25265,1.2536399999999999,15842,MT5,H4
2023-11-21 16:00:00,1.2536399999999999,1.25507,1.25176,1.25406,11657,MT5,H4
2023-11-21 20:00:00,1.25407,1.25447,1.25264,1.25423,3943,MT5,H4
2023-11-22 00:00:00,1.25428,1.2549299999999999,1.25316,1.25389,6335,MT5,H4
2023-11-22 04:00:00,1.25389,1.2541,1.25125,1.25257,7389,MT5,H4
2023-11-22 08:00:00,1.25261,1.25375,1.25065,1.25342,12509,MT5,H4
2023-11-22 12:00:00,1.25346,1.25484,1.2448299999999999,1.24586,19512,MT5,H4
2023-11-22 16:00:00,1.24587,1.24946,1.24526,1.24897,9521,MT5,H4
2023-11-22 20:00:00,1.24897,1.2496800000000001,1.24872,1.24888,3459,MT5,H4
2023-11-23 00:00:00,1.24888,1.25064,1.24884,1.25053,5022,MT5,H4
2023-11-23 04:00:00,1.25051,1.25186,1.24998,1.25173,6896,MT5,H4
2023-11-23 08:00:00,1.25173,1.25715,1.25035,1.25563,14696,MT5,H4
2023-11-23 12:00:00,1.25563,1.25584,1.25247,1.25389,10161,MT5,H4
2023-11-23 16:00:00,1.25387,1.25389,1.25279,1.25336,3559,MT5,H4
2023-11-23 20:00:00,1.25336,1.25365,1.25194,1.25312,2241,MT5,H4
2023-11-24 00:00:00,1.2532,1.25444,1.2524199999999999,1.25352,5286,MT5,H4
2023-11-24 04:00:00,1.2535,1.25461,1.25262,1.25324,5680,MT5,H4
2023-11-24 08:00:00,1.2532,1.25701,1.25291,1.25677,10936,MT5,H4
2023-11-24 12:00:00,1.25677,1.26153,1.25614,1.26123,13179,MT5,H4
2023-11-24 16:00:00,1.26122,1.26146,1.25959,1.2607,6313,MT5,H4
2023-11-24 20:00:00,1.2607,1.26109,1.26009,1.2603900000000001,2995,MT5,H4
2023-11-26 20:00:00,1.2593,1.2604199999999999,1.25921,1.25977,1215,MT5,H4
2023-11-27 00:00:00,1.2599,1.26101,1.25909,1.2605,7564,MT5,H4
2023-11-27 04:00:00,1.2605,1.26267,1.25994,1.26172,7954,MT5,H4
2023-11-27 08:00:00,1.26167,1.26363,1.26018,1.2634400000000001,11181,MT5,H4
2023-11-27 12:00:00,1.26341,1.2644,1.26027,1.26056,16936,MT5,H4
2023-11-27 16:00:00,1.26056,1.26337,1.2600500000000001,1.26319,10060,MT5,H4
2023-11-27 20:00:00,1.26322,1.2634400000000001,1.26186,1.26338,4117,MT5,H4
2023-11-28 00:00:00,1.26339,1.26418,1.2629299999999999,1.2631700000000001,7008,MT5,H4
2023-11-28 04:00:00,1.2631700000000001,1.26327,1.26089,1.26117,6977,MT5,H4
2023-11-28 08:00:00,1.26119,1.26397,1.26063,1.26199,10982,MT5,H4
2023-11-28 12:00:00,1.26201,1.26986,1.26078,1.26824,20394,MT5,H4
2023-11-28 16:00:00,1.26827,1.27148,1.2673,1.26982,14877,MT5,H4
2023-11-28 20:00:00,1.26978,1.27126,1.268,1.27118,5015,MT5,H4
2023-11-29 00:00:00,1.27122,1.27331,1.27035,1.27078,8971,MT5,H4
2023-11-29 04:00:00,1.27075,1.27213,1.26894,1.26972,9305,MT5,H4
2023-11-29 08:00:00,1.2697,1.27135,1.26732,1.26882,13941,MT5,H4
2023-11-29 12:00:00,1.26881,1.27107,1.26645,1.26965,21031,MT5,H4
2023-11-29 16:00:00,1.2696,1.27272,1.26699,1.27075,10842,MT5,H4
2023-11-29 20:00:00,1.27074,1.2708,1.2688,1.26944,4460,MT5,H4
2023-11-30 00:00:00,1.26944,1.2705600000000001,1.2690000000000001,1.26982,7223,MT5,H4
2023-11-30 04:00:00,1.26983,1.27085,1.2677800000000001,1.26932,7945,MT5,H4
2023-11-30 08:00:00,1.2693400000000001,1.27102,1.26315,1.26395,15003,MT5,H4
2023-11-30 12:00:00,1.26395,1.26785,1.26033,1.2656800000000001,26352,MT5,H4
2023-11-30 16:00:00,1.26567,1.26636,1.2612700000000001,1.26231,14186,MT5,H4
2023-11-30 20:00:00,1.2623199999999999,1.26323,1.26118,1.26301,5174,MT5,H4
2023-12-01 00:00:00,1.26306,1.2656100000000001,1.263,1.26342,7218,MT5,H4
2023-12-01 04:00:00,1.2634,1.26453,1.26289,1.26332,8013,MT5,H4
2023-12-01 08:00:00,1.26335,1.26752,1.26295,1.26458,13025,MT5,H4
2023-12-01 12:00:00,1.26458,1.26551,1.2613699999999999,1.26359,19348,MT5,H4
2023-12-01 16:00:00,1.26359,1.27156,1.2624900000000001,1.2699799999999999,18862,MT5,H4
2023-12-01 20:00:00,1.2699799999999999,1.2711700000000001,1.2698,1.27104,3048,MT5,H4
2023-12-03 20:00:00,1.26979,1.27245,1.26824,1.27106,2671,MT5,H4
2023-12-04 00:00:00,1.27114,1.27121,1.26671,1.26772,10909,MT5,H4
2023-12-04 04:00:00,1.26772,1.26852,1.2661,1.26646,9555,MT5,H4
2023-12-04 08:00:00,1.26642,1.26872,1.26529,1.26831,14405,MT5,H4
2023-12-04 12:00:00,1.26828,1.2684,1.26036,1.26105,20821,MT5,H4
2023-12-04 16:00:00,1.2610299999999999,1.26352,1.26051,1.26217,11479,MT5,H4
2023-12-04 20:00:00,1.2622,1.26341,1.26207,1.2633,4867,MT5,H4
2023-12-05 00:00:00,1.26332,1.26441,1.26272,1.26331,7649,MT5,H4
2023-12-05 04:00:00,1.26328,1.26411,1.26057,1.26094,9175,MT5,H4
2023-12-05 08:00:00,1.26092,1.26455,1.2609,1.2622200000000001,15253,MT5,H4
2023-12-05 12:00:00,1.2622499999999999,1.26515,1.25984,1.2612700000000001,22678,MT5,H4
2023-12-05 16:00:00,1.2612999999999999,1.26187,1.2577,1.2582499999999999,13329,MT5,H4
2023-12-05 20:00:00,1.25824,1.25963,1.25793,1.25933,4879,MT5,H4
2023-12-06 00:00:00,1.25937,1.26124,1.2591999999999999,1.2610299999999999,7291,MT5,H4
2023-12-06 04:00:00,1.2610299999999999,1.26138,1.25935,1.26068,7702,MT5,H4
2023-12-06 08:00:00,1.2606600000000001,1.26114,1.25816,1.25874,13641,MT5,H4
2023-12-06 12:00:00,1.25873,1.2604600000000001,1.2581,1.25927,18969,MT5,H4
2023-12-06 16:00:00,1.25923,1.26045,1.25576,1.2561499999999999,10311,MT5,H4
2023-12-06 20:00:00,1.25614,1.25616,1.25511,1.25572,4231,MT5,H4
2023-12-07 00:00:00,1.25575,1.25643,1.25477,1.25489,6723,MT5,H4
2023-12-07 04:00:00,1.2548599999999999,1.25853,1.25441,1.25806,8525,MT5,H4
2023-12-07 08:00:00,1.25806,1.2593,1.2561499999999999,1.25708,13737,MT5,H4
2023-12-07 12:00:00,1.25713,1.25936,1.25454,1.25738,20741,MT5,H4
2023-12-07 16:00:00,1.2573699999999999,1.26122,1.25688,1.25912,13697,MT5,H4
2023-12-07 20:00:00,1.25911,1.25973,1.25804,1.25865,4474,MT5,H4
2023-12-08 00:00:00,1.25872,1.26011,1.25843,1.25905,10156,MT5,H4
2023-12-08 04:00:00,1.25907,1.25959,1.25595,1.25656,9979,MT5,H4
2023-12-08 08:00:00,1.25651,1.25868,1.25545,1.25796,13582,MT5,H4
2023-12-08 12:00:00,1.2579799999999999,1.25843,1.25019,1.2545899999999999,28209,MT5,H4
2023-12-08 16:00:00,1.25458,1.25553,1.25228,1.25499,11706,MT5,H4
2023-12-08 20:00:00,1.25499,1.25503,1.25421,1.25485,3538,MT5,H4
2023-12-10 20:00:00,1.25285,1.25528,1.25285,1.25526,1739,MT5,H4
2023-12-11 00:00:00,1.25539,1.25586,1.25403,1.25412,7785,MT5,H4
2023-12-11 04:00:00,1.25412,1.25473,1.25346,1.2540200000000001,7707,MT5,H4
2023-12-11 08:00:00,1.2540499999999999,1.25898,1.25387,1.25894,11673,MT5,H4
2023-12-11 12:00:00,1.25897,1.25904,1.25481,1.255,13750,MT5,H4
2023-12-11 16:00:00,1.25502,1.25671,1.2538,1.25552,9626,MT5,H4
2023-12-11 20:00:00,1.2555100000000001,1.25592,1.25511,1.25531,3793,MT5,H4
2023-12-12 00:00:00,1.25532,1.25755,1.2552699999999999,1.25746,6547,MT5,H4
2023-12-12 04:00:00,1.25746,1.2584,1.2560799999999999,1.2564,8138,MT5,H4
2023-12-12 08:00:00,1.25641,1.25812,1.25424,1.2570299999999999,11703,MT5,H4
2023-12-12 12:00:00,1.25705,1.2615,1.2514,1.25601,24077,MT5,H4
2023-12-12 16:00:00,1.25599,1.25713,1.25415,1.25627,11884,MT5,H4
2023-12-12 20:00:00,1.25629,1.25718,1.25553,1.25679,5098,MT5,H4
2023-12-13 00:00:00,1.25684,1.2570700000000001,1.25481,1.25522,6109,MT5,H4
2023-12-13 04:00:00,1.25519,1.256,1.2518099999999999,1.25207,7883,MT5,H4
2023-12-13 08:00:00,1.2521,1.2536800000000001,1.25089,1.2527,11158,MT5,H4
2023-12-13 12:00:00,1.25275,1.25476,1.25047,1.25253,15379,MT5,H4
2023-12-13 16:00:00,1.25253,1.26312,1.24998,1.26262,21277,MT5,H4
2023-12-13 20:00:00,1.26267,1.26346,1.26089,1.26209,11704,MT5,H4
2023-12-14 00:00:00,1.2621,1.26524,1.2619099999999999,1.26455,11521,MT5,H4
2023-12-14 04:00:00,1.26455,1.2646600000000001,1.26119,1.262,11949,MT5,H4
2023-12-14 08:00:00,1.26201,1.26799,1.26152,1.26631,17530,MT5,H4
2023-12-14 12:00:00,1.26637,1.27633,1.26627,1.27585,33994,MT5,H4
2023-12-14 16:00:00,1.27589,1.27942,1.2748,1.2757,15020,MT5,H4
2023-12-14 20:00:00,1.27576,1.27718,1.27539,1.27699,6206,MT5,H4
2023-12-15 00:00:00,1.27699,1.27707,1.27472,1.2766199999999999,8899,MT5,H4
2023-12-15 04:00:00,1.27661,1.27736,1.27524,1.27679,9779,MT5,H4
2023-12-15 08:00:00,1.27674,1.27902,1.27401,1.27712,16330,MT5,H4
2023-12-15 12:00:00,1.27713,1.27746,1.2695,1.26986,23397,MT5,H4
2023-12-15 16:00:00,1.2698800000000001,1.27157,1.26678,1.26897,13008,MT5,H4
2023-12-15 20:00:00,1.2689300000000001,1.26962,1.26699,1.26819,5007,MT5,H4
2023-12-17 20:00:00,1.26722,1.2676,1.2659500000000001,1.2671299999999999,1448,MT5,H4
2023-12-18 00:00:00,1.26715,1.2699500000000001,1.26709,1.26938,8270,MT5,H4
2023-12-18 04:00:00,1.26938,1.27036,1.2685,1.26906,8306,MT5,H4
2023-12-18 08:00:00,1.26911,1.26951,1.26456,1.26541,13001,MT5,H4
2023-12-18 12:00:00,1.26545,1.26723,1.26355,1.26434,15728,MT5,H4
2023-12-18 16:00:00,1.2643900000000001,1.26558,1.26285,1.26395,10741,MT5,H4
2023-12-18 20:00:00,1.26395,1.26526,1.26356,1.26519,5431,MT5,H4
2023-12-19 00:00:00,1.26526,1.26641,1.26488,1.26597,8662,MT5,H4
2023-12-19 04:00:00,1.2659500000000001,1.26772,1.2651,1.26668,9843,MT5,H4
2023-12-19 08:00:00,1.26674,1.27132,1.2664,1.2702,13164,MT5,H4
2023-12-19 12:00:00,1.27021,1.27575,1.27014,1.27385,17303,MT5,H4
2023-12-19 16:00:00,1.27387,1.2762,1.27198,1.27226,11037,MT5,H4
2023-12-19 20:00:00,1.27226,1.27325,1.27159,1.27301,5482,MT5,H4
2023-12-20 00:00:00,1.27301,1.27301,1.27157,1.27197,6167,MT5,H4
2023-12-20 04:00:00,1.27197,1.27255,1.26472,1.2663,9920,MT5,H4
2023-12-20 08:00:00,1.26632,1.26794,1.26486,1.2651,13660,MT5,H4
2023-12-20 12:00:00,1.26509,1.26821,1.26295,1.2668,17168,MT5,H4
2023-12-20 16:00:00,1.26679,1.2675,1.26399,1.26422,11241,MT5,H4
2023-12-20 20:00:00,1.26419,1.26457,1.26245,1.26398,8641,MT5,H4
2023-12-21 00:00:00,1.26399,1.2650000000000001,1.26302,1.26343,7780,MT5,H4
2023-12-21 04:00:00,1.26342,1.2651,1.26318,1.26371,8859,MT5,H4
2023-12-21 08:00:00,1.26369,1.26743,1.26121,1.26654,12506,MT5,H4
2023-12-21 12:00:00,1.26658,1.26958,1.2643900000000001,1.2655699999999999,21192,MT5,H4
2023-12-21 16:00:00,1.26559,1.26922,1.26424,1.26847,15215,MT5,H4
2023-12-21 20:00:00,1.26848,1.26923,1.26667,1.26828,5698,MT5,H4
2023-12-22 00:00:00,1.26827,1.26913,1.26787,1.2683200000000001,7947,MT5,H4
2023-12-22 04:00:00,1.26833,1.2715,1.2681,1.26945,9536,MT5,H4
2023-12-22 08:00:00,1.26947,1.27431,1.26824,1.27336,12727,MT5,H4
2023-12-22 12:00:00,1.27337,1.27441,1.26929,1.27157,19004,MT5,H4
2023-12-22 16:00:00,1.27159,1.27282,1.26897,1.27028,14117,MT5,H4
2023-12-22 20:00:00,1.2703,1.27048,1.26956,1.26984,3659,MT5,H4
2023-12-25 20:00:00,1.2693699999999999,1.27036,1.26514,1.26968,1562,MT5,H4
2023-12-26 00:00:00,1.26963,1.27098,1.2691,1.27066,5973,MT5,H4
2023-12-26 04:00:00,1.27063,1.27102,1.2687,1.26923,5727,MT5,H4
2023-12-26 08:00:00,1.26923,1.27009,1.26773,1.26916,7087,MT5,H4
2023-12-26 12:00:00,1.26916,1.27195,1.26838,1.27046,9438,MT5,H4
2023-12-26 16:00:00,1.27047,1.27237,1.2701500000000001,1.27223,7763,MT5,H4
2023-12-26 20:00:00,1.27224,1.27302,1.27158,1.27249,3716,MT5,H4
2023-12-27 00:00:00,1.27255,1.2728,1.27162,1.2724199999999999,6646,MT5,H4
2023-12-27 04:00:00,1.2724199999999999,1.27353,1.27236,1.27257,6737,MT5,H4
2023-12-27 08:00:00,1.27254,1.2738399999999999,1.26986,1.27352,10598,MT5,H4
2023-12-27 12:00:00,1.27344,1.27884,1.27309,1.27884,13702,MT5,H4
2023-12-27 16:00:00,1.2787899999999999,1.28024,1.27831,1.27935,10778,MT5,H4
2023-12-27 20:00:00,1.2793999999999999,1.28023,1.27894,1.27996,4670,MT5,H4
2023-12-28 00:00:00,1.27999,1.28143,1.27985,1.28124,5999,MT5,H4
2023-12-28 04:00:00,1.28125,1.28275,1.28044,1.2818,7086,MT5,H4
2023-12-28 08:00:00,1.28185,1.2818800000000001,1.27874,1.27915,10695,MT5,H4
2023-12-28 12:00:00,1.27916,1.27916,1.2737,1.27706,14767,MT5,H4
2023-12-28 16:00:00,1.27706,1.27707,1.27122,1.27264,10514,MT5,H4
2023-12-28 20:00:00,1.27264,1.27378,1.27228,1.2734,4837,MT5,H4
2023-12-29 00:00:00,1.2734,1.27468,1.2729,1.27373,6149,MT5,H4
2023-12-29 04:00:00,1.27373,1.27724,1.27363,1.27465,6919,MT5,H4
2023-12-29 08:00:00,1.27467,1.27568,1.27001,1.27455,10769,MT5,H4
2023-12-29 12:00:00,1.27454,1.27594,1.27006,1.27472,16329,MT5,H4
2023-12-29 16:00:00,1.27472,1.27667,1.2730299999999999,1.27455,15131,MT5,H4
2023-12-29 20:00:00,1.27459,1.27557,1.2730000000000001,1.2731,3825,MT5,H4
2024-01-01 20:00:00,1.27402,1.27444,1.26765,1.27222,1604,MT5,H4
2024-01-02 00:00:00,1.27225,1.2730000000000001,1.27047,1.27136,5980,MT5,H4
2024-01-02 04:00:00,1.2713700000000001,1.27387,1.2705899999999999,1.2726899999999999,5996,MT5,H4
2024-01-02 08:00:00,1.2726899999999999,1.2754699999999999,1.2653699999999999,1.26619,13712,MT5,H4
2024-01-02 12:00:00,1.26621,1.26627,1.26148,1.26248,21302,MT5,H4
2024-01-02 16:00:00,1.2625,1.26368,1.26104,1.26197,12545,MT5,H4
2024-01-02 20:00:00,1.26197,1.26264,1.2615,1.26223,4907,MT5,H4
2024-01-03 00:00:00,1.26226,1.26407,1.26197,1.26402,6639,MT5,H4
2024-01-03 04:00:00,1.26402,1.26467,1.26239,1.26434,8000,MT5,H4
2024-01-03 08:00:00,1.26432,1.26523,1.26182,1.26267,13352,MT5,H4
2024-01-03 12:00:00,1.26269,1.2656399999999999,1.26153,1.26276,21540,MT5,H4
2024-01-03 16:00:00,1.26274,1.26765,1.26268,1.26637,18734,MT5,H4
2024-01-03 20:00:00,1.26639,1.26735,1.26541,1.26728,7132,MT5,H4
2024-01-04 00:00:00,1.2673,1.26733,1.26567,1.26732,7124,MT5,H4
2024-01-04 04:00:00,1.26732,1.26936,1.2662900000000001,1.26929,9222,MT5,H4
2024-01-04 08:00:00,1.26931,1.27294,1.26816,1.26897,15323,MT5,H4
2024-01-04 12:00:00,1.2690000000000001,1.27103,1.26644,1.26989,18364,MT5,H4
2024-01-04 16:00:00,1.2699099999999999,1.2704,1.26722,1.26828,11494,MT5,H4
2024-01-04 20:00:00,1.26828,1.2687,1.26757,1.26807,4622,MT5,H4
2024-01-05 00:00:00,1.2680799999999999,1.2696100000000001,1.26788,1.26809,6877,MT5,H4
2024-01-05 04:00:00,1.26809,1.2686,1.26646,1.26784,8069,MT5,H4
2024-01-05 08:00:00,1.26786,1.26887,1.26501,1.26532,11921,MT5,H4
2024-01-05 12:00:00,1.26536,1.27707,1.2610700000000001,1.27514,34533,MT5,H4
2024-01-05 16:00:00,1.27516,1.27551,1.27099,1.27233,17545,MT5,H4
2024-01-05 20:00:00,1.27231,1.27237,1.27155,1.27191,4747,MT5,H4
2024-01-07 20:00:00,1.27111,1.27188,1.27068,1.27159,1238,MT5,H4
2024-01-08 00:00:00,1.27168,1.27297,1.2698800000000001,1.27016,6706,MT5,H4
2024-01-08 04:00:00,1.27012,1.27199,1.26977,1.27082,7443,MT5,H4
2024-01-08 08:00:00,1.27081,1.27132,1.2673,1.26978,13115,MT5,H4
2024-01-08 12:00:00,1.26979,1.27556,1.26979,1.27499,16102,MT5,H4
2024-01-08 16:00:00,1.27501,1.27668,1.27398,1.27588,9902,MT5,H4
2024-01-08 20:00:00,1.27585,1.27585,1.274,1.27408,4953,MT5,H4
2024-01-09 00:00:00,1.27408,1.27649,1.27402,1.27559,7442,MT5,H4
2024-01-09 04:00:00,1.2756,1.2756,1.27338,1.27468,7415,MT5,H4
2024-01-09 08:00:00,1.27466,1.27466,1.27068,1.27128,11281,MT5,H4
2024-01-09 12:00:00,1.27127,1.2735400000000001,1.27009,1.27031,15554,MT5,H4
2024-01-09 16:00:00,1.27033,1.27184,1.26892,1.26992,11242,MT5,H4
2024-01-09 20:00:00,1.26993,1.2711299999999999,1.26993,1.27104,4435,MT5,H4
2024-01-10 00:00:00,1.27107,1.27177,1.26981,1.26989,6387,MT5,H4
2024-01-10 04:00:00,1.2699099999999999,1.27054,1.2686,1.26974,6928,MT5,H4
2024-01-10 08:00:00,1.26972,1.27343,1.26965,1.27252,10774,MT5,H4
2024-01-10 12:00:00,1.27252,1.27407,1.2713,1.27358,12783,MT5,H4
2024-01-10 16:00:00,1.2736,1.2742499999999999,1.2718,1.27421,9050,MT5,H4
2024-01-10 20:00:00,1.27421,1.27443,1.27291,1.2744,4998,MT5,H4
2024-01-11 00:00:00,1.27442,1.27695,1.27438,1.27664,6734,MT5,H4
2024-01-11 04:00:00,1.27664,1.2774,1.27593,1.27644,6499,MT5,H4
2024-01-11 08:00:00,1.27647,1.2768,1.2733400000000001,1.27653,10348,MT5,H4
2024-01-11 12:00:00,1.27657,1.27829,1.26898,1.27138,30067,MT5,H4
2024-01-11 16:00:00,1.27135,1.27652,1.26993,1.27623,17532,MT5,H4
2024-01-11 20:00:00,1.27622,1.2778800000000001,1.27414,1.2778100000000001,6964,MT5,H4
2024-01-12 00:00:00,1.2778399999999999,1.27846,1.27654,1.27759,7754,MT5,H4
2024-01-12 04:00:00,1.27759,1.2778100000000001,1.2753999999999999,1.27559,8059,MT5,H4
2024-01-12 08:00:00,1.27555,1.27792,1.27247,1.27252,11250,MT5,H4
2024-01-12 12:00:00,1.27252,1.27854,1.27191,1.27614,20965,MT5,H4
2024-01-12 16:00:00,1.27614,1.27685,1.27321,1.27473,11611,MT5,H4
2024-01-12 20:00:00,1.27471,1.27541,1.2742499999999999,1.27534,4821,MT5,H4
2024-01-14 20:00:00,1.2738399999999999,1.27493,1.27337,1.27345,1384,MT5,H4
2024-01-15 00:00:00,1.2735400000000001,1.27653,1.27283,1.27583,7975,MT5,H4
2024-01-15 04:00:00,1.27583,1.27597,1.27407,1.27432,6304,MT5,H4
2024-01-15 08:00:00,1.27429,1.27589,1.27126,1.27311,11101,MT5,H4
2024-01-15 12:00:00,1.27309,1.27392,1.27128,1.27304,11184,MT5,H4
2024-01-15 16:00:00,1.27308,1.2738399999999999,1.27252,1.27256,4106,MT5,H4
2024-01-15 20:00:00,1.27256,1.27287,1.27141,1.27149,2211,MT5,H4
2024-01-16 00:00:00,1.27151,1.27166,1.26784,1.2682,8655,MT5,H4
2024-01-16 04:00:00,1.26819,1.2686600000000001,1.26611,1.26725,8258,MT5,H4
2024-01-16 08:00:00,1.26724,1.26763,1.26199,1.26458,16591,MT5,H4
2024-01-16 12:00:00,1.26458,1.26724,1.2637,1.2665,21153,MT5,H4
2024-01-16 16:00:00,1.26655,1.26789,1.2619099999999999,1.26314,19473,MT5,H4
2024-01-16 20:00:00,1.2631299999999999,1.26386,1.26274,1.26373,4881,MT5,H4
2024-01-17 00:00:00,1.26375,1.26437,1.26162,1.26189,7652,MT5,H4
2024-01-17 04:00:00,1.26187,1.26569,1.25961,1.2656399999999999,11391,MT5,H4
2024-01-17 08:00:00,1.26559,1.2696100000000001,1.26434,1.26915,16105,MT5,H4
2024-01-17 12:00:00,1.26915,1.26922,1.26379,1.26569,19004,MT5,H4
2024-01-17 16:00:00,1.26567,1.26854,1.26556,1.26772,12712,MT5,H4
2024-01-17 20:00:00,1.26776,1.26867,1.26708,1.26762,4940,MT5,H4
2024-01-18 00:00:00,1.26769,1.26953,1.2671000000000001,1.26818,8625,MT5,H4
2024-01-18 04:00:00,1.26816,1.27037,1.26775,1.26975,9153,MT5,H4
2024-01-18 08:00:00,1.26977,1.26982,1.26723,1.26847,13951,MT5,H4
2024-01-18 12:00:00,1.26849,1.2691,1.26478,1.26732,21829,MT5,H4
2024-01-18 16:00:00,1.26728,1.27014,1.26697,1.26859,13388,MT5,H4
2024-01-18 20:00:00,1.26859,1.27116,1.2684199999999999,1.27105,4895,MT5,H4
2024-01-19 00:00:00,1.27108,1.27142,1.26997,1.27126,7010,MT5,H4
2024-01-19 04:00:00,1.27126,1.27129,1.26716,1.26859,8289,MT5,H4
2024-01-19 08:00:00,1.26857,1.26906,1.26653,1.26809,12747,MT5,H4
2024-01-19 12:00:00,1.2680799999999999,1.26864,1.2661,1.26795,16612,MT5,H4
2024-01-19 16:00:00,1.26794,1.2699,1.2665,1.26967,11000,MT5,H4
2024-01-19 20:00:00,1.26965,1.27061,1.26943,1.27039,3268,MT5,H4
2024-01-21 20:00:00,1.26821,1.27072,1.26821,1.26983,1724,MT5,H4
2024-01-22 00:00:00,1.2698800000000001,1.2718,1.26958,1.27127,7489,MT5,H4
2024-01-22 04:00:00,1.27127,1.27243,1.26976,1.2703,7474,MT5,H4
2024-01-22 08:00:00,1.2703,1.2714400000000001,1.26865,1.2713700000000001,10763,MT5,H4
2024-01-22 12:00:00,1.2713999999999999,1.27314,1.27097,1.2720099999999999,13739,MT5,H4
2024-01-22 16:00:00,1.27203,1.2732700000000001,1.26977,1.27047,9704,MT5,H4
2024-01-22 20:00:00,1.2704900000000001,1.2711000000000001,1.26996,1.27057,4558,MT5,H4
2024-01-23 00:00:00,1.2706,1.27282,1.27057,1.27247,7415,MT5,H4
2024-01-23 04:00:00,1.27248,1.27471,1.27229,1.27419,8587,MT5,H4
2024-01-23 08:00:00,1.27419,1.27438,1.26996,1.27061,11474,MT5,H4
2024-01-23 12:00:00,1.2705899999999999,1.2718099999999999,1.26579,1.26653,13881,MT5,H4
2024-01-23 16:00:00,1.26654,1.26821,1.26488,1.268,9668,MT5,H4
2024-01-23 20:00:00,1.26799,1.26936,1.26779,1.26906,4148,MT5,H4
2024-01-24 00:00:00,1.26908,1.27,1.26855,1.26958,6502,MT5,H4
2024-01-24 04:00:00,1.2696,1.27125,1.2695400000000001,1.27039,7352,MT5,H4
2024-01-24 08:00:00,1.27042,1.27732,1.27036,1.27403,13860,MT5,H4
2024-01-24 12:00:00,1.27401,1.27744,1.27278,1.27522,17441,MT5,H4
2024-01-24 16:00:00,1.27526,1.27543,1.27132,1.27254,12656,MT5,H4
2024-01-24 20:00:00,1.27249,1.27308,1.27142,1.27189,4795,MT5,H4
2024-01-25 00:00:00,1.2718099999999999,1.27194,1.27031,1.27129,7550,MT5,H4
2024-01-25 04:00:00,1.27128,1.27337,1.27068,1.27313,7355,MT5,H4
2024-01-25 08:00:00,1.27318,1.27424,1.272,1.27321,11565,MT5,H4
2024-01-25 12:00:00,1.2732700000000001,1.27402,1.26947,1.26994,23939,MT5,H4
2024-01-25 16:00:00,1.26992,1.27067,1.26813,1.27004,12987,MT5,H4
2024-01-25 20:00:00,1.27004,1.27114,1.2695400000000001,1.27062,4641,MT5,H4
2024-01-26 00:00:00,1.2705600000000001,1.27157,1.27006,1.27102,5917,MT5,H4
2024-01-26 04:00:00,1.27102,1.2711299999999999,1.26753,1.26818,7672,MT5,H4
2024-01-26 08:00:00,1.26819,1.27463,1.2680799999999999,1.2741799999999999,11592,MT5,H4
2024-01-26 12:00:00,1.27419,1.27582,1.27199,1.27224,17654,MT5,H4
2024-01-26 16:00:00,1.27221,1.2724,1.26986,1.27048,9661,MT5,H4
2024-01-26 20:00:00,1.2705,1.27096,1.2699799999999999,1.2702,2830,MT5,H4
2024-01-28 20:00:00,1.26891,1.27013,1.2687300000000001,1.26962,1896,MT5,H4
2024-01-29 00:00:00,1.26967,1.27057,1.2691,1.27026,6949,MT5,H4
2024-01-29 04:00:00,1.27028,1.27184,1.27002,1.27106,7216,MT5,H4
2024-01-29 08:00:00,1.27105,1.27143,1.26918,1.2695,11095,MT5,H4
2024-01-29 12:00:00,1.26948,1.27125,1.26619,1.26777,12331,MT5,H4
2024-01-29 16:00:00,1.26772,1.26929,1.26734,1.26916,8268,MT5,H4
2024-01-29 20:00:00,1.26919,1.27169,1.26919,1.2711299999999999,5927,MT5,H4
2024-01-30 00:00:00,1.27116,1.2720799999999999,1.27053,1.27078,6495,MT5,H4
2024-01-30 04:00:00,1.2708,1.27118,1.26833,1.26953,7570,MT5,H4
2024-01-30 08:00:00,1.26955,1.26989,1.26709,1.2677800000000001,11356,MT5,H4
2024-01-30 12:00:00,1.2677800000000001,1.2687599999999999,1.26398,1.26651,15741,MT5,H4
2024-01-30 16:00:00,1.26648,1.2696100000000001,1.2659,1.26953,9709,MT5,H4
2024-01-30 20:00:00,1.26953,1.27002,1.26889,1.26939,4730,MT5,H4
2024-01-31 00:00:00,1.26939,1.27004,1.26725,1.26765,7052,MT5,H4
2024-01-31 04:00:00,1.26763,1.26825,1.26663,1.26745,6589,MT5,H4
2024-01-31 08:00:00,1.26743,1.2697,1.26666,1.26837,11287,MT5,H4
2024-01-31 12:00:00,1.26838,1.27504,1.26783,1.27322,20036,MT5,H4
2024-01-31 16:00:00,1.2732,1.27387,1.26848,1.27116,25623,MT5,H4
2024-01-31 20:00:00,1.2711299999999999,1.27129,1.26579,1.26793,16560,MT5,H4
2024-02-01 00:00:00,1.26794,1.2698,1.26741,1.26848,8137,MT5,H4
2024-02-01 04:00:00,1.26851,1.26862,1.26419,1.2654,8610,MT5,H4
2024-02-01 08:00:00,1.26539,1.26585,1.2624900000000001,1.2641,13327,MT5,H4
2024-02-01 12:00:00,1.26413,1.26852,1.26346,1.26816,21487,MT5,H4
2024-02-01 16:00:00,1.26814,1.27554,1.2679,1.27467,15374,MT5,H4
2024-02-01 20:00:00,1.27469,1.27504,1.27404,1.27455,4949,MT5,H4
2024-02-02 00:00:00,1.27458,1.27545,1.2742,1.27478,6342,MT5,H4
2024-02-02 04:00:00,1.2747899999999999,1.2757,1.27431,1.27502,7667,MT5,H4
2024-02-02 08:00:00,1.27502,1.27719,1.2741799999999999,1.27588,10699,MT5,H4
2024-02-02 12:00:00,1.2759,1.27692,1.26331,1.26566,23109,MT5,H4
2024-02-02 16:00:00,1.26567,1.26584,1.26135,1.26385,12224,MT5,H4
2024-02-02 20:00:00,1.26384,1.26425,1.26296,1.2633,3421,MT5,H4
2024-02-04 20:00:00,1.2628,1.26325,1.26108,1.26211,1822,MT5,H4
2024-02-05 00:00:00,1.26215,1.26261,1.2598500000000001,1.26113,9735,MT5,H4
2024-02-05 04:00:00,1.26109,1.26233,1.26031,1.26165,8205,MT5,H4
2024-02-05 08:00:00,1.26166,1.26291,1.2572,1.2574,11047,MT5,H4
2024-02-05 12:00:00,1.2574100000000001,1.25757,1.25176,1.25198,13761,MT5,H4
2024-02-05 16:00:00,1.25199,1.25438,1.25192,1.25342,8246,MT5,H4
2024-02-05 20:00:00,1.2534,1.25386,1.25261,1.2533,3991,MT5,H4
2024-02-06 00:00:00,1.25335,1.25488,1.25332,1.25416,6782,MT5,H4
2024-02-06 04:00:00,1.25414,1.2564899999999999,1.25414,1.25546,8923,MT5,H4
2024-02-06 08:00:00,1.25546,1.25643,1.2536,1.25539,11219,MT5,H4
2024-02-06 12:00:00,1.25537,1.25838,1.25407,1.25765,15289,MT5,H4
2024-02-06 16:00:00,1.25766,1.26001,1.25726,1.25937,11504,MT5,H4
2024-02-06 20:00:00,1.25939,1.26051,1.25925,1.26027,5027,MT5,H4
2024-02-07 00:00:00,1.26032,1.26125,1.25968,1.26014,6230,MT5,H4
2024-02-07 04:00:00,1.26013,1.26278,1.25979,1.26275,7425,MT5,H4
2024-02-07 08:00:00,1.26274,1.26375,1.2616,1.2631299999999999,10226,MT5,H4
2024-02-07 12:00:00,1.26312,1.2641499999999999,1.2619500000000001,1.26307,14529,MT5,H4
2024-02-07 16:00:00,1.26307,1.26342,1.2616100000000001,1.26279,10730,MT5,H4
2024-02-07 20:00:00,1.26277,1.26319,1.2622,1.26264,4532,MT5,H4
2024-02-08 00:00:00,1.26265,1.26384,1.2625,1.26322,5990,MT5,H4
2024-02-08 04:00:00,1.26322,1.2637399999999999,1.2624,1.26276,7398,MT5,H4
2024-02-08 08:00:00,1.26273,1.2634400000000001,1.25999,1.26058,10357,MT5,H4
2024-02-08 12:00:00,1.26056,1.26114,1.25716,1.26041,13932,MT5,H4
2024-02-08 16:00:00,1.2604600000000001,1.26292,1.26031,1.26148,10321,MT5,H4
2024-02-08 20:00:00,1.26151,1.26204,1.26108,1.26193,4014,MT5,H4
2024-02-09 00:00:00,1.26202,1.2622,1.26125,1.26151,5664,MT5,H4
2024-02-09 04:00:00,1.26155,1.26338,1.26113,1.2631999999999999,5554,MT5,H4
2024-02-09 08:00:00,1.26318,1.26345,1.2601,1.26078,10199,MT5,H4
2024-02-09 12:00:00,1.26078,1.26428,1.2598799999999999,1.26339,17239,MT5,H4
2024-02-09 16:00:00,1.26341,1.26372,1.26207,1.26284,7584,MT5,H4
2024-02-09 20:00:00,1.26285,1.26355,1.26248,1.263,2907,MT5,H4
2024-02-11 20:00:00,1.26209,1.26359,1.26131,1.26348,1810,MT5,H4
2024-02-12 00:00:00,1.2636,1.2643499999999999,1.26264,1.2628599999999999,4857,MT5,H4
2024-02-12 04:00:00,1.2628599999999999,1.26544,1.26268,1.26462,5623,MT5,H4
2024-02-12 08:00:00,1.26461,1.2646600000000001,1.26098,1.26153,10889,MT5,H4
2024-02-12 12:00:00,1.26155,1.26257,1.26059,1.2615,10699,MT5,H4
2024-02-12 16:00:00,1.2615,1.264,1.26128,1.26241,8652,MT5,H4
2024-02-12 20:00:00,1.26241,1.26305,1.26217,1.2626,4419,MT5,H4
2024-02-13 00:00:00,1.26265,1.26278,1.26104,1.2610700000000001,4574,MT5,H4
2024-02-13 04:00:00,1.2610700000000001,1.26553,1.26088,1.26516,7009,MT5,H4
2024-02-13 08:00:00,1.26515,1.2676,1.2636,1.26674,11030,MT5,H4
2024-02-13 12:00:00,1.26671,1.2694,1.25753,1.26007,21950,MT5,H4
2024-02-13 16:00:00,1.26007,1.26081,1.25729,1.25743,10524,MT5,H4
2024-02-13 20:00:00,1.2574100000000001,1.25956,1.25735,1.25899,4988,MT5,H4
2024-02-14 00:00:00,1.25899,1.2602,1.25842,1.25994,7561,MT5,H4
2024-02-14 04:00:00,1.25994,1.2610700000000001,1.25557,1.25641,10002,MT5,H4
2024-02-14 08:00:00,1.25641,1.25641,1.25349,1.2551999999999999,12192,MT5,H4
2024-02-14 12:00:00,1.2551999999999999,1.25677,1.25394,1.25487,14120,MT5,H4
2024-02-14 16:00:00,1.25488,1.2570299999999999,1.25479,1.2560799999999999,10179,MT5,H4
2024-02-14 20:00:00,1.25606,1.25679,1.25601,1.25665,4318,MT5,H4
2024-02-15 00:00:00,1.2566899999999999,1.25731,1.25583,1.25638,5283,MT5,H4
2024-02-15 04:00:00,1.25638,1.25728,1.2542499999999999,1.25452,7362,MT5,H4
2024-02-15 08:00:00,1.2545,1.25603,1.25417,1.25491,9850,MT5,H4
2024-02-15 12:00:00,1.25489,1.25962,1.25407,1.25835,16454,MT5,H4
2024-02-15 16:00:00,1.25833,1.26004,1.25732,1.25953,9526,MT5,H4
2024-02-15 20:00:00,1.25956,1.26045,1.25895,1.25983,4395,MT5,H4
2024-02-16 00:00:00,1.2598099999999999,1.26002,1.2579,1.25812,6438,MT5,H4
2024-02-16 04:00:00,1.25814,1.26058,1.25767,1.259,7915,MT5,H4
2024-02-16 08:00:00,1.25898,1.26006,1.2574100000000001,1.2599,10093,MT5,H4
2024-02-16 12:00:00,1.25987,1.26004,1.25505,1.25839,16660,MT5,H4
2024-02-16 16:00:00,1.25842,1.26243,1.2582900000000001,1.26061,9680,MT5,H4
2024-02-16 20:00:00,1.26061,1.26062,1.25971,1.26001,3576,MT5,H4
2024-02-18 20:00:00,1.25971,1.26093,1.25918,1.26084,1892,MT5,H4
2024-02-19 00:00:00,1.26099,1.26269,1.26099,1.26122,6820,MT5,H4
2024-02-19 04:00:00,1.26122,1.26294,1.26113,1.26193,6605,MT5,H4
2024-02-19 08:00:00,1.26197,1.26275,1.26068,1.26109,9788,MT5,H4
2024-02-19 12:00:00,1.2610700000000001,1.26152,1.2584,1.2587,7920,MT5,H4
2024-02-19 16:00:00,1.25873,1.25991,1.2583199999999999,1.25972,3223,MT5,H4
2024-02-19 20:00:00,1.2597,1.26006,1.25849,1.25874,2426,MT5,H4
2024-02-20 00:00:00,1.25875,1.25925,1.25801,1.25846,6547,MT5,H4
2024-02-20 04:00:00,1.25846,1.25935,1.25788,1.25899,6283,MT5,H4
2024-02-20 08:00:00,1.25898,1.26154,1.25811,1.25901,11455,MT5,H4
2024-02-20 12:00:00,1.25902,1.26685,1.2588,1.26617,14232,MT5,H4
2024-02-20 16:00:00,1.26618,1.26624,1.26162,1.26185,8645,MT5,H4
2024-02-20 20:00:00,1.2618800000000001,1.26264,1.26163,1.2625899999999999,4514,MT5,H4
2024-02-21 00:00:00,1.26244,1.26371,1.2619099999999999,1.26366,6326,MT5,H4
2024-02-21 04:00:00,1.26368,1.2637,1.2618,1.26296,6780,MT5,H4
2024-02-21 08:00:00,1.26295,1.26327,1.26022,1.26155,9901,MT5,H4
2024-02-21 12:00:00,1.26155,1.26341,1.26096,1.26122,11562,MT5,H4
2024-02-21 16:00:00,1.2612,1.26413,1.26052,1.26318,11409,MT5,H4
2024-02-21 20:00:00,1.2631700000000001,1.2640500000000001,1.26246,1.26375,6038,MT5,H4
2024-02-22 00:00:00,1.26379,1.2646600000000001,1.2631000000000001,1.26369,5611,MT5,H4
2024-02-22 04:00:00,1.26367,1.26755,1.2634,1.26735,6308,MT5,H4
2024-02-22 08:00:00,1.26734,1.27093,1.2667,1.26801,13235,MT5,H4
2024-02-22 12:00:00,1.268,1.26824,1.2610999999999999,1.26206,15890,MT5,H4
2024-02-22 16:00:00,1.26209,1.26643,1.26204,1.26584,9399,MT5,H4
2024-02-22 20:00:00,1.26583,1.26645,1.26544,1.26609,4350,MT5,H4
2024-02-23 00:00:00,1.26612,1.26661,1.26481,1.26637,6356,MT5,H4
2024-02-23 04:00:00,1.26639,1.26719,1.2659099999999999,1.26692,5752,MT5,H4
2024-02-23 08:00:00,1.26692,1.26844,1.26486,1.26801,10206,MT5,H4
2024-02-23 12:00:00,1.268,1.27013,1.26669,1.26772,12229,MT5,H4
2024-02-23 16:00:00,1.2677,1.26857,1.26653,1.26745,8796,MT5,H4
2024-02-23 20:00:00,1.26745,1.26755,1.26663,1.26707,3040,MT5,H4
2024-02-25 20:00:00,1.26617,1.26742,1.2661,1.26708,1829,MT5,H4
2024-02-26 00:00:00,1.26697,1.26726,1.26565,1.26585,5320,MT5,H4
2024-02-26 04:00:00,1.26585,1.2677800000000001,1.26571,1.26761,5861,MT5,H4
2024-02-26 08:00:00,1.26764,1.2696399999999999,1.26663,1.26935,9295,MT5,H4
2024-02-26 12:00:00,1.26936,1.26992,1.26718,1.2683,10992,MT5,H4
2024-02-26 16:00:00,1.26831,1.26845,1.26705,1.26776,7496,MT5,H4
2024-02-26 20:00:00,1.26776,1.26877,1.26768,1.26836,3847,MT5,H4
2024-02-27 00:00:00,1.26836,1.26849,1.26742,1.26797,6140,MT5,H4
2024-02-27 04:00:00,1.26798,1.26949,1.26776,1.2690299999999999,6798,MT5,H4
2024-02-27 08:00:00,1.2690299999999999,1.2696399999999999,1.26712,1.26865,9380,MT5,H4
2024-02-27 12:00:00,1.26865,1.26945,1.266,1.26821,12064,MT5,H4
2024-02-27 16:00:00,1.2682,1.26947,1.26782,1.26798,9369,MT5,H4
2024-02-27 20:00:00,1.26798,1.26865,1.26779,1.26802,3747,MT5,H4
2024-02-28 00:00:00,1.26802,1.26837,1.26658,1.26682,5834,MT5,H4
2024-02-28 04:00:00,1.26682,1.26694,1.26448,1.26592,5629,MT5,H4
2024-02-28 08:00:00,1.26593,1.26609,1.26214,1.26522,10452,MT5,H4
2024-02-28 12:00:00,1.26519,1.26577,1.26291,1.26524,13682,MT5,H4
2024-02-28 16:00:00,1.26522,1.26731,1.2650000000000001,1.26532,7895,MT5,H4
2024-02-28 20:00:00,1.26532,1.26635,1.26515,1.2659799999999999,4253,MT5,H4
2024-02-29 00:00:00,1.26609,1.26692,1.26566,1.26673,6458,MT5,H4
2024-02-29 04:00:00,1.26673,1.2671000000000001,1.26523,1.2653699999999999,7059,MT5,H4
2024-02-29 08:00:00,1.26535,1.26741,1.26471,1.26508,11775,MT5,H4
2024-02-29 12:00:00,1.26506,1.26816,1.26348,1.26497,15575,MT5,H4
2024-02-29 16:00:00,1.26498,1.26511,1.26124,1.2612999999999999,9507,MT5,H4
2024-02-29 20:00:00,1.26131,1.26255,1.26131,1.2625199999999999,4712,MT5,H4
2024-03-01 00:00:00,1.26265,1.2635100000000001,1.2623,1.26314,5781,MT5,H4
2024-03-01 04:00:00,1.26315,1.26362,1.26241,1.26312,5662,MT5,H4
2024-03-01 08:00:00,1.26314,1.26459,1.26172,1.26425,11192,MT5,H4
2024-03-01 12:00:00,1.26423,1.26558,1.25996,1.26521,15334,MT5,H4
2024-03-01 16:00:00,1.26524,1.26637,1.2635,1.2662,9298,MT5,H4
2024-03-01 20:00:00,1.2662,1.2662200000000001,1.26513,1.2652700000000001,2797,MT5,H4
2024-03-03 20:00:00,1.26462,1.26608,1.26392,1.26592,1628,MT5,H4
2024-03-04 00:00:00,1.26603,1.26661,1.26558,1.26641,4700,MT5,H4
2024-03-04 04:00:00,1.26641,1.26779,1.26605,1.2677800000000001,5004,MT5,H4
2024-03-04 08:00:00,1.2678,1.26794,1.2665199999999999,1.2677,8701,MT5,H4
2024-03-04 12:00:00,1.2677,1.26996,1.2665600000000001,1.26974,10404,MT5,H4
2024-03-04 16:00:00,1.26973,1.27061,1.2689599999999999,1.26906,7098,MT5,H4
2024-03-04 20:00:00,1.26905,1.26938,1.26856,1.26891,3504,MT5,H4
2024-03-05 00:00:00,1.26891,1.26943,1.26823,1.26894,4733,MT5,H4
2024-03-05 04:00:00,1.26894,1.26904,1.26712,1.26765,5673,MT5,H4
2024-03-05 08:00:00,1.26767,1.26894,1.2671000000000001,1.26777,8894,MT5,H4
2024-03-05 12:00:00,1.26779,1.27346,1.26739,1.27318,14126,MT5,H4
2024-03-05 16:00:00,1.27317,1.2732700000000001,1.26994,1.27019,8970,MT5,H4
2024-03-05 20:00:00,1.27021,1.27077,1.26958,1.27042,4666,MT5,H4
2024-03-06 00:00:00,1.27043,1.27044,1.26897,1.26987,5159,MT5,H4
2024-03-06 04:00:00,1.2698800000000001,1.27152,1.26973,1.27101,5730,MT5,H4
2024-03-06 08:00:00,1.27098,1.27311,1.27084,1.27227,9246,MT5,H4
2024-03-06 12:00:00,1.27228,1.27474,1.27053,1.27421,14910,MT5,H4
2024-03-06 16:00:00,1.2742,1.27615,1.2736100000000001,1.27411,10940,MT5,H4
2024-03-06 20:00:00,1.27406,1.2741,1.27209,1.27337,5046,MT5,H4
2024-03-07 00:00:00,1.27356,1.27394,1.27229,1.27336,7141,MT5,H4
2024-03-07 04:00:00,1.27333,1.27438,1.27314,1.27359,7258,MT5,H4
2024-03-07 08:00:00,1.27356,1.27626,1.2729,1.27542,9736,MT5,H4
2024-03-07 12:00:00,1.27541,1.27905,1.27447,1.2788599999999999,15478,MT5,H4
2024-03-07 16:00:00,1.27887,1.28082,1.27834,1.28047,9561,MT5,H4
2024-03-07 20:00:00,1.28046,1.2812999999999999,1.27999,1.28128,4552,MT5,H4
2024-03-08 00:00:00,1.2812999999999999,1.28199,1.28038,1.28074,5671,MT5,H4
2024-03-08 04:00:00,1.28074,1.28134,1.28007,1.28034,6400,MT5,H4
2024-03-08 08:00:00,1.28034,1.28399,1.28006,1.28297,10075,MT5,H4
2024-03-08 12:00:00,1.28296,1.28934,1.2825199999999999,1.28802,20089,MT5,H4
2024-03-08 16:00:00,1.28802,1.2881,1.28397,1.28564,12044,MT5,H4
2024-03-08 20:00:00,1.28562,1.2858800000000001,1.28482,1.2858800000000001,3425,MT5,H4
2024-03-10 20:00:00,1.28571,1.28592,1.2845900000000001,1.2854999999999999,2648,MT5,H4
2024-03-11 00:00:00,1.28551,1.2861799999999999,1.28452,1.28502,6465,MT5,H4
2024-03-11 04:00:00,1.28502,1.28576,1.2842799999999999,1.28451,6419,MT5,H4
2024-03-11 08:00:00,1.28451,1.28534,1.28314,1.28504,9429,MT5,H4
2024-03-11 12:00:00,1.28504,1.28506,1.2794699999999999,1.2805,11767,MT5,H4
2024-03-11 16:00:00,1.2805,1.28129,1.27981,1.28088,8205,MT5,H4
2024-03-11 20:00:00,1.2808899999999999,1.2819099999999999,1.28082,1.2818800000000001,3191,MT5,H4
2024-03-12 00:00:00,1.28176,1.28224,1.28133,1.28183,6029,MT5,H4
2024-03-12 04:00:00,1.2818399999999999,1.28232,1.2789,1.2790300000000001,7348,MT5,H4
2024-03-12 08:00:00,1.2790300000000001,1.27987,1.2776,1.2791299999999999,9032,MT5,H4
2024-03-12 12:00:00,1.27912,1.28077,1.27458,1.27835,21164,MT5,H4
2024-03-12 16:00:00,1.27835,1.27935,1.27704,1.27935,8575,MT5,H4
2024-03-12 20:00:00,1.27935,1.27956,1.27857,1.27948,2557,MT5,H4
2024-03-13 00:00:00,1.2794400000000001,1.27988,1.27911,1.27942,5034,MT5,H4
2024-03-13 04:00:00,1.2793999999999999,1.27964,1.27755,1.27854,6550,MT5,H4
2024-03-13 08:00:00,1.27851,1.28088,1.27742,1.28075,9345,MT5,H4
2024-03-13 12:00:00,1.28077,1.28088,1.27869,1.27965,11789,MT5,H4
2024-03-13 16:00:00,1.27964,1.2811,1.2790300000000001,1.27959,8052,MT5,H4
2024-03-13 20:00:00,1.27959,1.28024,1.27916,1.28009,2972,MT5,H4
2024-03-14 00:00:00,1.28012,1.28042,1.27889,1.27896,5445,MT5,H4
2024-03-14 04:00:00,1.27896,1.28053,1.27865,1.2802799999999999,6253,MT5,H4
2024-03-14 08:00:00,1.2803,1.28227,1.28018,1.28098,8103,MT5,H4
2024-03-14 12:00:00,1.28101,1.28133,1.2730299999999999,1.27463,17596,MT5,H4
2024-03-14 16:00:00,1.27466,1.2757,1.2742499999999999,1.27553,8437,MT5,H4
2024-03-14 20:00:00,1.27555,1.27573,1.27431,1.27451,3268,MT5,H4
2024-03-15 00:00:00,1.2745,1.2747,1.27297,1.27365,5448,MT5,H4
2024-03-15 04:00:00,1.27365,1.2745,1.27328,1.2735400000000001,5385,MT5,H4
2024-03-15 08:00:00,1.27352,1.27582,1.27329,1.27541,8333,MT5,H4
2024-03-15 12:00:00,1.27539,1.2757,1.27315,1.27389,12056,MT5,H4
2024-03-15 16:00:00,1.27389,1.27404,1.27248,1.27383,7138,MT5,H4
2024-03-15 20:00:00,1.27382,1.2739099999999999,1.2734,1.27345,946,MT5,H4
2024-03-17 20:00:00,1.27244,1.27369,1.2720799999999999,1.2731,2101,MT5,H4
2024-03-18 00:00:00,1.2731,1.27375,1.27259,1.27265,4623,MT5,H4
2024-03-18 04:00:00,1.27265,1.2742,1.27264,1.27408,4554,MT5,H4
2024-03-18 08:00:00,1.27408,1.27463,1.27271,1.2742200000000001,7091,MT5,H4
2024-03-18 12:00:00,1.2742200000000001,1.27454,1.27218,1.27321,9443,MT5,H4
2024-03-18 16:00:00,1.2732,1.27329,1.2717399999999999,1.27264,6415,MT5,H4
2024-03-18 20:00:00,1.27267,1.27292,1.27238,1.27261,3249,MT5,H4
2024-03-19 00:00:00,1.2726199999999999,1.27285,1.27133,1.27219,6405,MT5,H4
2024-03-19 04:00:00,1.27222,1.27251,1.26945,1.26987,8196,MT5,H4
2024-03-19 08:00:00,1.26989,1.27014,1.26671,1.26918,8985,MT5,H4
2024-03-19 12:00:00,1.26918,1.27161,1.26897,1.27104,9395,MT5,H4
2024-03-19 16:00:00,1.27102,1.27326,1.2708,1.27213,6475,MT5,H4
2024-03-19 20:00:00,1.2721,1.27227,1.27177,1.27177,3048,MT5,H4
2024-03-20 00:00:00,1.27176,1.2724,1.27101,1.2723200000000001,4925,MT5,H4
2024-03-20 04:00:00,1.27234,1.2729599999999999,1.26993,1.27138,6631,MT5,H4
2024-03-20 08:00:00,1.27136,1.27141,1.2686600000000001,1.26932,7862,MT5,H4
2024-03-20 12:00:00,1.26932,1.27127,1.2684,1.27101,8206,MT5,H4
2024-03-20 16:00:00,1.271,1.27863,1.27087,1.27824,21816,MT5,H4
2024-03-20 20:00:00,1.27823,1.27978,1.27803,1.27978,4090,MT5,H4
2024-03-21 00:00:00,1.27975,1.28023,1.27884,1.27958,7226,MT5,H4
2024-03-21 04:00:00,1.27958,1.2803,1.27831,1.27848,6575,MT5,H4
2024-03-21 08:00:00,1.2784499999999999,1.27902,1.27436,1.27473,11581,MT5,H4
2024-03-21 12:00:00,1.2747600000000001,1.27495,1.26582,1.26671,15778,MT5,H4
2024-03-21 16:00:00,1.26669,1.2673,1.26499,1.26508,7853,MT5,H4
2024-03-21 20:00:00,1.26507,1.2662900000000001,1.26502,1.26604,2869,MT5,H4
2024-03-22 00:00:00,1.26604,1.2674699999999999,1.2634,1.26423,7073,MT5,H4
2024-03-22 04:00:00,1.26422,1.26451,1.2598500000000001,1.2606899999999999,7687,MT5,H4
2024-03-22 08:00:00,1.26068,1.26088,1.25748,1.25834,9299,MT5,H4
2024-03-22 12:00:00,1.25831,1.26237,1.25814,1.26006,10862,MT5,H4
2024-03-22 16:00:00,1.26002,1.2606,1.25854,1.25941,6566,MT5,H4
2024-03-22 20:00:00,1.25942,1.26009,1.2591700000000001,1.25998,1086,MT5,H4
2024-03-24 20:00:00,1.25869,1.26003,1.2585600000000001,1.25972,2175,MT5,H4
2024-03-25 00:00:00,1.25972,1.2616800000000001,1.25914,1.26061,5617,MT5,H4
2024-03-25 04:00:00,1.26062,1.2614,1.25991,1.26023,4960,MT5,H4
2024-03-25 08:00:00,1.26023,1.26395,1.25948,1.26359,7882,MT5,H4
2024-03-25 12:00:00,1.26359,1.26519,1.26356,1.26437,8043,MT5,H4
2024-03-25 16:00:00,1.26437,1.26449,1.26349,1.2638099999999999,4497,MT5,H4
2024-03-25 20:00:00,1.2638,1.26386,1.26328,1.26361,2529,MT5,H4
2024-03-26 00:00:00,1.26362,1.26468,1.26338,1.2637,5038,MT5,H4
2024-03-26 04:00:00,1.26371,1.26587,1.26365,1.26506,4994,MT5,H4
2024-03-26 08:00:00,1.2650299999999999,1.26677,1.26397,1.2652999999999999,8070,MT5,H4
2024-03-26 12:00:00,1.26532,1.26563,1.2623,1.2628,9842,MT5,H4
2024-03-26 16:00:00,1.2628,1.2635100000000001,1.26215,1.26234,5779,MT5,H4
2024-03-26 20:00:00,1.26234,1.26301,1.26226,1.26275,3030,MT5,H4
2024-03-27 00:00:00,1.26277,1.26277,1.26084,1.26136,5080,MT5,H4
2024-03-27 04:00:00,1.2613699999999999,1.26316,1.2612700000000001,1.26295,5385,MT5,H4
2024-03-27 08:00:00,1.26298,1.26382,1.26105,1.26154,8387,MT5,H4
2024-03-27 12:00:00,1.26152,1.26297,1.26051,1.2628599999999999,9110,MT5,H4
2024-03-27 16:00:00,1.2628300000000001,1.2637800000000001,1.26226,1.2637,5786,MT5,H4
2024-03-27 20:00:00,1.2637,1.2640799999999999,1.26141,1.26165,3237,MT5,H4
2024-03-28 00:00:00,1.26167,1.26345,1.2610700000000001,1.26271,5487,MT5,H4
2024-03-28 04:00:00,1.26272,1.26368,1.26112,1.26159,4917,MT5,H4
2024-03-28 08:00:00,1.2616100000000001,1.26257,1.2585600000000001,1.26119,7554,MT5,H4
2024-03-28 12:00:00,1.26118,1.26541,1.2610700000000001,1.26311,12920,MT5,H4
2024-03-28 16:00:00,1.26314,1.26448,1.26153,1.26205,6656,MT5,H4
2024-03-28 20:00:00,1.26205,1.2627,1.26175,1.26219,4244,MT5,H4
2024-03-29 00:00:00,1.26216,1.26306,1.2616,1.26223,2673,MT5,H4
2024-03-29 04:00:00,1.26223,1.26262,1.26173,1.2618,1834,MT5,H4
2024-03-29 08:00:00,1.2618,1.26266,1.26064,1.26116,2789,MT5,H4
2024-03-29 12:00:00,1.26116,1.26422,1.2608,1.26333,3009,MT5,H4
2024-03-29 16:00:00,1.26333,1.26333,1.2612700000000001,1.26148,1516,MT5,H4
2024-03-29 20:00:00,1.26148,1.26223,1.26122,1.26176,820,MT5,H4
2024-03-31 20:00:00,1.26118,1.26414,1.26118,1.26356,3097,MT5,H4
2024-04-01 00:00:00,1.26372,1.26417,1.26251,1.26337,5612,MT5,H4
2024-04-01 04:00:00,1.26337,1.26352,1.26174,1.26203,4944,MT5,H4
2024-04-01 08:00:00,1.26203,1.26274,1.26084,1.26141,5023,MT5,H4
2024-04-01 12:00:00,1.26142,1.26162,1.25393,1.2542200000000001,10223,MT5,H4
2024-04-01 16:00:00,1.2542200000000001,1.25499,1.25407,1.25472,4838,MT5,H4
2024-04-01 20:00:00,1.25473,1.25542,1.25424,1.25457,2772,MT5,H4
2024-04-02 00:00:00,1.25457,1.25491,1.2540499999999999,1.25411,5198,MT5,H4
2024-04-02 04:00:00,1.25414,1.25569,1.25391,1.25538,6163,MT5,H4
2024-04-02 08:00:00,1.25536,1.25756,1.25478,1.25728,8015,MT5,H4
2024-04-02 12:00:00,1.25728,1.25774,1.25521,1.25735,12030,MT5,H4
2024-04-02 16:00:00,1.25733,1.25769,1.25659,1.25765,4907,MT5,H4
2024-04-02 20:00:00,1.2576399999999999,1.25806,1.25723,1.25763,2417,MT5,H4
2024-04-03 00:00:00,1.25757,1.25803,1.25668,1.25786,4844,MT5,H4
2024-04-03 04:00:00,1.25786,1.25826,1.25623,1.25655,5900,MT5,H4
2024-04-03 08:00:00,1.25652,1.2588,1.2564,1.25776,7366,MT5,H4
2024-04-03 12:00:00,1.25774,1.2635399999999999,1.25671,1.26322,14079,MT5,H4
2024-04-03 16:00:00,1.26327,1.26555,1.2624900000000001,1.26489,7395,MT5,H4
2024-04-03 20:00:00,1.26491,1.26559,1.26468,1.26513,2613,MT5,H4
2024-04-04 00:00:00,1.26508,1.26544,1.26443,1.26521,4400,MT5,H4
2024-04-04 04:00:00,1.26521,1.26694,1.26505,1.26624,6164,MT5,H4
2024-04-04 08:00:00,1.2662499999999999,1.26687,1.26475,1.2650299999999999,7321,MT5,H4
2024-04-04 12:00:00,1.2650299999999999,1.2683200000000001,1.2647599999999999,1.26662,9479,MT5,H4
2024-04-04 16:00:00,1.26664,1.26729,1.2635,1.26379,8609,MT5,H4
2024-04-04 20:00:00,1.26379,1.26449,1.26352,1.26394,3452,MT5,H4
2024-04-05 00:00:00,1.26389,1.26482,1.26212,1.2625600000000001,6311,MT5,H4
2024-04-05 04:00:00,1.2625600000000001,1.26312,1.26139,1.26266,6410,MT5,H4
2024-04-05 08:00:00,1.26264,1.26404,1.2621,1.2631999999999999,7492,MT5,H4
2024-04-05 12:00:00,1.2631999999999999,1.26446,1.2574100000000001,1.26302,18484,MT5,H4
2024-04-05 16:00:00,1.26302,1.26403,1.2625899999999999,1.2634400000000001,6895,MT5,H4
2024-04-05 20:00:00,1.26345,1.26382,1.26327,1.26376,803,MT5,H4
2024-04-07 20:00:00,1.2618800000000001,1.26339,1.2618800000000001,1.26236,2585,MT5,H4
2024-04-08 00:00:00,1.26239,1.26394,1.26143,1.26304,8190,MT5,H4
2024-04-08 04:00:00,1.26304,1.26345,1.26204,1.26269,7829,MT5,H4
2024-04-08 08:00:00,1.26269,1.2636,1.26151,1.2619,8309,MT5,H4
2024-04-08 12:00:00,1.2619,1.26559,1.2612999999999999,1.26528,11843,MT5,H4
2024-04-08 16:00:00,1.26528,1.26637,1.26431,1.26545,6702,MT5,H4
2024-04-08 20:00:00,1.26548,1.26594,1.2651,1.2656800000000001,2613,MT5,H4
2024-04-09 00:00:00,1.2657,1.26612,1.2652,1.26542,5461,MT5,H4
2024-04-09 04:00:00,1.26542,1.26644,1.26483,1.26535,5918,MT5,H4
2024-04-09 08:00:00,1.2653699999999999,1.26905,1.2649,1.268,7792,MT5,H4
2024-04-09 12:00:00,1.268,1.27092,1.26666,1.2671700000000001,12567,MT5,H4
2024-04-09 16:00:00,1.2671700000000001,1.2675100000000001,1.26628,1.26749,6431,MT5,H4
2024-04-09 20:00:00,1.2675100000000001,1.26795,1.26732,1.26766,2721,MT5,H4
2024-04-10 00:00:00,1.26768,1.26785,1.26688,1.26757,5392,MT5,H4
2024-04-10 04:00:00,1.26757,1.26888,1.26724,1.26879,5810,MT5,H4
2024-04-10 08:00:00,1.26879,1.27043,1.26831,1.26936,6811,MT5,H4
2024-04-10 12:00:00,1.26936,1.27073,1.25338,1.25419,26905,MT5,H4
2024-04-10 16:00:00,1.25421,1.25538,1.252,1.2541,13864,MT5,H4
2024-04-10 20:00:00,1.2541,1.25426,1.2529,1.25363,3293,MT5,H4
2024-04-11 00:00:00,1.25365,1.25492,1.25319,1.25448,6773,MT5,H4
2024-04-11 04:00:00,1.25448,1.25622,1.25321,1.25604,7578,MT5,H4
2024-04-11 08:00:00,1.25605,1.25694,1.25297,1.25388,9180,MT5,H4
2024-04-11 12:00:00,1.25387,1.2578,1.25103,1.2533699999999999,21046,MT5,H4
2024-04-11 16:00:00,1.2534100000000001,1.25636,1.25288,1.25592,9141,MT5,H4
2024-04-11 20:00:00,1.25591,1.25593,1.25491,1.25542,2675,MT5,H4
2024-04-12 00:00:00,1.25545,1.25587,1.25437,1.25448,6157,MT5,H4
2024-04-12 04:00:00,1.25448,1.25457,1.25052,1.2518799999999999,8220,MT5,H4
2024-04-12 08:00:00,1.25193,1.2522199999999999,1.24625,1.24711,10165,MT5,H4
2024-04-12 12:00:00,1.24713,1.24753,1.24262,1.24555,17910,MT5,H4
2024-04-12 16:00:00,1.24554,1.24618,1.24425,1.2446,11053,MT5,H4
2024-04-12 20:00:00,1.24459,1.24521,1.24457,1.24485,882,MT5,H4
2024-04-14 20:00:00,1.24383,1.24621,1.2417,1.24602,3513,MT5,H4
2024-04-15 00:00:00,1.24591,1.24645,1.24405,1.24603,8145,MT5,H4
2024-04-15 04:00:00,1.24603,1.24772,1.2454399999999999,1.24752,9379,MT5,H4
2024-04-15 08:00:00,1.24755,1.24983,1.24744,1.2478,10304,MT5,H4
2024-04-15 12:00:00,1.24781,1.2496,1.2444600000000001,1.24636,17752,MT5,H4
2024-04-15 16:00:00,1.24636,1.24683,1.24354,1.2448,10521,MT5,H4
2024-04-15 20:00:00,1.24478,1.24493,1.24398,1.24459,3208,MT5,H4
2024-04-16 00:00:00,1.24462,1.2448299999999999,1.24201,1.24281,8464,MT5,H4
2024-04-16 04:00:00,1.24281,1.24472,1.2408299999999999,1.24375,10268,MT5,H4
2024-04-16 08:00:00,1.24378,1.246,1.24342,1.24576,10040,MT5,H4
2024-04-16 12:00:00,1.24575,1.24716,1.24288,1.2435,17409,MT5,H4
2024-04-16 16:00:00,1.24348,1.2450700000000001,1.24054,1.24312,16103,MT5,H4
2024-04-16 20:00:00,1.24312,1.24331,1.24227,1.24295,3861,MT5,H4
2024-04-17 00:00:00,1.24304,1.24394,1.24247,1.2429999999999999,7590,MT5,H4
2024-04-17 04:00:00,1.2429999999999999,1.24785,1.24167,1.24549,10177,MT5,H4
2024-04-17 08:00:00,1.24549,1.24816,1.2453400000000001,1.24569,10278,MT5,H4
2024-04-17 12:00:00,1.24573,1.24692,1.24391,1.24416,14788,MT5,H4
2024-04-17 16:00:00,1.24413,1.2465,1.24238,1.24526,14438,MT5,H4
2024-04-17 20:00:00,1.24523,1.24579,1.2451,1.24526,3323,MT5,H4
2024-04-18 00:00:00,1.2453,1.24697,1.24468,1.24691,6532,MT5,H4
2024-04-18 04:00:00,1.24691,1.2484,1.24622,1.2472,7441,MT5,H4
2024-04-18 08:00:00,1.24716,1.24818,1.24651,1.24712,8849,MT5,H4
2024-04-18 12:00:00,1.2471700000000001,1.24738,1.2436,1.24623,16059,MT5,H4
2024-04-18 16:00:00,1.24626,1.24657,1.24333,1.24373,9721,MT5,H4
2024-04-18 20:00:00,1.24373,1.24389,1.24316,1.24352,2732,MT5,H4
2024-04-19 00:00:00,1.24346,1.24362,1.23885,1.24172,16247,MT5,H4
2024-04-19 04:00:00,1.24169,1.24513,1.24032,1.2449,11998,MT5,H4
2024-04-19 08:00:00,1.2449,1.24555,1.24293,1.24398,10863,MT5,H4
2024-04-19 12:00:00,1.24401,1.2468,1.23962,1.23966,15437,MT5,H4
2024-04-19 16:00:00,1.23967,1.24016,1.23666,1.2371699999999999,11285,MT5,H4
2024-04-19 20:00:00,1.23719,1.23735,1.23679,1.23706,1172,MT5,H4
2024-04-21 20:00:00,1.23611,1.23782,1.23611,1.23753,2681,MT5,H4
2024-04-22 00:00:00,1.23753,1.2392,1.23719,1.23816,7164,MT5,H4
2024-04-22 04:00:00,1.23815,1.23898,1.23506,1.23678,7695,MT5,H4
2024-04-22 08:00:00,1.23679,1.23722,1.23086,1.23148,10339,MT5,H4
2024-04-22 12:00:00,1.23148,1.234,1.2299,1.23384,11500,MT5,H4
2024-04-22 16:00:00,1.23384,1.23613,1.23384,1.23522,6336,MT5,H4
2024-04-22 20:00:00,1.2352400000000001,1.2354,1.23469,1.23496,2377,MT5,H4
2024-04-23 00:00:00,1.23496,1.23583,1.23472,1.23522,5986,MT5,H4
2024-04-23 04:00:00,1.23522,1.23722,1.23316,1.23644,9050,MT5,H4
2024-04-23 08:00:00,1.23642,1.24009,1.23455,1.24003,11401,MT5,H4
2024-04-23 12:00:00,1.24002,1.24581,1.23809,1.24313,17852,MT5,H4
2024-04-23 16:00:00,1.24316,1.24583,1.24284,1.24491,7204,MT5,H4
2024-04-23 20:00:00,1.24496,1.24542,1.24402,1.24535,2871,MT5,H4
2024-04-24 00:00:00,1.24538,1.24646,1.24486,1.2456,5891,MT5,H4
2024-04-24 04:00:00,1.2456,1.2457799999999999,1.24272,1.24295,6301,MT5,H4
2024-04-24 08:00:00,1.24298,1.24435,1.24224,1.2435,6821,MT5,H4
2024-04-24 12:00:00,1.2435,1.2455,1.24262,1.24315,13556,MT5,H4
2024-04-24 16:00:00,1.24313,1.24696,1.24301,1.24631,7396,MT5,H4
2024-04-24 20:00:00,1.24633,1.24637,1.24549,1.2459,2989,MT5,H4
2024-04-25 00:00:00,1.2459,1.24681,1.24541,1.24633,6581,MT5,H4
2024-04-25 04:00:00,1.24633,1.2509700000000001,1.24622,1.25055,7735,MT5,H4
2024-04-25 08:00:00,1.25057,1.25228,1.25038,1.2511999999999999,8891,MT5,H4
2024-04-25 12:00:00,1.2511999999999999,1.2527,1.24566,1.24919,22250,MT5,H4
2024-04-25 16:00:00,1.24919,1.25224,1.24871,1.25132,10619,MT5,H4
2024-04-25 20:00:00,1.2513,1.25156,1.2506300000000001,1.25068,3937,MT5,H4
2024-04-26 00:00:00,1.25068,1.25084,1.24938,1.24994,6579,MT5,H4
2024-04-26 04:00:00,1.24994,1.25153,1.24964,1.25052,8179,MT5,H4
2024-04-26 08:00:00,1.25049,1.2540499999999999,1.25028,1.25107,11629,MT5,H4
2024-04-26 12:00:00,1.25108,1.2540499999999999,1.2449,1.24711,18552,MT5,H4
2024-04-26 16:00:00,1.24711,1.25037,1.24699,1.24974,6798,MT5,H4
2024-04-26 20:00:00,1.24973,1.25001,1.24917,1.24936,1245,MT5,H4
2024-04-28 20:00:00,1.24792,1.25099,1.24718,1.25091,2397,MT5,H4
2024-04-29 00:00:00,1.25091,1.2528000000000001,1.25067,1.25221,6706,MT5,H4
2024-04-29 04:00:00,1.25221,1.2548,1.25141,1.25299,13435,MT5,H4
2024-04-29 08:00:00,1.25296,1.25404,1.25073,1.25318,10334,MT5,H4
2024-04-29 12:00:00,1.25319,1.2554699999999999,1.25143,1.25503,12204,MT5,H4
2024-04-29 16:00:00,1.25504,1.25691,1.255,1.2560799999999999,8212,MT5,H4
2024-04-29 20:00:00,1.2560799999999999,1.2564199999999999,1.25577,1.25592,2948,MT5,H4
2024-04-30 00:00:00,1.25591,1.2561,1.25419,1.25453,5817,MT5,H4
2024-04-30 04:00:00,1.25452,1.2546300000000001,1.2524,1.25413,7308,MT5,H4
2024-04-30 08:00:00,1.25415,1.25543,1.25266,1.254,9104,MT5,H4
2024-04-30 12:00:00,1.25401,1.25458,1.25023,1.25111,20468,MT5,H4
2024-04-30 16:00:00,1.25113,1.2515,1.24929,1.24955,8453,MT5,H4
2024-04-30 20:00:00,1.24953,1.24977,1.24868,1.24888,4160,MT5,H4
2024-05-01 00:00:00,1.24888,1.24913,1.24718,1.24734,4368,MT5,H4
2024-05-01 04:00:00,1.24734,1.24861,1.24661,1.24844,5731,MT5,H4
2024-05-01 08:00:00,1.24843,1.2498,1.2476,1.24845,7331,MT5,H4
2024-05-01 12:00:00,1.24845,1.24998,1.24768,1.2487,14306,MT5,H4
2024-05-01 16:00:00,1.24871,1.25498,1.2477800000000001,1.2493,25173,MT5,H4
2024-05-01 20:00:00,1.24929,1.25401,1.24892,1.2536,7027,MT5,H4
2024-05-02 00:00:00,1.25359,1.25391,1.25204,1.2530299999999999,7480,MT5,H4
2024-05-02 04:00:00,1.2530299999999999,1.25443,1.25186,1.2528299999999999,10238,MT5,H4
2024-05-02 08:00:00,1.2528299999999999,1.25327,1.25046,1.25147,11020,MT5,H4
2024-05-02 12:00:00,1.25149,1.25327,1.2471700000000001,1.2506,18342,MT5,H4
2024-05-02 16:00:00,1.25061,1.25385,1.25016,1.2536,10286,MT5,H4
2024-05-02 20:00:00,1.25359,1.25416,1.25279,1.2539,3872,MT5,H4
2024-05-03 00:00:00,1.25389,1.25567,1.25309,1.2552400000000001,6689,MT5,H4
2024-05-03 04:00:00,1.25522,1.25546,1.2539,1.25477,7500,MT5,H4
2024-05-03 08:00:00,1.25473,1.2566899999999999,1.25457,1.25546,9430,MT5,H4
2024-05-03 12:00:00,1.25543,1.26339,1.25291,1.25472,30959,MT5,H4
2024-05-03 16:00:00,1.25473,1.2554400000000001,1.25387,1.2549000000000001,9130,MT5,H4
2024-05-03 20:00:00,1.2549000000000001,1.25506,1.25461,1.25464,991,MT5,H4
2024-05-05 20:00:00,1.25428,1.2553,1.25363,1.25407,2212,MT5,H4
2024-05-06 00:00:00,1.25406,1.25567,1.2538,1.25468,7247,MT5,H4
2024-05-06 04:00:00,1.25468,1.25733,1.25417,1.25677,7037,MT5,H4
2024-05-06 08:00:00,1.25675,1.2584,1.25635,1.2576100000000001,7858,MT5,H4
2024-05-06 12:00:00,1.2576100000000001,1.25941,1.2568,1.25728,9450,MT5,H4
2024-05-06 16:00:00,1.25726,1.25736,1.25576,1.25601,7142,MT5,H4
2024-05-06 20:00:00,1.25603,1.25637,1.25569,1.2559,2793,MT5,H4
2024-05-07 00:00:00,1.25589,1.25704,1.2551,1.2557,6763,MT5,H4
2024-05-07 04:00:00,1.25571,1.25573,1.2534,1.25375,8851,MT5,H4
2024-05-07 08:00:00,1.25372,1.25473,1.2529,1.25441,8299,MT5,H4
2024-05-07 12:00:00,1.25445,1.25645,1.25314,1.25321,10112,MT5,H4
2024-05-07 16:00:00,1.25323,1.25377,1.2500499999999999,1.25089,7688,MT5,H4
2024-05-07 20:00:00,1.25088,1.25105,1.24983,1.25016,2734,MT5,H4
2024-05-08 00:00:00,1.25013,1.25031,1.2484,1.24866,6967,MT5,H4
2024-05-08 04:00:00,1.24866,1.24929,1.2471,1.24723,7316,MT5,H4
2024-05-08 08:00:00,1.24722,1.2500499999999999,1.24673,1.24841,8818,MT5,H4
2024-05-08 12:00:00,1.24843,1.25046,1.24728,1.25018,10703,MT5,H4
2024-05-08 16:00:00,1.25018,1.25024,1.24903,1.24964,6593,MT5,H4
2024-05-08 20:00:00,1.24964,1.24994,1.24915,1.24928,2488,MT5,H4
2024-05-09 00:00:00,1.24928,1.25013,1.24871,1.24963,5685,MT5,H4
2024-05-09 04:00:00,1.24963,1.24984,1.24707,1.24769,5998,MT5,H4
2024-05-09 08:00:00,1.24769,1.24969,1.24458,1.24693,12905,MT5,H4
2024-05-09 12:00:00,1.24696,1.25221,1.24683,1.2503,15337,MT5,H4
2024-05-09 16:00:00,1.25031,1.25266,1.25031,1.25223,7342,MT5,H4
2024-05-09 20:00:00,1.2521900000000001,1.25289,1.25207,1.2524199999999999,2679,MT5,H4
2024-05-10 00:00:00,1.25243,1.25259,1.2511999999999999,1.25168,5863,MT5,H4
2024-05-10 04:00:00,1.25169,1.25411,1.25141,1.25302,8372,MT5,H4
2024-05-10 08:00:00,1.2530299999999999,1.25359,1.25226,1.25279,8652,MT5,H4
2024-05-10 12:00:00,1.2528000000000001,1.2537099999999999,1.25024,1.25252,11497,MT5,H4
2024-05-10 16:00:00,1.25257,1.25369,1.2521900000000001,1.25267,6482,MT5,H4
2024-05-10 20:00:00,1.25267,1.25305,1.25226,1.25241,920,MT5,H4
2024-05-12 20:00:00,1.2512400000000001,1.2527300000000001,1.25068,1.2521499999999999,1923,MT5,H4
2024-05-13 00:00:00,1.25213,1.25274,1.25174,1.25266,7528,MT5,H4
2024-05-13 04:00:00,1.25266,1.25353,1.25174,1.25232,6612,MT5,H4
2024-05-13 08:00:00,1.25231,1.25535,1.25189,1.25457,7289,MT5,H4
2024-05-13 12:00:00,1.25457,1.25683,1.25447,1.25601,9888,MT5,H4
2024-05-13 16:00:00,1.25602,1.25666,1.2552699999999999,1.2555100000000001,6249,MT5,H4
2024-05-13 20:00:00,1.25552,1.25619,1.25532,1.25594,2413,MT5,H4
2024-05-14 00:00:00,1.25594,1.25605,1.25525,1.25587,6053,MT5,H4
2024-05-14 04:00:00,1.25587,1.25631,1.25458,1.2551700000000001,7131,MT5,H4
2024-05-14 08:00:00,1.25516,1.25589,1.25092,1.25515,9385,MT5,H4
2024-05-14 12:00:00,1.25515,1.25925,1.25199,1.25877,17186,MT5,H4
2024-05-14 16:00:00,1.25878,1.25921,1.25805,1.25897,6452,MT5,H4
2024-05-14 20:00:00,1.25898,1.2591999999999999,1.25837,1.2584,2739,MT5,H4
2024-05-15 00:00:00,1.2584,1.25991,1.2583199999999999,1.25977,5034,MT5,H4
2024-05-15 04:00:00,1.25977,1.26,1.25867,1.25942,6403,MT5,H4
2024-05-15 08:00:00,1.25938,1.26245,1.25938,1.26129,8428,MT5,H4
2024-05-15 12:00:00,1.26129,1.26727,1.26116,1.26555,19327,MT5,H4
2024-05-15 16:00:00,1.2655699999999999,1.26834,1.26492,1.26819,7758,MT5,H4
2024-05-15 20:00:00,1.26818,1.26938,1.26788,1.26881,3100,MT5,H4
2024-05-16 00:00:00,1.26885,1.27002,1.26829,1.26913,7936,MT5,H4
2024-05-16 04:00:00,1.26913,1.26917,1.26739,1.26798,7185,MT5,H4
2024-05-16 08:00:00,1.26797,1.2683,1.26541,1.2656100000000001,7314,MT5,H4
2024-05-16 12:00:00,1.2656399999999999,1.26797,1.26432,1.26791,11850,MT5,H4
2024-05-16 16:00:00,1.26791,1.26793,1.26671,1.26689,6217,MT5,H4
2024-05-16 20:00:00,1.26688,1.26723,1.26671,1.26711,2008,MT5,H4
2024-05-17 00:00:00,1.26711,1.26724,1.26517,1.26578,6242,MT5,H4
2024-05-17 04:00:00,1.26578,1.26694,1.26539,1.26563,6096,MT5,H4
2024-05-17 08:00:00,1.26563,1.26585,1.26447,1.26533,6716,MT5,H4
2024-05-17 12:00:00,1.26533,1.27077,1.26509,1.2701,9854,MT5,H4
2024-05-17 16:00:00,1.2701,1.27115,1.26986,1.27063,5935,MT5,H4
2024-05-17 20:00:00,1.27064,1.27064,1.2699799999999999,1.27007,723,MT5,H4
2024-05-19 20:00:00,1.26898,1.2707600000000001,1.26831,1.27053,1643,MT5,H4
2024-05-20 00:00:00,1.27053,1.2708300000000001,1.26966,1.27041,6291,MT5,H4
2024-05-20 04:00:00,1.27041,1.27109,1.2689,1.26941,6614,MT5,H4
2024-05-20 08:00:00,1.2694,1.27066,1.26924,1.26952,6719,MT5,H4
2024-05-20 12:00:00,1.26952,1.27118,1.26919,1.27043,10112,MT5,H4
2024-05-20 16:00:00,1.27045,1.27253,1.27041,1.27073,5395,MT5,H4
2024-05-20 20:00:00,1.27073,1.27106,1.27016,1.27092,2096,MT5,H4
2024-05-21 00:00:00,1.27093,1.2711299999999999,1.26969,1.2706,5816,MT5,H4
2024-05-21 04:00:00,1.2706,1.27204,1.2705,1.27123,5957,MT5,H4
2024-05-21 08:00:00,1.27123,1.27234,1.27032,1.27199,6941,MT5,H4
2024-05-21 12:00:00,1.272,1.2726600000000001,1.26862,1.27081,12935,MT5,H4
2024-05-21 16:00:00,1.27081,1.27154,1.27014,1.27128,6309,MT5,H4
2024-05-21 20:00:00,1.27128,1.27136,1.27042,1.27094,2561,MT5,H4
2024-05-22 00:00:00,1.27095,1.27225,1.27093,1.27125,6510,MT5,H4
2024-05-22 04:00:00,1.27124,1.27609,1.27077,1.27469,9094,MT5,H4
2024-05-22 08:00:00,1.2747,1.2748,1.26999,1.27091,8640,MT5,H4
2024-05-22 12:00:00,1.27093,1.27474,1.2708300000000001,1.27343,11791,MT5,H4
2024-05-22 16:00:00,1.27343,1.275,1.27101,1.27163,10027,MT5,H4
2024-05-22 20:00:00,1.27167,1.2721,1.27136,1.27197,3237,MT5,H4
2024-05-23 00:00:00,1.27198,1.27286,1.27166,1.27284,6286,MT5,H4
2024-05-23 04:00:00,1.27284,1.27332,1.2716,1.27244,8269,MT5,H4
2024-05-23 08:00:00,1.27241,1.27416,1.2704900000000001,1.27399,9575,MT5,H4
2024-05-23 12:00:00,1.27401,1.27463,1.27055,1.27163,16141,MT5,H4
2024-05-23 16:00:00,1.27163,1.27224,1.26852,1.2693400000000001,10131,MT5,H4
2024-05-23 20:00:00,1.2693400000000001,1.26989,1.26921,1.2692999999999999,2719,MT5,H4
2024-05-24 00:00:00,1.26928,1.26977,1.2686899999999999,1.26884,5777,MT5,H4
2024-05-24 04:00:00,1.26883,1.27048,1.26757,1.26982,7560,MT5,H4
2024-05-24 08:00:00,1.26982,1.2725,1.26945,1.27173,6998,MT5,H4
2024-05-24 12:00:00,1.27173,1.27505,1.27102,1.27437,12002,MT5,H4
2024-05-24 16:00:00,1.27437,1.27502,1.27319,1.27397,6900,MT5,H4
2024-05-24 20:00:00,1.27393,1.27401,1.2735,1.27373,733,MT5,H4
2024-05-26 20:00:00,1.27341,1.2742499999999999,1.27287,1.27339,1705,MT5,H4
2024-05-27 00:00:00,1.27338,1.27433,1.27333,1.2742,4116,MT5,H4
2024-05-27 04:00:00,1.2742,1.27466,1.2735400000000001,1.27407,4601,MT5,H4
2024-05-27 08:00:00,1.27409,1.27572,1.27336,1.2751700000000001,5476,MT5,H4
2024-05-27 12:00:00,1.2751700000000001,1.27773,1.27431,1.27719,7478,MT5,H4
2024-05-27 16:00:00,1.27719,1.27738,1.27672,1.27707,2226,MT5,H4
2024-05-27 20:00:00,1.27707,1.27722,1.27655,1.27717,1871,MT5,H4
2024-05-28 00:00:00,1.27717,1.27832,1.27699,1.27805,6277,MT5,H4
2024-05-28 04:00:00,1.27806,1.2782,1.27685,1.27729,6797,MT5,H4
2024-05-28 08:00:00,1.2772700000000001,1.27884,1.27621,1.2785199999999999,7553,MT5,H4
2024-05-28 12:00:00,1.27855,1.28007,1.2772000000000001,1.2784,11686,MT5,H4
2024-05-28 16:00:00,1.27838,1.27847,1.27538,1.27633,9084,MT5,H4
2024-05-28 20:00:00,1.2763200000000001,1.2763900000000001,1.27566,1.27579,2865,MT5,H4
2024-05-29 00:00:00,1.2757800000000001,1.27594,1.27469,1.27504,6518,MT5,H4
2024-05-29 04:00:00,1.27503,1.27715,1.27461,1.27634,8031,MT5,H4
2024-05-29 08:00:00,1.27629,1.27656,1.27353,1.27482,10066,MT5,H4
2024-05-29 12:00:00,1.2748300000000001,1.27554,1.27048,1.27119,13596,MT5,H4
2024-05-29 16:00:00,1.2711700000000001,1.27182,1.26989,1.2702,8823,MT5,H4
2024-05-29 20:00:00,1.2702200000000001,1.27038,1.2695699999999999,1.26975,2795,MT5,H4
2024-05-30 00:00:00,1.26974,1.27026,1.26901,1.26948,7237,MT5,H4
2024-05-30 04:00:00,1.2695,1.27088,1.26806,1.27081,8417,MT5,H4
2024-05-30 08:00:00,1.27077,1.27222,1.26956,1.27097,9206,MT5,H4
2024-05-30 12:00:00,1.27098,1.27468,1.27051,1.27367,13252,MT5,H4
2024-05-30 16:00:00,1.27368,1.27438,1.2726,1.27308,7082,MT5,H4
2024-05-30 20:00:00,1.27307,1.27333,1.27277,1.27286,2865,MT5,H4
2024-05-31 00:00:00,1.27285,1.27339,1.27151,1.27226,6878,MT5,H4
2024-05-31 04:00:00,1.27225,1.27236,1.2699799999999999,1.27062,7846,MT5,H4
2024-05-31 08:00:00,1.27063,1.27272,1.2705199999999999,1.27141,9065,MT5,H4
2024-05-31 12:00:00,1.27141,1.27656,1.27067,1.27343,15717,MT5,H4
2024-05-31 16:00:00,1.27341,1.27466,1.2720799999999999,1.27441,7882,MT5,H4
2024-05-31 20:00:00,1.27444,1.27453,1.27407,1.27417,1162,MT5,H4
2024-06-02 20:00:00,1.2734,1.2745,1.2726600000000001,1.27435,2084,MT5,H4
2024-06-03 00:00:00,1.27436,1.27556,1.27376,1.2739099999999999,6204,MT5,H4
2024-06-03 04:00:00,1.27392,1.2745199999999999,1.27134,1.27143,7657,MT5,H4
2024-06-03 08:00:00,1.27142,1.2732700000000001,1.26939,1.27283,9997,MT5,H4
2024-06-03 12:00:00,1.27285,1.27939,1.2726,1.27923,13381,MT5,H4
2024-06-03 16:00:00,1.27923,1.28003,1.27752,1.27997,8396,MT5,H4
2024-06-03 20:00:00,1.27996,1.2812000000000001,1.27996,1.2809300000000001,2659,MT5,H4
2024-06-04 00:00:00,1.28092,1.28173,1.28034,1.2809,5576,MT5,H4
2024-06-04 04:00:00,1.2808899999999999,1.28124,1.27859,1.2790599999999999,7275,MT5,H4
2024-06-04 08:00:00,1.27909,1.27923,1.27423,1.27607,11730,MT5,H4
2024-06-04 12:00:00,1.27609,1.27892,1.27575,1.27823,14163,MT5,H4
2024-06-04 16:00:00,1.27824,1.27968,1.2771,1.27714,9176,MT5,H4
2024-06-04 20:00:00,1.27716,1.27732,1.27618,1.2772299999999999,2372,MT5,H4
2024-06-05 00:00:00,1.27724,1.27804,1.2768,1.27713,5819,MT5,H4
2024-06-05 04:00:00,1.27709,1.27826,1.2764199999999999,1.27721,7107,MT5,H4
2024-06-05 08:00:00,1.2772000000000001,1.2779,1.2766199999999999,1.2778,7510,MT5,H4
2024-06-05 12:00:00,1.27782,1.2795,1.2755,1.27694,15375,MT5,H4
2024-06-05 16:00:00,1.27689,1.27945,1.27625,1.27911,7097,MT5,H4
2024-06-05 20:00:00,1.27911,1.2793700000000001,1.27817,1.27931,2464,MT5,H4
2024-06-06 00:00:00,1.27932,1.28088,1.27927,1.27986,5277,MT5,H4
2024-06-06 04:00:00,1.27986,1.27999,1.27859,1.27917,6485,MT5,H4
2024-06-06 08:00:00,1.2792,1.27921,1.27671,1.27704,7287,MT5,H4
2024-06-06 12:00:00,1.27704,1.2791299999999999,1.27623,1.27829,14485,MT5,H4
2024-06-06 16:00:00,1.2783,1.27954,1.27759,1.27891,6485,MT5,H4
2024-06-06 20:00:00,1.27892,1.2794400000000001,1.2787,1.27922,2079,MT5,H4
2024-06-07 00:00:00,1.27922,1.27922,1.27834,1.27885,5579,MT5,H4
2024-06-07 04:00:00,1.27885,1.28017,1.2781500000000001,1.2799800000000001,6619,MT5,H4
2024-06-07 08:00:00,1.2800099999999999,1.28084,1.27823,1.2806899999999999,7713,MT5,H4
2024-06-07 12:00:00,1.2806899999999999,1.28175,1.27154,1.2724,19964,MT5,H4
2024-06-07 16:00:00,1.2724199999999999,1.2729599999999999,1.27175,1.2720500000000001,8627,MT5,H4
2024-06-07 20:00:00,1.27204,1.27231,1.27183,1.27184,759,MT5,H4
2024-06-09 20:00:00,1.2717,1.2729300000000001,1.27098,1.27278,3048,MT5,H4
2024-06-10 00:00:00,1.27278,1.27308,1.27136,1.2713999999999999,4650,MT5,H4
2024-06-10 04:00:00,1.27142,1.27238,1.27067,1.27226,7419,MT5,H4
2024-06-10 08:00:00,1.27227,1.27247,1.26875,1.2713700000000001,8470,MT5,H4
2024-06-10 12:00:00,1.27141,1.27305,1.27036,1.2730299999999999,9803,MT5,H4
2024-06-10 16:00:00,1.2730299999999999,1.27369,1.2724,1.27304,7064,MT5,H4
2024-06-10 20:00:00,1.27306,1.27336,1.27237,1.27255,2472,MT5,H4
2024-06-11 00:00:00,1.27254,1.27362,1.27241,1.27356,5328,MT5,H4
2024-06-11 04:00:00,1.27356,1.27402,1.27136,1.27226,6968,MT5,H4
2024-06-11 08:00:00,1.27227,1.27491,1.2720099999999999,1.27379,10102,MT5,H4
2024-06-11 12:00:00,1.2738,1.27474,1.27054,1.27212,11836,MT5,H4
2024-06-11 16:00:00,1.27213,1.27511,1.2717399999999999,1.27412,6537,MT5,H4
2024-06-11 20:00:00,1.27413,1.27426,1.2736100000000001,1.2739099999999999,2021,MT5,H4
2024-06-12 00:00:00,1.2739099999999999,1.27448,1.27325,1.27429,4880,MT5,H4
2024-06-12 04:00:00,1.27429,1.27524,1.27366,1.27501,5831,MT5,H4
2024-06-12 08:00:00,1.27502,1.27671,1.27485,1.27597,6917,MT5,H4
2024-06-12 12:00:00,1.27597,1.286,1.27561,1.2840099999999999,18055,MT5,H4
2024-06-12 16:00:00,1.2840099999999999,1.28499,1.2791000000000001,1.27969,23694,MT5,H4
2024-06-12 20:00:00,1.27972,1.28012,1.2792,1.27961,2910,MT5,H4
2024-06-13 00:00:00,1.27961,1.27992,1.27835,1.27848,6065,MT5,H4
2024-06-13 04:00:00,1.27848,1.27909,1.27725,1.27881,6413,MT5,H4
2024-06-13 08:00:00,1.27882,1.28002,1.2763499999999999,1.27643,7981,MT5,H4
2024-06-13 12:00:00,1.27643,1.28072,1.2751700000000001,1.27625,15315,MT5,H4
2024-06-13 16:00:00,1.27625,1.27668,1.2738,1.27651,9051,MT5,H4
2024-06-13 20:00:00,1.27649,1.2766,1.27533,1.27536,2623,MT5,H4
2024-06-14 00:00:00,1.27536,1.2763200000000001,1.27495,1.27524,5653,MT5,H4
2024-06-14 04:00:00,1.27524,1.27541,1.27217,1.27299,7806,MT5,H4
2024-06-14 08:00:00,1.27301,1.27321,1.2692999999999999,1.27037,12695,MT5,H4
2024-06-14 12:00:00,1.27042,1.27055,1.2656399999999999,1.26825,14670,MT5,H4
2024-06-14 16:00:00,1.26827,1.26924,1.2676,1.26894,7091,MT5,H4
2024-06-14 20:00:00,1.26898,1.2690299999999999,1.26833,1.26864,884,MT5,H4
2024-06-16 20:00:00,1.26784,1.2687300000000001,1.26697,1.2683200000000001,2237,MT5,H4
2024-06-17 00:00:00,1.26831,1.26884,1.26764,1.2682,5457,MT5,H4
2024-06-17 04:00:00,1.26821,1.26847,1.2661,1.26681,7864,MT5,H4
2024-06-17 08:00:00,1.26678,1.2678099999999999,1.26583,1.26626,8558,MT5,H4
2024-06-17 12:00:00,1.26626,1.26894,1.26616,1.26867,9630,MT5,H4
2024-06-17 16:00:00,1.2686600000000001,1.27092,1.2686600000000001,1.27028,6539,MT5,H4
2024-06-17 20:00:00,1.27029,1.27139,1.26965,1.27131,2370,MT5,H4
2024-06-18 00:00:00,1.2713,1.2714699999999999,1.26932,1.2697,5249,MT5,H4
2024-06-18 04:00:00,1.2697,1.27019,1.26759,1.2679,7558,MT5,H4
2024-06-18 08:00:00,1.26791,1.2689599999999999,1.26708,1.2674,8876,MT5,H4
2024-06-18 12:00:00,1.26743,1.2720500000000001,1.26685,1.26949,13699,MT5,H4
2024-06-18 16:00:00,1.26951,1.27092,1.26916,1.27077,7656,MT5,H4
2024-06-18 20:00:00,1.2707600000000001,1.2711299999999999,1.27031,1.27066,2268,MT5,H4
2024-06-19 00:00:00,1.27066,1.27131,1.27024,1.2707899999999999,3969,MT5,H4
2024-06-19 04:00:00,1.27077,1.2732299999999999,1.2699799999999999,1.2726899999999999,8213,MT5,H4
2024-06-19 08:00:00,1.27272,1.27397,1.27245,1.2732700000000001,7852,MT5,H4
2024-06-19 12:00:00,1.27329,1.27339,1.27153,1.2723900000000001,6741,MT5,H4
2024-06-19 16:00:00,1.27237,1.27255,1.27138,1.2718,2039,MT5,H4
2024-06-19 20:00:00,1.2718099999999999,1.27233,1.27165,1.27195,2206,MT5,H4
2024-06-20 00:00:00,1.27195,1.27203,1.27097,1.27148,4439,MT5,H4
2024-06-20 04:00:00,1.2715,1.27176,1.2702200000000001,1.27068,5790,MT5,H4
2024-06-20 08:00:00,1.27066,1.27084,1.2678,1.26809,9442,MT5,H4
2024-06-20 12:00:00,1.26809,1.26943,1.26663,1.26677,11120,MT5,H4
2024-06-20 16:00:00,1.26677,1.26819,1.2658800000000001,1.26631,7958,MT5,H4
2024-06-20 20:00:00,1.26631,1.2665,1.26528,1.26596,3130,MT5,H4
2024-06-21 00:00:00,1.2659799999999999,1.2665199999999999,1.26547,1.26607,4596,MT5,H4
2024-06-21 04:00:00,1.26607,1.2675,1.26367,1.26426,7011,MT5,H4
2024-06-21 08:00:00,1.26431,1.26613,1.26306,1.26429,9638,MT5,H4
2024-06-21 12:00:00,1.26427,1.26506,1.2622,1.26422,12374,MT5,H4
2024-06-21 16:00:00,1.26423,1.26504,1.26352,1.26477,6634,MT5,H4
2024-06-21 20:00:00,1.26477,1.2651,1.26389,1.26433,1065,MT5,H4
2024-06-23 20:00:00,1.26386,1.26455,1.26305,1.26376,2179,MT5,H4
2024-06-24 00:00:00,1.2637800000000001,1.26444,1.26325,1.26417,5560,MT5,H4
2024-06-24 04:00:00,1.26417,1.2656,1.2641,1.2654,6004,MT5,H4
2024-06-24 08:00:00,1.26541,1.26714,1.26536,1.26628,7941,MT5,H4
2024-06-24 12:00:00,1.2662499999999999,1.26976,1.26601,1.26816,9461,MT5,H4
2024-06-24 16:00:00,1.26814,1.26933,1.2673,1.26857,6616,MT5,H4
2024-06-24 20:00:00,1.26855,1.2689,1.26798,1.2681499999999999,2818,MT5,H4
2024-06-25 00:00:00,1.2681499999999999,1.2696100000000001,1.2681499999999999,1.26959,4771,MT5,H4
2024-06-25 04:00:00,1.26959,1.26987,1.26826,1.26888,5814,MT5,H4
2024-06-25 08:00:00,1.26888,1.27023,1.26756,1.26821,7417,MT5,H4
2024-06-25 12:00:00,1.26821,1.26872,1.267,1.26743,10084,MT5,H4
2024-06-25 16:00:00,1.2674400000000001,1.2695699999999999,1.26734,1.26894,5927,MT5,H4
2024-06-25 20:00:00,1.2689,1.2689599999999999,1.2682,1.26837,2265,MT5,H4
2024-06-26 00:00:00,1.26837,1.26932,1.2679,1.2686899999999999,5242,MT5,H4
2024-06-26 04:00:00,1.2686899999999999,1.26881,1.26671,1.26703,6715,MT5,H4
2024-06-26 08:00:00,1.26704,1.26736,1.26392,1.26592,8255,MT5,H4
2024-06-26 12:00:00,1.26594,1.2662499999999999,1.26176,1.26234,12144,MT5,H4
2024-06-26 16:00:00,1.2623199999999999,1.26377,1.26152,1.26247,7302,MT5,H4
2024-06-26 20:00:00,1.26245,1.26255,1.26187,1.26209,2602,MT5,H4
2024-06-27 00:00:00,1.26207,1.26324,1.26125,1.26297,4852,MT5,H4
2024-06-27 04:00:00,1.26297,1.2647,1.2629000000000001,1.26331,6414,MT5,H4
2024-06-27 08:00:00,1.26329,1.26538,1.26262,1.26411,7903,MT5,H4
2024-06-27 12:00:00,1.2641200000000001,1.26702,1.2640799999999999,1.26508,12898,MT5,H4
2024-06-27 16:00:00,1.26505,1.26556,1.26375,1.26382,6568,MT5,H4
2024-06-27 20:00:00,1.26386,1.26454,1.2636,1.26437,2436,MT5,H4
2024-06-28 00:00:00,1.26438,1.26465,1.2622499999999999,1.26296,6029,MT5,H4
2024-06-28 04:00:00,1.26297,1.26497,1.26215,1.26428,6376,MT5,H4
2024-06-28 08:00:00,1.26433,1.2658,1.26307,1.26419,8443,MT5,H4
2024-06-28 12:00:00,1.26419,1.26687,1.26193,1.26365,15998,MT5,H4
2024-06-28 16:00:00,1.26364,1.26538,1.26305,1.26407,7981,MT5,H4
2024-06-28 20:00:00,1.26409,1.26458,1.26385,1.26445,1351,MT5,H4
2024-06-30 20:00:00,1.26387,1.26511,1.26322,1.26481,2457,MT5,H4
2024-07-01 00:00:00,1.26481,1.26654,1.26463,1.26559,5700,MT5,H4
2024-07-01 04:00:00,1.2655699999999999,1.26889,1.26542,1.26634,8127,MT5,H4
2024-07-01 08:00:00,1.26633,1.26797,1.26613,1.26765,8326,MT5,H4
2024-07-01 12:00:00,1.26766,1.27109,1.26361,1.26461,13585,MT5,H4
2024-07-01 16:00:00,1.26461,1.26575,1.26331,1.26432,6603,MT5,H4
2024-07-01 20:00:00,1.26431,1.26515,1.2642,1.26449,2391,MT5,H4
2024-07-02 00:00:00,1.2645,1.26474,1.26318,1.2634,4135,MT5,H4
2024-07-02 04:00:00,1.2634,1.26394,1.26154,1.26244,6392,MT5,H4
2024-07-02 08:00:00,1.26244,1.26533,1.26217,1.2652999999999999,7740,MT5,H4
2024-07-02 12:00:00,1.26533,1.26846,1.26533,1.2675,12683,MT5,H4
2024-07-02 16:00:00,1.26749,1.26874,1.2664900000000001,1.26872,5162,MT5,H4
2024-07-02 20:00:00,1.2687,1.26908,1.26775,1.2686899999999999,2119,MT5,H4
2024-07-03 00:00:00,1.2687,1.26932,1.2681200000000001,1.2686,4003,MT5,H4
2024-07-03 04:00:00,1.2686,1.26975,1.2678,1.26932,5488,MT5,H4
2024-07-03 08:00:00,1.2692999999999999,1.2708,1.26877,1.27058,6684,MT5,H4
2024-07-03 12:00:00,1.2706,1.27772,1.2701799999999999,1.2763200000000001,12776,MT5,H4
2024-07-03 16:00:00,1.27636,1.27656,1.27335,1.27398,5441,MT5,H4
2024-07-03 20:00:00,1.27398,1.27478,1.27385,1.27472,2201,MT5,H4
2024-07-04 00:00:00,1.27472,1.27533,1.27409,1.2741799999999999,4013,MT5,H4
2024-07-04 04:00:00,1.27419,1.27533,1.27406,1.27531,5539,MT5,H4
2024-07-04 08:00:00,1.27531,1.27633,1.27465,1.27524,6739,MT5,H4
2024-07-04 12:00:00,1.27524,1.27675,1.27469,1.27599,6102,MT5,H4
2024-07-04 16:00:00,1.2759800000000001,1.27627,1.27583,1.27609,1889,MT5,H4
2024-07-04 20:00:00,1.2761,1.27614,1.27539,1.27548,1977,MT5,H4
2024-07-05 00:00:00,1.27549,1.27713,1.27545,1.27708,5127,MT5,H4
2024-07-05 04:00:00,1.27708,1.27803,1.27627,1.27798,5681,MT5,H4
2024-07-05 08:00:00,1.278,1.27908,1.27733,1.2784,6055,MT5,H4
2024-07-05 12:00:00,1.27841,1.28137,1.27622,1.2806199999999999,17227,MT5,H4
2024-07-05 16:00:00,1.28063,1.28171,1.27958,1.28156,5944,MT5,H4
2024-07-05 20:00:00,1.2815699999999999,1.2816100000000001,1.28135,1.2814,732,MT5,H4
2024-07-07 20:00:00,1.2785,1.28144,1.2784200000000001,1.28053,2656,MT5,H4
2024-07-08 00:00:00,1.28049,1.28185,1.2802,1.28139,5034,MT5,H4
2024-07-08 04:00:00,1.28139,1.28162,1.27994,1.28138,6991,MT5,H4
2024-07-08 08:00:00,1.28137,1.28324,1.28121,1.2832,8747,MT5,H4
2024-07-08 12:00:00,1.28323,1.28452,1.2824,1.28256,8906,MT5,H4
2024-07-08 16:00:00,1.2825199999999999,1.28264,1.28073,1.28097,4530,MT5,H4
2024-07-08 20:00:00,1.2809599999999999,1.2815400000000001,1.2803,1.28151,2270,MT5,H4
2024-07-09 00:00:00,1.28152,1.28166,1.27983,1.28046,4475,MT5,H4
2024-07-09 04:00:00,1.28048,1.2812299999999999,1.27959,1.27976,5885,MT5,H4
2024-07-09 08:00:00,1.27975,1.28247,1.27935,1.27995,7424,MT5,H4
2024-07-09 12:00:00,1.27994,1.28211,1.27773,1.27843,12069,MT5,H4
2024-07-09 16:00:00,1.27843,1.27902,1.27778,1.27893,6403,MT5,H4
2024-07-09 20:00:00,1.27894,1.27896,1.27826,1.27875,2119,MT5,H4
2024-07-10 00:00:00,1.2787600000000001,1.2794400000000001,1.27839,1.27923,4377,MT5,H4
2024-07-10 04:00:00,1.27922,1.28016,1.2788,1.27923,5195,MT5,H4
2024-07-10 08:00:00,1.27921,1.28125,1.27891,1.2806,7259,MT5,H4
2024-07-10 12:00:00,1.2805900000000001,1.28467,1.28046,1.2840500000000001,9833,MT5,H4
2024-07-10 16:00:00,1.28407,1.28467,1.2834400000000001,1.28454,5452,MT5,H4
2024-07-10 20:00:00,1.28453,1.28539,1.28444,1.28535,1741,MT5,H4
2024-07-11 00:00:00,1.28536,1.28641,1.2849,1.28605,4086,MT5,H4
2024-07-11 04:00:00,1.28606,1.28705,1.28546,1.28658,6223,MT5,H4
2024-07-11 08:00:00,1.28658,1.28817,1.28657,1.28765,6967,MT5,H4
2024-07-11 12:00:00,1.28765,1.29492,1.28687,1.29161,21012,MT5,H4
2024-07-11 16:00:00,1.29161,1.29181,1.28986,1.2911299999999999,8990,MT5,H4
2024-07-11 20:00:00,1.29111,1.29237,1.29084,1.29231,3663,MT5,H4
2024-07-12 00:00:00,1.2923200000000001,1.29239,1.29019,1.2907199999999999,6171,MT5,H4
2024-07-12 04:00:00,1.29073,1.293,1.29023,1.29272,6503,MT5,H4
2024-07-12 08:00:00,1.29275,1.29661,1.29272,1.29604,7901,MT5,H4
2024-07-12 12:00:00,1.29606,1.2990300000000001,1.2931300000000001,1.29841,16329,MT5,H4
2024-07-12 16:00:00,1.2984,1.2990300000000001,1.29804,1.29857,6242,MT5,H4
2024-07-12 20:00:00,1.2986,1.2989,1.29843,1.29886,621,MT5,H4
2024-07-14 20:00:00,1.29633,1.2978399999999999,1.29597,1.29669,2850,MT5,H4
2024-07-15 00:00:00,1.29669,1.29748,1.29613,1.29739,4503,MT5,H4
2024-07-15 04:00:00,1.29738,1.29827,1.29631,1.29818,6777,MT5,H4
2024-07-15 08:00:00,1.29818,1.29911,1.2969,1.29732,8342,MT5,H4
2024-07-15 12:00:00,1.29734,1.29946,1.29671,1.2982,10499,MT5,H4
2024-07-15 16:00:00,1.2982,1.2989,1.29617,1.29678,9670,MT5,H4
2024-07-15 20:00:00,1.29679,1.29694,1.29583,1.2969,2684,MT5,H4
2024-07-16 00:00:00,1.2969,1.29697,1.29612,1.29635,4788,MT5,H4
2024-07-16 04:00:00,1.29635,1.29726,1.29511,1.29685,6532,MT5,H4
2024-07-16 08:00:00,1.2968600000000001,1.2972000000000001,1.29548,1.29685,8895,MT5,H4
2024-07-16 12:00:00,1.29685,1.29796,1.2938,1.29552,11747,MT5,H4
2024-07-16 16:00:00,1.29551,1.29764,1.29482,1.29742,6335,MT5,H4
2024-07-16 20:00:00,1.29743,1.2977699999999999,1.29688,1.29771,3080,MT5,H4
2024-07-17 00:00:00,1.29773,1.29783,1.29666,1.2974999999999999,4967,MT5,H4
2024-07-17 04:00:00,1.2974999999999999,1.3013,1.29658,1.30075,8812,MT5,H4
2024-07-17 08:00:00,1.30078,1.30442,1.30067,1.30327,10767,MT5,H4
2024-07-17 12:00:00,1.30328,1.30359,1.29988,1.3005499999999999,12344,MT5,H4
2024-07-17 16:00:00,1.3005,1.30118,1.29986,1.30078,7995,MT5,H4
2024-07-17 20:00:00,1.30077,1.30117,1.30009,1.3007900000000001,3252,MT5,H4
2024-07-18 00:00:00,1.30078,1.30105,1.29988,1.3002,5489,MT5,H4
2024-07-18 04:00:00,1.3002,1.30126,1.2984,1.2999800000000001,7884,MT5,H4
2024-07-18 08:00:00,1.3,1.30034,1.2977400000000001,1.2981099999999999,8000,MT5,H4
2024-07-18 12:00:00,1.29813,1.2989899999999999,1.29683,1.2972000000000001,12610,MT5,H4
2024-07-18 16:00:00,1.29722,1.29769,1.29402,1.29454,8426,MT5,H4
2024-07-18 20:00:00,1.29455,1.29508,1.29382,1.29491,3103,MT5,H4
2024-07-19 00:00:00,1.29491,1.29492,1.29341,1.29402,5443,MT5,H4
2024-07-19 04:00:00,1.29403,1.29428,1.2924,1.29287,7074,MT5,H4
2024-07-19 08:00:00,1.2928899999999999,1.29295,1.29007,1.29268,8776,MT5,H4
2024-07-19 12:00:00,1.2927,1.2928600000000001,1.2911299999999999,1.29204,10455,MT5,H4
2024-07-19 16:00:00,1.29204,1.29245,1.29064,1.2910599999999999,6689,MT5,H4
2024-07-19 20:00:00,1.29108,1.29138,1.29086,1.29126,926,MT5,H4
2024-07-21 20:00:00,1.29031,1.29389,1.29024,1.29322,2562,MT5,H4
2024-07-22 00:00:00,1.29319,1.29331,1.29119,1.29224,4963,MT5,H4
2024-07-22 04:00:00,1.29224,1.2931,1.29095,1.29238,8181,MT5,H4
2024-07-22 08:00:00,1.29238,1.29421,1.29211,1.29244,7882,MT5,H4
2024-07-22 12:00:00,1.29243,1.2929300000000001,1.29046,1.29083,9665,MT5,H4
2024-07-22 16:00:00,1.29083,1.2929,1.29057,1.2928600000000001,5982,MT5,H4
2024-07-22 20:00:00,1.29287,1.29345,1.29241,1.29304,2514,MT5,H4
2024-07-23 00:00:00,1.29304,1.29346,1.29243,1.29302,4960,MT5,H4
2024-07-23 04:00:00,1.29302,1.2932000000000001,1.29109,1.2916400000000001,6180,MT5,H4
2024-07-23 08:00:00,1.29159,1.29285,1.28874,1.29116,9092,MT5,H4
2024-07-23 12:00:00,1.29115,1.2919399999999999,1.29037,1.29136,9952,MT5,H4
2024-07-23 16:00:00,1.2913700000000001,1.29163,1.28999,1.29028,5489,MT5,H4
2024-07-23 20:00:00,1.29029,1.29077,1.28995,1.29005,2531,MT5,H4
2024-07-24 00:00:00,1.29005,1.29017,1.28863,1.28891,5149,MT5,H4
2024-07-24 04:00:00,1.28891,1.29014,1.28822,1.2886600000000001,7536,MT5,H4
2024-07-24 08:00:00,1.28864,1.2919399999999999,1.2877399999999999,1.29178,8855,MT5,H4
2024-07-24 12:00:00,1.2918,1.29373,1.29145,1.29222,11332,MT5,H4
2024-07-24 16:00:00,1.29224,1.29272,1.28992,1.29028,7556,MT5,H4
2024-07-24 20:00:00,1.29027,1.29093,1.28968,1.28976,2814,MT5,H4
2024-07-25 00:00:00,1.28976,1.28986,1.2885900000000001,1.2893,6753,MT5,H4
2024-07-25 04:00:00,1.28929,1.28964,1.28738,1.28928,8205,MT5,H4
2024-07-25 08:00:00,1.2892700000000001,1.29132,1.287,1.2872,9850,MT5,H4
2024-07-25 12:00:00,1.2872,1.2891599999999999,1.28596,1.28806,15976,MT5,H4
2024-07-25 16:00:00,1.28811,1.28895,1.28521,1.2852700000000001,8296,MT5,H4
2024-07-25 20:00:00,1.2852700000000001,1.28569,1.28453,1.28549,2911,MT5,H4
2024-07-26 00:00:00,1.28553,1.2865,1.28537,1.28641,4788,MT5,H4
2024-07-26 04:00:00,1.28641,1.28725,1.28564,1.28629,5890,MT5,H4
2024-07-26 08:00:00,1.28633,1.2873700000000001,1.28593,1.2871299999999999,7616,MT5,H4
2024-07-26 12:00:00,1.2871299999999999,1.28732,1.28497,1.2861500000000001,11189,MT5,H4
2024-07-26 16:00:00,1.28614,1.28778,1.2861,1.28736,6465,MT5,H4
2024-07-26 20:00:00,1.28735,1.28747,1.2864499999999999,1.28661,781,MT5,H4
2024-07-28 20:00:00,1.2858399999999999,1.28712,1.28511,1.28662,2338,MT5,H4
2024-07-29 00:00:00,1.28662,1.2888,1.28626,1.28804,5568,MT5,H4
2024-07-29 04:00:00,1.28804,1.28813,1.28296,1.28327,6699,MT5,H4
2024-07-29 08:00:00,1.28326,1.28461,1.28063,1.28268,9535,MT5,H4
2024-07-29 12:00:00,1.28268,1.28562,1.28219,1.28494,9710,MT5,H4
2024-07-29 16:00:00,1.28494,1.28675,1.28456,1.28648,6325,MT5,H4
2024-07-29 20:00:00,1.28648,1.28659,1.28578,1.28595,2433,MT5,H4
2024-07-30 00:00:00,1.28594,1.28594,1.2845,1.28548,4420,MT5,H4
2024-07-30 04:00:00,1.28548,1.28598,1.2842799999999999,1.28509,5896,MT5,H4
2024-07-30 08:00:00,1.28511,1.28643,1.28433,1.28447,6700,MT5,H4
2024-07-30 12:00:00,1.28446,1.28468,1.28198,1.2827899999999999,10908,MT5,H4
2024-07-30 16:00:00,1.2827899999999999,1.2839,1.28254,1.28318,7324,MT5,H4
2024-07-30 20:00:00,1.28319,1.28415,1.28265,1.28375,3848,MT5,H4
2024-07-31 00:00:00,1.28375,1.28522,1.28315,1.28404,7359,MT5,H4
2024-07-31 04:00:00,1.28402,1.2847,1.28264,1.28393,9096,MT5,H4
2024-07-31 08:00:00,1.28391,1.28483,1.28204,1.2834699999999999,9671,MT5,H4
2024-07-31 12:00:00,1.2834699999999999,1.2854700000000001,1.28296,1.28394,13899,MT5,H4
2024-07-31 16:00:00,1.28392,1.28639,1.28208,1.28535,13588,MT5,H4
2024-07-31 20:00:00,1.28537,1.28628,1.285,1.28525,3749,MT5,H4
2024-08-01 00:00:00,1.28522,1.28602,1.28474,1.28526,7149,MT5,H4
2024-08-01 04:00:00,1.28526,1.2859,1.27891,1.2792,8887,MT5,H4
2024-08-01 08:00:00,1.27922,1.27996,1.27516,1.27924,12779,MT5,H4
2024-08-01 12:00:00,1.27929,1.28393,1.2766,1.27673,15574,MT5,H4
2024-08-01 16:00:00,1.27675,1.27766,1.27263,1.2742,10016,MT5,H4
2024-08-01 20:00:00,1.2741799999999999,1.27419,1.27274,1.27276,4721,MT5,H4
2024-08-02 00:00:00,1.27274,1.27288,1.27123,1.27206,7005,MT5,H4
2024-08-02 04:00:00,1.27207,1.27393,1.27068,1.27131,9367,MT5,H4
2024-08-02 08:00:00,1.27133,1.27505,1.27133,1.27412,10230,MT5,H4
2024-08-02 12:00:00,1.27413,1.28399,1.27406,1.2797100000000001,22442,MT5,H4
2024-08-02 16:00:00,1.27969,1.2812299999999999,1.27837,1.28087,11092,MT5,H4
2024-08-02 20:00:00,1.28085,1.28107,1.27997,1.28046,1111,MT5,H4
2024-08-04 20:00:00,1.27936,1.2808899999999999,1.27813,1.27869,4124,MT5,H4
2024-08-05 00:00:00,1.2787,1.28022,1.27777,1.2799800000000001,11975,MT5,H4
2024-08-05 04:00:00,1.2799800000000001,1.28124,1.27101,1.27941,27124,MT5,H4
2024-08-05 08:00:00,1.27941,1.28166,1.27271,1.27653,19898,MT5,H4
2024-08-05 12:00:00,1.2765900000000001,1.27956,1.27459,1.27637,35502,MT5,H4
2024-08-05 16:00:00,1.27634,1.27853,1.27439,1.27738,15129,MT5,H4
2024-08-05 20:00:00,1.27737,1.27929,1.27678,1.27873,7079,MT5,H4
2024-08-06 00:00:00,1.27877,1.2803,1.27775,1.27789,12313,MT5,H4
2024-08-06 04:00:00,1.2779,1.27801,1.27336,1.27399,15277,MT5,H4
2024-08-06 08:00:00,1.27393,1.27473,1.26795,1.2692700000000001,15813,MT5,H4
2024-08-06 12:00:00,1.26931,1.2726,1.26725,1.26939,19008,MT5,H4
2024-08-06 16:00:00,1.2694,1.2711999999999999,1.26844,1.26911,11469,MT5,H4
2024-08-06 20:00:00,1.26912,1.26983,1.26793,1.26843,5243,MT5,H4
2024-08-07 00:00:00,1.2684199999999999,1.27141,1.26813,1.2713999999999999,10405,MT5,H4
2024-08-07 04:00:00,1.27142,1.27179,1.2686899999999999,1.26982,12219,MT5,H4
2024-08-07 08:00:00,1.26982,1.27355,1.26932,1.27264,11439,MT5,H4
2024-08-07 12:00:00,1.27267,1.2730299999999999,1.2707,1.27154,12906,MT5,H4
2024-08-07 16:00:00,1.27154,1.27154,1.2683,1.26895,10804,MT5,H4
2024-08-07 20:00:00,1.26895,1.2694,1.2678099999999999,1.26823,4561,MT5,H4
2024-08-08 00:00:00,1.26822,1.27002,1.26782,1.2699,7788,MT5,H4
2024-08-08 04:00:00,1.2699099999999999,1.27133,1.26897,1.27,10132,MT5,H4
2024-08-08 08:00:00,1.27002,1.27095,1.26645,1.26951,11075,MT5,H4
2024-08-08 12:00:00,1.26953,1.27427,1.26651,1.27405,18022,MT5,H4
2024-08-08 16:00:00,1.27405,1.2752,1.27306,1.27442,9629,MT5,H4
2024-08-08 20:00:00,1.27446,1.27506,1.27402,1.27451,3892,MT5,H4
2024-08-09 00:00:00,1.27451,1.27583,1.27377,1.2757800000000001,6112,MT5,H4
2024-08-09 04:00:00,1.2757800000000001,1.27721,1.27477,1.27629,7901,MT5,H4
2024-08-09 08:00:00,1.2763,1.27715,1.27291,1.27406,8231,MT5,H4
2024-08-09 12:00:00,1.27407,1.27735,1.27258,1.27643,11709,MT5,H4
2024-08-09 16:00:00,1.2764199999999999,1.27697,1.27536,1.2759800000000001,7111,MT5,H4
2024-08-09 20:00:00,1.27596,1.2762,1.2755,1.27576,937,MT5,H4
2024-08-11 20:00:00,1.27557,1.2761,1.27481,1.27485,2176,MT5,H4
2024-08-12 00:00:00,1.27484,1.2763200000000001,1.27467,1.2758,4333,MT5,H4
2024-08-12 04:00:00,1.2758,1.27821,1.27577,1.27687,6389,MT5,H4
2024-08-12 08:00:00,1.27689,1.27725,1.27525,1.2769300000000001,7659,MT5,H4
2024-08-12 12:00:00,1.2769300000000001,1.27935,1.2758099999999999,1.27722,11716,MT5,H4
2024-08-12 16:00:00,1.27722,1.27722,1.27552,1.27682,7586,MT5,H4
2024-08-12 20:00:00,1.27684,1.27708,1.27554,1.27702,2850,MT5,H4
2024-08-13 00:00:00,1.27702,1.27775,1.27631,1.27735,4053,MT5,H4
2024-08-13 04:00:00,1.27735,1.28126,1.27735,1.28088,7588,MT5,H4
2024-08-13 08:00:00,1.28085,1.2808899999999999,1.2779099999999999,1.27918,8582,MT5,H4
2024-08-13 12:00:00,1.27918,1.28373,1.27794,1.28266,13746,MT5,H4
2024-08-13 16:00:00,1.28267,1.28727,1.28253,1.28656,7281,MT5,H4
2024-08-13 20:00:00,1.28659,1.28683,1.28529,1.2864900000000001,1920,MT5,H4
2024-08-14 00:00:00,1.28647,1.28682,1.28535,1.28556,3081,MT5,H4
2024-08-14 04:00:00,1.28558,1.28628,1.28172,1.28385,7160,MT5,H4
2024-08-14 08:00:00,1.28383,1.28532,1.28228,1.28481,5162,MT5,H4
2024-08-14 12:00:00,1.28482,1.28637,1.28268,1.28475,12526,MT5,H4
2024-08-14 16:00:00,1.28478,1.28484,1.28206,1.2827,3785,MT5,H4
2024-08-14 20:00:00,1.28269,1.28314,1.28227,1.2824200000000001,1723,MT5,H4
2024-08-15 00:00:00,1.2824499999999999,1.28338,1.28195,1.28336,2321,MT5,H4
2024-08-15 04:00:00,1.28332,1.28575,1.2833,1.28501,3613,MT5,H4
2024-08-15 08:00:00,1.28499,1.28637,1.2840099999999999,1.2861099999999999,3623,MT5,H4
2024-08-15 12:00:00,1.2861099999999999,1.28716,1.27986,1.28621,14258,MT5,H4
2024-08-15 16:00:00,1.28623,1.2871000000000001,1.28479,1.28548,4211,MT5,H4
2024-08-15 20:00:00,1.28549,1.28599,1.28511,1.28586,1718,MT5,H4
2024-08-16 00:00:00,1.2858800000000001,1.2875,1.2857,1.28677,2622,MT5,H4
2024-08-16 04:00:00,1.28674,1.2886199999999999,1.28661,1.2879399999999999,3870,MT5,H4
2024-08-16 08:00:00,1.28796,1.29102,1.28795,1.29084,4688,MT5,H4
2024-08-16 12:00:00,1.29088,1.29141,1.28813,1.2904900000000001,7201,MT5,H4
2024-08-16 16:00:00,1.29046,1.29455,1.2904200000000001,1.29443,3842,MT5,H4
2024-08-16 20:00:00,1.2944200000000001,1.29458,1.29409,1.29443,429,MT5,H4
2024-08-18 20:00:00,1.29319,1.2950599999999999,1.29309,1.29461,1335,MT5,H4
2024-08-19 00:00:00,1.29459,1.29602,1.29422,1.29539,3093,MT5,H4
2024-08-19 04:00:00,1.29536,1.29685,1.29516,1.29646,5247,MT5,H4
2024-08-19 08:00:00,1.29647,1.29752,1.29422,1.29569,5491,MT5,H4
2024-08-19 12:00:00,1.2957,1.29969,1.29395,1.29796,8366,MT5,H4
2024-08-19 16:00:00,1.29793,1.29959,1.29729,1.2989600000000001,4320,MT5,H4
2024-08-19 20:00:00,1.2989899999999999,1.29938,1.29856,1.29889,1848,MT5,H4
2024-08-20 00:00:00,1.29891,1.2993000000000001,1.29767,1.29782,3232,MT5,H4
2024-08-20 04:00:00,1.29783,1.30038,1.2974,1.30023,4500,MT5,H4
2024-08-20 08:00:00,1.30026,1.30155,1.29914,1.30075,6711,MT5,H4
2024-08-20 12:00:00,1.30073,1.30521,1.30064,1.30255,11153,MT5,H4
2024-08-20 16:00:00,1.30257,1.30354,1.30172,1.30324,5005,MT5,H4
2024-08-20 20:00:00,1.30323,1.30356,1.30281,1.30337,2874,MT5,H4
2024-08-21 00:00:00,1.30335,1.3038,1.30231,1.3027,3376,MT5,H4
2024-08-21 04:00:00,1.30268,1.30311,1.30102,1.3014999999999999,4972,MT5,H4
2024-08-21 08:00:00,1.30154,1.30433,1.30124,1.30316,4902,MT5,H4
2024-08-21 12:00:00,1.30318,1.30795,1.30268,1.30758,15559,MT5,H4
2024-08-21 16:00:00,1.30755,1.31195,1.30716,1.30898,6885,MT5,H4
2024-08-21 20:00:00,1.309,1.30957,1.3084500000000001,1.30924,2161,MT5,H4
2024-08-22 00:00:00,1.30922,1.30968,1.3082099999999999,1.30865,2736,MT5,H4
2024-08-22 04:00:00,1.30866,1.31059,1.30807,1.30971,4361,MT5,H4
2024-08-22 08:00:00,1.3097400000000001,1.31283,1.3093,1.31114,7806,MT5,H4
2024-08-22 12:00:00,1.31115,1.31302,1.30816,1.30936,11483,MT5,H4
2024-08-22 16:00:00,1.30938,1.31019,1.30761,1.3084500000000001,5827,MT5,H4
2024-08-22 20:00:00,1.30843,1.3097699999999999,1.30841,1.30966,1961,MT5,H4
2024-08-23 00:00:00,1.30963,1.31074,1.30914,1.31024,3171,MT5,H4
2024-08-23 04:00:00,1.31023,1.31253,1.31023,1.3117,4113,MT5,H4
2024-08-23 08:00:00,1.31171,1.31369,1.31108,1.31215,5681,MT5,H4
2024-08-23 12:00:00,1.31211,1.32303,1.31082,1.31941,19574,MT5,H4
2024-08-23 16:00:00,1.31943,1.32207,1.31744,1.32098,8733,MT5,H4
2024-08-23 20:00:00,1.32094,1.32191,1.32059,1.32165,1236,MT5,H4
2024-08-25 20:00:00,1.3207900000000001,1.32153,1.32026,1.3214000000000001,1929,MT5,H4
2024-08-26 00:00:00,1.32142,1.32221,1.32017,1.32025,3731,MT5,H4
2024-08-26 04:00:00,1.32027,1.32096,1.31895,1.31946,4529,MT5,H4
2024-08-26 08:00:00,1.31948,1.32055,1.31796,1.31891,5607,MT5,H4
2024-08-26 12:00:00,1.3188900000000001,1.3209,1.31799,1.31845,11076,MT5,H4
2024-08-26 16:00:00,1.31842,1.3207200000000001,1.31802,1.31848,5031,MT5,H4
2024-08-26 20:00:00,1.31851,1.31928,1.31818,1.31914,2162,MT5,H4
2024-08-27 00:00:00,1.31917,1.31949,1.3179699999999999,1.31905,2599,MT5,H4
2024-08-27 04:00:00,1.31901,1.32155,1.31895,1.32,5433,MT5,H4
2024-08-27 08:00:00,1.31995,1.32467,1.3197999999999999,1.3220399999999999,7758,MT5,H4
2024-08-27 12:00:00,1.32205,1.3242099999999999,1.32032,1.32338,11445,MT5,H4
2024-08-27 16:00:00,1.32339,1.3265,1.32264,1.32622,5696,MT5,H4
2024-08-27 20:00:00,1.3262,1.3266,1.3254000000000001,1.3255,2786,MT5,H4
2024-08-28 00:00:00,1.32552,1.32603,1.3242,1.3247900000000001,3325,MT5,H4
2024-08-28 04:00:00,1.32478,1.32493,1.32168,1.32314,5281,MT5,H4
2024-08-28 08:00:00,1.32315,1.32432,1.32062,1.32095,7964,MT5,H4
2024-08-28 12:00:00,1.32096,1.32302,1.3189600000000001,1.32,12433,MT5,H4
2024-08-28 16:00:00,1.31995,1.31995,1.3167200000000001,1.31841,6436,MT5,H4
2024-08-28 20:00:00,1.31842,1.31942,1.31829,1.3192599999999999,2229,MT5,H4
2024-08-29 00:00:00,1.31928,1.32116,1.31927,1.3207,3149,MT5,H4
2024-08-29 04:00:00,1.32071,1.32268,1.3205200000000001,1.32199,5730,MT5,H4
2024-08-29 08:00:00,1.3219699999999999,1.3219699999999999,1.3168199999999999,1.31849,11170,MT5,H4
2024-08-29 12:00:00,1.31846,1.3185,1.31449,1.31844,15702,MT5,H4
2024-08-29 16:00:00,1.31845,1.31902,1.31632,1.31656,8434,MT5,H4
2024-08-29 20:00:00,1.31661,1.31711,1.31605,1.3164799999999999,3172,MT5,H4
2024-08-30 00:00:00,1.3165200000000001,1.31714,1.31616,1.31632,4840,MT5,H4
2024-08-30 04:00:00,1.31632,1.31983,1.31597,1.31902,7111,MT5,H4
2024-08-30 08:00:00,1.31902,1.31998,1.31687,1.31788,8818,MT5,H4
2024-08-30 12:00:00,1.3179,1.31867,1.31249,1.31307,19192,MT5,H4
2024-08-30 16:00:00,1.3130600000000001,1.3134000000000001,1.31093,1.31318,9598,MT5,H4
2024-08-30 20:00:00,1.31314,1.31358,1.31254,1.31272,1578,MT5,H4
2024-09-01 20:00:00,1.31262,1.31333,1.31172,1.31295,1877,MT5,H4
2024-09-02 00:00:00,1.31296,1.31378,1.31195,1.31277,4906,MT5,H4
2024-09-02 04:00:00,1.31276,1.31453,1.3122099999999999,1.31342,6111,MT5,H4
2024-09-02 08:00:00,1.3134299999999999,1.3146,1.31268,1.31293,7880,MT5,H4
2024-09-02 12:00:00,1.31292,1.31551,1.3129,1.31448,7349,MT5,H4
2024-09-02 16:00:00,1.31448,1.3147,1.31356,1.31457,1745,MT5,H4
2024-09-02 20:00:00,1.31457,1.31493,1.31375,1.31397,2047,MT5,H4
2024-09-03 00:00:00,1.31397,1.31471,1.31273,1.31288,5964,MT5,H4
2024-09-03 04:00:00,1.31288,1.31395,1.31084,1.3122,8746,MT5,H4
2024-09-03 08:00:00,1.31217,1.3128199999999999,1.3109199999999999,1.31217,11069,MT5,H4
2024-09-03 12:00:00,1.3121800000000001,1.3146,1.3087900000000001,1.31024,18285,MT5,H4
2024-09-03 16:00:00,1.31023,1.31079,1.30872,1.3107,8599,MT5,H4
2024-09-03 20:00:00,1.31074,1.31166,1.31045,1.31122,3738,MT5,H4
2024-09-04 00:00:00,1.31121,1.31149,1.31012,1.31109,6423,MT5,H4
2024-09-04 04:00:00,1.31105,1.31204,1.3100399999999999,1.3115299999999999,8180,MT5,H4
2024-09-04 08:00:00,1.3115,1.31272,1.31089,1.3119399999999999,8918,MT5,H4
2024-09-04 12:00:00,1.31193,1.31748,1.31061,1.31412,15868,MT5,H4
2024-09-04 16:00:00,1.3141,1.31527,1.31268,1.31437,9252,MT5,H4
2024-09-04 20:00:00,1.31437,1.31491,1.3141,1.31436,4847,MT5,H4
2024-09-05 00:00:00,1.3143799999999999,1.31563,1.31406,1.3146900000000001,5483,MT5,H4
2024-09-05 04:00:00,1.3146900000000001,1.31567,1.31365,1.31477,7296,MT5,H4
2024-09-05 08:00:00,1.31476,1.31734,1.31441,1.31595,9136,MT5,H4
2024-09-05 12:00:00,1.31597,1.31799,1.3151,1.31639,18268,MT5,H4
2024-09-05 16:00:00,1.31637,1.31852,1.31632,1.3170899999999999,9497,MT5,H4
2024-09-05 20:00:00,1.31708,1.31818,1.31703,1.31755,3468,MT5,H4
2024-09-06 00:00:00,1.31755,1.31817,1.31725,1.31769,4554,MT5,H4
2024-09-06 04:00:00,1.31769,1.3193,1.31714,1.31815,7494,MT5,H4
2024-09-06 08:00:00,1.31814,1.3184,1.31595,1.31764,8590,MT5,H4
2024-09-06 12:00:00,1.31766,1.3237999999999999,1.31266,1.31323,36577,MT5,H4
2024-09-06 16:00:00,1.3132,1.3139,1.31094,1.3133,13575,MT5,H4
2024-09-06 20:00:00,1.31332,1.31341,1.31284,1.31291,2297,MT5,H4
2024-09-08 20:00:00,1.31175,1.3138,1.31168,1.31312,2748,MT5,H4
2024-09-09 00:00:00,1.31314,1.3143,1.31287,1.31303,6347,MT5,H4
2024-09-09 04:00:00,1.31303,1.31328,1.30905,1.3105,8243,MT5,H4
2024-09-09 08:00:00,1.3105,1.3108,1.30725,1.30871,9144,MT5,H4
2024-09-09 12:00:00,1.3087,1.31006,1.30671,1.30819,12105,MT5,H4
2024-09-09 16:00:00,1.30819,1.31019,1.30721,1.3073299999999999,8445,MT5,H4
2024-09-09 20:00:00,1.3073000000000001,1.3076699999999999,1.3069,1.30707,3226,MT5,H4
2024-09-10 00:00:00,1.3070599999999999,1.30741,1.30576,1.30722,4686,MT5,H4
2024-09-10 04:00:00,1.30722,1.31076,1.30711,1.30894,7547,MT5,H4
2024-09-10 08:00:00,1.30894,1.31043,1.30783,1.30893,8487,MT5,H4
2024-09-10 12:00:00,1.30892,1.30946,1.30491,1.30643,13109,MT5,H4
2024-09-10 16:00:00,1.30643,1.30864,1.30558,1.3085200000000001,8993,MT5,H4
2024-09-10 20:00:00,1.30851,1.30857,1.30731,1.30793,4041,MT5,H4
2024-09-11 00:00:00,1.30792,1.30976,1.30698,1.30937,6720,MT5,H4
2024-09-11 04:00:00,1.30935,1.31116,1.30773,1.30824,8856,MT5,H4
2024-09-11 08:00:00,1.30826,1.3097699999999999,1.30744,1.30912,8829,MT5,H4
2024-09-11 12:00:00,1.30914,1.30931,1.30017,1.30231,21790,MT5,H4
2024-09-11 16:00:00,1.30229,1.30495,1.302,1.30431,9455,MT5,H4
2024-09-11 20:00:00,1.30434,1.30454,1.30375,1.30376,3394,MT5,H4
2024-09-12 00:00:00,1.30376,1.30431,1.30317,1.3042799999999999,5090,MT5,H4
2024-09-12 04:00:00,1.3042799999999999,1.30564,1.3037,1.3038699999999999,6241,MT5,H4
2024-09-12 08:00:00,1.30385,1.30602,1.30321,1.30381,8750,MT5,H4
2024-09-12 12:00:00,1.30381,1.30843,1.30372,1.308,17034,MT5,H4
2024-09-12 16:00:00,1.308,1.31197,1.30796,1.31183,10973,MT5,H4
2024-09-12 20:00:00,1.3118,1.31323,1.31145,1.3132,3699,MT5,H4
2024-09-13 00:00:00,1.31321,1.31498,1.31307,1.31485,6458,MT5,H4
2024-09-13 04:00:00,1.31488,1.31504,1.31243,1.31458,7818,MT5,H4
2024-09-13 08:00:00,1.31456,1.31522,1.31159,1.3121800000000001,10115,MT5,H4
2024-09-13 12:00:00,1.31217,1.31577,1.31145,1.31393,14537,MT5,H4
2024-09-13 16:00:00,1.31391,1.31394,1.31176,1.31237,7966,MT5,H4
2024-09-13 20:00:00,1.31235,1.31269,1.3121800000000001,1.31242,2098,MT5,H4
2024-09-15 20:00:00,1.31176,1.3136700000000001,1.31139,1.31346,2261,MT5,H4
2024-09-16 00:00:00,1.3134700000000001,1.3163,1.3134700000000001,1.31595,4758,MT5,H4
2024-09-16 04:00:00,1.31593,1.3173599999999999,1.3152,1.31704,6588,MT5,H4
2024-09-16 08:00:00,1.3170600000000001,1.32038,1.31692,1.31996,9513,MT5,H4
2024-09-16 12:00:00,1.31997,1.3214000000000001,1.31872,1.32007,12031,MT5,H4
2024-09-16 16:00:00,1.32007,1.32135,1.31943,1.32123,6810,MT5,H4
2024-09-16 20:00:00,1.32124,1.32181,1.32047,1.32097,3251,MT5,H4
2024-09-17 00:00:00,1.32098,1.32114,1.32,1.3202099999999999,4822,MT5,H4
2024-09-17 04:00:00,1.3202099999999999,1.32187,1.31978,1.32171,6583,MT5,H4
2024-09-17 08:00:00,1.3216999999999999,1.3229600000000001,1.32066,1.32203,9154,MT5,H4
2024-09-17 12:00:00,1.32203,1.32247,1.3158,1.31632,18046,MT5,H4
2024-09-17 16:00:00,1.31629,1.31688,1.31456,1.31623,9900,MT5,H4
2024-09-17 20:00:00,1.31624,1.3168,1.31541,1.3167,3489,MT5,H4
2024-09-18 00:00:00,1.31668,1.3172,1.3161,1.3164799999999999,5384,MT5,H4
2024-09-18 04:00:00,1.3165,1.31994,1.31561,1.31979,8149,MT5,H4
2024-09-18 08:00:00,1.31982,1.32269,1.31945,1.32102,9462,MT5,H4
2024-09-18 12:00:00,1.32104,1.32538,1.31946,1.3197999999999999,12980,MT5,H4
2024-09-18 16:00:00,1.31975,1.32975,1.31749,1.31877,41915,MT5,H4
2024-09-18 20:00:00,1.31874,1.3218,1.31855,1.32029,10758,MT5,H4
2024-09-19 00:00:00,1.3203,1.32134,1.3153000000000001,1.32103,12245,MT5,H4
2024-09-19 04:00:00,1.3210600000000001,1.32582,1.32003,1.32469,12391,MT5,H4
2024-09-19 08:00:00,1.32466,1.33142,1.32444,1.3284799999999999,16428,MT5,H4
2024-09-19 12:00:00,1.32851,1.32908,1.32193,1.32786,21176,MT5,H4
2024-09-19 16:00:00,1.32788,1.32892,1.32734,1.32816,10558,MT5,H4
2024-09-19 20:00:00,1.3281399999999999,1.32862,1.32761,1.3280699999999999,3452,MT5,H4
2024-09-20 00:00:00,1.3280699999999999,1.33013,1.3271600000000001,1.3294000000000001,7388,MT5,H4
2024-09-20 04:00:00,1.32941,1.334,1.32864,1.3312300000000001,11756,MT5,H4
2024-09-20 08:00:00,1.3312,1.33168,1.32805,1.32996,11042,MT5,H4
2024-09-20 12:00:00,1.32995,1.3323,1.32679,1.33038,17701,MT5,H4
2024-09-20 16:00:00,1.3304,1.33312,1.3302,1.33156,11915,MT5,H4
2024-09-20 20:00:00,1.33159,1.33234,1.33132,1.33217,3126,MT5,H4
2024-09-22 20:00:00,1.33054,1.33227,1.33051,1.3312,2387,MT5,H4
2024-09-23 00:00:00,1.33118,1.33197,1.33076,1.33093,5147,MT5,H4
2024-09-23 04:00:00,1.3309199999999999,1.33202,1.32599,1.3262,10207,MT5,H4
2024-09-23 08:00:00,1.32618,1.33186,1.32483,1.33122,12419,MT5,H4
2024-09-23 12:00:00,1.33122,1.33591,1.3299400000000001,1.33503,17442,MT5,H4
2024-09-23 16:00:00,1.33504,1.33539,1.33369,1.33466,9884,MT5,H4
2024-09-23 20:00:00,1.33471,1.33504,1.33399,1.33483,3548,MT5,H4
2024-09-24 00:00:00,1.33483,1.3357,1.33398,1.33526,7825,MT5,H4
2024-09-24 04:00:00,1.33526,1.33661,1.33316,1.3349,12211,MT5,H4
2024-09-24 08:00:00,1.3348900000000001,1.3383,1.3348499999999999,1.337,11603,MT5,H4
2024-09-24 12:00:00,1.337,1.33984,1.33674,1.3375,16205,MT5,H4
2024-09-24 16:00:00,1.33753,1.3415300000000001,1.3375,1.34147,9384,MT5,H4
2024-09-24 20:00:00,1.34148,1.34277,1.3409900000000001,1.34267,3723,MT5,H4
2024-09-25 00:00:00,1.34267,1.34298,1.34103,1.3422399999999999,7583,MT5,H4
2024-09-25 04:00:00,1.34225,1.34234,1.33823,1.33891,10072,MT5,H4
2024-09-25 08:00:00,1.3388900000000001,1.33937,1.33635,1.33755,12367,MT5,H4
2024-09-25 12:00:00,1.33753,1.34122,1.33345,1.33375,19274,MT5,H4
2024-09-25 16:00:00,1.33375,1.33418,1.3312300000000001,1.33158,12739,MT5,H4
2024-09-25 20:00:00,1.33155,1.33233,1.33122,1.33135,4305,MT5,H4
2024-09-26 00:00:00,1.33134,1.33404,1.33121,1.3338700000000001,6288,MT5,H4
2024-09-26 04:00:00,1.3338700000000001,1.3357700000000001,1.3334,1.33437,9067,MT5,H4
2024-09-26 08:00:00,1.33434,1.3388900000000001,1.33338,1.33739,12880,MT5,H4
2024-09-26 12:00:00,1.33739,1.34342,1.33506,1.34281,24500,MT5,H4
2024-09-26 16:00:00,1.34279,1.34279,1.34047,1.34145,12958,MT5,H4
2024-09-26 20:00:00,1.34145,1.34157,1.34061,1.34105,4737,MT5,H4
2024-09-27 00:00:00,1.34104,1.34107,1.33846,1.33927,7440,MT5,H4
2024-09-27 04:00:00,1.33926,1.33966,1.3360400000000001,1.3366799999999999,14042,MT5,H4
2024-09-27 08:00:00,1.3367200000000001,1.3397299999999999,1.33594,1.33878,11444,MT5,H4
2024-09-27 12:00:00,1.33877,1.34272,1.33799,1.33934,20580,MT5,H4
2024-09-27 16:00:00,1.33935,1.33961,1.33722,1.3376299999999999,12575,MT5,H4
2024-09-27 20:00:00,1.3376000000000001,1.3377,1.33689,1.33722,2601,MT5,H4
2024-09-29 20:00:00,1.33696,1.33838,1.33676,1.33822,2075,MT5,H4
2024-09-30 00:00:00,1.33822,1.3389199999999999,1.3373300000000001,1.33839,7549,MT5,H4
2024-09-30 04:00:00,1.33838,1.33988,1.33739,1.33983,9679,MT5,H4
2024-09-30 08:00:00,1.33983,1.34226,1.3385500000000001,1.34024,13002,MT5,H4
2024-09-30 12:00:00,1.34022,1.34166,1.33599,1.33971,19767,MT5,H4
2024-09-30 16:00:00,1.3397000000000001,1.34079,1.33498,1.33709,17139,MT5,H4
2024-09-30 20:00:00,1.3371,1.33822,1.33669,1.3377,4069,MT5,H4
2024-10-01 00:00:00,1.33771,1.33895,1.33687,1.33704,8272,MT5,H4
2024-10-01 04:00:00,1.33703,1.33849,1.33341,1.33384,12897,MT5,H4
2024-10-01 08:00:00,1.33385,1.3348900000000001,1.33106,1.332,14649,MT5,H4
2024-10-01 12:00:00,1.33201,1.3328,1.32634,1.32791,27523,MT5,H4
2024-10-01 16:00:00,1.32788,1.32901,1.32369,1.32804,17052,MT5,H4
2024-10-01 20:00:00,1.32808,1.32865,1.32717,1.32735,4980,MT5,H4
2024-10-02 00:00:00,1.32739,1.32957,1.32739,1.32854,7225,MT5,H4
2024-10-02 04:00:00,1.32855,1.33005,1.326,1.32874,11889,MT5,H4
2024-10-02 08:00:00,1.3287200000000001,1.33051,1.32747,1.32929,11443,MT5,H4
2024-10-02 12:00:00,1.32932,1.3296000000000001,1.32452,1.327,17155,MT5,H4
2024-10-02 16:00:00,1.32702,1.32782,1.32581,1.32709,9975,MT5,H4
2024-10-02 20:00:00,1.32707,1.32773,1.32613,1.3262399999999999,4218,MT5,H4
2024-10-03 00:00:00,1.32622,1.3265,1.32459,1.32503,8454,MT5,H4
2024-10-03 04:00:00,1.32503,1.32521,1.31482,1.31543,18533,MT5,H4
2024-10-03 08:00:00,1.31546,1.31559,1.30922,1.31127,16432,MT5,H4
2024-10-03 12:00:00,1.31124,1.31264,1.3091599999999999,1.31115,26519,MT5,H4
2024-10-03 16:00:00,1.31115,1.3131599999999999,1.31102,1.3121,10528,MT5,H4
2024-10-03 20:00:00,1.31207,1.31317,1.31195,1.31281,3814,MT5,H4
2024-10-04 00:00:00,1.3128,1.31354,1.3123,1.3128,7921,MT5,H4
2024-10-04 04:00:00,1.3128,1.3167200000000001,1.31232,1.31583,11332,MT5,H4
2024-10-04 08:00:00,1.3158400000000001,1.3174000000000001,1.31444,1.31692,12270,MT5,H4
2024-10-04 12:00:00,1.31693,1.31747,1.3069600000000001,1.31058,28092,MT5,H4
2024-10-04 16:00:00,1.31057,1.31285,1.30954,1.31262,10951,MT5,H4
2024-10-04 20:00:00,1.31265,1.31294,1.31172,1.31253,3462,MT5,H4
2024-10-06 20:00:00,1.31058,1.3124799999999999,1.31052,1.31227,3334,MT5,H4
2024-10-07 00:00:00,1.31226,1.31345,1.31183,1.3129,8912,MT5,H4
2024-10-07 04:00:00,1.31293,1.31308,1.30991,1.31117,11256,MT5,H4
2024-10-07 08:00:00,1.3112,1.31166,1.30591,1.30816,14504,MT5,H4
2024-10-07 12:00:00,1.30819,1.30939,1.3066,1.30795,17265,MT5,H4
2024-10-07 16:00:00,1.30793,1.30964,1.30686,1.30822,9090,MT5,H4
2024-10-07 20:00:00,1.30823,1.3088,1.30792,1.3084,4155,MT5,H4
2024-10-08 00:00:00,1.30839,1.31034,1.30839,1.30925,9936,MT5,H4
2024-10-08 04:00:00,1.30926,1.3103,1.30636,1.31013,11551,MT5,H4
2024-10-08 08:00:00,1.31016,1.31071,1.30858,1.3105,11677,MT5,H4
2024-10-08 12:00:00,1.3105,1.31132,1.30806,1.30922,14778,MT5,H4
2024-10-08 16:00:00,1.3092,1.31006,1.3075700000000001,1.30995,9300,MT5,H4
2024-10-08 20:00:00,1.30996,1.31052,1.30929,1.3093,4410,MT5,H4
2024-10-09 00:00:00,1.30929,1.31029,1.30826,1.30851,8323,MT5,H4
2024-10-09 04:00:00,1.30851,1.31016,1.30554,1.30826,13145,MT5,H4
2024-10-09 08:00:00,1.30823,1.30955,1.30676,1.30839,10908,MT5,H4
2024-10-09 12:00:00,1.30842,1.3089,1.30652,1.30785,13423,MT5,H4
2024-10-09 16:00:00,1.30783,1.30783,1.30619,1.3064,8872,MT5,H4
2024-10-09 20:00:00,1.30641,1.30751,1.30595,1.30664,3993,MT5,H4
2024-10-10 00:00:00,1.30664,1.30777,1.30644,1.30755,7463,MT5,H4
2024-10-10 04:00:00,1.30755,1.30888,1.30675,1.30831,8719,MT5,H4
2024-10-10 08:00:00,1.30834,1.30935,1.3066,1.3066499999999999,10551,MT5,H4
2024-10-10 12:00:00,1.30667,1.30894,1.30222,1.30519,28390,MT5,H4
2024-10-10 16:00:00,1.30523,1.30593,1.30216,1.3054999999999999,12523,MT5,H4
2024-10-10 20:00:00,1.30554,1.30641,1.3054000000000001,1.30612,3597,MT5,H4
2024-10-11 00:00:00,1.3061099999999999,1.30664,1.30515,1.30546,5732,MT5,H4
2024-10-11 04:00:00,1.30545,1.30748,1.30412,1.30744,7977,MT5,H4
2024-10-11 08:00:00,1.30744,1.30811,1.3051300000000001,1.30607,8938,MT5,H4
2024-10-11 12:00:00,1.30609,1.3083,1.30546,1.30691,15995,MT5,H4
2024-10-11 16:00:00,1.30689,1.3078,1.30639,1.30647,6452,MT5,H4
2024-10-11 20:00:00,1.30643,1.30716,1.30624,1.3068,2684,MT5,H4
2024-10-13 20:00:00,1.3060399999999999,1.30664,1.30462,1.3048199999999999,2391,MT5,H4
2024-10-14 00:00:00,1.3048199999999999,1.30624,1.304,1.30589,8007,MT5,H4
2024-10-14 04:00:00,1.30589,1.30716,1.30558,1.30614,7428,MT5,H4
2024-10-14 08:00:00,1.30615,1.30679,1.30369,1.30384,10576,MT5,H4
2024-10-14 12:00:00,1.30382,1.30598,1.30295,1.30491,14250,MT5,H4
2024-10-14 16:00:00,1.3049,1.3061,1.30416,1.30548,7640,MT5,H4
2024-10-14 20:00:00,1.30546,1.30673,1.30537,1.30666,3505,MT5,H4
2024-10-15 00:00:00,1.30667,1.30685,1.30536,1.30542,6403,MT5,H4
2024-10-15 04:00:00,1.30542,1.30738,1.30353,1.3073000000000001,10975,MT5,H4
2024-10-15 08:00:00,1.3073000000000001,1.30965,1.3067,1.30758,10507,MT5,H4
2024-10-15 12:00:00,1.30762,1.31025,1.30736,1.3081800000000001,15282,MT5,H4
2024-10-15 16:00:00,1.3082,1.30849,1.3064,1.30673,2994,MT5,H4
2024-10-15 20:00:00,1.3066900000000001,1.30756,1.30626,1.30647,4481,MT5,H4
2024-10-16 00:00:00,1.30647,1.30771,1.30596,1.30707,6620,MT5,H4
2024-10-16 04:00:00,1.3070599999999999,1.30766,1.2982,1.30007,14259,MT5,H4
2024-10-16 08:00:00,1.30006,1.30321,1.29912,1.3030599999999999,12002,MT5,H4
2024-10-16 12:00:00,1.30308,1.30373,1.29955,1.2999,12571,MT5,H4
2024-10-16 16:00:00,1.29992,1.3005499999999999,1.29766,1.29818,7075,MT5,H4
2024-10-16 20:00:00,1.29818,1.29912,1.2981099999999999,1.2991,3523,MT5,H4
2024-10-17 00:00:00,1.29908,1.30012,1.29803,1.29863,8709,MT5,H4
2024-10-17 04:00:00,1.29865,1.29928,1.29732,1.29839,9117,MT5,H4
2024-10-17 08:00:00,1.29837,1.30171,1.29748,1.30152,10270,MT5,H4
2024-10-17 12:00:00,1.30152,1.30229,1.29794,1.30073,22418,MT5,H4
2024-10-17 16:00:00,1.30074,1.30151,1.29984,1.30126,8589,MT5,H4
2024-10-17 20:00:00,1.30126,1.30166,1.30076,1.30142,3217,MT5,H4
2024-10-18 00:00:00,1.30142,1.30263,1.30105,1.30206,8078,MT5,H4
2024-10-18 04:00:00,1.30205,1.30708,1.30192,1.3052000000000001,10536,MT5,H4
2024-10-18 08:00:00,1.30522,1.30533,1.30339,1.30449,11465,MT5,H4
2024-10-18 12:00:00,1.3045200000000001,1.3066499999999999,1.30196,1.30213,13279,MT5,H4
2024-10-18 16:00:00,1.30212,1.30456,1.30198,1.30423,8184,MT5,H4
2024-10-18 20:00:00,1.3042099999999999,1.30514,1.3041,1.3051300000000001,1748,MT5,H4
2024-10-20 20:00:00,1.3041,1.30561,1.30347,1.3051300000000001,2611,MT5,H4
2024-10-21 00:00:00,1.3051599999999999,1.30532,1.3042,1.30499,7686,MT5,H4
2024-10-21 04:00:00,1.30499,1.305,1.30194,1.30219,8038,MT5,H4
2024-10-21 08:00:00,1.30217,1.30335,1.3011599999999999,1.30189,9146,MT5,H4
2024-10-21 12:00:00,1.30186,1.3033299999999999,1.29794,1.29795,12762,MT5,H4
2024-10-21 16:00:00,1.29793,1.29912,1.29766,1.2983799999999999,7466,MT5,H4
2024-10-21 20:00:00,1.29837,1.29862,1.298,1.29823,3345,MT5,H4
2024-10-22 00:00:00,1.29825,1.29952,1.29795,1.29947,7380,MT5,H4
2024-10-22 04:00:00,1.29949,1.30145,1.29932,1.3009,8526,MT5,H4
2024-10-22 08:00:00,1.30087,1.30102,1.29654,1.29788,9958,MT5,H4
2024-10-22 12:00:00,1.29788,1.29848,1.29443,1.29681,14225,MT5,H4
2024-10-22 16:00:00,1.29678,1.2984200000000001,1.2965499999999999,1.29828,7308,MT5,H4
2024-10-22 20:00:00,1.29826,1.29882,1.29788,1.29805,3444,MT5,H4
2024-10-23 00:00:00,1.29801,1.29914,1.29708,1.29851,7848,MT5,H4
2024-10-23 04:00:00,1.29851,1.29947,1.29623,1.29636,8628,MT5,H4
2024-10-23 08:00:00,1.29635,1.29886,1.29497,1.29509,9076,MT5,H4
2024-10-23 12:00:00,1.29509,1.29615,1.2934700000000001,1.29436,12654,MT5,H4
2024-10-23 16:00:00,1.29436,1.29478,1.29071,1.2932299999999999,8811,MT5,H4
2024-10-23 20:00:00,1.2932299999999999,1.29332,1.29088,1.29151,3545,MT5,H4
2024-10-24 00:00:00,1.29155,1.29283,1.29114,1.29249,6889,MT5,H4
2024-10-24 04:00:00,1.29249,1.29683,1.29238,1.29616,10097,MT5,H4
2024-10-24 08:00:00,1.29616,1.2981099999999999,1.29482,1.29725,11083,MT5,H4
2024-10-24 12:00:00,1.29725,1.29879,1.29535,1.2963,14393,MT5,H4
2024-10-24 16:00:00,1.2962799999999999,1.2977699999999999,1.29478,1.29751,8047,MT5,H4
2024-10-24 20:00:00,1.29753,1.29772,1.2969,1.29712,3036,MT5,H4
2024-10-25 00:00:00,1.2971599999999999,1.29736,1.29607,1.29629,7272,MT5,H4
2024-10-25 04:00:00,1.29629,1.29766,1.29554,1.29703,7897,MT5,H4
2024-10-25 08:00:00,1.29699,1.29922,1.2968,1.29864,7914,MT5,H4
2024-10-25 12:00:00,1.29862,1.29984,1.29765,1.29772,11055,MT5,H4
2024-10-25 16:00:00,1.29771,1.29798,1.29581,1.29595,7994,MT5,H4
2024-10-25 20:00:00,1.2959399999999999,1.29626,1.2958,1.2961,2317,MT5,H4
2024-10-27 20:00:00,1.2953700000000001,1.2964,1.2953700000000001,1.29574,2633,MT5,H4
2024-10-28 00:00:00,1.29571,1.29633,1.29423,1.29427,8585,MT5,H4
2024-10-28 04:00:00,1.29425,1.29718,1.29392,1.297,7739,MT5,H4
2024-10-28 08:00:00,1.29699,1.29939,1.29599,1.2991,10161,MT5,H4
2024-10-28 12:00:00,1.29908,1.30015,1.2977699999999999,1.298,11739,MT5,H4
2024-10-28 16:00:00,1.29799,1.29884,1.29675,1.29734,9025,MT5,H4
2024-10-28 20:00:00,1.29736,1.29756,1.29644,1.29742,3024,MT5,H4
2024-10-29 00:00:00,1.29742,1.29769,1.29577,1.2960099999999999,7591,MT5,H4
2024-10-29 04:00:00,1.29602,1.29739,1.29578,1.29706,7289,MT5,H4
2024-10-29 08:00:00,1.29704,1.29926,1.2969300000000001,1.29855,10739,MT5,H4
2024-10-29 12:00:00,1.29854,1.3007,1.29667,1.30037,17923,MT5,H4
2024-10-29 16:00:00,1.30041,1.30115,1.29895,1.30056,10214,MT5,H4
2024-10-29 20:00:00,1.30054,1.30166,1.30032,1.3011,3876,MT5,H4
2024-10-30 00:00:00,1.30109,1.3020100000000001,1.29961,1.29988,7585,MT5,H4
2024-10-30 04:00:00,1.29988,1.30134,1.29953,1.3008199999999999,7454,MT5,H4
2024-10-30 08:00:00,1.30083,1.30266,1.29622,1.2971,13904,MT5,H4
2024-10-30 12:00:00,1.29707,1.30431,1.29366,1.30114,23697,MT5,H4
2024-10-30 16:00:00,1.3011,1.3018,1.29668,1.29701,11486,MT5,H4
2024-10-30 20:00:00,1.29696,1.29704,1.2953700000000001,1.29581,4802,MT5,H4
2024-10-31 00:00:00,1.2958,1.2959800000000001,1.29423,1.29495,7385,MT5,H4
2024-10-31 04:00:00,1.29493,1.2999100000000001,1.29461,1.29952,8158,MT5,H4
2024-10-31 08:00:00,1.2995,1.29996,1.29579,1.2978100000000001,11922,MT5,H4
2024-10-31 12:00:00,1.2978,1.29977,1.28431,1.28555,29601,MT5,H4
2024-10-31 16:00:00,1.28551,1.28938,1.28546,1.28917,15198,MT5,H4
2024-10-31 20:00:00,1.28914,1.29025,1.28884,1.28965,3784,MT5,H4
2024-11-01 00:00:00,1.28964,1.29021,1.28884,1.28983,7400,MT5,H4
2024-11-01 04:00:00,1.28982,1.29027,1.28841,1.28977,7206,MT5,H4
2024-11-01 08:00:00,1.28975,1.29226,1.28875,1.29195,10606,MT5,H4
2024-11-01 12:00:00,1.2919399999999999,1.29799,1.29161,1.2959100000000001,21948,MT5,H4
2024-11-01 16:00:00,1.29587,1.29627,1.2919800000000001,1.29204,10583,MT5,H4
2024-11-01 20:00:00,1.29204,1.2922500000000001,1.29158,1.29197,2357,MT5,H4
2024-11-03 20:00:00,1.29681,1.2968199999999999,1.29491,1.29518,2776,MT5,H4
2024-11-04 00:00:00,1.2952,1.29984,1.2951,1.29929,8672,MT5,H4
2024-11-04 04:00:00,1.29927,1.29969,1.2968899999999999,1.29696,7993,MT5,H4
2024-11-04 08:00:00,1.297,1.29829,1.29451,1.29769,12139,MT5,H4
2024-11-04 12:00:00,1.29766,1.29932,1.2959,1.29805,14891,MT5,H4
2024-11-04 16:00:00,1.29806,1.29812,1.2934,1.29536,12047,MT5,H4
2024-11-04 20:00:00,1.2953299999999999,1.29587,1.29494,1.29539,4387,MT5,H4
2024-11-05 00:00:00,1.29539,1.29616,1.2947600000000001,1.2953299999999999,6267,MT5,H4
2024-11-05 04:00:00,1.2953299999999999,1.29814,1.29524,1.29766,6779,MT5,H4
2024-11-05 08:00:00,1.29767,1.29943,1.29707,1.2990599999999999,8213,MT5,H4
2024-11-05 12:00:00,1.2991,1.30206,1.29783,1.30016,13532,MT5,H4
2024-11-05 16:00:00,1.30016,1.30373,1.3,1.30209,9966,MT5,H4
2024-11-05 20:00:00,1.30207,1.30476,1.30158,1.30422,6038,MT5,H4
2024-11-06 00:00:00,1.30422,1.30436,1.28634,1.2888,39780,MT5,H4
2024-11-06 04:00:00,1.28878,1.29275,1.2845900000000001,1.28659,36473,MT5,H4
2024-11-06 08:00:00,1.28655,1.29234,1.28509,1.28567,26391,MT5,H4
2024-11-06 12:00:00,1.28565,1.28894,1.28338,1.2889300000000001,31251,MT5,H4
2024-11-06 16:00:00,1.2889300000000001,1.29192,1.28702,1.28902,21001,MT5,H4
2024-11-06 20:00:00,1.28902,1.2898,1.28683,1.28823,5885,MT5,H4
2024-11-07 00:00:00,1.28822,1.2923499999999999,1.28756,1.29219,9051,MT5,H4
2024-11-07 04:00:00,1.29219,1.2947,1.29142,1.29297,9132,MT5,H4
2024-11-07 08:00:00,1.293,1.2939,1.2898800000000001,1.29057,14093,MT5,H4
2024-11-07 12:00:00,1.29068,1.3009,1.28991,1.29955,24458,MT5,H4
2024-11-07 16:00:00,1.29954,1.30007,1.29482,1.2965200000000001,21285,MT5,H4
2024-11-07 20:00:00,1.29654,1.29913,1.29606,1.29825,8906,MT5,H4
2024-11-08 00:00:00,1.29825,1.29841,1.2962500000000001,1.29646,8176,MT5,H4
2024-11-08 04:00:00,1.29645,1.29741,1.29609,1.29646,8257,MT5,H4
2024-11-08 08:00:00,1.29644,1.29764,1.29351,1.29677,15027,MT5,H4
2024-11-08 12:00:00,1.29679,1.29685,1.2922,1.29382,16936,MT5,H4
2024-11-08 16:00:00,1.29379,1.29446,1.2883,1.2912,13947,MT5,H4
2024-11-08 20:00:00,1.29119,1.29247,1.29089,1.292,3913,MT5,H4
2024-11-10 20:00:00,1.29,1.29175,1.28979,1.29151,2101,MT5,H4
2024-11-11 00:00:00,1.2915,1.29256,1.29092,1.2913999999999999,7411,MT5,H4
2024-11-11 04:00:00,1.2913999999999999,1.29221,1.28909,1.2894999999999999,8029,MT5,H4
2024-11-11 08:00:00,1.28949,1.29064,1.28766,1.28849,12794,MT5,H4
2024-11-11 12:00:00,1.28849,1.289,1.2855699999999999,1.28692,13467,MT5,H4
2024-11-11 16:00:00,1.28694,1.28779,1.28568,1.2861799999999999,8835,MT5,H4
2024-11-11 20:00:00,1.28621,1.28735,1.28619,1.28735,3985,MT5,H4
2024-11-12 00:00:00,1.28732,1.28732,1.28403,1.28413,8573,MT5,H4
2024-11-12 04:00:00,1.28412,1.2847,1.28002,1.28139,11628,MT5,H4
2024-11-12 08:00:00,1.28136,1.2831000000000001,1.2792,1.28207,13723,MT5,H4
2024-11-12 12:00:00,1.28207,1.28287,1.27557,1.27629,16706,MT5,H4
2024-11-12 16:00:00,1.27627,1.27656,1.27187,1.2736100000000001,14104,MT5,H4
2024-11-12 20:00:00,1.2736100000000001,1.27506,1.27351,1.2736399999999999,5787,MT5,H4
2024-11-13 00:00:00,1.27365,1.27545,1.27308,1.27439,8268,MT5,H4
2024-11-13 04:00:00,1.27439,1.27477,1.27295,1.2735400000000001,8039,MT5,H4
2024-11-13 08:00:00,1.27352,1.27558,1.2729300000000001,1.27541,11596,MT5,H4
2024-11-13 12:00:00,1.27542,1.27691,1.26862,1.27238,26461,MT5,H4
2024-11-13 16:00:00,1.27233,1.27263,1.26996,1.27048,14704,MT5,H4
2024-11-13 20:00:00,1.2705199999999999,1.27116,1.26972,1.27068,5760,MT5,H4
2024-11-14 00:00:00,1.27069,1.27104,1.26825,1.26836,8321,MT5,H4
2024-11-14 04:00:00,1.26836,1.26953,1.26726,1.2686899999999999,8707,MT5,H4
2024-11-14 08:00:00,1.26871,1.26929,1.2629299999999999,1.26583,14615,MT5,H4
2024-11-14 12:00:00,1.2658,1.27116,1.26453,1.2707600000000001,22593,MT5,H4
2024-11-14 16:00:00,1.27072,1.27199,1.26826,1.2687,12175,MT5,H4
2024-11-14 20:00:00,1.26868,1.26879,1.2646899999999999,1.26667,11976,MT5,H4
2024-11-15 00:00:00,1.26667,1.26822,1.2656399999999999,1.26754,9466,MT5,H4
2024-11-15 04:00:00,1.2675,1.26901,1.2666,1.26665,9728,MT5,H4
2024-11-15 08:00:00,1.26662,1.26968,1.26486,1.26892,13700,MT5,H4
2024-11-15 12:00:00,1.2689300000000001,1.26922,1.26139,1.2628,22716,MT5,H4
2024-11-15 16:00:00,1.26282,1.26422,1.2610999999999999,1.26113,15045,MT5,H4
2024-11-15 20:00:00,1.26114,1.26213,1.25968,1.2619099999999999,5157,MT5,H4
2024-11-17 20:00:00,1.26145,1.26218,1.26014,1.2619099999999999,2416,MT5,H4
2024-11-18 00:00:00,1.26192,1.26421,1.26149,1.2624900000000001,9381,MT5,H4
2024-11-18 04:00:00,1.2625199999999999,1.2640500000000001,1.26189,1.26257,7928,MT5,H4
2024-11-18 08:00:00,1.26258,1.26362,1.26126,1.26181,13330,MT5,H4
2024-11-18 12:00:00,1.26181,1.2643499999999999,1.2616100000000001,1.26394,13648,MT5,H4
2024-11-18 16:00:00,1.26393,1.26865,1.26387,1.26712,10755,MT5,H4
2024-11-18 20:00:00,1.2671000000000001,1.26814,1.26705,1.26782,4714,MT5,H4
2024-11-19 00:00:00,1.26782,1.2689,1.2665600000000001,1.2685,7139,MT5,H4
2024-11-19 04:00:00,1.26852,1.2689300000000001,1.26627,1.26726,7756,MT5,H4
2024-11-19 08:00:00,1.26724,1.26795,1.2612700000000001,1.26345,19769,MT5,H4
2024-11-19 12:00:00,1.26348,1.26705,1.26271,1.26638,17743,MT5,H4
2024-11-19 16:00:00,1.26639,1.2682,1.26612,1.26757,11649,MT5,H4
2024-11-19 20:00:00,1.26755,1.26939,1.26738,1.26939,5072,MT5,H4
2024-11-20 00:00:00,1.26938,1.2695400000000001,1.26798,1.26817,6195,MT5,H4
2024-11-20 04:00:00,1.26817,1.2714400000000001,1.26787,1.26951,8673,MT5,H4
2024-11-20 08:00:00,1.26955,1.26967,1.26487,1.2662499999999999,12469,MT5,H4
2024-11-20 12:00:00,1.26628,1.26752,1.26377,1.26531,15625,MT5,H4
2024-11-20 16:00:00,1.2652999999999999,1.26617,1.26304,1.26472,10964,MT5,H4
2024-11-20 20:00:00,1.26471,1.26552,1.26427,1.2655,4579,MT5,H4
2024-11-21 00:00:00,1.2655,1.26592,1.26499,1.26586,5817,MT5,H4
2024-11-21 04:00:00,1.26585,1.266,1.26365,1.26481,8210,MT5,H4
2024-11-21 08:00:00,1.26483,1.26514,1.26226,1.2638,13241,MT5,H4
2024-11-21 12:00:00,1.26382,1.26574,1.26167,1.26178,16609,MT5,H4
2024-11-21 16:00:00,1.26177,1.2622200000000001,1.25758,1.2601200000000001,15063,MT5,H4
2024-11-21 20:00:00,1.2601,1.2605,1.25831,1.25846,4797,MT5,H4
2024-11-22 00:00:00,1.25846,1.2594,1.25803,1.25838,7753,MT5,H4
2024-11-22 04:00:00,1.25835,1.25874,1.25513,1.25719,9941,MT5,H4
2024-11-22 08:00:00,1.2572,1.25814,1.24869,1.2512699999999999,27963,MT5,H4
2024-11-22 12:00:00,1.2513,1.25374,1.25016,1.25265,20862,MT5,H4
2024-11-22 16:00:00,1.25267,1.25348,1.2507,1.2525,11717,MT5,H4
2024-11-22 20:00:00,1.25254,1.2534,1.25217,1.25323,5148,MT5,H4
2024-11-24 20:00:00,1.25852,1.25966,1.2572,1.25926,3376,MT5,H4
2024-11-25 00:00:00,1.25926,1.26067,1.2587,1.25929,9097,MT5,H4
2024-11-25 04:00:00,1.25927,1.2605,1.2570700000000001,1.25716,8871,MT5,H4
2024-11-25 08:00:00,1.25711,1.2582900000000001,1.25479,1.2564899999999999,14921,MT5,H4
2024-11-25 12:00:00,1.2565,1.26133,1.25472,1.25507,18927,MT5,H4
2024-11-25 16:00:00,1.25506,1.2576800000000001,1.25413,1.25745,12783,MT5,H4
2024-11-25 20:00:00,1.25744,1.25781,1.25294,1.25323,7257,MT5,H4
2024-11-26 00:00:00,1.25325,1.2549000000000001,1.2507,1.25485,16167,MT5,H4
2024-11-26 04:00:00,1.25484,1.25623,1.25423,1.2543199999999999,10861,MT5,H4
2024-11-26 08:00:00,1.2543,1.25926,1.25374,1.25837,14762,MT5,H4
2024-11-26 12:00:00,1.25833,1.2616,1.25546,1.2563,21043,MT5,H4
2024-11-26 16:00:00,1.25626,1.25668,1.25245,1.25455,16408,MT5,H4
2024-11-26 20:00:00,1.2545600000000001,1.25739,1.25443,1.25733,6746,MT5,H4
2024-11-27 00:00:00,1.25733,1.25797,1.25688,1.25716,8935,MT5,H4
2024-11-27 04:00:00,1.25715,1.25979,1.25661,1.25919,8409,MT5,H4
2024-11-27 08:00:00,1.25919,1.26192,1.25889,1.26099,15765,MT5,H4
2024-11-27 12:00:00,1.26098,1.26878,1.26071,1.26765,20177,MT5,H4
2024-11-27 16:00:00,1.26766,1.26944,1.26646,1.26729,13082,MT5,H4
2024-11-27 20:00:00,1.26725,1.26827,1.26691,1.26768,5201,MT5,H4
2024-11-28 00:00:00,1.26768,1.2678,1.26607,1.2662499999999999,8191,MT5,H4
2024-11-28 04:00:00,1.26628,1.26693,1.26453,1.26513,8459,MT5,H4
2024-11-28 08:00:00,1.26511,1.26738,1.26446,1.26665,13383,MT5,H4
2024-11-28 12:00:00,1.26666,1.26827,1.2659099999999999,1.26817,11297,MT5,H4
2024-11-28 16:00:00,1.26813,1.26897,1.26758,1.26894,4260,MT5,H4
2024-11-28 20:00:00,1.2689300000000001,1.26958,1.26833,1.2695,2770,MT5,H4
2024-11-29 00:00:00,1.26949,1.2715,1.26925,1.27126,9146,MT5,H4
2024-11-29 04:00:00,1.27126,1.275,1.27051,1.27227,10442,MT5,H4
2024-11-29 08:00:00,1.27226,1.27261,1.26819,1.26972,13969,MT5,H4
2024-11-29 12:00:00,1.26976,1.2713999999999999,1.26716,1.27084,16043,MT5,H4
2024-11-29 16:00:00,1.27085,1.27389,1.26906,1.27382,11515,MT5,H4
2024-11-29 20:00:00,1.27383,1.27453,1.2734,1.27348,4521,MT5,H4
2024-12-01 20:00:00,1.2722,1.27324,1.26955,1.27012,3081,MT5,H4
2024-12-02 00:00:00,1.27012,1.27058,1.26799,1.26888,10517,MT5,H4
2024-12-02 04:00:00,1.26888,1.27085,1.26794,1.26825,11678,MT5,H4
2024-12-02 08:00:00,1.26821,1.27223,1.26783,1.27108,15513,MT5,H4
2024-12-02 12:00:00,1.2711000000000001,1.27134,1.26165,1.26277,21094,MT5,H4
2024-12-02 16:00:00,1.26279,1.26542,1.2617,1.26492,13969,MT5,H4
2024-12-02 20:00:00,1.26492,1.26703,1.26468,1.26583,7564,MT5,H4
2024-12-03 00:00:00,1.26581,1.26599,1.2638099999999999,1.2646,9043,MT5,H4
2024-12-03 04:00:00,1.2646,1.26724,1.26392,1.2662200000000001,8842,MT5,H4
2024-12-03 08:00:00,1.2662499999999999,1.26966,1.26599,1.2662499999999999,14209,MT5,H4
2024-12-03 12:00:00,1.2662499999999999,1.26736,1.26364,1.26616,18115,MT5,H4
2024-12-03 16:00:00,1.26613,1.26996,1.26508,1.26677,12951,MT5,H4
2024-12-03 20:00:00,1.26678,1.2677100000000001,1.2665199999999999,1.26738,4911,MT5,H4
2024-12-04 00:00:00,1.26737,1.26782,1.26515,1.26555,9014,MT5,H4
2024-12-04 04:00:00,1.26555,1.27014,1.26515,1.26816,9607,MT5,H4
2024-12-04 08:00:00,1.2681200000000001,1.26948,1.26298,1.26795,19363,MT5,H4
2024-12-04 12:00:00,1.26793,1.27118,1.26601,1.27078,21603,MT5,H4
2024-12-04 16:00:00,1.2708,1.27215,1.2686899999999999,1.27002,14181,MT5,H4
2024-12-04 20:00:00,1.27004,1.27073,1.26935,1.27008,5149,MT5,H4
2024-12-05 00:00:00,1.27009,1.27095,1.2692700000000001,1.27087,7139,MT5,H4
2024-12-05 04:00:00,1.27088,1.27312,1.27003,1.2729300000000001,7911,MT5,H4
2024-12-05 08:00:00,1.2729,1.27401,1.2713700000000001,1.27315,11369,MT5,H4
2024-12-05 12:00:00,1.27314,1.27704,1.2713700000000001,1.27567,18102,MT5,H4
2024-12-05 16:00:00,1.27566,1.27622,1.27314,1.27563,11699,MT5,H4
2024-12-05 20:00:00,1.27563,1.27613,1.27492,1.27599,4585,MT5,H4
2024-12-06 00:00:00,1.27602,1.27603,1.27397,1.27504,6893,MT5,H4
2024-12-06 04:00:00,1.27505,1.2765,1.27403,1.2763200000000001,7107,MT5,H4
2024-12-06 08:00:00,1.2763499999999999,1.27739,1.27493,1.27698,10131,MT5,H4
2024-12-06 12:00:00,1.2769599999999999,1.28111,1.27275,1.27434,24436,MT5,H4
2024-12-06 16:00:00,1.27436,1.27555,1.2721,1.27347,11815,MT5,H4
2024-12-06 20:00:00,1.27352,1.27432,1.27338,1.2741500000000001,2912,MT5,H4
2024-12-08 20:00:00,1.27299,1.27502,1.27282,1.27477,2138,MT5,H4
2024-12-09 00:00:00,1.27478,1.27481,1.27227,1.27234,6666,MT5,H4
2024-12-09 04:00:00,1.27234,1.2763,1.27165,1.27622,8648,MT5,H4
2024-12-09 08:00:00,1.27619,1.27831,1.27554,1.27651,11656,MT5,H4
2024-12-09 12:00:00,1.27647,1.27982,1.27511,1.2794699999999999,14635,MT5,H4
2024-12-09 16:00:00,1.2794699999999999,1.27987,1.2748300000000001,1.27535,9484,MT5,H4
2024-12-09 20:00:00,1.2753700000000001,1.27562,1.27428,1.27482,4621,MT5,H4
2024-12-10 00:00:00,1.27482,1.27536,1.2735,1.27473,7723,MT5,H4
2024-12-10 04:00:00,1.27473,1.27629,1.27398,1.27412,7801,MT5,H4
2024-12-10 08:00:00,1.27414,1.27657,1.27367,1.27587,12069,MT5,H4
2024-12-10 12:00:00,1.27589,1.27625,1.27237,1.27377,14512,MT5,H4
2024-12-10 16:00:00,1.2738,1.27776,1.2736,1.2772999999999999,10626,MT5,H4
2024-12-10 20:00:00,1.27734,1.27792,1.27654,1.27792,4913,MT5,H4
2024-12-11 00:00:00,1.27792,1.27814,1.27711,1.2772999999999999,6554,MT5,H4
2024-12-11 04:00:00,1.27729,1.27744,1.27304,1.27318,9257,MT5,H4
2024-12-11 08:00:00,1.274,1.27559,1.27129,1.27356,12617,MT5,H4
2024-12-11 12:00:00,1.27356,1.27813,1.27324,1.27433,22759,MT5,H4
2024-12-11 16:00:00,1.27434,1.2765900000000001,1.27324,1.27451,12858,MT5,H4
2024-12-11 20:00:00,1.27453,1.27652,1.2741799999999999,1.27647,5124,MT5,H4
2024-12-12 00:00:00,1.27647,1.27716,1.2759800000000001,1.27654,7164,MT5,H4
2024-12-12 04:00:00,1.27656,1.2787600000000001,1.2760500000000001,1.27624,7085,MT5,H4
2024-12-12 08:00:00,1.27623,1.27678,1.27358,1.274,12166,MT5,H4
2024-12-12 12:00:00,1.274,1.27433,1.26708,1.26889,25164,MT5,H4
2024-12-12 16:00:00,1.26887,1.27191,1.26698,1.26702,13923,MT5,H4
2024-12-12 20:00:00,1.26702,1.2678099999999999,1.26662,1.26768,5621,MT5,H4
2024-12-13 00:00:00,1.26764,1.26789,1.26592,1.26612,7380,MT5,H4
2024-12-13 04:00:00,1.26611,1.2665199999999999,1.26183,1.26266,8898,MT5,H4
2024-12-13 08:00:00,1.26266,1.26542,1.26203,1.26445,12026,MT5,H4
2024-12-13 12:00:00,1.26443,1.26681,1.26079,1.26135,14252,MT5,H4
2024-12-13 16:00:00,1.26138,1.26348,1.26119,1.26166,11433,MT5,H4
2024-12-13 20:00:00,1.26167,1.26241,1.2612999999999999,1.26197,3632,MT5,H4
2024-12-15 20:00:00,1.26064,1.26272,1.26023,1.26263,1920,MT5,H4
2024-12-16 00:00:00,1.2626,1.26391,1.26257,1.26324,6331,MT5,H4
2024-12-16 04:00:00,1.26324,1.2641499999999999,1.26306,1.26322,6018,MT5,H4
2024-12-16 08:00:00,1.26323,1.26715,1.26291,1.26482,11336,MT5,H4
2024-12-16 12:00:00,1.2648,1.2692,1.26352,1.26899,13549,MT5,H4
2024-12-16 16:00:00,1.26902,1.26986,1.26773,1.26833,10614,MT5,H4
2024-12-16 20:00:00,1.2683499999999999,1.26916,1.26767,1.26898,4492,MT5,H4
2024-12-17 00:00:00,1.26898,1.26982,1.26817,1.2683,6278,MT5,H4
2024-12-17 04:00:00,1.26829,1.27066,1.26657,1.26986,8544,MT5,H4
2024-12-17 08:00:00,1.26989,1.2705899999999999,1.26704,1.26989,12528,MT5,H4
2024-12-17 12:00:00,1.26989,1.27158,1.26837,1.27094,15233,MT5,H4
2024-12-17 16:00:00,1.27095,1.27286,1.2702,1.27103,10676,MT5,H4
2024-12-17 20:00:00,1.27101,1.2714699999999999,1.27026,1.27103,4181,MT5,H4
2024-12-18 00:00:00,1.27103,1.27134,1.26963,1.2697,6501,MT5,H4
2024-12-18 04:00:00,1.2697,1.27277,1.26847,1.26911,8150,MT5,H4
2024-12-18 08:00:00,1.26909,1.27222,1.26795,1.2707,11909,MT5,H4
2024-12-18 12:00:00,1.27069,1.27204,1.2685,1.26923,14478,MT5,H4
2024-12-18 16:00:00,1.26926,1.2718099999999999,1.25919,1.2594400000000001,22651,MT5,H4
2024-12-18 20:00:00,1.25945,1.26006,1.25619,1.25672,15213,MT5,H4
2024-12-19 00:00:00,1.2567300000000001,1.25962,1.2567300000000001,1.25872,10582,MT5,H4
2024-12-19 04:00:00,1.25871,1.26146,1.25811,1.2612999999999999,10148,MT5,H4
2024-12-19 08:00:00,1.26128,1.26666,1.26052,1.26303,16698,MT5,H4
2024-12-19 12:00:00,1.26304,1.26311,1.25448,1.25501,23715,MT5,H4
2024-12-19 16:00:00,1.25496,1.25628,1.25028,1.2504,16043,MT5,H4
2024-12-19 20:00:00,1.25044,1.25113,1.24946,1.2496800000000001,5868,MT5,H4
2024-12-20 00:00:00,1.2496800000000001,1.25018,1.24743,1.24801,7836,MT5,H4
2024-12-20 04:00:00,1.24803,1.2511,1.24771,1.2503,10066,MT5,H4
2024-12-20 08:00:00,1.25033,1.25204,1.24915,1.25055,12617,MT5,H4
2024-12-20 12:00:00,1.25058,1.25606,1.25023,1.25403,18375,MT5,H4
2024-12-20 16:00:00,1.2540499999999999,1.26136,1.25373,1.25982,14306,MT5,H4
2024-12-20 20:00:00,1.2598,1.26033,1.25645,1.25678,4489,MT5,H4
2024-12-22 20:00:00,1.25574,1.25742,1.25529,1.25701,2142,MT5,H4
2024-12-23 00:00:00,1.25702,1.25879,1.25698,1.25782,6284,MT5,H4
2024-12-23 04:00:00,1.25781,1.25844,1.25552,1.25583,6586,MT5,H4
2024-12-23 08:00:00,1.2558500000000001,1.2582900000000001,1.2529,1.25328,10318,MT5,H4
2024-12-23 12:00:00,1.25327,1.25381,1.25122,1.25177,13842,MT5,H4
2024-12-23 16:00:00,1.25177,1.25367,1.2509700000000001,1.25345,10364,MT5,H4
2024-12-23 20:00:00,1.2534399999999999,1.2539,1.25284,1.25324,5241,MT5,H4
2024-12-24 00:00:00,1.25324,1.25418,1.2524899999999999,1.25312,5335,MT5,H4
2024-12-24 04:00:00,1.25312,1.25404,1.25306,1.25318,5663,MT5,H4
2024-12-24 08:00:00,1.25317,1.25451,1.25262,1.25333,8090,MT5,H4
2024-12-24 12:00:00,1.25335,1.25744,1.25311,1.25397,11052,MT5,H4
2024-12-24 16:00:00,1.25397,1.25437,1.25183,1.25296,6381,MT5,H4
2024-12-24 20:00:00,1.25296,1.25478,1.25292,1.25356,1761,MT5,H4
2024-12-25 20:00:00,1.25311,1.25482,1.25311,1.2543,1683,MT5,H4
2024-12-26 00:00:00,1.2542900000000001,1.25481,1.25374,1.2545899999999999,4575,MT5,H4
2024-12-26 04:00:00,1.25458,1.25475,1.25218,1.25302,4606,MT5,H4
2024-12-26 08:00:00,1.25305,1.25348,1.25237,1.2530299999999999,5164,MT5,H4
2024-12-26 12:00:00,1.25301,1.25305,1.25009,1.25104,10411,MT5,H4
2024-12-26 16:00:00,1.25103,1.25362,1.25084,1.2524899999999999,9267,MT5,H4
2024-12-26 20:00:00,1.25247,1.25317,1.25201,1.2527599999999999,5168,MT5,H4
2024-12-27 00:00:00,1.2527599999999999,1.2530299999999999,1.2518,1.2526,6629,MT5,H4
2024-12-27 04:00:00,1.2526,1.2532,1.2518,1.25298,6073,MT5,H4
2024-12-27 08:00:00,1.2530000000000001,1.25558,1.25048,1.2551700000000001,10173,MT5,H4
2024-12-27 12:00:00,1.2551999999999999,1.25923,1.25482,1.25765,14443,MT5,H4
2024-12-27 16:00:00,1.25766,1.25914,1.25549,1.25808,11043,MT5,H4
2024-12-27 20:00:00,1.2581,1.25815,1.25729,1.25778,3671,MT5,H4
2024-12-29 20:00:00,1.25702,1.25874,1.25606,1.25774,1576,MT5,H4
2024-12-30 00:00:00,1.25774,1.25837,1.25725,1.25793,4859,MT5,H4
2024-12-30 04:00:00,1.25793,1.25888,1.25708,1.25793,5989,MT5,H4
2024-12-30 08:00:00,1.25797,1.2607,1.2561,1.2598,10395,MT5,H4
2024-12-30 12:00:00,1.2597800000000001,1.2606,1.2506,1.25122,17972,MT5,H4
2024-12-30 16:00:00,1.2511999999999999,1.2558500000000001,1.25075,1.25437,12670,MT5,H4
2024-12-30 20:00:00,1.25436,1.25538,1.2533400000000001,1.25478,4990,MT5,H4
2024-12-31 00:00:00,1.25478,1.25596,1.25379,1.25515,4760,MT5,H4
2024-12-31 04:00:00,1.25515,1.25653,1.25413,1.25614,5136,MT5,H4
2024-12-31 08:00:00,1.2561499999999999,1.25691,1.25319,1.25388,11783,MT5,H4
2024-12-31 12:00:00,1.25387,1.25541,1.25187,1.25275,17939,MT5,H4
2024-12-31 16:00:00,1.25274,1.2533,1.2505,1.25096,14031,MT5,H4
2024-12-31 20:00:00,1.25096,1.25272,1.25089,1.2512400000000001,3035,MT5,H4
2025-01-01 20:00:00,1.25081,1.25195,1.25033,1.25193,1911,MT5,H4
2025-01-02 00:00:00,1.25189,1.2536399999999999,1.25092,1.25359,6122,MT5,H4
2025-01-02 04:00:00,1.2536,1.2540200000000001,1.25198,1.25217,5618,MT5,H4
2025-01-02 08:00:00,1.2521499999999999,1.25241,1.24347,1.24531,15006,MT5,H4
2025-01-02 12:00:00,1.24532,1.2456800000000001,1.23697,1.23746,19224,MT5,H4
2025-01-02 16:00:00,1.23746,1.23803,1.23521,1.23689,16927,MT5,H4
2025-01-02 20:00:00,1.23687,1.23848,1.23687,1.23796,5068,MT5,H4
2025-01-03 00:00:00,1.23793,1.23956,1.2378,1.23935,5072,MT5,H4
2025-01-03 04:00:00,1.23935,1.24063,1.23857,1.2399499999999999,6465,MT5,H4
2025-01-03 08:00:00,1.23997,1.24163,1.23859,1.24122,10394,MT5,H4
2025-01-03 12:00:00,1.24093,1.24171,1.23877,1.24041,11858,MT5,H4
2025-01-03 16:00:00,1.24039,1.24336,1.2402199999999999,1.24273,10138,MT5,H4
2025-01-03 20:00:00,1.24271,1.24337,1.24196,1.24221,2741,MT5,H4
2025-01-05 20:00:00,1.24169,1.24336,1.24072,1.24244,2009,MT5,H4
2025-01-06 00:00:00,1.24246,1.2442199999999999,1.24174,1.24352,7119,MT5,H4
2025-01-06 04:00:00,1.2435100000000001,1.24566,1.24316,1.2452,6002,MT5,H4
2025-01-06 08:00:00,1.2452,1.25474,1.24515,1.2543199999999999,20640,MT5,H4
2025-01-06 12:00:00,1.2542900000000001,1.25509,1.24681,1.25077,32684,MT5,H4
2025-01-06 16:00:00,1.25076,1.25348,1.25013,1.25125,12275,MT5,H4
2025-01-06 20:00:00,1.2512400000000001,1.25235,1.25087,1.25094,4540,MT5,H4
2025-01-07 00:00:00,1.2509700000000001,1.25329,1.2503600000000001,1.25326,6559,MT5,H4
2025-01-07 04:00:00,1.25324,1.25629,1.25287,1.25521,7957,MT5,H4
2025-01-07 08:00:00,1.25518,1.25755,1.25315,1.25393,12613,MT5,H4
2025-01-07 12:00:00,1.25392,1.2548300000000001,1.24793,1.24972,18956,MT5,H4
2025-01-07 16:00:00,1.24974,1.25069,1.24831,1.24901,16412,MT5,H4
2025-01-07 20:00:00,1.249,1.24904,1.24726,1.24757,4082,MT5,H4
2025-01-08 00:00:00,1.24757,1.2488,1.24756,1.2478,5708,MT5,H4
2025-01-08 04:00:00,1.2478,1.24938,1.24632,1.24679,7287,MT5,H4
2025-01-08 08:00:00,1.24677,1.24716,1.23242,1.23722,23060,MT5,H4
2025-01-08 12:00:00,1.2372,1.23737,1.23204,1.23429,28309,MT5,H4
2025-01-08 16:00:00,1.23428,1.23767,1.23338,1.23573,13589,MT5,H4
2025-01-08 20:00:00,1.23574,1.23662,1.23512,1.23576,4818,MT5,H4
2025-01-09 00:00:00,1.23577,1.23651,1.23426,1.23441,6420,MT5,H4
2025-01-09 04:00:00,1.2344,1.23447,1.22515,1.22588,13684,MT5,H4
2025-01-09 08:00:00,1.2259,1.23043,1.22378,1.22889,22031,MT5,H4
2025-01-09 12:00:00,1.22888,1.2322899999999999,1.22699,1.23024,15673,MT5,H4
2025-01-09 16:00:00,1.23024,1.23131,1.22868,1.23086,8596,MT5,H4
2025-01-09 20:00:00,1.23085,1.2315,1.22977,1.22983,3697,MT5,H4
2025-01-10 00:00:00,1.22983,1.23083,1.22939,1.23007,6074,MT5,H4
2025-01-10 04:00:00,1.23004,1.2303600000000001,1.2266,1.22902,7688,MT5,H4
2025-01-10 08:00:00,1.22899,1.23081,1.22833,1.2302,12813,MT5,H4
2025-01-10 12:00:00,1.23022,1.23215,1.2191,1.22294,35692,MT5,H4
2025-01-10 16:00:00,1.22298,1.22311,1.21945,1.22096,17567,MT5,H4
2025-01-10 20:00:00,1.22095,1.22138,1.22018,1.22074,3847,MT5,H4
2025-01-12 20:00:00,1.21935,1.22096,1.21923,1.22039,1730,MT5,H4
2025-01-13 00:00:00,1.22036,1.22073,1.21372,1.21424,9441,MT5,H4
2025-01-13 04:00:00,1.21428,1.2160199999999999,1.21228,1.21383,11706,MT5,H4
2025-01-13 08:00:00,1.21379,1.21709,1.21012,1.21098,20896,MT5,H4
2025-01-13 12:00:00,1.21098,1.21598,1.20993,1.2151,21489,MT5,H4
2025-01-13 16:00:00,1.2151,1.2183,1.21422,1.21669,13651,MT5,H4
2025-01-13 20:00:00,1.21669,1.22499,1.21654,1.22311,8166,MT5,H4
2025-01-14 00:00:00,1.22308,1.22315,1.21919,1.22088,9627,MT5,H4
2025-01-14 04:00:00,1.22088,1.22286,1.2197,1.22096,10531,MT5,H4
2025-01-14 08:00:00,1.2209699999999999,1.22458,1.21698,1.21763,17441,MT5,H4
2025-01-14 12:00:00,1.21762,1.22019,1.21391,1.21996,26666,MT5,H4
2025-01-14 16:00:00,1.21996,1.22123,1.21679,1.21989,15038,MT5,H4
2025-01-14 20:00:00,1.21993,1.22165,1.21945,1.22102,5394,MT5,H4
2025-01-15 00:00:00,1.22102,1.22104,1.21922,1.22033,6498,MT5,H4
2025-01-15 04:00:00,1.22034,1.22408,1.21604,1.22339,13219,MT5,H4
2025-01-15 08:00:00,1.22342,1.224,1.2200199999999999,1.2224,15106,MT5,H4
2025-01-15 12:00:00,1.22239,1.2306,1.22011,1.22574,28270,MT5,H4
2025-01-15 16:00:00,1.22572,1.22591,1.21929,1.22302,16456,MT5,H4
2025-01-15 20:00:00,1.22301,1.22446,1.22285,1.22421,5321,MT5,H4
2025-01-16 00:00:00,1.22421,1.22476,1.22192,1.22259,8676,MT5,H4
2025-01-16 04:00:00,1.22259,1.2231,1.21995,1.22187,9082,MT5,H4
2025-01-16 08:00:00,1.2219,1.22231,1.21894,1.2209699999999999,12804,MT5,H4
2025-01-16 12:00:00,1.2209699999999999,1.22387,1.21745,1.22339,25288,MT5,H4
2025-01-16 16:00:00,1.2234,1.226,1.22167,1.22348,16571,MT5,H4
2025-01-16 20:00:00,1.22346,1.22394,1.22271,1.2234099999999999,4898,MT5,H4
2025-01-17 00:00:00,1.22342,1.22441,1.22288,1.22328,6186,MT5,H4
2025-01-17 04:00:00,1.22329,1.22342,1.21601,1.21743,10531,MT5,H4
2025-01-17 08:00:00,1.21744,1.22165,1.21744,1.2196,13614,MT5,H4
2025-01-17 12:00:00,1.21958,1.22274,1.21607,1.21979,23342,MT5,H4
2025-01-17 16:00:00,1.21976,1.21988,1.21644,1.21678,11918,MT5,H4
2025-01-17 20:00:00,1.21678,1.21744,1.21652,1.21678,3887,MT5,H4
2025-01-19 20:00:00,1.2163,1.21769,1.21597,1.21745,2038,MT5,H4
2025-01-20 00:00:00,1.21744,1.2205300000000001,1.21744,1.22045,7341,MT5,H4
2025-01-20 04:00:00,1.22045,1.22216,1.22001,1.2214800000000001,7001,MT5,H4
2025-01-20 08:00:00,1.22151,1.22195,1.21651,1.22055,14242,MT5,H4
2025-01-20 12:00:00,1.22055,1.23264,1.21827,1.22917,44215,MT5,H4
2025-01-20 16:00:00,1.22919,1.23382,1.2254800000000001,1.2335,14947,MT5,H4
2025-01-20 20:00:00,1.2335099999999999,1.23447,1.23159,1.23314,8469,MT5,H4
2025-01-21 00:00:00,1.23316,1.23448,1.22477,1.22948,31387,MT5,H4
2025-01-21 04:00:00,1.22949,1.23085,1.2253,1.2267000000000001,11336,MT5,H4
2025-01-21 08:00:00,1.22668,1.22695,1.22292,1.2235800000000001,17408,MT5,H4
2025-01-21 12:00:00,1.22361,1.23129,1.22326,1.22994,22098,MT5,H4
2025-01-21 16:00:00,1.22994,1.23399,1.22962,1.23272,13093,MT5,H4
2025-01-21 20:00:00,1.23274,1.23602,1.23225,1.23379,8688,MT5,H4
2025-01-22 00:00:00,1.23377,1.23537,1.2328000000000001,1.2332,9061,MT5,H4
2025-01-22 04:00:00,1.23319,1.23477,1.23113,1.23189,9621,MT5,H4
2025-01-22 08:00:00,1.23188,1.23759,1.23162,1.23563,16586,MT5,H4
2025-01-22 12:00:00,1.23559,1.23688,1.23116,1.23186,18583,MT5,H4
2025-01-22 16:00:00,1.23182,1.2331,1.23071,1.23255,11436,MT5,H4
2025-01-22 20:00:00,1.23252,1.2328999999999999,1.2307299999999999,1.23135,5300,MT5,H4
2025-01-23 00:00:00,1.2313399999999999,1.23232,1.23014,1.23147,8013,MT5,H4
2025-01-23 04:00:00,1.23146,1.2321,1.22948,1.23049,8554,MT5,H4
2025-01-23 08:00:00,1.23049,1.23304,1.22928,1.23079,12980,MT5,H4
2025-01-23 12:00:00,1.23076,1.23358,1.22993,1.23227,17291,MT5,H4
2025-01-23 16:00:00,1.23228,1.23754,1.22996,1.2359,22600,MT5,H4
2025-01-23 20:00:00,1.2359,1.23657,1.2346300000000001,1.23533,5791,MT5,H4
2025-01-24 00:00:00,1.2353399999999999,1.24039,1.23482,1.23928,12222,MT5,H4
2025-01-24 04:00:00,1.23925,1.24188,1.23763,1.23867,13278,MT5,H4
2025-01-24 08:00:00,1.23865,1.24477,1.23832,1.24149,17685,MT5,H4
2025-01-24 12:00:00,1.24147,1.24855,1.24002,1.24828,18865,MT5,H4
2025-01-24 16:00:00,1.24827,1.25016,1.24785,1.24826,12218,MT5,H4
2025-01-24 20:00:00,1.24824,1.24894,1.24775,1.24811,4117,MT5,H4
2025-01-26 20:00:00,1.24644,1.24722,1.2456,1.2458,2674,MT5,H4
2025-01-27 00:00:00,1.2458,1.24652,1.24416,1.24553,9940,MT5,H4
2025-01-27 04:00:00,1.24553,1.2460499999999999,1.2429000000000001,1.2429000000000001,10213,MT5,H4
2025-01-27 08:00:00,1.24288,1.25147,1.24258,1.24965,19221,MT5,H4
2025-01-27 12:00:00,1.24963,1.25234,1.24691,1.24733,19579,MT5,H4
2025-01-27 16:00:00,1.24731,1.24903,1.24668,1.24895,14593,MT5,H4
2025-01-27 20:00:00,1.24896,1.25001,1.2436099999999999,1.24511,10273,MT5,H4
2025-01-28 00:00:00,1.24513,1.24652,1.24386,1.24402,14472,MT5,H4
2025-01-28 04:00:00,1.24407,1.24536,1.24259,1.24366,9463,MT5,H4
2025-01-28 08:00:00,1.24368,1.24554,1.24247,1.24259,14370,MT5,H4
2025-01-28 12:00:00,1.24262,1.24468,1.2414100000000001,1.24317,16472,MT5,H4
2025-01-28 16:00:00,1.24317,1.24451,1.24216,1.24431,12366,MT5,H4
2025-01-28 20:00:00,1.24431,1.24454,1.24339,1.24404,5333,MT5,H4
2025-01-29 00:00:00,1.24405,1.24504,1.2434,1.24474,7389,MT5,H4
2025-01-29 04:00:00,1.24476,1.24631,1.2445599999999999,1.24485,9500,MT5,H4
2025-01-29 08:00:00,1.24486,1.24569,1.24099,1.24191,14130,MT5,H4
2025-01-29 12:00:00,1.24194,1.24457,1.2393,1.24333,18085,MT5,H4
2025-01-29 16:00:00,1.24335,1.2457799999999999,1.24118,1.24443,25476,MT5,H4
2025-01-29 20:00:00,1.24442,1.24587,1.24303,1.2454399999999999,12527,MT5,H4
2025-01-30 00:00:00,1.2454399999999999,1.24598,1.24448,1.24515,6467,MT5,H4
2025-01-30 04:00:00,1.24513,1.2454,1.24314,1.24516,7939,MT5,H4
2025-01-30 08:00:00,1.2451699999999999,1.24625,1.24247,1.24272,13526,MT5,H4
2025-01-30 12:00:00,1.24271,1.24769,1.2424,1.24665,22930,MT5,H4
2025-01-30 16:00:00,1.24663,1.24713,1.24352,1.24585,10351,MT5,H4
2025-01-30 20:00:00,1.24588,1.2464,1.24076,1.24218,16891,MT5,H4
2025-01-31 00:00:00,1.24217,1.24309,1.24066,1.2417,9471,MT5,H4
2025-01-31 04:00:00,1.24172,1.24394,1.24135,1.24346,9122,MT5,H4
2025-01-31 08:00:00,1.24344,1.24384,1.24006,1.2409,13403,MT5,H4
2025-01-31 12:00:00,1.2409,1.24316,1.23875,1.24249,17768,MT5,H4
2025-01-31 16:00:00,1.24247,1.24713,1.23855,1.23998,30474,MT5,H4
2025-01-31 20:00:00,1.23998,1.2410700000000001,1.23869,1.2392,12259,MT5,H4
2025-02-02 20:00:00,1.23083,1.23234,1.22824,1.22898,4225,MT5,H4
2025-02-03 00:00:00,1.22901,1.23126,1.22491,1.22627,26531,MT5,H4
2025-02-03 04:00:00,1.22627,1.23,1.2248999999999999,1.2284,18282,MT5,H4
2025-02-03 08:00:00,1.2284,1.23227,1.22726,1.23188,18476,MT5,H4
2025-02-03 12:00:00,1.23188,1.24348,1.23163,1.24116,42870,MT5,H4
2025-02-03 16:00:00,1.24114,1.24363,1.23801,1.23945,33673,MT5,H4
2025-02-03 20:00:00,1.23948,1.24549,1.2392400000000001,1.24332,14109,MT5,H4
2025-02-04 00:00:00,1.24332,1.24368,1.2409,1.24139,9923,MT5,H4
2025-02-04 04:00:00,1.2414,1.24207,1.23789,1.2415,14364,MT5,H4
2025-02-04 08:00:00,1.24146,1.24367,1.2402199999999999,1.24043,16263,MT5,H4
2025-02-04 12:00:00,1.24043,1.24858,1.23956,1.24758,20043,MT5,H4
2025-02-04 16:00:00,1.24758,1.2493,1.24704,1.24819,13707,MT5,H4
2025-02-04 20:00:00,1.2482199999999999,1.24905,1.2473,1.2475,5894,MT5,H4
2025-02-05 00:00:00,1.24754,1.24896,1.24685,1.24742,9475,MT5,H4
2025-02-05 04:00:00,1.24742,1.25062,1.24628,1.25009,10070,MT5,H4
2025-02-05 08:00:00,1.25006,1.25498,1.24877,1.25314,15257,MT5,H4
2025-02-05 12:00:00,1.25314,1.25445,1.25014,1.25175,19012,MT5,H4
2025-02-05 16:00:00,1.25173,1.25236,1.25028,1.25053,10891,MT5,H4
2025-02-05 20:00:00,1.2505,1.25067,1.24977,1.25013,5205,MT5,H4
2025-02-06 00:00:00,1.25013,1.25095,1.24893,1.24941,7664,MT5,H4
2025-02-06 04:00:00,1.2494,1.24967,1.24707,1.24734,7318,MT5,H4
2025-02-06 08:00:00,1.24736,1.24749,1.24063,1.24223,14472,MT5,H4
2025-02-06 12:00:00,1.24221,1.24302,1.236,1.24138,25401,MT5,H4
2025-02-06 16:00:00,1.2414,1.24552,1.24134,1.24355,12255,MT5,H4
2025-02-06 20:00:00,1.24353,1.2441,1.24285,1.24339,4999,MT5,H4
2025-02-07 00:00:00,1.24338,1.2443,1.24221,1.24281,7281,MT5,H4
2025-02-07 04:00:00,1.24277,1.24455,1.24189,1.24413,7047,MT5,H4
2025-02-07 08:00:00,1.24411,1.24684,1.2439,1.24529,10306,MT5,H4
2025-02-07 12:00:00,1.24528,1.24932,1.23919,1.24243,26695,MT5,H4
2025-02-07 16:00:00,1.24244,1.24254,1.23759,1.24134,28466,MT5,H4
2025-02-07 20:00:00,1.24134,1.24167,1.23978,1.24015,4989,MT5,H4
2025-02-09 20:00:00,1.23713,1.23942,1.23682,1.23892,3083,MT5,H4
2025-02-10 00:00:00,1.23891,1.24003,1.23795,1.23964,8341,MT5,H4
2025-02-10 04:00:00,1.23965,1.24143,1.23946,1.24043,7952,MT5,H4
2025-02-10 08:00:00,1.2404,1.24221,1.23906,1.2402,12049,MT5,H4
2025-02-10 12:00:00,1.24019,1.24038,1.23709,1.23891,13264,MT5,H4
2025-02-10 16:00:00,1.23888,1.23938,1.23637,1.23666,8791,MT5,H4
2025-02-10 20:00:00,1.23666,1.23694,1.23542,1.23593,5190,MT5,H4
2025-02-11 00:00:00,1.23596,1.2365,1.23449,1.23533,6482,MT5,H4
2025-02-11 04:00:00,1.23533,1.23663,1.23384,1.23395,6707,MT5,H4
2025-02-11 08:00:00,1.23393,1.2377799999999999,1.2332,1.23661,11106,MT5,H4
2025-02-11 12:00:00,1.23661,1.24171,1.23583,1.24049,13657,MT5,H4
2025-02-11 16:00:00,1.24048,1.24546,1.24037,1.24379,10176,MT5,H4
2025-02-11 20:00:00,1.24376,1.24518,1.24358,1.24509,5639,MT5,H4
2025-02-12 00:00:00,1.24509,1.24584,1.24378,1.24508,7215,MT5,H4
2025-02-12 04:00:00,1.2450700000000001,1.2460499999999999,1.24403,1.24573,7382,MT5,H4
2025-02-12 08:00:00,1.24571,1.2465,1.24347,1.24562,11273,MT5,H4
2025-02-12 12:00:00,1.24558,1.24591,1.23773,1.24338,26197,MT5,H4
2025-02-12 16:00:00,1.24335,1.24833,1.24021,1.2446,17890,MT5,H4
2025-02-12 20:00:00,1.24462,1.24521,1.24345,1.24502,5960,MT5,H4
2025-02-13 00:00:00,1.24502,1.24797,1.24421,1.24766,8681,MT5,H4
2025-02-13 04:00:00,1.24766,1.2517,1.24759,1.25091,11548,MT5,H4
2025-02-13 08:00:00,1.25091,1.25108,1.24693,1.2475100000000001,14342,MT5,H4
2025-02-13 12:00:00,1.2475,1.25259,1.24523,1.25228,22623,MT5,H4
2025-02-13 16:00:00,1.25226,1.25442,1.24769,1.2536800000000001,22069,MT5,H4
2025-02-13 20:00:00,1.25367,1.25698,1.2534100000000001,1.2564199999999999,7306,MT5,H4
2025-02-14 00:00:00,1.2564199999999999,1.2572,1.25552,1.2558,7789,MT5,H4
2025-02-14 04:00:00,1.2558,1.25749,1.25491,1.25631,8263,MT5,H4
2025-02-14 08:00:00,1.25629,1.25957,1.25629,1.25813,12379,MT5,H4
2025-02-14 12:00:00,1.25813,1.26299,1.25714,1.2617099999999999,16447,MT5,H4
2025-02-14 16:00:00,1.2616800000000001,1.26217,1.2593,1.25952,9139,MT5,H4
2025-02-14 20:00:00,1.2595,1.2595,1.25835,1.25866,2908,MT5,H4
2025-02-16 20:00:00,1.25797,1.25884,1.2576,1.25836,2317,MT5,H4
2025-02-17 00:00:00,1.25836,1.26002,1.25789,1.25912,8396,MT5,H4
2025-02-17 04:00:00,1.25912,1.25993,1.25828,1.25952,9196,MT5,H4
2025-02-17 08:00:00,1.2595100000000001,1.26065,1.25831,1.26016,10719,MT5,H4
2025-02-17 12:00:00,1.2601499999999999,1.26079,1.25849,1.26056,9572,MT5,H4
2025-02-17 16:00:00,1.26057,1.2634400000000001,1.26028,1.26274,5071,MT5,H4
2025-02-17 20:00:00,1.26275,1.26292,1.2616,1.26205,3359,MT5,H4
2025-02-18 00:00:00,1.26205,1.26218,1.25996,1.26029,7547,MT5,H4
2025-02-18 04:00:00,1.26027,1.26216,1.25926,1.26142,8829,MT5,H4
2025-02-18 08:00:00,1.26139,1.2623,1.25908,1.25999,10939,MT5,H4
2025-02-18 12:00:00,1.26002,1.26206,1.25823,1.26149,13317,MT5,H4
2025-02-18 16:00:00,1.26148,1.26192,1.25921,1.25975,8916,MT5,H4
2025-02-18 20:00:00,1.25973,1.26341,1.25935,1.2624,5474,MT5,H4
2025-02-19 00:00:00,1.26239,1.26275,1.26072,1.26157,8059,MT5,H4
2025-02-19 04:00:00,1.26157,1.26356,1.26097,1.26176,8025,MT5,H4
2025-02-19 08:00:00,1.26174,1.2629299999999999,1.25748,1.25841,11843,MT5,H4
2025-02-19 12:00:00,1.2584,1.26063,1.25773,1.25892,13634,MT5,H4
2025-02-19 16:00:00,1.25891,1.25901,1.2563,1.25838,11005,MT5,H4
2025-02-19 20:00:00,1.25836,1.25877,1.25744,1.25826,4994,MT5,H4
2025-02-20 00:00:00,1.25826,1.25949,1.25801,1.2591999999999999,8871,MT5,H4
2025-02-20 04:00:00,1.25919,1.26022,1.25885,1.25948,7541,MT5,H4
2025-02-20 08:00:00,1.25946,1.26194,1.25946,1.26083,10681,MT5,H4
2025-02-20 12:00:00,1.26086,1.26434,1.25969,1.26401,16209,MT5,H4
2025-02-20 16:00:00,1.26402,1.267,1.2631700000000001,1.26694,10901,MT5,H4
2025-02-20 20:00:00,1.2669000000000001,1.26741,1.26587,1.2669000000000001,4682,MT5,H4
2025-02-21 00:00:00,1.2669000000000001,1.2674,1.2653400000000001,1.26697,8157,MT5,H4
2025-02-21 04:00:00,1.26696,1.26784,1.26565,1.26689,8308,MT5,H4
2025-02-21 08:00:00,1.2669000000000001,1.26708,1.26419,1.26447,11265,MT5,H4
2025-02-21 12:00:00,1.26449,1.26681,1.26297,1.2637800000000001,14218,MT5,H4
2025-02-21 16:00:00,1.26379,1.26493,1.26245,1.26311,12027,MT5,H4
2025-02-21 20:00:00,1.26309,1.26363,1.26267,1.26337,3555,MT5,H4
2025-02-23 20:00:00,1.26241,1.26577,1.26241,1.26485,2456,MT5,H4
2025-02-24 00:00:00,1.26489,1.2690299999999999,1.2644,1.26807,11194,MT5,H4
2025-02-24 04:00:00,1.26807,1.26822,1.26379,1.2644199999999999,9434,MT5,H4
2025-02-24 08:00:00,1.26446,1.26572,1.26253,1.26397,13324,MT5,H4
2025-02-24 12:00:00,1.26394,1.2650299999999999,1.26117,1.26201,14212,MT5,H4
2025-02-24 16:00:00,1.26201,1.26506,1.26175,1.26322,10858,MT5,H4
2025-02-24 20:00:00,1.26326,1.26366,1.26153,1.26167,6166,MT5,H4
2025-02-25 00:00:00,1.26167,1.26359,1.2616399999999999,1.26319,6774,MT5,H4
2025-02-25 04:00:00,1.2631999999999999,1.26387,1.26109,1.26129,7319,MT5,H4
2025-02-25 08:00:00,1.26129,1.26533,1.26054,1.2652999999999999,11708,MT5,H4
2025-02-25 12:00:00,1.26528,1.26775,1.2647,1.26541,15503,MT5,H4
2025-02-25 16:00:00,1.26542,1.26748,1.26403,1.26692,12161,MT5,H4
2025-02-25 20:00:00,1.26691,1.26772,1.26603,1.26715,5270,MT5,H4
2025-02-26 00:00:00,1.26716,1.26777,1.26478,1.26495,7693,MT5,H4
2025-02-26 04:00:00,1.2649599999999999,1.2656800000000001,1.26348,1.26481,8249,MT5,H4
2025-02-26 08:00:00,1.26481,1.26643,1.26394,1.26481,11423,MT5,H4
2025-02-26 12:00:00,1.26483,1.26986,1.26409,1.26941,14663,MT5,H4
2025-02-26 16:00:00,1.26944,1.27156,1.26721,1.2683499999999999,17503,MT5,H4
2025-02-26 20:00:00,1.26837,1.26844,1.26695,1.26803,5427,MT5,H4
2025-02-27 00:00:00,1.26804,1.26804,1.26558,1.2656399999999999,7707,MT5,H4
2025-02-27 04:00:00,1.26566,1.26708,1.26499,1.2665899999999999,8284,MT5,H4
2025-02-27 08:00:00,1.26662,1.26885,1.26633,1.26723,11109,MT5,H4
2025-02-27 12:00:00,1.26721,1.26881,1.26216,1.26277,22873,MT5,H4
2025-02-27 16:00:00,1.26279,1.26338,1.26047,1.2608,12116,MT5,H4
2025-02-27 20:00:00,1.26078,1.26128,1.25955,1.25964,5857,MT5,H4
2025-02-28 00:00:00,1.25967,1.2610000000000001,1.25818,1.25843,9290,MT5,H4
2025-02-28 04:00:00,1.25844,1.25955,1.25727,1.25881,8481,MT5,H4
2025-02-28 08:00:00,1.2588,1.2606600000000001,1.2583199999999999,1.25949,10585,MT5,H4
2025-02-28 12:00:00,1.25949,1.26216,1.25827,1.25919,15482,MT5,H4
2025-02-28 16:00:00,1.25922,1.26045,1.25591,1.25714,18104,MT5,H4
2025-02-28 20:00:00,1.25716,1.25834,1.2568,1.25769,6467,MT5,H4
2025-03-02 20:00:00,1.25733,1.26081,1.25723,1.26018,3086,MT5,H4
2025-03-03 00:00:00,1.26017,1.26135,1.25939,1.26019,11038,MT5,H4
2025-03-03 04:00:00,1.2602,1.26075,1.25905,1.26009,8619,MT5,H4
2025-03-03 08:00:00,1.26006,1.2662499999999999,1.25819,1.26599,14944,MT5,H4
2025-03-03 12:00:00,1.2659799999999999,1.27141,1.26594,1.26982,20916,MT5,H4
2025-03-03 16:00:00,1.26986,1.27247,1.2686899999999999,1.26905,16560,MT5,H4
2025-03-03 20:00:00,1.26907,1.27095,1.26798,1.27012,9887,MT5,H4
2025-03-04 00:00:00,1.27012,1.2708300000000001,1.26845,1.2687300000000001,11111,MT5,H4
2025-03-04 04:00:00,1.26872,1.27089,1.26784,1.27036,11768,MT5,H4
2025-03-04 08:00:00,1.27034,1.27413,1.26924,1.27399,16596,MT5,H4
2025-03-04 12:00:00,1.27401,1.27534,1.26994,1.27158,22868,MT5,H4
2025-03-04 16:00:00,1.27157,1.27884,1.27038,1.27869,20588,MT5,H4
2025-03-04 20:00:00,1.27869,1.27994,1.2783,1.2795,11132,MT5,H4
2025-03-05 00:00:00,1.27949,1.27959,1.27674,1.27861,14191,MT5,H4
2025-03-05 04:00:00,1.27862,1.28214,1.2784900000000001,1.28201,12068,MT5,H4
2025-03-05 08:00:00,1.28199,1.28544,1.28144,1.28233,18051,MT5,H4
2025-03-05 12:00:00,1.28235,1.2873,1.28038,1.28667,27019,MT5,H4
2025-03-05 16:00:00,1.28663,1.28974,1.28545,1.28965,22408,MT5,H4
2025-03-05 20:00:00,1.28962,1.29004,1.2887,1.28894,6942,MT5,H4
2025-03-06 00:00:00,1.28892,1.29084,1.28856,1.28861,10483,MT5,H4
2025-03-06 04:00:00,1.28861,1.29233,1.28827,1.29085,11843,MT5,H4
2025-03-06 08:00:00,1.29086,1.29141,1.28658,1.28791,19841,MT5,H4
2025-03-06 12:00:00,1.28788,1.29184,1.28748,1.28901,26715,MT5,H4
2025-03-06 16:00:00,1.28903,1.2913700000000001,1.28765,1.28935,18197,MT5,H4
2025-03-06 20:00:00,1.28933,1.28953,1.28705,1.28833,6536,MT5,H4
2025-03-07 00:00:00,1.28833,1.28924,1.28758,1.28868,8692,MT5,H4
2025-03-07 04:00:00,1.28868,1.29108,1.28795,1.29041,9294,MT5,H4
2025-03-07 08:00:00,1.29044,1.29446,1.29014,1.29196,13574,MT5,H4
2025-03-07 12:00:00,1.2919399999999999,1.29396,1.29003,1.29224,29569,MT5,H4
2025-03-07 16:00:00,1.29231,1.29294,1.28943,1.29205,18281,MT5,H4
2025-03-07 20:00:00,1.29207,1.29294,1.29182,1.29214,5218,MT5,H4
2025-03-09 20:00:00,1.2911000000000001,1.2938,1.29005,1.2931599999999999,5727,MT5,H4
2025-03-10 00:00:00,1.2931599999999999,1.29456,1.29094,1.2911299999999999,9777,MT5,H4
2025-03-10 04:00:00,1.2911299999999999,1.29224,1.28885,1.2894999999999999,9973,MT5,H4
2025-03-10 08:00:00,1.28951,1.29336,1.28736,1.29224,20228,MT5,H4
2025-03-10 12:00:00,1.29227,1.29465,1.28983,1.29047,19311,MT5,H4
2025-03-10 16:00:00,1.29047,1.29096,1.2860800000000001,1.2876699999999999,13261,MT5,H4
2025-03-10 20:00:00,1.28768,1.28809,1.28643,1.28748,5698,MT5,H4
2025-03-11 00:00:00,1.2875,1.2894999999999999,1.28739,1.28899,11223,MT5,H4
2025-03-11 04:00:00,1.28894,1.29176,1.2873,1.29087,13079,MT5,H4
2025-03-11 08:00:00,1.29089,1.29414,1.29053,1.29244,15149,MT5,H4
2025-03-11 12:00:00,1.29244,1.29565,1.29175,1.29455,21428,MT5,H4
2025-03-11 16:00:00,1.29454,1.29656,1.29331,1.29521,15011,MT5,H4
2025-03-11 20:00:00,1.2952,1.29523,1.29376,1.29436,4478,MT5,H4
2025-03-12 00:00:00,1.2944,1.29461,1.29221,1.29224,7038,MT5,H4
2025-03-12 04:00:00,1.29224,1.29326,1.29132,1.29285,8827,MT5,H4
2025-03-12 08:00:00,1.29283,1.29609,1.29231,1.29441,14157,MT5,H4
2025-03-12 12:00:00,1.29441,1.29884,1.29241,1.2968,23180,MT5,H4
2025-03-12 16:00:00,1.29674,1.29822,1.29627,1.2967,11200,MT5,H4
2025-03-12 20:00:00,1.29674,1.29703,1.29596,1.2964,3575,MT5,H4
2025-03-13 00:00:00,1.29641,1.29731,1.29574,1.29575,6624,MT5,H4
2025-03-13 04:00:00,1.29573,1.2962500000000001,1.2941099999999999,1.29527,8710,MT5,H4
2025-03-13 08:00:00,1.2953000000000001,1.29658,1.29261,1.29319,14879,MT5,H4
2025-03-13 12:00:00,1.2931599999999999,1.29679,1.29204,1.2943500000000001,19786,MT5,H4
2025-03-13 16:00:00,1.29433,1.29584,1.2935699999999999,1.29441,11213,MT5,H4
2025-03-13 20:00:00,1.29441,1.29573,1.29424,1.29563,3922,MT5,H4
2025-03-14 00:00:00,1.29562,1.29587,1.29355,1.2944,8475,MT5,H4
2025-03-14 04:00:00,1.2944,1.29494,1.2917,1.2925200000000001,9996,MT5,H4
2025-03-14 08:00:00,1.2925,1.29538,1.29195,1.2939,17029,MT5,H4
2025-03-14 12:00:00,1.29387,1.29524,1.29104,1.29149,16919,MT5,H4
2025-03-14 16:00:00,1.29148,1.29361,1.2912,1.29351,8641,MT5,H4
2025-03-14 20:00:00,1.29346,1.29386,1.2931,1.29344,1643,MT5,H4
2025-03-16 20:00:00,1.2927,1.29355,1.2916,1.29269,3637,MT5,H4
2025-03-17 00:00:00,1.29272,1.29441,1.29268,1.29358,6705,MT5,H4
2025-03-17 04:00:00,1.2935699999999999,1.29449,1.29278,1.29359,7794,MT5,H4
2025-03-17 08:00:00,1.2936,1.29772,1.293,1.29706,10556,MT5,H4
2025-03-17 12:00:00,1.29707,1.29948,1.29588,1.2984200000000001,13753,MT5,H4
2025-03-17 16:00:00,1.29843,1.29987,1.29813,1.29912,7293,MT5,H4
2025-03-17 20:00:00,1.29913,1.29978,1.29825,1.29839,3405,MT5,H4
2025-03-18 00:00:00,1.2983799999999999,1.29873,1.29705,1.29737,5351,MT5,H4
2025-03-18 04:00:00,1.29736,1.29888,1.29675,1.29865,6039,MT5,H4
2025-03-18 08:00:00,1.29864,1.30045,1.29641,1.2965,11144,MT5,H4
2025-03-18 12:00:00,1.29651,1.29923,1.29512,1.29836,15781,MT5,H4
2025-03-18 16:00:00,1.2983799999999999,1.30096,1.29769,1.30056,9968,MT5,H4
2025-03-18 20:00:00,1.30054,1.3006199999999999,1.29947,1.29999,2952,MT5,H4
2025-03-19 00:00:00,1.29995,1.3002799999999999,1.29887,1.29941,5095,MT5,H4
2025-03-19 04:00:00,1.29941,1.29941,1.29571,1.29706,8437,MT5,H4
2025-03-19 08:00:00,1.29707,1.29821,1.2957,1.29763,11796,MT5,H4
2025-03-19 12:00:00,1.29765,1.2982,1.29547,1.2966,12033,MT5,H4
2025-03-19 16:00:00,1.2966,1.30112,1.29555,1.2996699999999999,16200,MT5,H4
2025-03-19 20:00:00,1.29965,1.30115,1.29926,1.30098,4288,MT5,H4
2025-03-20 00:00:00,1.30097,1.30146,1.29983,1.30072,6868,MT5,H4
2025-03-20 04:00:00,1.30072,1.3008199999999999,1.29622,1.29715,7216,MT5,H4
2025-03-20 08:00:00,1.29717,1.29793,1.29359,1.29543,14483,MT5,H4
2025-03-20 12:00:00,1.29545,1.2979,1.29355,1.2972299999999999,16238,MT5,H4
2025-03-20 16:00:00,1.29726,1.29731,1.29561,1.29656,7995,MT5,H4
2025-03-20 20:00:00,1.2965900000000001,1.29703,1.2959,1.29649,3520,MT5,H4
2025-03-21 00:00:00,1.29649,1.29702,1.29447,1.29458,6091,MT5,H4
2025-03-21 04:00:00,1.29459,1.29471,1.29244,1.29351,8204,MT5,H4
2025-03-21 08:00:00,1.29348,1.2947,1.29219,1.2945,10651,MT5,H4
2025-03-21 12:00:00,1.29452,1.29553,1.28932,1.28932,14440,MT5,H4
2025-03-21 16:00:00,1.28932,1.29292,1.28875,1.29187,9693,MT5,H4
2025-03-21 20:00:00,1.29184,1.29207,1.2910599999999999,1.29175,1751,MT5,H4
2025-03-23 20:00:00,1.2882799999999999,1.29258,1.2882799999999999,1.29248,3570,MT5,H4
2025-03-24 00:00:00,1.29246,1.29346,1.29124,1.29136,7412,MT5,H4
2025-03-24 04:00:00,1.29136,1.29519,1.2911000000000001,1.2947199999999999,8496,MT5,H4
2025-03-24 08:00:00,1.29474,1.29741,1.29394,1.29446,12825,MT5,H4
2025-03-24 12:00:00,1.29443,1.29501,1.2907600000000001,1.29117,15743,MT5,H4
2025-03-24 16:00:00,1.29115,1.29302,1.28953,1.29215,10917,MT5,H4
2025-03-24 20:00:00,1.29211,1.29273,1.29165,1.2922799999999999,3289,MT5,H4
2025-03-25 00:00:00,1.29227,1.2925499999999999,1.29116,1.29244,6085,MT5,H4
2025-03-25 04:00:00,1.29246,1.29284,1.29025,1.29057,6897,MT5,H4
2025-03-25 08:00:00,1.2906,1.29574,1.29014,1.29425,12066,MT5,H4
2025-03-25 12:00:00,1.29428,1.29606,1.29329,1.2947199999999999,12797,MT5,H4
2025-03-25 16:00:00,1.29473,1.29666,1.29394,1.2947,8514,MT5,H4
2025-03-25 20:00:00,1.29464,1.29485,1.29395,1.29448,3396,MT5,H4
2025-03-26 00:00:00,1.2944499999999999,1.29459,1.29269,1.29358,6785,MT5,H4
2025-03-26 04:00:00,1.29358,1.2943,1.29027,1.2911000000000001,8889,MT5,H4
2025-03-26 08:00:00,1.29112,1.29135,1.2886,1.28966,12507,MT5,H4
2025-03-26 12:00:00,1.28967,1.2909,1.28741,1.28854,17631,MT5,H4
2025-03-26 16:00:00,1.2886,1.29022,1.2879,1.28877,10146,MT5,H4
2025-03-26 20:00:00,1.28878,1.28932,1.28696,1.2877100000000001,5342,MT5,H4
2025-03-27 00:00:00,1.2877,1.2916400000000001,1.28762,1.2910599999999999,7091,MT5,H4
2025-03-27 04:00:00,1.29108,1.2928899999999999,1.29026,1.29119,9124,MT5,H4
2025-03-27 08:00:00,1.29123,1.29417,1.29012,1.29306,13274,MT5,H4
2025-03-27 12:00:00,1.29307,1.29918,1.29224,1.2962500000000001,17268,MT5,H4
2025-03-27 16:00:00,1.2962500000000001,1.29725,1.29454,1.2949,9779,MT5,H4
2025-03-27 20:00:00,1.29492,1.29521,1.29414,1.29512,2857,MT5,H4
2025-03-28 00:00:00,1.2951,1.29529,1.29406,1.29451,6181,MT5,H4
2025-03-28 04:00:00,1.29452,1.29679,1.29372,1.29505,7055,MT5,H4
2025-03-28 08:00:00,1.29509,1.29596,1.29219,1.29292,11270,MT5,H4
2025-03-28 12:00:00,1.2929,1.29679,1.29233,1.2941099999999999,16703,MT5,H4
2025-03-28 16:00:00,1.29412,1.29495,1.29292,1.2944499999999999,8919,MT5,H4
2025-03-28 20:00:00,1.29444,1.29475,1.29376,1.29396,1361,MT5,H4
2025-03-30 20:00:00,1.29333,1.29403,1.29207,1.29373,4760,MT5,H4
2025-03-31 00:00:00,1.2937,1.2971599999999999,1.29365,1.29568,9296,MT5,H4
