time,open,high,low,close,volume,source,timeframe
2018-07-03 00:00:00,110.879,111.128,110.385,110.413,48546,MT5,H4
2018-07-04 00:00:00,110.412,110.551,110.278,110.501,42212,MT5,H4
2018-07-05 00:00:00,110.5,110.719,110.289,110.561,47854,MT5,H4
2018-07-06 00:00:00,110.564,110.782,110.379,110.45,38230,MT5,H4
2018-07-08 00:00:00,110.41,110.466,110.381,110.438,3302,MT5,H4
2018-07-09 00:00:00,110.437,110.969,110.348,110.949,37993,MT5,H4
2018-07-10 00:00:00,110.952,111.349,110.785,110.852,43108,MT5,H4
2018-07-11 00:00:00,110.85,112.172,110.765,111.975,57144,MT5,H4
2018-07-12 00:00:00,111.974,112.694,111.962,112.664,45692,MT5,H4
2018-07-13 00:00:00,112.664,112.796,112.275,112.336,38380,MT5,H4
2018-07-15 00:00:00,112.194,112.453,112.194,112.397,3669,MT5,H4
2018-07-16 00:00:00,112.398,112.558,112.223,112.38,35461,MT5,H4
2018-07-17 00:00:00,112.38,113.066,112.223,113.023,46973,MT5,H4
2018-07-18 00:00:00,113.02,113.133,112.711,112.799,42965,MT5,H4
2018-07-19 00:00:00,112.797,113.168,112.058,112.361,51472,MT5,H4
2018-07-20 00:00:00,112.361,112.618,111.385,111.425,53632,MT5,H4
2018-07-22 00:00:00,111.369,111.492,111.04,111.056,4346,MT5,H4
2018-07-23 00:00:00,111.057,111.539,110.745,111.461,50270,MT5,H4
2018-07-24 00:00:00,111.462,111.462,110.958,111.278,46480,MT5,H4
2018-07-25 00:00:00,111.27,111.371,110.662,110.855,52930,MT5,H4
2018-07-26 00:00:00,110.855,111.244,110.582,111.154,44130,MT5,H4
2018-07-27 00:00:00,111.155,111.235,110.796,110.98,39578,MT5,H4
2018-07-29 00:00:00,110.927,110.996,110.896,110.939,3704,MT5,H4
2018-07-30 00:00:00,110.941,111.157,110.887,110.998,37350,MT5,H4
2018-07-31 00:00:00,110.996,111.953,110.74,111.83,53794,MT5,H4
2018-08-01 00:00:00,111.825,112.146,111.391,111.641,43999,MT5,H4
2018-08-02 00:00:00,111.639,111.73,111.315,111.698,44977,MT5,H4
2018-08-03 00:00:00,111.699,111.869,111.099,111.247,38124,MT5,H4
2018-08-05 00:00:00,111.224,111.245,111.154,111.235,3507,MT5,H4
2018-08-06 00:00:00,111.234,111.522,111.166,111.333,34208,MT5,H4
2018-08-07 00:00:00,111.332,111.474,110.992,111.347,32735,MT5,H4
2018-08-08 00:00:00,111.346,111.433,110.834,110.908,35239,MT5,H4
2018-08-09 00:00:00,110.907,111.18,110.705,111.079,38846,MT5,H4
2018-08-10 00:00:00,111.08,111.127,110.515,110.802,53371,MT5,H4
2018-08-12 00:00:00,110.689,110.71,110.418,110.628,5230,MT5,H4
2018-08-13 00:00:00,110.627,110.929,110.107,110.626,55730,MT5,H4
2018-08-14 00:00:00,110.626,111.31,110.585,111.253,45848,MT5,H4
2018-08-15 00:00:00,111.253,111.425,110.431,110.573,51250,MT5,H4
2018-08-16 00:00:00,110.571,111.113,110.456,111.012,48576,MT5,H4
2018-08-17 00:00:00,111.01,111.046,110.313,110.493,37304,MT5,H4
2018-08-19 00:00:00,110.553,110.553,110.452,110.479,3612,MT5,H4
2018-08-20 00:00:00,110.478,110.678,109.9,109.948,37896,MT5,H4
2018-08-21 00:00:00,109.947,110.543,109.772,110.115,42839,MT5,H4
2018-08-22 00:00:00,110.114,110.65,110.024,110.588,41683,MT5,H4
2018-08-23 00:00:00,110.585,111.381,110.546,111.363,42482,MT5,H4
2018-08-24 00:00:00,111.364,111.482,111.103,111.199,33842,MT5,H4
2018-08-26 00:00:00,111.227,111.327,111.212,111.289,3358,MT5,H4
2018-08-27 00:00:00,111.288,111.336,110.933,111.131,35042,MT5,H4
2018-08-28 00:00:00,111.13,111.352,110.953,111.149,38094,MT5,H4
2018-08-29 00:00:00,111.147,111.823,111.119,111.684,41377,MT5,H4
2018-08-30 00:00:00,111.681,111.749,110.946,111.008,43227,MT5,H4
2018-08-31 00:00:00,111.009,111.129,110.683,111.061,41779,MT5,H4
2018-09-02 00:00:00,111.06,111.176,111.057,111.141,3502,MT5,H4
2018-09-03 00:00:00,111.14,111.17,110.842,111.083,33215,MT5,H4
2018-09-04 00:00:00,111.082,111.529,110.898,111.463,45141,MT5,H4
2018-09-05 00:00:00,111.462,111.753,111.398,111.448,44025,MT5,H4
2018-09-06 00:00:00,111.448,111.45,110.456,110.487,46539,MT5,H4
2018-09-07 00:00:00,110.487,111.242,110.379,110.991,45687,MT5,H4
2018-09-09 00:00:00,111.009,111.061,110.871,110.922,3387,MT5,H4
2018-09-10 00:00:00,110.92,111.246,110.85,111.14,35805,MT5,H4
2018-09-11 00:00:00,111.14,111.638,111.139,111.63,37902,MT5,H4
2018-09-12 00:00:00,111.628,111.628,111.114,111.212,38521,MT5,H4
2018-09-13 00:00:00,111.21,112.032,111.166,112.024,39102,MT5,H4
2018-09-14 00:00:00,112.024,112.165,111.75,112.044,41409,MT5,H4
2018-09-16 00:00:00,112.016,112.024,111.932,111.964,2862,MT5,H4
2018-09-17 00:00:00,111.963,112.119,111.661,111.688,39463,MT5,H4
2018-09-18 00:00:00,111.688,112.385,111.661,112.28,52428,MT5,H4
2018-09-19 00:00:00,112.281,112.443,112.16,112.332,47884,MT5,H4
2018-09-20 00:00:00,112.332,112.58,112.041,112.49,46196,MT5,H4
2018-09-21 00:00:00,112.491,112.871,112.46,112.542,42831,MT5,H4
2018-09-23 00:00:00,112.473,112.554,112.426,112.53,2769,MT5,H4
2018-09-24 00:00:00,112.528,112.831,112.432,112.781,37458,MT5,H4
2018-09-25 00:00:00,112.779,112.99,112.738,112.98,39840,MT5,H4
2018-09-26 00:00:00,112.979,113.131,112.628,112.706,44989,MT5,H4
2018-09-27 00:00:00,112.708,113.462,112.558,113.39,46723,MT5,H4
2018-09-28 00:00:00,113.39,113.703,113.319,113.686,44046,MT5,H4
2018-09-30 00:00:00,113.693,113.84,113.691,113.795,1872,MT5,H4
2018-10-01 00:00:00,113.794,114.058,113.725,113.951,39845,MT5,H4
2018-10-02 00:00:00,113.952,114.009,113.527,113.563,46680,MT5,H4
2018-10-03 00:00:00,113.562,114.535,113.518,114.505,47092,MT5,H4
2018-10-04 00:00:00,114.506,114.518,113.633,113.889,56097,MT5,H4
2018-10-05 00:00:00,113.891,114.093,113.558,113.706,50216,MT5,H4
2018-10-07 00:00:00,113.723,113.772,113.648,113.708,2180,MT5,H4
2018-10-08 00:00:00,113.706,113.938,112.819,113.12,42639,MT5,H4
2018-10-09 00:00:00,113.118,113.388,112.869,113.019,58313,MT5,H4
2018-10-10 00:00:00,113.017,113.281,112.075,112.082,62284,MT5,H4
2018-10-11 00:00:00,112.083,112.529,111.833,112.089,80808,MT5,H4
2018-10-12 00:00:00,112.084,112.494,111.878,112.204,60947,MT5,H4
2018-10-14 00:00:00,112.163,112.225,112.12,112.204,3200,MT5,H4
2018-10-15 00:00:00,112.206,112.22,111.623,111.837,60919,MT5,H4
2018-10-16 00:00:00,111.836,112.361,111.806,112.342,54333,MT5,H4
2018-10-17 00:00:00,112.341,112.708,112.012,112.624,57482,MT5,H4
2018-10-18 00:00:00,112.623,112.726,111.947,112.195,62228,MT5,H4
2018-10-19 00:00:00,112.194,112.642,112.189,112.526,58574,MT5,H4
2018-10-21 00:00:00,112.564,112.576,112.414,112.46,3403,MT5,H4
2018-10-22 00:00:00,112.459,112.881,112.349,112.757,55596,MT5,H4
2018-10-23 00:00:00,112.756,112.794,111.951,112.45,65524,MT5,H4
2018-10-24 00:00:00,112.451,112.74,111.981,111.995,69353,MT5,H4
2018-10-25 00:00:00,111.997,112.669,111.817,112.341,66473,MT5,H4
2018-10-26 00:00:00,112.344,112.437,111.375,111.889,73007,MT5,H4
2018-10-28 00:00:00,111.861,111.965,111.803,111.921,3730,MT5,H4
2018-10-29 00:00:00,111.92,112.557,111.774,112.322,65411,MT5,H4
2018-10-30 00:00:00,112.321,113.134,112.302,113.064,65363,MT5,H4
2018-10-31 00:00:00,113.066,113.379,112.804,112.854,57261,MT5,H4
2018-11-01 00:00:00,112.853,112.998,112.559,112.732,54108,MT5,H4
2018-11-02 00:00:00,112.731,113.315,112.655,113.196,57540,MT5,H4
2018-11-04 00:00:00,113.171,113.218,113.12,113.135,2451,MT5,H4
2018-11-05 00:00:00,113.134,113.331,113.072,113.25,46743,MT5,H4
2018-11-06 00:00:00,113.25,113.498,113.098,113.341,47110,MT5,H4
2018-11-07 00:00:00,113.341,113.813,112.945,113.56,64805,MT5,H4
2018-11-08 00:00:00,113.56,114.083,113.545,113.953,51209,MT5,H4
2018-11-09 00:00:00,113.952,113.996,113.637,113.803,50260,MT5,H4
2018-11-11 00:00:00,113.767,113.874,113.759,113.845,3715,MT5,H4
2018-11-12 00:00:00,113.842,114.2,113.659,113.691,52022,MT5,H4
2018-11-13 00:00:00,113.688,114.142,113.581,113.789,59878,MT5,H4
2018-11-14 00:00:00,113.79,114.003,113.296,113.561,61942,MT5,H4
2018-11-15 00:00:00,113.561,113.703,113.097,113.56,63192,MT5,H4
2018-11-16 00:00:00,113.56,113.593,112.641,112.831,54145,MT5,H4
2018-11-18 00:00:00,112.791,112.836,112.611,112.725,3869,MT5,H4
2018-11-19 00:00:00,112.725,112.869,112.399,112.451,53599,MT5,H4
2018-11-20 00:00:00,112.452,112.837,112.302,112.698,60077,MT5,H4
2018-11-21 00:00:00,112.698,113.145,112.698,113.027,52996,MT5,H4
2018-11-22 00:00:00,113.027,113.125,112.881,112.982,36671,MT5,H4
2018-11-23 00:00:00,112.982,113.006,112.659,112.929,39492,MT5,H4
2018-11-25 00:00:00,112.863,112.931,112.861,112.911,4350,MT5,H4
2018-11-26 00:00:00,112.911,113.647,112.903,113.504,46225,MT5,H4
2018-11-27 00:00:00,113.503,113.84,113.411,113.776,48602,MT5,H4
2018-11-28 00:00:00,113.775,114.033,113.441,113.558,48174,MT5,H4
2018-11-29 00:00:00,113.558,113.602,113.191,113.411,47434,MT5,H4
2018-11-30 00:00:00,113.41,113.709,113.339,113.467,42238,MT5,H4
2018-12-02 00:00:00,113.74,113.815,113.594,113.764,3936,MT5,H4
2018-12-03 00:00:00,113.764,113.765,113.372,113.585,42297,MT5,H4
2018-12-04 00:00:00,113.584,113.611,112.573,112.687,58323,MT5,H4
2018-12-05 00:00:00,112.688,113.239,112.677,113.039,38941,MT5,H4
2018-12-06 00:00:00,113.04,113.152,112.233,112.699,69206,MT5,H4
2018-12-07 00:00:00,112.709,112.925,112.551,112.703,56912,MT5,H4
2018-12-09 00:00:00,112.548,112.668,112.423,112.503,3802,MT5,H4
2018-12-10 00:00:00,112.509,113.365,112.238,113.183,60878,MT5,H4
2018-12-11 00:00:00,113.188,113.463,113.005,113.375,56693,MT5,H4
2018-12-12 00:00:00,113.373,113.516,113.139,113.281,54123,MT5,H4
2018-12-13 00:00:00,113.281,113.705,113.281,113.565,50849,MT5,H4
2018-12-14 00:00:00,113.568,113.671,113.212,113.369,49212,MT5,H4
2018-12-16 00:00:00,113.288,113.391,113.271,113.391,3582,MT5,H4
2018-12-17 00:00:00,113.397,113.518,112.68,112.833,47845,MT5,H4
2018-12-18 00:00:00,112.834,112.834,112.247,112.517,55607,MT5,H4
2018-12-19 00:00:00,112.516,112.66,112.086,112.401,60034,MT5,H4
2018-12-20 00:00:00,112.402,112.6,110.813,111.171,71057,MT5,H4
2018-12-21 00:00:00,111.174,111.455,110.932,111.217,61391,MT5,H4
2018-12-23 00:00:00,110.867,111.177,110.856,111.067,3492,MT5,H4
2018-12-24 00:00:00,111.071,111.151,110.266,110.367,44255,MT5,H4
2018-12-26 00:00:00,110.399,111.405,110.278,111.219,49864,MT5,H4
2018-12-27 00:00:00,111.218,111.228,110.453,110.842,71536,MT5,H4
2018-12-28 00:00:00,110.841,110.936,110.143,110.275,57742,MT5,H4
2018-12-30 00:00:00,110.318,110.402,110.255,110.319,2284,MT5,H4
2018-12-31 00:00:00,110.32,110.472,109.556,109.56,39963,MT5,H4
2019-01-02 00:00:00,109.666,109.666,105.91,107.415,64634,MT5,H4
2019-01-03 00:00:00,107.42,108.3,106.741,107.845,78848,MT5,H4
2019-01-04 00:00:00,107.845,108.583,107.512,108.528,68880,MT5,H4
2019-01-06 00:00:00,108.604,108.611,108.352,108.54,4081,MT5,H4
2019-01-07 00:00:00,108.544,108.745,108.014,108.622,57449,MT5,H4
2019-01-08 00:00:00,108.626,109.084,108.44,108.752,58358,MT5,H4
2019-01-09 00:00:00,108.751,108.996,107.972,108.183,59407,MT5,H4
2019-01-10 00:00:00,108.183,108.515,107.767,108.288,60813,MT5,H4
2019-01-11 00:00:00,108.28,108.593,108.144,108.547,47970,MT5,H4
2019-01-13 00:00:00,108.489,108.521,108.397,108.45,1866,MT5,H4
2019-01-14 00:00:00,108.45,108.479,107.983,108.233,44002,MT5,H4
2019-01-15 00:00:00,108.234,108.759,108.195,108.647,57601,MT5,H4
2019-01-16 00:00:00,108.65,109.194,108.369,109.037,50288,MT5,H4
2019-01-17 00:00:00,109.038,109.395,108.684,109.142,55036,MT5,H4
2019-01-18 00:00:00,109.142,109.885,109.13,109.77,50814,MT5,H4
2019-01-20 00:00:00,109.626,109.748,109.626,109.673,3229,MT5,H4
2019-01-21 00:00:00,109.677,109.715,109.472,109.672,33523,MT5,H4
2019-01-22 00:00:00,109.672,109.691,109.143,109.358,48048,MT5,H4
2019-01-23 00:00:00,109.356,109.994,109.355,109.496,49865,MT5,H4
2019-01-24 00:00:00,109.498,109.795,109.419,109.589,51226,MT5,H4
2019-01-25 00:00:00,109.592,109.945,109.454,109.539,48565,MT5,H4
2019-01-27 00:00:00,109.486,109.564,109.4,109.413,3470,MT5,H4
2019-01-28 00:00:00,109.417,109.521,109.159,109.259,46662,MT5,H4
2019-01-29 00:00:00,109.254,109.538,109.127,109.426,44905,MT5,H4
2019-01-30 00:00:00,109.425,109.74,108.809,108.977,47845,MT5,H4
2019-01-31 00:00:00,108.976,108.998,108.497,108.844,48202,MT5,H4
2019-02-01 00:00:00,108.845,109.576,108.723,109.517,41316,MT5,H4
2019-02-03 00:00:00,109.5,109.529,109.432,109.443,3449,MT5,H4
2019-02-04 00:00:00,109.442,110.158,109.441,109.971,40320,MT5,H4
2019-02-05 00:00:00,109.973,110.038,109.771,109.936,37610,MT5,H4
2019-02-06 00:00:00,109.938,110.049,109.558,109.977,41594,MT5,H4
2019-02-07 00:00:00,109.982,110.083,109.602,109.756,47423,MT5,H4
2019-02-08 00:00:00,109.755,109.894,109.645,109.75,39886,MT5,H4
2019-02-10 00:00:00,109.677,109.859,109.677,109.815,3948,MT5,H4
2019-02-11 00:00:00,109.814,110.465,109.772,110.391,40853,MT5,H4
2019-02-12 00:00:00,110.393,110.648,110.342,110.507,41257,MT5,H4
2019-02-13 00:00:00,110.509,111.052,110.496,110.93,38508,MT5,H4
2019-02-14 00:00:00,110.931,111.12,110.424,110.532,46142,MT5,H4
2019-02-15 00:00:00,110.535,110.641,110.255,110.457,42255,MT5,H4
2019-02-17 00:00:00,110.388,110.563,110.388,110.563,4095,MT5,H4
2019-02-18 00:00:00,110.567,110.623,110.458,110.592,31855,MT5,H4
2019-02-19 00:00:00,110.593,110.818,110.451,110.579,41021,MT5,H4
2019-02-20 00:00:00,110.579,110.946,110.575,110.75,41145,MT5,H4
2019-02-21 00:00:00,110.749,110.852,110.562,110.704,44687,MT5,H4
2019-02-22 00:00:00,110.704,110.901,110.555,110.682,37309,MT5,H4
2019-02-24 00:00:00,110.646,110.784,110.603,110.771,4069,MT5,H4
2019-02-25 00:00:00,110.773,111.231,110.572,111.039,40432,MT5,H4
2019-02-26 00:00:00,111.039,111.073,110.422,110.553,40945,MT5,H4
2019-02-27 00:00:00,110.552,111.072,110.352,110.861,40818,MT5,H4
2019-02-28 00:00:00,110.864,111.491,110.659,111.355,41913,MT5,H4
2019-03-01 00:00:00,111.357,112.073,111.356,111.919,39225,MT5,H4
2019-03-03 00:00:00,111.831,111.953,111.753,111.934,4542,MT5,H4
2019-03-04 00:00:00,111.934,112.01,111.638,111.773,40515,MT5,H4
2019-03-05 00:00:00,111.776,112.132,111.759,111.867,38529,MT5,H4
2019-03-06 00:00:00,111.865,111.916,111.611,111.623,37886,MT5,H4
2019-03-07 00:00:00,111.623,111.853,111.479,111.636,39773,MT5,H4
2019-03-08 00:00:00,111.638,111.645,110.76,111.165,42452,MT5,H4
2019-03-10 00:00:00,110.99,111.157,110.99,111.083,2938,MT5,H4
2019-03-11 00:00:00,111.082,111.358,110.876,111.331,36893,MT5,H4
2019-03-12 00:00:00,111.331,111.462,111.108,111.313,36738,MT5,H4
2019-03-13 00:00:00,111.313,111.46,111.004,111.21,37553,MT5,H4
2019-03-14 00:00:00,111.209,111.83,111.145,111.752,41188,MT5,H4
2019-03-15 00:00:00,111.753,111.898,111.38,111.473,35467,MT5,H4
2019-03-17 00:00:00,111.448,111.565,111.448,111.551,2220,MT5,H4
2019-03-18 00:00:00,111.551,111.626,111.296,111.383,34086,MT5,H4
2019-03-19 00:00:00,111.382,111.473,111.157,111.416,34053,MT5,H4
2019-03-20 00:00:00,111.416,111.687,110.533,110.66,40774,MT5,H4
2019-03-21 00:00:00,110.661,110.955,110.295,110.814,41739,MT5,H4
2019-03-22 00:00:00,110.813,110.894,109.74,109.928,46839,MT5,H4
2019-03-24 00:00:00,109.905,110.136,109.905,110.092,2984,MT5,H4
2019-03-25 00:00:00,110.091,110.235,109.709,110.061,50395,MT5,H4
2019-03-26 00:00:00,110.059,110.686,109.993,110.568,47943,MT5,H4
2019-03-27 00:00:00,110.568,110.707,110.234,110.499,52472,MT5,H4
2019-03-28 00:00:00,110.498,110.828,110.017,110.63,50002,MT5,H4
2019-03-29 00:00:00,110.63,110.945,110.534,110.852,43571,MT5,H4
2019-03-31 00:00:00,110.938,111.028,110.87,110.986,3672,MT5,H4
2019-04-01 00:00:00,110.984,111.453,110.803,111.449,41455,MT5,H4
2019-04-02 00:00:00,111.447,111.447,111.246,111.308,37283,MT5,H4
2019-04-03 00:00:00,111.307,111.572,111.207,111.395,39452,MT5,H4
2019-04-04 00:00:00,111.394,111.664,111.334,111.654,36465,MT5,H4
2019-04-05 00:00:00,111.653,111.817,111.544,111.712,31124,MT5,H4
2019-04-07 00:00:00,111.688,111.727,111.668,111.711,2642,MT5,H4
2019-04-08 00:00:00,111.712,111.712,111.282,111.449,33394,MT5,H4
2019-04-09 00:00:00,111.448,111.573,110.98,111.089,33997,MT5,H4
2019-04-10 00:00:00,111.093,111.276,110.841,110.985,36215,MT5,H4
2019-04-11 00:00:00,110.986,111.695,110.986,111.643,35780,MT5,H4
2019-04-12 00:00:00,111.644,112.09,111.635,112.018,33726,MT5,H4
2019-04-14 00:00:00,111.938,112.052,111.938,112.034,2665,MT5,H4
2019-04-15 00:00:00,112.033,112.09,111.902,111.949,28341,MT5,H4
2019-04-16 00:00:00,111.948,112.041,111.844,111.992,32611,MT5,H4
2019-04-17 00:00:00,111.991,112.161,111.919,112.032,31131,MT5,H4
2019-04-18 00:00:00,112.032,112.044,111.765,111.986,37108,MT5,H4
2019-04-19 00:00:00,111.987,111.996,111.883,111.892,18283,MT5,H4
2019-04-21 00:00:00,111.838,111.936,111.827,111.908,2813,MT5,H4
2019-04-22 00:00:00,111.91,111.985,111.889,111.93,16587,MT5,H4
2019-04-23 00:00:00,111.93,112.029,111.647,111.88,23089,MT5,H4
2019-04-24 00:00:00,111.881,112.397,111.681,112.118,26669,MT5,H4
2019-04-25 00:00:00,112.119,112.235,111.368,111.54,28479,MT5,H4
2019-04-26 00:00:00,111.543,112.016,111.43,111.554,25807,MT5,H4
2019-04-28 00:00:00,111.533,111.61,111.533,111.597,2124,MT5,H4
2019-04-29 00:00:00,111.598,111.895,111.576,111.679,19031,MT5,H4
2019-04-30 00:00:00,111.68,111.686,111.234,111.396,25419,MT5,H4
2019-05-01 00:00:00,111.398,111.61,111.046,111.448,22699,MT5,H4
2019-05-02 00:00:00,111.447,111.662,111.371,111.496,24983,MT5,H4
2019-05-03 00:00:00,111.495,111.686,111.069,111.096,21122,MT5,H4
2019-05-05 00:00:00,110.657,110.843,110.544,110.633,4131,MT5,H4
2019-05-06 00:00:00,110.634,110.955,110.278,110.8,30513,MT5,H4
2019-05-07 00:00:00,110.8,110.848,110.169,110.265,34210,MT5,H4
2019-05-08 00:00:00,110.264,110.269,109.9,110.028,36156,MT5,H4
2019-05-09 00:00:00,110.028,110.081,109.471,109.827,38667,MT5,H4
2019-05-10 00:00:00,109.82,110.046,109.466,109.952,40332,MT5,H4
2019-05-12 00:00:00,109.76,109.81,109.634,109.643,3242,MT5,H4
2019-05-13 00:00:00,109.644,109.805,109.021,109.158,36785,MT5,H4
2019-05-14 00:00:00,109.157,109.769,109.152,109.675,31364,MT5,H4
2019-05-15 00:00:00,109.675,109.701,109.153,109.47,34298,MT5,H4
2019-05-16 00:00:00,109.469,109.964,109.334,109.88,31603,MT5,H4
2019-05-17 00:00:00,109.88,110.184,109.493,110.062,35366,MT5,H4
2019-05-19 00:00:00,110.103,110.21,110.003,110.168,2729,MT5,H4
2019-05-20 00:00:00,110.171,110.313,109.807,110.084,35048,MT5,H4
2019-05-21 00:00:00,110.084,110.669,110.041,110.564,31004,MT5,H4
2019-05-22 00:00:00,110.563,110.624,110.201,110.217,29324,MT5,H4
2019-05-23 00:00:00,110.218,110.357,109.458,109.552,36130,MT5,H4
2019-05-24 00:00:00,109.553,109.742,109.271,109.292,27026,MT5,H4
2019-05-26 00:00:00,109.295,109.418,109.277,109.397,2999,MT5,H4
2019-05-27 00:00:00,109.396,109.582,109.355,109.51,21471,MT5,H4
2019-05-28 00:00:00,109.512,109.627,109.209,109.355,33436,MT5,H4
2019-05-29 00:00:00,109.355,109.695,109.148,109.559,37582,MT5,H4
2019-05-30 00:00:00,109.559,109.921,109.318,109.333,33638,MT5,H4
2019-05-31 00:00:00,109.337,109.395,108.281,108.287,40073,MT5,H4
2019-06-02 00:00:00,108.278,108.323,108.168,108.222,4072,MT5,H4
2019-06-03 00:00:00,108.222,108.443,107.883,108.035,39714,MT5,H4
2019-06-04 00:00:00,108.033,108.354,107.844,108.256,37089,MT5,H4
2019-06-05 00:00:00,108.255,108.481,107.815,108.32,39322,MT5,H4
2019-06-06 00:00:00,108.32,108.56,108.023,108.452,36375,MT5,H4
2019-06-07 00:00:00,108.453,108.611,107.879,108.183,32171,MT5,H4
2019-06-09 00:00:00,108.412,108.535,108.41,108.45,2928,MT5,H4
2019-06-10 00:00:00,108.449,108.713,108.315,108.357,30049,MT5,H4
2019-06-11 00:00:00,108.359,108.796,108.355,108.475,31179,MT5,H4
2019-06-12 00:00:00,108.475,108.56,108.217,108.492,32335,MT5,H4
2019-06-13 00:00:00,108.491,108.534,108.164,108.323,32625,MT5,H4
2019-06-14 00:00:00,108.322,108.584,108.156,108.551,30132,MT5,H4
2019-06-16 00:00:00,108.47,108.586,108.444,108.573,2372,MT5,H4
2019-06-17 00:00:00,108.571,108.719,108.51,108.543,26206,MT5,H4
2019-06-18 00:00:00,108.542,108.672,108.06,108.579,39587,MT5,H4
2019-06-19 00:00:00,108.58,108.614,107.901,108.112,36401,MT5,H4
2019-06-20 00:00:00,108.112,108.116,107.212,107.297,48467,MT5,H4
2019-06-21 00:00:00,107.299,107.731,107.044,107.314,39391,MT5,H4
2019-06-23 00:00:00,107.304,107.375,107.272,107.301,2557,MT5,H4
2019-06-24 00:00:00,107.3,107.533,107.247,107.331,32680,MT5,H4
2019-06-25 00:00:00,107.332,107.407,106.778,107.171,43946,MT5,H4
2019-06-26 00:00:00,107.172,107.846,107.16,107.745,35259,MT5,H4
2019-06-27 00:00:00,107.744,108.157,107.65,107.751,33594,MT5,H4
2019-06-28 00:00:00,107.752,107.933,107.561,107.913,24129,MT5,H4
2019-06-30 00:00:00,108.169,108.487,108.156,108.376,2840,MT5,H4
2019-07-01 00:00:00,108.375,108.529,108.1,108.374,25791,MT5,H4
2019-07-02 00:00:00,108.373,108.471,107.765,107.831,22838,MT5,H4
2019-07-03 00:00:00,107.832,107.883,107.532,107.768,24145,MT5,H4
2019-07-04 00:00:00,107.766,107.837,107.705,107.817,10895,MT5,H4
2019-07-05 00:00:00,107.818,108.633,107.802,108.47,21198,MT5,H4
2019-07-07 00:00:00,108.426,108.568,108.396,108.486,1471,MT5,H4
2019-07-08 00:00:00,108.485,108.799,108.278,108.722,18180,MT5,H4
2019-07-09 00:00:00,108.723,108.96,108.715,108.93,18996,MT5,H4
2019-07-10 00:00:00,108.931,108.987,108.311,108.334,23254,MT5,H4
2019-07-11 00:00:00,108.333,108.606,107.857,108.592,25367,MT5,H4
2019-07-12 00:00:00,108.59,108.605,107.804,107.899,21501,MT5,H4
2019-07-14 00:00:00,107.895,107.918,107.796,107.829,1792,MT5,H4
2019-07-15 00:00:00,107.828,108.105,107.806,107.905,19756,MT5,H4
2019-07-16 00:00:00,107.904,108.371,107.876,108.195,23217,MT5,H4
2019-07-17 00:00:00,108.196,108.324,107.873,107.929,20774,MT5,H4
2019-07-18 00:00:00,107.931,108.011,107.21,107.401,29760,MT5,H4
2019-07-19 00:00:00,107.403,107.973,107.329,107.719,24251,MT5,H4
2019-07-21 00:00:00,107.751,107.825,107.689,107.821,2064,MT5,H4
2019-07-22 00:00:00,107.82,108.064,107.712,107.901,21923,MT5,H4
2019-07-23 00:00:00,107.9,108.284,107.825,108.23,21831,MT5,H4
2019-07-24 00:00:00,108.231,108.272,107.934,108.187,20263,MT5,H4
2019-07-25 00:00:00,108.189,108.75,108.042,108.672,22606,MT5,H4
2019-07-26 00:00:00,108.673,108.824,108.559,108.666,17146,MT5,H4
2019-07-28 00:00:00,108.654,108.672,108.589,108.635,1145,MT5,H4
2019-07-29 00:00:00,108.636,108.895,108.42,108.853,16097,MT5,H4
2019-07-30 00:00:00,108.854,108.944,108.451,108.563,24921,MT5,H4
2019-07-31 00:00:00,108.562,108.994,108.488,108.817,29123,MT5,H4
2019-08-01 00:00:00,108.818,109.312,107.226,107.44,40703,MT5,H4
2019-08-02 00:00:00,107.441,107.49,106.507,106.58,45563,MT5,H4
2019-08-04 00:00:00,106.557,106.664,106.521,106.569,2453,MT5,H4
2019-08-05 00:00:00,106.567,106.619,105.526,105.605,55369,MT5,H4
2019-08-06 00:00:00,105.606,107.085,105.566,106.322,50425,MT5,H4
2019-08-07 00:00:00,106.324,106.371,105.495,106.109,55806,MT5,H4
2019-08-08 00:00:00,106.11,106.298,105.73,105.884,41524,MT5,H4
2019-08-09 00:00:00,105.885,106.072,105.267,105.671,32383,MT5,H4
2019-08-11 00:00:00,105.577,105.669,105.313,105.384,2109,MT5,H4
2019-08-12 00:00:00,105.386,105.574,105.047,105.38,31752,MT5,H4
2019-08-13 00:00:00,105.381,106.972,105.065,106.601,47464,MT5,H4
2019-08-14 00:00:00,106.602,106.617,105.652,105.911,46724,MT5,H4
2019-08-15 00:00:00,105.912,106.768,105.702,106.091,55214,MT5,H4
2019-08-16 00:00:00,106.092,106.49,106.024,106.356,30764,MT5,H4
2019-08-18 00:00:00,106.251,106.466,106.248,106.43,1632,MT5,H4
2019-08-19 00:00:00,106.429,106.694,106.244,106.563,25463,MT5,H4
2019-08-20 00:00:00,106.564,106.688,106.163,106.27,26015,MT5,H4
2019-08-21 00:00:00,106.271,106.642,106.271,106.598,22678,MT5,H4
2019-08-22 00:00:00,106.597,106.649,106.252,106.477,26928,MT5,H4
2019-08-23 00:00:00,106.476,106.731,105.256,105.399,37877,MT5,H4
2019-08-25 00:00:00,104.976,104.982,104.51,104.847,4271,MT5,H4
2019-08-26 00:00:00,104.846,106.319,104.846,105.966,55038,MT5,H4
2019-08-27 00:00:00,105.965,106.066,105.589,105.747,34252,MT5,H4
2019-08-28 00:00:00,105.749,106.225,105.65,106.078,32799,MT5,H4
2019-08-29 00:00:00,106.077,106.678,105.827,106.451,31144,MT5,H4
2019-08-30 00:00:00,106.454,106.54,106.105,106.264,26880,MT5,H4
2019-09-01 00:00:00,106.065,106.15,105.935,106.134,2937,MT5,H4
2019-09-02 00:00:00,106.133,106.396,106.055,106.193,21679,MT5,H4
2019-09-03 00:00:00,106.194,106.383,105.738,105.848,32580,MT5,H4
2019-09-04 00:00:00,105.849,106.436,105.829,106.336,29901,MT5,H4
2019-09-05 00:00:00,106.337,107.225,106.328,107.07,32118,MT5,H4
2019-09-06 00:00:00,107.068,107.098,106.62,106.909,28144,MT5,H4
2019-09-08 00:00:00,106.833,106.968,106.819,106.943,2158,MT5,H4
2019-09-09 00:00:00,106.941,107.359,106.764,107.336,24813,MT5,H4
2019-09-10 00:00:00,107.334,107.618,107.189,107.599,28138,MT5,H4
2019-09-11 00:00:00,107.598,108.043,107.543,108.015,24735,MT5,H4
2019-09-12 00:00:00,108.014,108.189,107.521,108.183,35373,MT5,H4
2019-09-13 00:00:00,108.182,108.256,107.907,108.09,23752,MT5,H4
2019-09-15 00:00:00,107.588,107.881,107.574,107.757,4117,MT5,H4
2019-09-16 00:00:00,107.758,108.177,107.497,108.149,30561,MT5,H4
2019-09-17 00:00:00,108.147,108.355,108.021,108.094,26911,MT5,H4
2019-09-18 00:00:00,108.095,108.469,108.092,108.433,24021,MT5,H4
2019-09-19 00:00:00,108.434,108.467,107.786,108.062,30241,MT5,H4
2019-09-20 00:00:00,108.058,108.066,107.521,107.545,22560,MT5,H4
2019-09-22 00:00:00,107.688,107.731,107.602,107.649,2440,MT5,H4
2019-09-23 00:00:00,107.647,107.761,107.308,107.594,24454,MT5,H4
2019-09-24 00:00:00,107.595,107.78,106.961,107.164,31458,MT5,H4
2019-09-25 00:00:00,107.166,107.876,107.004,107.703,33363,MT5,H4
2019-09-26 00:00:00,107.704,107.953,107.422,107.748,26944,MT5,H4
2019-09-27 00:00:00,107.747,108.177,107.656,107.922,27992,MT5,H4
2019-09-29 00:00:00,107.95,107.996,107.848,107.946,1747,MT5,H4
2019-09-30 00:00:00,107.945,108.175,107.741,108.057,25177,MT5,H4
2019-10-01 00:00:00,108.058,108.463,107.625,107.747,31733,MT5,H4
2019-10-02 00:00:00,107.746,107.891,107.045,107.164,34321,MT5,H4
2019-10-03 00:00:00,107.163,107.292,106.486,106.827,34344,MT5,H4
2019-10-04 00:00:00,106.828,107.128,106.591,106.904,26689,MT5,H4
2019-10-06 00:00:00,106.683,106.848,106.655,106.757,2181,MT5,H4
2019-10-07 00:00:00,106.758,107.452,106.688,107.251,24596,MT5,H4
2019-10-08 00:00:00,107.252,107.441,106.813,106.94,34321,MT5,H4
2019-10-09 00:00:00,106.941,107.623,106.941,107.223,28114,MT5,H4
2019-10-10 00:00:00,107.225,107.97,107.17,107.865,37488,MT5,H4
2019-10-11 00:00:00,107.867,108.616,107.849,108.395,32128,MT5,H4
2019-10-13 00:00:00,108.352,108.519,108.319,108.474,2761,MT5,H4
2019-10-14 00:00:00,108.473,108.473,108.034,108.396,22005,MT5,H4
2019-10-15 00:00:00,108.394,108.895,108.154,108.797,26260,MT5,H4
2019-10-16 00:00:00,108.798,108.847,108.571,108.682,29011,MT5,H4
2019-10-17 00:00:00,108.681,108.928,108.457,108.588,29042,MT5,H4
2019-10-18 00:00:00,108.59,108.718,108.384,108.391,22320,MT5,H4
2019-10-20 00:00:00,108.453,108.483,108.313,108.405,2464,MT5,H4
2019-10-21 00:00:00,108.406,108.655,108.369,108.603,19537,MT5,H4
2019-10-22 00:00:00,108.602,108.722,108.431,108.485,19124,MT5,H4
2019-10-23 00:00:00,108.484,108.701,108.248,108.635,21176,MT5,H4
2019-10-24 00:00:00,108.634,108.747,108.495,108.61,20195,MT5,H4
2019-10-25 00:00:00,108.609,108.77,108.51,108.653,16057,MT5,H4
2019-10-27 00:00:00,108.726,108.741,108.666,108.735,1684,MT5,H4
2019-10-28 00:00:00,108.734,109.036,108.656,108.976,16602,MT5,H4
2019-10-29 00:00:00,108.975,109.064,108.761,108.873,17371,MT5,H4
2019-10-30 00:00:00,108.874,109.282,108.72,108.794,20944,MT5,H4
2019-10-31 00:00:00,108.795,108.86,107.925,107.998,26221,MT5,H4
2019-11-01 00:00:00,107.999,108.321,107.887,108.171,18882,MT5,H4
2019-11-03 00:00:00,108.223,108.234,108.189,108.211,2420,MT5,H4
2019-11-04 00:00:00,108.214,108.713,108.204,108.699,15993,MT5,H4
2019-11-05 00:00:00,108.701,109.239,108.646,109.14,21767,MT5,H4
2019-11-06 00:00:00,109.142,109.179,108.817,108.912,20896,MT5,H4
2019-11-07 00:00:00,108.913,109.483,108.647,109.265,27391,MT5,H4
2019-11-08 00:00:00,109.269,109.472,109.077,109.21,20927,MT5,H4
2019-11-10 00:00:00,109.201,109.244,109.188,109.199,2524,MT5,H4
2019-11-11 00:00:00,109.201,109.243,108.893,109.038,15331,MT5,H4
2019-11-12 00:00:00,109.04,109.289,108.923,108.989,20782,MT5,H4
2019-11-13 00:00:00,108.992,109.146,108.652,108.793,21664,MT5,H4
2019-11-14 00:00:00,108.795,108.859,108.243,108.49,23767,MT5,H4
2019-11-15 00:00:00,108.493,108.852,108.451,108.813,16011,MT5,H4
2019-11-17 00:00:00,108.794,108.799,108.663,108.695,1561,MT5,H4
2019-11-18 00:00:00,108.696,109.066,108.51,108.662,20650,MT5,H4
2019-11-19 00:00:00,108.663,108.833,108.381,108.463,20166,MT5,H4
2019-11-20 00:00:00,108.467,108.735,108.347,108.466,27086,MT5,H4
2019-11-21 00:00:00,108.468,108.692,108.277,108.572,26561,MT5,H4
2019-11-22 00:00:00,108.575,108.726,108.474,108.63,17647,MT5,H4
2019-11-24 00:00:00,108.654,108.739,108.652,108.719,2351,MT5,H4
2019-11-25 00:00:00,108.721,109.0,108.691,108.987,17203,MT5,H4
2019-11-26 00:00:00,108.991,109.203,108.872,109.092,20356,MT5,H4
2019-11-27 00:00:00,109.094,109.605,109.066,109.362,16242,MT5,H4
2019-11-28 00:00:00,109.366,109.544,109.337,109.51,13470,MT5,H4
2019-11-29 00:00:00,109.514,109.665,109.387,109.441,15622,MT5,H4
2019-12-01 00:00:00,109.517,109.554,109.479,109.529,2110,MT5,H4
2019-12-02 00:00:00,109.527,109.724,108.923,109.018,20877,MT5,H4
2019-12-03 00:00:00,109.02,109.204,108.483,108.653,25589,MT5,H4
2019-12-04 00:00:00,108.657,108.96,108.427,108.826,24294,MT5,H4
2019-12-05 00:00:00,108.827,108.992,108.654,108.721,20963,MT5,H4
2019-12-06 00:00:00,108.724,108.917,108.443,108.564,17761,MT5,H4
2019-12-08 00:00:00,108.627,108.647,108.575,108.63,2246,MT5,H4
2019-12-09 00:00:00,108.635,108.674,108.427,108.581,15727,MT5,H4
2019-12-10 00:00:00,108.582,108.809,108.512,108.763,18664,MT5,H4
2019-12-11 00:00:00,108.764,108.792,108.465,108.545,18151,MT5,H4
2019-12-12 00:00:00,108.549,109.527,108.455,109.402,27170,MT5,H4
2019-12-13 00:00:00,109.401,109.7,109.204,109.329,27067,MT5,H4
2019-12-15 00:00:00,109.291,109.431,109.284,109.376,1898,MT5,H4
2019-12-16 00:00:00,109.379,109.672,109.352,109.575,14830,MT5,H4
2019-12-17 00:00:00,109.578,109.63,109.441,109.511,15019,MT5,H4
2019-12-18 00:00:00,109.516,109.624,109.398,109.543,15342,MT5,H4
2019-12-19 00:00:00,109.544,109.68,109.179,109.377,15552,MT5,H4
2019-12-20 00:00:00,109.382,109.523,109.254,109.47,11569,MT5,H4
2019-12-22 00:00:00,109.44,109.528,109.394,109.492,1588,MT5,H4
2019-12-23 00:00:00,109.494,109.496,109.337,109.381,12171,MT5,H4
2019-12-24 00:00:00,109.386,109.438,109.326,109.403,8092,MT5,H4
2019-12-26 00:00:00,109.552,109.681,109.522,109.522,8426,MT5,H4
2019-12-27 00:00:00,109.524,109.588,109.387,109.424,12993,MT5,H4
2019-12-29 00:00:00,109.439,109.468,109.417,109.429,1614,MT5,H4
2019-12-30 00:00:00,109.431,109.447,108.766,108.866,15273,MT5,H4
2019-12-31 00:00:00,108.867,108.874,108.468,108.581,11306,MT5,H4
2020-01-02 00:00:00,108.698,108.861,108.21,108.537,15673,MT5,H4
2020-01-03 00:00:00,108.539,108.56,107.842,108.092,27490,MT5,H4
2020-01-05 00:00:00,107.889,107.954,107.767,107.951,2931,MT5,H4
2020-01-06 00:00:00,107.959,108.503,107.914,108.402,23025,MT5,H4
2020-01-07 00:00:00,108.407,108.625,107.834,107.99,24702,MT5,H4
2020-01-08 00:00:00,107.992,109.239,107.649,109.032,40009,MT5,H4
2020-01-09 00:00:00,109.034,109.576,109.029,109.491,22131,MT5,H4
2020-01-10 00:00:00,109.492,109.683,109.434,109.502,14618,MT5,H4
2020-01-12 00:00:00,109.527,109.58,109.502,109.545,2506,MT5,H4
2020-01-13 00:00:00,109.548,109.992,109.532,109.992,13117,MT5,H4
2020-01-14 00:00:00,110.0,110.207,109.808,109.846,22010,MT5,H4
2020-01-15 00:00:00,109.848,109.997,109.787,109.874,17782,MT5,H4
2020-01-16 00:00:00,109.878,110.218,109.873,110.174,14469,MT5,H4
2020-01-17 00:00:00,110.176,110.284,110.048,110.151,12844,MT5,H4
2020-01-19 00:00:00,110.088,110.184,110.088,110.182,1169,MT5,H4
2020-01-20 00:00:00,110.183,110.214,110.113,110.169,8962,MT5,H4
2020-01-21 00:00:00,110.171,110.218,109.758,109.907,20718,MT5,H4
2020-01-22 00:00:00,109.908,110.092,109.674,109.731,17000,MT5,H4
2020-01-23 00:00:00,109.732,109.761,109.265,109.554,21114,MT5,H4
2020-01-24 00:00:00,109.559,109.648,109.17,109.285,17856,MT5,H4
2020-01-26 00:00:00,108.949,109.006,108.729,108.795,3055,MT5,H4
2020-01-27 00:00:00,108.797,109.133,108.796,108.926,26369,MT5,H4
2020-01-28 00:00:00,108.928,109.233,108.757,109.131,22298,MT5,H4
2020-01-29 00:00:00,109.133,109.252,108.942,108.982,20450,MT5,H4
2020-01-30 00:00:00,108.984,109.043,108.582,108.879,28482,MT5,H4
2020-01-31 00:00:00,108.884,109.13,108.31,108.35,24774,MT5,H4
2020-02-02 00:00:00,108.427,108.43,108.312,108.368,2279,MT5,H4
2020-02-03 00:00:00,108.376,108.795,108.365,108.609,25912,MT5,H4
2020-02-04 00:00:00,108.613,109.54,108.547,109.438,22429,MT5,H4
2020-02-05 00:00:00,109.44,109.84,109.302,109.808,23893,MT5,H4
2020-02-06 00:00:00,109.812,110.002,109.779,109.958,18876,MT5,H4
2020-02-07 00:00:00,109.96,110.0,109.53,109.76,20912,MT5,H4
2020-02-09 00:00:00,109.672,109.761,109.559,109.612,2062,MT5,H4
2020-02-10 00:00:00,109.614,109.874,109.605,109.764,19306,MT5,H4
2020-02-11 00:00:00,109.765,109.958,109.725,109.838,15394,MT5,H4
2020-02-12 00:00:00,109.839,110.13,109.799,109.861,15758,MT5,H4
2020-02-13 00:00:00,109.864,109.983,109.617,109.758,22346,MT5,H4
2020-02-14 00:00:00,109.763,109.906,109.697,109.76,14399,MT5,H4
2020-02-16 00:00:00,109.804,109.821,109.75,109.79,1416,MT5,H4
2020-02-17 00:00:00,109.791,109.957,109.717,109.831,9840,MT5,H4
2020-02-18 00:00:00,109.832,109.944,109.657,109.91,17815,MT5,H4
2020-02-19 00:00:00,109.914,111.588,109.86,111.191,21153,MT5,H4
2020-02-20 00:00:00,111.193,112.221,111.11,111.965,35233,MT5,H4
2020-02-21 00:00:00,111.968,112.181,111.474,111.537,28111,MT5,H4
2020-02-23 00:00:00,111.396,111.58,111.381,111.54,2991,MT5,H4
2020-02-24 00:00:00,111.543,111.679,110.331,110.842,36784,MT5,H4
2020-02-25 00:00:00,110.846,111.038,109.889,110.276,43430,MT5,H4
2020-02-26 00:00:00,110.283,110.697,110.128,110.364,46552,MT5,H4
2020-02-27 00:00:00,110.372,110.398,109.364,109.613,53865,MT5,H4
2020-02-28 00:00:00,109.616,109.662,107.509,107.916,63241,MT5,H4
2020-03-01 00:00:00,107.565,107.723,107.402,107.668,3408,MT5,H4
2020-03-02 00:00:00,107.669,108.574,107.401,108.487,63051,MT5,H4
2020-03-03 00:00:00,108.506,108.523,106.847,107.038,66903,MT5,H4
2020-03-04 00:00:00,107.052,107.688,107.032,107.678,46726,MT5,H4
2020-03-05 00:00:00,107.695,107.712,105.989,106.246,45086,MT5,H4
2020-03-06 00:00:00,106.254,106.338,104.992,105.344,69174,MT5,H4
2020-03-08 00:00:00,104.277,104.531,103.673,103.934,9540,MT5,H4
2020-03-09 00:00:00,103.935,104.26,101.182,103.08,125895,MT5,H4
2020-03-10 00:00:00,103.079,105.915,102.704,105.043,114806,MT5,H4
2020-03-11 00:00:00,105.042,105.326,104.096,104.535,88010,MT5,H4
2020-03-12 00:00:00,104.533,106.098,103.081,104.667,126180,MT5,H4
2020-03-13 00:00:00,104.666,108.499,104.657,107.76,102490,MT5,H4
2020-03-15 00:00:00,107.167,107.169,105.734,106.497,15571,MT5,H4
2020-03-16 00:00:00,106.498,107.566,105.148,106.213,116065,MT5,H4
2020-03-17 00:00:00,106.215,107.857,106.074,107.382,117147,MT5,H4
2020-03-18 00:00:00,107.384,108.651,106.754,108.364,101016,MT5,H4
2020-03-19 00:00:00,108.362,111.361,108.197,111.311,129493,MT5,H4
2020-03-20 00:00:00,111.309,111.5,109.333,110.832,91022,MT5,H4
2020-03-22 00:00:00,110.767,111.23,110.289,110.387,8763,MT5,H4
2020-03-23 00:00:00,110.389,111.59,109.668,110.811,93825,MT5,H4
2020-03-24 00:00:00,110.812,111.71,110.083,111.126,72309,MT5,H4
2020-03-25 00:00:00,111.124,111.673,110.752,110.834,68405,MT5,H4
2020-03-26 00:00:00,110.833,110.948,109.089,109.129,82233,MT5,H4
2020-03-27 00:00:00,109.131,109.387,107.758,107.947,64438,MT5,H4
2020-03-29 00:00:00,107.674,107.96,107.364,107.452,6213,MT5,H4
2020-03-30 00:00:00,107.455,108.291,107.123,108.07,61426,MT5,H4
2020-03-31 00:00:00,108.072,108.723,107.402,107.508,74073,MT5,H4
2020-04-01 00:00:00,107.51,107.937,106.921,107.292,60093,MT5,H4
2020-04-02 00:00:00,107.291,108.197,107.015,108.029,54038,MT5,H4
2020-04-03 00:00:00,108.028,108.671,107.801,108.479,43862,MT5,H4
2020-04-05 00:00:00,108.354,108.738,108.341,108.715,4202,MT5,H4
2020-04-06 00:00:00,108.713,109.377,108.671,109.127,49691,MT5,H4
2020-04-07 00:00:00,109.126,109.143,108.614,108.671,51738,MT5,H4
2020-04-08 00:00:00,108.671,109.096,108.504,108.934,49369,MT5,H4
2020-04-09 00:00:00,108.933,109.059,108.206,108.542,47919,MT5,H4
2020-04-10 00:00:00,108.545,108.562,108.307,108.427,28369,MT5,H4
2020-04-12 00:00:00,108.401,108.507,108.243,108.34,3429,MT5,H4
2020-04-13 00:00:00,108.341,108.376,107.499,107.625,35075,MT5,H4
2020-04-14 00:00:00,107.624,107.755,106.978,107.11,36442,MT5,H4
2020-04-15 00:00:00,107.11,107.863,106.926,107.615,45381,MT5,H4
2020-04-16 00:00:00,107.616,108.081,107.163,107.931,67668,MT5,H4
2020-04-17 00:00:00,107.932,107.949,107.299,107.507,58962,MT5,H4
2020-04-19 00:00:00,107.51,107.702,107.455,107.695,2572,MT5,H4
2020-04-20 00:00:00,107.694,107.945,107.567,107.672,38742,MT5,H4
2020-04-21 00:00:00,107.673,107.889,107.279,107.716,50861,MT5,H4
2020-04-22 00:00:00,107.717,107.933,107.512,107.827,41138,MT5,H4
2020-04-23 00:00:00,107.826,108.039,107.344,107.654,54451,MT5,H4
2020-04-24 00:00:00,107.655,107.756,107.353,107.463,34202,MT5,H4
2020-04-26 00:00:00,107.575,107.592,107.404,107.506,2185,MT5,H4
2020-04-27 00:00:00,107.507,107.619,106.991,107.293,39216,MT5,H4
2020-04-28 00:00:00,107.294,107.336,106.558,106.755,41173,MT5,H4
2020-04-29 00:00:00,106.756,106.77,106.356,106.609,39802,MT5,H4
2020-04-30 00:00:00,106.608,107.496,106.405,107.281,60003,MT5,H4
2020-05-01 00:00:00,107.28,107.403,106.603,106.837,40483,MT5,H4
2020-05-03 00:00:00,106.824,106.925,106.71,106.729,2902,MT5,H4
2020-05-04 00:00:00,106.728,107.066,106.609,106.695,32506,MT5,H4
2020-05-05 00:00:00,106.694,106.891,106.413,106.447,34678,MT5,H4
2020-05-06 00:00:00,106.448,106.448,105.971,106.213,36536,MT5,H4
2020-05-07 00:00:00,106.212,106.652,106.135,106.367,41320,MT5,H4
2020-05-08 00:00:00,106.368,106.736,106.219,106.63,33294,MT5,H4
2020-05-10 00:00:00,106.547,106.954,106.509,106.92,2948,MT5,H4
2020-05-11 00:00:00,106.921,107.765,106.774,107.591,39304,MT5,H4
2020-05-12 00:00:00,107.593,107.682,107.086,107.167,34613,MT5,H4
2020-05-13 00:00:00,107.169,107.263,106.74,106.932,39433,MT5,H4
2020-05-14 00:00:00,106.93,107.371,106.772,107.355,34997,MT5,H4
2020-05-15 00:00:00,107.354,107.429,106.855,107.005,32153,MT5,H4
2020-05-17 00:00:00,107.076,107.27,107.045,107.21,2563,MT5,H4
2020-05-18 00:00:00,107.211,107.501,107.066,107.38,33784,MT5,H4
2020-05-19 00:00:00,107.382,108.082,107.302,107.821,40305,MT5,H4
2020-05-20 00:00:00,107.822,107.981,107.335,107.591,30805,MT5,H4
2020-05-21 00:00:00,107.593,107.845,107.541,107.64,32255,MT5,H4
2020-05-22 00:00:00,107.641,107.759,107.32,107.598,25720,MT5,H4
2020-05-24 00:00:00,107.55,107.778,107.534,107.746,2102,MT5,H4
2020-05-25 00:00:00,107.746,107.778,107.626,107.686,17262,MT5,H4
2020-05-26 00:00:00,107.685,107.92,107.399,107.494,31072,MT5,H4
2020-05-27 00:00:00,107.493,107.942,107.364,107.805,41254,MT5,H4
2020-05-28 00:00:00,107.806,107.898,107.562,107.641,36467,MT5,H4
2020-05-29 00:00:00,107.642,107.888,107.081,107.79,50206,MT5,H4
2020-05-31 00:00:00,107.656,107.801,107.646,107.707,2701,MT5,H4
2020-06-01 00:00:00,107.708,107.853,107.376,107.556,36612,MT5,H4
2020-06-02 00:00:00,107.557,108.833,107.517,108.828,45916,MT5,H4
2020-06-03 00:00:00,108.829,109.037,108.421,108.997,47880,MT5,H4
2020-06-04 00:00:00,108.997,109.198,108.613,109.144,51556,MT5,H4
2020-06-05 00:00:00,109.144,109.846,109.042,109.573,51012,MT5,H4
2020-06-07 00:00:00,109.567,109.679,109.53,109.62,2759,MT5,H4
2020-06-08 00:00:00,109.619,109.621,108.232,108.417,46882,MT5,H4
2020-06-09 00:00:00,108.416,108.416,107.619,107.795,57116,MT5,H4
2020-06-10 00:00:00,107.794,107.87,106.895,106.997,58639,MT5,H4
2020-06-11 00:00:00,106.998,107.231,106.57,106.802,61617,MT5,H4
2020-06-12 00:00:00,106.803,107.551,106.583,107.354,56945,MT5,H4
2020-06-14 00:00:00,107.324,107.556,107.286,107.32,4151,MT5,H4
2020-06-15 00:00:00,107.321,107.497,106.997,107.482,50768,MT5,H4
2020-06-16 00:00:00,107.482,107.635,107.211,107.396,55436,MT5,H4
2020-06-17 00:00:00,107.395,107.439,106.863,106.874,40129,MT5,H4
2020-06-18 00:00:00,106.873,107.127,106.664,107.0,47393,MT5,H4
2020-06-19 00:00:00,107.001,107.042,106.765,106.829,32259,MT5,H4
2020-06-21 00:00:00,106.763,106.883,106.731,106.834,3014,MT5,H4
2020-06-22 00:00:00,106.835,107.007,106.768,106.896,30119,MT5,H4
2020-06-23 00:00:00,106.896,107.217,106.071,106.421,52500,MT5,H4
2020-06-24 00:00:00,106.42,107.128,106.38,107.025,42431,MT5,H4
2020-06-25 00:00:00,107.026,107.449,107.017,107.157,41038,MT5,H4
2020-06-26 00:00:00,107.156,107.356,106.796,107.189,31401,MT5,H4
2020-06-28 00:00:00,107.083,107.231,107.083,107.227,2060,MT5,H4
2020-06-29 00:00:00,107.226,107.88,107.039,107.581,36263,MT5,H4
2020-06-30 00:00:00,107.582,107.991,107.52,107.989,39843,MT5,H4
2020-07-01 00:00:00,107.99,108.16,107.336,107.37,38028,MT5,H4
2020-07-02 00:00:00,107.369,107.72,107.33,107.494,30413,MT5,H4
2020-07-03 00:00:00,107.495,107.564,107.433,107.475,16552,MT5,H4
2020-07-05 00:00:00,107.442,107.593,107.442,107.583,1089,MT5,H4
2020-07-06 00:00:00,107.584,107.77,107.255,107.358,24964,MT5,H4
2020-07-07 00:00:00,107.357,107.787,107.243,107.571,28076,MT5,H4
2020-07-08 00:00:00,107.57,107.708,107.2,107.281,24298,MT5,H4
2020-07-09 00:00:00,107.28,107.395,107.095,107.233,34130,MT5,H4
2020-07-10 00:00:00,107.235,107.26,106.636,106.903,25403,MT5,H4
2020-07-12 00:00:00,106.886,106.92,106.85,106.913,1603,MT5,H4
2020-07-13 00:00:00,106.914,107.315,106.785,107.278,28678,MT5,H4
2020-07-14 00:00:00,107.279,107.431,107.116,107.244,28757,MT5,H4
2020-07-15 00:00:00,107.244,107.306,106.664,106.898,29531,MT5,H4
2020-07-16 00:00:00,106.899,107.398,106.831,107.282,30636,MT5,H4
2020-07-17 00:00:00,107.283,107.359,106.922,107.016,22297,MT5,H4
2020-07-19 00:00:00,107.1,107.101,106.99,107.1,1891,MT5,H4
2020-07-20 00:00:00,107.099,107.538,107.033,107.189,31939,MT5,H4
2020-07-21 00:00:00,107.188,107.363,106.68,106.824,31030,MT5,H4
2020-07-22 00:00:00,106.823,107.285,106.709,107.172,33580,MT5,H4
2020-07-23 00:00:00,107.172,107.226,106.708,106.841,28989,MT5,H4
2020-07-24 00:00:00,106.84,106.845,105.679,106.097,42577,MT5,H4
2020-07-26 00:00:00,106.023,106.075,105.855,105.99,3737,MT5,H4
2020-07-27 00:00:00,105.989,106.048,105.114,105.274,47962,MT5,H4
2020-07-28 00:00:00,105.275,105.683,104.953,105.107,48721,MT5,H4
2020-07-29 00:00:00,105.108,105.239,104.77,105.044,53078,MT5,H4
2020-07-30 00:00:00,105.043,105.291,104.655,104.686,53898,MT5,H4
2020-07-31 00:00:00,104.687,106.051,104.185,105.819,72719,MT5,H4
2020-08-02 00:00:00,105.761,105.899,105.68,105.866,4643,MT5,H4
2020-08-03 00:00:00,105.865,106.47,105.578,106.03,67300,MT5,H4
2020-08-04 00:00:00,106.031,106.191,105.613,105.626,43519,MT5,H4
2020-08-05 00:00:00,105.627,105.869,105.318,105.56,50213,MT5,H4
2020-08-06 00:00:00,105.559,105.694,105.298,105.579,49831,MT5,H4
2020-08-07 00:00:00,105.578,106.051,105.479,105.883,45463,MT5,H4
2020-08-09 00:00:00,105.827,105.932,105.785,105.854,2757,MT5,H4
2020-08-10 00:00:00,105.853,106.198,105.706,105.991,31311,MT5,H4
2020-08-11 00:00:00,105.99,106.68,105.928,106.489,48657,MT5,H4
2020-08-12 00:00:00,106.488,107.011,106.455,106.84,47959,MT5,H4
2020-08-13 00:00:00,106.841,107.046,106.563,106.978,43615,MT5,H4
2020-08-14 00:00:00,106.977,107.034,106.433,106.561,31331,MT5,H4
2020-08-16 00:00:00,106.593,106.629,106.532,106.556,1808,MT5,H4
2020-08-17 00:00:00,106.557,106.651,105.941,106.001,36385,MT5,H4
2020-08-18 00:00:00,106.002,106.002,105.202,105.231,43405,MT5,H4
2020-08-19 00:00:00,105.232,106.175,105.1,106.083,53809,MT5,H4
2020-08-20 00:00:00,106.082,106.213,105.652,105.675,51102,MT5,H4
2020-08-21 00:00:00,105.674,106.068,105.438,105.756,43024,MT5,H4
2020-08-23 00:00:00,105.752,105.91,105.71,105.874,2514,MT5,H4
2020-08-24 00:00:00,105.875,106.005,105.686,105.996,33137,MT5,H4
2020-08-25 00:00:00,105.997,106.575,105.87,106.393,40526,MT5,H4
2020-08-26 00:00:00,106.394,106.553,105.805,105.87,41056,MT5,H4
2020-08-27 00:00:00,105.869,106.697,105.603,106.652,60855,MT5,H4
2020-08-28 00:00:00,106.654,106.943,105.199,105.32,69091,MT5,H4
2020-08-30 00:00:00,105.384,105.783,105.338,105.536,4097,MT5,H4
2020-08-31 00:00:00,105.534,106.092,105.29,105.995,48935,MT5,H4
2020-09-01 00:00:00,105.995,106.158,105.589,105.895,56558,MT5,H4
2020-09-02 00:00:00,105.894,106.302,105.856,106.207,44335,MT5,H4
2020-09-03 00:00:00,106.206,106.546,106.001,106.087,46173,MT5,H4
2020-09-04 00:00:00,106.086,106.502,106.054,106.206,40525,MT5,H4
2020-09-06 00:00:00,106.213,106.316,106.19,106.312,1681,MT5,H4
2020-09-07 00:00:00,106.311,106.381,106.131,106.302,22705,MT5,H4
2020-09-08 00:00:00,106.302,106.379,105.805,105.97,42093,MT5,H4
2020-09-09 00:00:00,105.969,106.277,105.789,106.233,35060,MT5,H4
2020-09-10 00:00:00,106.233,106.299,105.981,106.145,31677,MT5,H4
2020-09-11 00:00:00,106.144,106.261,106.039,106.118,21104,MT5,H4
2020-09-13 00:00:00,106.093,106.239,106.056,106.147,1350,MT5,H4
2020-09-14 00:00:00,106.145,106.162,105.544,105.725,23975,MT5,H4
2020-09-15 00:00:00,105.727,105.812,105.291,105.398,27168,MT5,H4
2020-09-16 00:00:00,105.397,105.409,104.797,105.06,41101,MT5,H4
2020-09-17 00:00:00,105.059,105.174,104.514,104.694,35519,MT5,H4
2020-09-18 00:00:00,104.692,104.867,104.271,104.537,26672,MT5,H4
2020-09-20 00:00:00,104.492,104.542,104.41,104.53,1654,MT5,H4
2020-09-21 00:00:00,104.532,104.895,103.999,104.689,35460,MT5,H4
2020-09-22 00:00:00,104.691,105.074,104.403,105.054,29826,MT5,H4
2020-09-23 00:00:00,105.055,105.493,104.926,105.307,31718,MT5,H4
2020-09-24 00:00:00,105.308,105.527,105.203,105.436,31095,MT5,H4
2020-09-25 00:00:00,105.434,105.697,105.238,105.541,23744,MT5,H4
2020-09-27 00:00:00,105.483,105.64,105.482,105.58,1138,MT5,H4
2020-09-28 00:00:00,105.579,105.662,105.261,105.442,25595,MT5,H4
2020-09-29 00:00:00,105.441,105.73,105.34,105.674,26750,MT5,H4
2020-09-30 00:00:00,105.673,105.801,105.387,105.449,33189,MT5,H4
2020-10-01 00:00:00,105.449,105.725,105.415,105.547,28335,MT5,H4
2020-10-02 00:00:00,105.546,105.663,104.941,105.265,35033,MT5,H4
2020-10-04 00:00:00,105.267,105.59,105.245,105.513,3079,MT5,H4
2020-10-05 00:00:00,105.515,105.791,105.493,105.706,22267,MT5,H4
2020-10-06 00:00:00,105.707,105.742,105.469,105.64,26043,MT5,H4
2020-10-07 00:00:00,105.639,106.104,105.626,105.967,24490,MT5,H4
2020-10-08 00:00:00,105.967,106.104,105.922,106.025,20320,MT5,H4
2020-10-09 00:00:00,106.024,106.025,105.568,105.581,22002,MT5,H4
2020-10-11 00:00:00,105.74,105.772,105.595,105.621,1575,MT5,H4
2020-10-12 00:00:00,105.623,105.655,105.239,105.336,19530,MT5,H4
2020-10-13 00:00:00,105.338,105.624,105.28,105.465,22485,MT5,H4
2020-10-14 00:00:00,105.467,105.512,105.033,105.138,21185,MT5,H4
2020-10-15 00:00:00,105.138,105.49,105.116,105.355,22219,MT5,H4
2020-10-16 00:00:00,105.356,105.438,105.188,105.352,19924,MT5,H4
2020-10-18 00:00:00,105.374,105.466,105.314,105.428,1251,MT5,H4
2020-10-19 00:00:00,105.429,105.5,105.299,105.457,18864,MT5,H4
2020-10-20 00:00:00,105.456,105.744,105.418,105.475,20216,MT5,H4
2020-10-21 00:00:00,105.476,105.487,104.339,104.679,26366,MT5,H4
2020-10-22 00:00:00,104.677,104.934,104.475,104.902,22696,MT5,H4
2020-10-23 00:00:00,104.904,104.913,104.544,104.655,18996,MT5,H4
2020-10-25 00:00:00,104.679,104.751,104.629,104.69,1604,MT5,H4
2020-10-26 00:00:00,104.69,105.052,104.653,104.829,20851,MT5,H4
2020-10-27 00:00:00,104.83,104.835,104.377,104.544,18099,MT5,H4
2020-10-28 00:00:00,104.544,104.55,104.111,104.315,25944,MT5,H4
2020-10-29 00:00:00,104.313,104.724,104.022,104.555,26531,MT5,H4
2020-10-30 00:00:00,104.556,104.739,104.122,104.595,27770,MT5,H4
2020-11-01 00:00:00,104.536,104.674,104.532,104.564,2130,MT5,H4
2020-11-02 00:00:00,104.578,104.946,104.578,104.711,21815,MT5,H4
2020-11-03 00:00:00,104.721,104.797,104.43,104.533,29987,MT5,H4
2020-11-04 00:00:00,104.543,105.341,104.148,104.427,73962,MT5,H4
2020-11-05 00:00:00,104.437,104.47,103.437,103.593,53149,MT5,H4
2020-11-06 00:00:00,103.604,103.756,103.175,103.327,48368,MT5,H4
2020-11-08 00:00:00,103.319,103.326,103.161,103.244,2262,MT5,H4
2020-11-09 00:00:00,103.251,105.643,103.238,105.12,63424,MT5,H4
2020-11-10 00:00:00,105.135,105.484,104.818,105.252,45764,MT5,H4
2020-11-11 00:00:00,105.259,105.673,105.003,105.391,30244,MT5,H4
2020-11-12 00:00:00,105.412,105.475,105.046,105.086,30161,MT5,H4
2020-11-13 00:00:00,105.096,105.147,104.547,104.565,26434,MT5,H4
2020-11-15 00:00:00,104.679,104.697,104.577,104.655,1549,MT5,H4
2020-11-16 00:00:00,104.674,105.132,104.36,104.52,33995,MT5,H4
2020-11-17 00:00:00,104.53,104.564,104.068,104.163,27544,MT5,H4
2020-11-18 00:00:00,104.173,104.173,103.65,103.882,30396,MT5,H4
2020-11-19 00:00:00,103.892,104.213,103.702,103.791,31496,MT5,H4
2020-11-20 00:00:00,103.807,103.907,103.699,103.801,21347,MT5,H4
2020-11-22 00:00:00,103.781,103.847,103.768,103.806,1652,MT5,H4
2020-11-23 00:00:00,103.816,104.634,103.681,104.518,28597,MT5,H4
2020-11-24 00:00:00,104.527,104.759,104.144,104.499,33773,MT5,H4
2020-11-25 00:00:00,104.507,104.595,104.254,104.391,28743,MT5,H4
2020-11-26 00:00:00,104.401,104.402,104.202,104.243,20277,MT5,H4
2020-11-27 00:00:00,104.253,104.268,103.905,103.994,22308,MT5,H4
2020-11-29 00:00:00,104.014,104.131,103.987,104.062,1580,MT5,H4
2020-11-30 00:00:00,104.083,104.396,103.828,104.293,31272,MT5,H4
2020-12-01 00:00:00,104.303,104.574,104.18,104.288,30085,MT5,H4
2020-12-02 00:00:00,104.298,104.748,104.223,104.437,30872,MT5,H4
2020-12-03 00:00:00,104.447,104.533,103.669,103.821,29487,MT5,H4
2020-12-04 00:00:00,103.831,104.24,103.736,104.149,32390,MT5,H4
2020-12-06 00:00:00,104.102,104.224,104.092,104.194,1433,MT5,H4
2020-12-07 00:00:00,104.204,104.309,103.92,103.996,29804,MT5,H4
2020-12-08 00:00:00,104.005,104.203,103.952,104.127,26449,MT5,H4
2020-12-09 00:00:00,104.137,104.402,104.049,104.275,23748,MT5,H4
2020-12-10 00:00:00,104.283,104.576,104.156,104.167,29487,MT5,H4
2020-12-11 00:00:00,104.177,104.177,103.822,103.974,25602,MT5,H4
2020-12-13 00:00:00,103.904,103.998,103.827,103.953,2253,MT5,H4
2020-12-14 00:00:00,103.962,104.101,103.509,103.996,27653,MT5,H4
2020-12-15 00:00:00,104.006,104.148,103.592,103.635,24351,MT5,H4
2020-12-16 00:00:00,103.645,103.914,103.259,103.461,31909,MT5,H4
2020-12-17 00:00:00,103.472,103.557,102.871,103.135,30452,MT5,H4
2020-12-18 00:00:00,103.145,103.592,103.119,103.249,26779,MT5,H4
2020-12-20 00:00:00,103.493,103.496,103.304,103.467,1934,MT5,H4
2020-12-21 00:00:00,103.477,103.887,103.25,103.327,38330,MT5,H4
2020-12-22 00:00:00,103.337,103.731,103.278,103.492,28184,MT5,H4
2020-12-23 00:00:00,103.511,103.649,103.353,103.522,27514,MT5,H4
2020-12-24 00:00:00,103.532,103.764,103.5,103.589,19845,MT5,H4
2020-12-27 00:00:00,103.546,103.589,103.487,103.516,1078,MT5,H4
2020-12-28 00:00:00,103.526,103.895,103.401,103.679,23627,MT5,H4
2020-12-29 00:00:00,103.689,103.802,103.46,103.541,22335,MT5,H4
2020-12-30 00:00:00,103.551,103.58,102.959,103.115,26832,MT5,H4
2020-12-31 00:00:00,103.125,103.312,102.992,103.254,22332,MT5,H4
2021-01-03 00:00:00,103.179,103.302,103.165,103.233,1673,MT5,H4
2021-01-04 00:00:00,103.243,103.258,102.71,103.121,31921,MT5,H4
2021-01-05 00:00:00,103.131,103.188,102.603,102.674,30869,MT5,H4
2021-01-06 00:00:00,102.684,103.44,102.59,103.011,40711,MT5,H4
2021-01-07 00:00:00,103.021,103.953,102.948,103.789,37800,MT5,H4
2021-01-08 00:00:00,103.799,104.089,103.601,103.928,44483,MT5,H4
2021-01-10 00:00:00,103.88,104.082,103.838,104.074,1517,MT5,H4
2021-01-11 00:00:00,104.083,104.394,104.03,104.128,29294,MT5,H4
2021-01-12 00:00:00,104.138,104.328,103.693,103.736,29304,MT5,H4
2021-01-13 00:00:00,103.746,103.992,103.523,103.815,29141,MT5,H4
2021-01-14 00:00:00,103.825,104.194,103.561,103.827,33651,MT5,H4
2021-01-15 00:00:00,103.837,103.898,103.615,103.842,24239,MT5,H4
2021-01-17 00:00:00,103.83,103.91,103.795,103.905,1338,MT5,H4
2021-01-18 00:00:00,103.915,103.928,103.623,103.693,20819,MT5,H4
2021-01-19 00:00:00,103.703,104.082,103.65,103.887,24316,MT5,H4
2021-01-20 00:00:00,103.897,103.925,103.443,103.544,22381,MT5,H4
2021-01-21 00:00:00,103.555,103.664,103.325,103.498,26075,MT5,H4
2021-01-22 00:00:00,103.507,103.883,103.491,103.72,19353,MT5,H4
2021-01-24 00:00:00,103.783,103.817,103.756,103.778,1076,MT5,H4
2021-01-25 00:00:00,103.788,103.933,103.671,103.749,20700,MT5,H4
2021-01-26 00:00:00,103.76,103.825,103.553,103.589,17233,MT5,H4
2021-01-27 00:00:00,103.599,104.196,103.584,104.122,24272,MT5,H4
2021-01-28 00:00:00,104.139,104.46,104.132,104.291,26440,MT5,H4
2021-01-29 00:00:00,104.3,104.937,104.285,104.687,27041,MT5,H4
2021-01-31 00:00:00,104.721,104.8,104.66,104.705,1670,MT5,H4
2021-02-01 00:00:00,104.715,105.032,104.606,104.871,21160,MT5,H4
2021-02-02 00:00:00,104.881,105.17,104.826,105.019,22148,MT5,H4
2021-02-03 00:00:00,105.027,105.101,104.92,104.984,17131,MT5,H4
2021-02-04 00:00:00,104.994,105.583,104.973,105.554,20028,MT5,H4
2021-02-05 00:00:00,105.573,105.765,105.305,105.305,24472,MT5,H4
2021-02-07 00:00:00,105.324,105.42,105.314,105.383,2080,MT5,H4
2021-02-08 00:00:00,105.393,105.668,105.148,105.202,22120,MT5,H4
2021-02-09 00:00:00,105.212,105.225,104.495,104.571,25141,MT5,H4
2021-02-10 00:00:00,104.581,104.84,104.407,104.605,24186,MT5,H4
2021-02-11 00:00:00,104.615,104.802,104.547,104.738,16330,MT5,H4
2021-02-12 00:00:00,104.748,105.179,104.733,104.895,17732,MT5,H4
2021-02-14 00:00:00,104.916,105.065,104.914,105.055,1909,MT5,H4
2021-02-15 00:00:00,105.065,105.414,104.977,105.359,17003,MT5,H4
2021-02-16 00:00:00,105.369,106.205,105.177,106.097,27743,MT5,H4
2021-02-17 00:00:00,106.114,106.21,105.776,105.833,30181,MT5,H4
2021-02-18 00:00:00,105.85,105.92,105.596,105.642,23832,MT5,H4
2021-02-19 00:00:00,105.651,105.739,105.237,105.384,24745,MT5,H4
2021-02-21 00:00:00,105.398,105.608,105.386,105.512,1372,MT5,H4
2021-02-22 00:00:00,105.534,105.841,104.89,104.995,29804,MT5,H4
2021-02-23 00:00:00,105.005,105.426,104.919,105.283,25507,MT5,H4
2021-02-24 00:00:00,105.294,106.101,105.266,105.941,33385,MT5,H4
2021-02-25 00:00:00,105.952,106.4,105.841,106.369,47303,MT5,H4
2021-02-26 00:00:00,106.388,106.689,105.845,106.515,49236,MT5,H4
2021-02-28 00:00:00,106.494,106.569,106.454,106.47,1449,MT5,H4
2021-03-01 00:00:00,106.48,106.885,106.364,106.827,29945,MT5,H4
2021-03-02 00:00:00,106.844,106.953,106.653,106.748,25505,MT5,H4
2021-03-03 00:00:00,106.758,107.149,106.696,107.058,27848,MT5,H4
2021-03-04 00:00:00,107.067,107.992,106.965,107.93,31353,MT5,H4
2021-03-05 00:00:00,107.947,108.641,107.818,108.36,45203,MT5,H4
2021-03-07 00:00:00,108.308,108.461,108.268,108.385,1619,MT5,H4
2021-03-08 00:00:00,108.402,108.939,108.306,108.915,27416,MT5,H4
2021-03-09 00:00:00,108.925,109.231,108.413,108.563,36538,MT5,H4
2021-03-10 00:00:00,108.573,108.917,108.336,108.429,36286,MT5,H4
2021-03-11 00:00:00,108.437,108.809,108.354,108.561,34182,MT5,H4
2021-03-12 00:00:00,108.571,109.161,108.513,108.972,32620,MT5,H4
2021-03-14 00:00:00,109.009,109.143,108.96,109.114,1671,MT5,H4
2021-03-15 00:00:00,109.113,109.361,108.912,109.125,28107,MT5,H4
2021-03-16 00:00:00,109.126,109.285,108.769,109.028,28138,MT5,H4
2021-03-17 00:00:00,109.027,109.322,108.684,108.896,31530,MT5,H4
2021-03-18 00:00:00,108.895,109.3,108.623,108.931,39547,MT5,H4
2021-03-19 00:00:00,108.93,109.128,108.605,108.869,31520,MT5,H4
2021-03-21 00:00:00,108.61,108.928,108.555,108.873,2213,MT5,H4
2021-03-22 00:00:00,108.871,108.952,108.616,108.776,24727,MT5,H4
2021-03-23 00:00:00,108.777,108.869,108.404,108.52,26442,MT5,H4
2021-03-24 00:00:00,108.519,108.953,108.449,108.787,25039,MT5,H4
2021-03-25 00:00:00,108.786,109.233,108.786,109.176,24255,MT5,H4
2021-03-26 00:00:00,109.175,109.844,109.127,109.664,23072,MT5,H4
2021-03-28 00:00:00,109.687,109.799,109.611,109.789,1467,MT5,H4
2021-03-29 00:00:00,109.788,109.882,109.371,109.835,22990,MT5,H4
2021-03-30 00:00:00,109.835,110.423,109.784,110.304,26035,MT5,H4
2021-03-31 00:00:00,110.306,110.962,110.272,110.755,33288,MT5,H4
2021-04-01 00:00:00,110.754,110.844,110.545,110.605,26874,MT5,H4
2021-04-02 00:00:00,110.603,110.744,110.368,110.647,15176,MT5,H4
2021-04-04 00:00:00,110.632,110.746,110.591,110.675,1758,MT5,H4
2021-04-05 00:00:00,110.676,110.718,109.96,110.19,22809,MT5,H4
2021-04-06 00:00:00,110.191,110.549,109.667,109.793,37217,MT5,H4
2021-04-07 00:00:00,109.792,109.938,109.576,109.852,37000,MT5,H4
2021-04-08 00:00:00,109.854,109.901,108.998,109.327,36761,MT5,H4
2021-04-09 00:00:00,109.329,109.956,109.211,109.651,34176,MT5,H4
2021-04-11 00:00:00,109.667,109.751,109.591,109.718,1260,MT5,H4
2021-04-12 00:00:00,109.719,109.767,109.243,109.378,30830,MT5,H4
2021-04-13 00:00:00,109.38,109.75,108.886,108.92,44828,MT5,H4
2021-04-14 00:00:00,108.92,109.092,108.75,108.89,36085,MT5,H4
2021-04-15 00:00:00,108.892,108.956,108.61,108.688,35222,MT5,H4
2021-04-16 00:00:00,108.689,108.962,108.61,108.781,30109,MT5,H4
2021-04-18 00:00:00,108.746,108.821,108.666,108.719,1656,MT5,H4
2021-04-19 00:00:00,108.72,108.766,108.007,108.105,41683,MT5,H4
2021-04-20 00:00:00,108.107,108.546,107.97,108.13,39208,MT5,H4
2021-04-21 00:00:00,108.131,108.279,107.873,108.04,32611,MT5,H4
2021-04-22 00:00:00,108.041,108.229,107.81,107.984,36946,MT5,H4
2021-04-23 00:00:00,107.985,108.142,107.475,107.855,34000,MT5,H4
2021-04-25 00:00:00,107.897,107.93,107.842,107.88,1185,MT5,H4
2021-04-26 00:00:00,107.881,108.207,107.639,108.197,38347,MT5,H4
2021-04-27 00:00:00,108.198,108.774,108.097,108.747,34397,MT5,H4
2021-04-28 00:00:00,108.748,109.075,108.499,108.504,43131,MT5,H4
2021-04-29 00:00:00,108.504,109.22,108.432,108.903,36757,MT5,H4
2021-04-30 00:00:00,108.902,109.343,108.711,109.324,36446,MT5,H4
2021-05-02 00:00:00,109.262,109.339,109.232,109.284,951,MT5,H4
2021-05-03 00:00:00,109.284,109.696,108.892,109.084,33212,MT5,H4
2021-05-04 00:00:00,109.085,109.484,109.04,109.33,41467,MT5,H4
2021-05-05 00:00:00,109.331,109.476,109.141,109.218,31703,MT5,H4
2021-05-06 00:00:00,109.218,109.425,108.999,109.049,40141,MT5,H4
2021-05-07 00:00:00,109.05,109.286,108.337,108.576,47536,MT5,H4
2021-05-09 00:00:00,108.572,108.607,108.443,108.571,1776,MT5,H4
2021-05-10 00:00:00,108.571,109.053,108.556,108.845,40031,MT5,H4
2021-05-11 00:00:00,108.846,108.979,108.348,108.714,41898,MT5,H4
2021-05-12 00:00:00,108.714,109.693,108.658,109.66,50358,MT5,H4
2021-05-13 00:00:00,109.661,109.784,109.386,109.513,44188,MT5,H4
2021-05-14 00:00:00,109.515,109.653,109.184,109.332,33516,MT5,H4
2021-05-16 00:00:00,109.237,109.42,109.217,109.417,1173,MT5,H4
2021-05-17 00:00:00,109.418,109.499,109.072,109.238,31027,MT5,H4
2021-05-18 00:00:00,109.24,109.281,108.828,108.864,32832,MT5,H4
2021-05-19 00:00:00,108.865,109.333,108.57,109.261,49616,MT5,H4
2021-05-20 00:00:00,109.261,109.294,108.726,108.859,36983,MT5,H4
2021-05-21 00:00:00,108.857,109.001,108.61,108.943,30913,MT5,H4
2021-05-23 00:00:00,108.892,108.982,108.84,108.914,986,MT5,H4
2021-05-24 00:00:00,108.913,108.988,108.695,108.849,27983,MT5,H4
2021-05-25 00:00:00,108.847,109.067,108.556,108.789,35830,MT5,H4
2021-05-26 00:00:00,108.791,109.175,108.721,109.167,30845,MT5,H4
2021-05-27 00:00:00,109.168,109.92,109.034,109.806,37319,MT5,H4
2021-05-28 00:00:00,109.807,110.197,109.741,109.836,34020,MT5,H4
2021-05-30 00:00:00,109.812,109.93,109.755,109.907,949,MT5,H4
2021-05-31 00:00:00,109.908,109.933,109.35,109.491,22324,MT5,H4
2021-06-01 00:00:00,109.492,109.704,109.329,109.493,31143,MT5,H4
2021-06-02 00:00:00,109.492,109.882,109.479,109.593,28613,MT5,H4
2021-06-03 00:00:00,109.592,110.315,109.564,110.287,31296,MT5,H4
2021-06-04 00:00:00,110.288,110.326,109.363,109.511,33498,MT5,H4
2021-06-06 00:00:00,109.498,109.632,109.435,109.615,973,MT5,H4
2021-06-07 00:00:00,109.616,109.634,109.189,109.27,28836,MT5,H4
2021-06-08 00:00:00,109.271,109.554,109.196,109.467,29776,MT5,H4
2021-06-09 00:00:00,109.469,109.653,109.223,109.61,25345,MT5,H4
2021-06-10 00:00:00,109.609,109.793,109.279,109.392,35624,MT5,H4
2021-06-11 00:00:00,109.39,109.838,109.315,109.651,25793,MT5,H4
2021-06-13 00:00:00,109.609,109.732,109.574,109.714,1049,MT5,H4
2021-06-14 00:00:00,109.715,110.096,109.609,110.04,23597,MT5,H4
2021-06-15 00:00:00,110.041,110.164,109.985,110.08,25148,MT5,H4
2021-06-16 00:00:00,110.081,110.797,109.801,110.769,35662,MT5,H4
2021-06-16 16:00:00,109.947,109.957,109.945,109.949,83,MT5,H4
2021-06-17 00:00:00,110.77,110.82,110.165,110.322,42085,MT5,H4
2021-06-18 00:00:00,110.32,110.482,109.941,110.214,46173,MT5,H4
2021-06-20 00:00:00,110.187,110.236,110.141,110.2,1536,MT5,H4
2021-06-21 00:00:00,110.202,110.379,109.714,110.374,42674,MT5,H4
2021-06-22 00:00:00,110.376,110.789,110.209,110.652,28948,MT5,H4
2021-06-23 00:00:00,110.653,111.101,110.644,111.01,32358,MT5,H4
2021-06-24 00:00:00,111.011,111.113,110.684,110.918,28540,MT5,H4
2021-06-25 00:00:00,110.919,110.982,110.478,110.774,24984,MT5,H4
2021-06-27 00:00:00,110.788,110.834,110.743,110.809,1103,MT5,H4
2021-06-28 00:00:00,110.81,110.973,110.495,110.604,26768,MT5,H4
2021-06-29 00:00:00,110.605,110.755,110.428,110.532,28387,MT5,H4
2021-06-30 00:00:00,110.533,111.135,110.417,111.129,30945,MT5,H4
2021-07-01 00:00:00,111.131,111.635,111.025,111.569,29894,MT5,H4
2021-07-02 00:00:00,111.57,111.655,110.949,111.009,30986,MT5,H4
2021-07-04 00:00:00,110.964,111.155,110.933,111.138,1347,MT5,H4
2021-07-05 00:00:00,111.139,111.187,110.793,110.914,20692,MT5,H4
2021-07-06 00:00:00,110.915,110.928,110.516,110.599,33036,MT5,H4
2021-07-07 00:00:00,110.6,110.813,110.393,110.632,36246,MT5,H4
2021-07-08 00:00:00,110.634,110.647,109.531,109.798,52830,MT5,H4
2021-07-09 00:00:00,109.8,110.256,109.761,110.106,33931,MT5,H4
2021-07-11 00:00:00,110.086,110.234,110.075,110.215,1361,MT5,H4
2021-07-12 00:00:00,110.216,110.399,109.975,110.326,26238,MT5,H4
2021-07-12 04:00:00,110.043,110.058,109.994,110.034,709,MT5,H4
2021-07-12 08:00:00,110.034,110.254,109.964,110.197,9725,MT5,H4
2021-07-12 12:00:00,110.197,110.337,110.087,110.289,6488,MT5,H4
2021-07-13 00:00:00,110.327,110.644,110.196,110.595,34272,MT5,H4
2021-07-14 00:00:00,110.596,110.695,109.91,109.994,34391,MT5,H4
2021-07-15 00:00:00,109.995,110.087,109.711,109.777,34135,MT5,H4
2021-07-16 00:00:00,109.778,110.339,109.73,110.062,31306,MT5,H4
2021-07-16 12:00:00,110.332,110.339,110.082,110.126,6385,MT5,H4
2021-07-16 16:00:00,110.127,110.141,110.034,110.068,1422,MT5,H4
2021-07-18 00:00:00,110.028,110.086,109.847,109.874,1903,MT5,H4
2021-07-18 20:00:00,110.028,110.086,109.847,109.874,1804,MT5,H4
2021-07-19 00:00:00,109.875,109.958,109.849,109.951,4216,MT5,H4
2021-07-19 04:00:00,109.952,110.03,109.787,109.841,5026,MT5,H4
2021-07-19 08:00:00,109.841,109.898,109.609,109.661,8685,MT5,H4
2021-07-19 12:00:00,109.662,109.669,109.063,109.461,13550,MT5,H4
2021-07-19 16:00:00,109.462,109.508,109.338,109.477,4465,MT5,H4
2021-07-19 20:00:00,109.459,109.557,109.388,109.526,1937,MT5,H4
2021-07-20 00:00:00,109.526,109.6,109.369,109.431,5860,MT5,H4
2021-07-20 04:00:00,109.432,109.703,109.367,109.627,6604,MT5,H4
2021-07-20 08:00:00,109.626,109.742,109.327,109.589,8782,MT5,H4
2021-07-20 12:00:00,109.591,109.953,109.353,109.914,13589,MT5,H4
2021-07-20 16:00:00,109.913,109.933,109.812,109.826,3822,MT5,H4
2021-07-20 20:00:00,109.808,109.93,109.803,109.916,1972,MT5,H4
2021-07-21 00:00:00,109.917,109.978,109.853,109.892,4302,MT5,H4
2021-07-21 04:00:00,109.891,110.136,109.799,110.088,5786,MT5,H4
2021-07-21 08:00:00,110.088,110.175,109.999,110.077,7475,MT5,H4
2021-07-21 12:00:00,110.075,110.385,110.073,110.218,8639,MT5,H4
2021-07-21 16:00:00,110.219,110.335,110.218,110.262,3453,MT5,H4
2021-07-21 20:00:00,110.252,110.289,110.24,110.246,992,MT5,H4
2021-07-22 00:00:00,110.246,110.258,110.083,110.122,1897,MT5,H4
2021-07-22 04:00:00,110.123,110.267,110.065,110.229,3862,MT5,H4
2021-07-22 08:00:00,110.23,110.355,110.206,110.268,6492,MT5,H4
2021-07-22 12:00:00,110.268,110.268,110.012,110.115,11817,MT5,H4
2021-07-22 16:00:00,110.114,110.22,110.062,110.139,3682,MT5,H4
2021-07-22 20:00:00,110.113,110.184,110.079,110.139,1911,MT5,H4
2021-07-23 00:00:00,110.14,110.302,110.111,110.27,2205,MT5,H4
2021-07-23 04:00:00,110.268,110.411,110.245,110.333,4135,MT5,H4
2021-07-23 08:00:00,110.334,110.572,110.308,110.526,5807,MT5,H4
2021-07-23 12:00:00,110.526,110.59,110.386,110.512,7479,MT5,H4
2021-07-23 16:00:00,110.512,110.559,110.488,110.544,2073,MT5,H4
2021-07-23 20:00:00,110.544,110.548,110.504,110.534,255,MT5,H4
2021-07-25 00:00:00,110.506,110.565,110.457,110.545,656,MT5,H4
2021-07-25 20:00:00,110.506,110.565,110.457,110.545,652,MT5,H4
2021-07-26 00:00:00,110.544,110.581,110.316,110.325,3074,MT5,H4
2021-07-26 04:00:00,110.325,110.368,110.115,110.206,3690,MT5,H4
2021-07-26 08:00:00,110.205,110.334,110.138,110.284,4800,MT5,H4
2021-07-26 12:00:00,110.282,110.421,110.152,110.31,6654,MT5,H4
2021-07-26 16:00:00,110.311,110.406,110.293,110.373,1250,MT5,H4
2021-07-26 20:00:00,110.364,110.387,110.298,110.305,592,MT5,H4
2021-07-27 00:00:00,110.306,110.326,110.166,110.198,3037,MT5,H4
2021-07-27 04:00:00,110.196,110.254,109.974,110.086,4931,MT5,H4
2021-07-27 08:00:00,110.087,110.169,110.021,110.125,4454,MT5,H4
2021-07-27 12:00:00,110.123,110.126,109.618,109.639,7667,MT5,H4
2021-07-27 16:00:00,109.638,109.752,109.58,109.71,2550,MT5,H4
2021-07-27 20:00:00,109.692,109.812,109.689,109.805,968,MT5,H4
2021-07-28 00:00:00,109.806,109.908,109.75,109.793,2963,MT5,H4
2021-07-28 04:00:00,109.795,109.967,109.74,109.967,3071,MT5,H4
2021-07-28 08:00:00,109.967,110.102,109.875,110.075,4474,MT5,H4
2021-07-28 12:00:00,110.072,110.223,110.043,110.064,5894,MT5,H4
2021-07-28 16:00:00,110.064,110.284,109.841,109.862,12055,MT5,H4
2021-07-28 20:00:00,109.851,109.934,109.834,109.887,1248,MT5,H4
2021-07-29 00:00:00,109.888,109.888,109.683,109.785,3755,MT5,H4
2021-07-29 04:00:00,109.783,109.887,109.675,109.854,3942,MT5,H4
2021-07-29 08:00:00,109.852,109.883,109.726,109.844,3850,MT5,H4
2021-07-29 12:00:00,109.842,109.908,109.468,109.54,8117,MT5,H4
2021-07-29 16:00:00,109.538,109.593,109.418,109.451,2083,MT5,H4
2021-07-29 20:00:00,109.427,109.477,109.4,109.409,1123,MT5,H4
2021-07-30 00:00:00,109.409,109.602,109.359,109.517,4000,MT5,H4
2021-07-30 04:00:00,109.517,109.625,109.481,109.525,3033,MT5,H4
2021-07-30 08:00:00,109.524,109.662,109.477,109.656,3130,MT5,H4
2021-07-30 12:00:00,109.657,109.795,109.586,109.717,5695,MT5,H4
2021-07-30 16:00:00,109.719,109.825,109.689,109.705,1521,MT5,H4
2021-07-30 20:00:00,109.688,109.716,109.616,109.675,262,MT5,H4
2021-08-01 00:00:00,109.661,109.768,109.607,109.712,848,MT5,H4
2021-08-01 20:00:00,109.661,109.768,109.607,109.712,831,MT5,H4
2021-08-02 00:00:00,109.712,109.74,109.599,109.668,2748,MT5,H4
2021-08-02 04:00:00,109.668,109.744,109.616,109.677,2601,MT5,H4
2021-08-02 08:00:00,109.675,109.701,109.498,109.505,2984,MT5,H4
2021-08-02 12:00:00,109.502,109.542,109.185,109.23,6360,MT5,H4
2021-08-02 16:00:00,109.231,109.371,109.185,109.299,2007,MT5,H4
2021-08-02 20:00:00,109.277,109.339,109.264,109.268,687,MT5,H4
2021-08-03 00:00:00,109.27,109.331,109.19,109.248,2531,MT5,H4
2021-08-03 04:00:00,109.25,109.25,109.095,109.212,3770,MT5,H4
2021-08-03 08:00:00,109.212,109.245,109.119,109.169,3081,MT5,H4
2021-08-03 12:00:00,109.17,109.182,108.875,109.096,6822,MT5,H4
2021-08-03 16:00:00,109.098,109.152,109.047,109.052,1238,MT5,H4
2021-08-03 20:00:00,109.041,109.05,108.982,108.991,527,MT5,H4
2021-08-04 00:00:00,108.989,109.107,108.925,109.051,2651,MT5,H4
2021-08-04 04:00:00,109.052,109.139,109.025,109.1,1884,MT5,H4
2021-08-04 08:00:00,109.099,109.233,109.011,109.037,2759,MT5,H4
2021-08-04 12:00:00,109.036,109.672,108.72,109.426,13177,MT5,H4
2021-08-04 16:00:00,109.426,109.547,109.426,109.465,2719,MT5,H4
2021-08-04 20:00:00,109.444,109.534,109.43,109.532,743,MT5,H4
2021-08-05 00:00:00,109.532,109.714,109.514,109.672,2867,MT5,H4
2021-08-05 04:00:00,109.673,109.751,109.546,109.568,3380,MT5,H4
2021-08-05 08:00:00,109.568,109.664,109.401,109.425,4230,MT5,H4
2021-08-05 12:00:00,109.426,109.779,109.42,109.759,6914,MT5,H4
2021-08-05 16:00:00,109.756,109.785,109.691,109.754,1536,MT5,H4
2021-08-05 20:00:00,109.743,109.782,109.731,109.751,503,MT5,H4
2021-08-06 00:00:00,109.752,109.885,109.74,109.854,2027,MT5,H4
2021-08-06 04:00:00,109.855,109.867,109.697,109.719,2523,MT5,H4
2021-08-06 08:00:00,109.719,109.843,109.71,109.791,2627,MT5,H4
2021-08-06 12:00:00,109.788,110.352,109.782,110.232,17563,MT5,H4
2021-08-06 16:00:00,110.232,110.28,110.192,110.217,1391,MT5,H4
2021-08-06 20:00:00,110.206,110.237,110.193,110.216,165,MT5,H4
2021-08-08 00:00:00,110.191,110.289,110.188,110.26,1306,MT5,H4
2021-08-08 20:00:00,110.191,110.289,110.188,110.26,1289,MT5,H4
2021-08-09 00:00:00,110.261,110.314,110.186,110.216,1588,MT5,H4
2021-08-09 04:00:00,110.216,110.236,110.104,110.185,2131,MT5,H4
2021-08-09 08:00:00,110.184,110.233,110.042,110.099,3372,MT5,H4
2021-08-09 12:00:00,110.099,110.302,110.024,110.254,5239,MT5,H4
2021-08-09 16:00:00,110.255,110.33,110.228,110.325,1503,MT5,H4
2021-08-09 20:00:00,110.307,110.338,110.262,110.318,698,MT5,H4
2021-08-10 00:00:00,110.32,110.402,110.299,110.335,2214,MT5,H4
2021-08-10 04:00:00,110.336,110.464,110.314,110.439,2169,MT5,H4
2021-08-10 08:00:00,110.439,110.545,110.434,110.485,2821,MT5,H4
2021-08-10 12:00:00,110.483,110.592,110.398,110.548,4862,MT5,H4
2021-08-10 16:00:00,110.547,110.596,110.539,110.571,953,MT5,H4
2021-08-10 20:00:00,110.561,110.596,110.494,110.596,701,MT5,H4
2021-08-11 00:00:00,110.597,110.683,110.582,110.638,1584,MT5,H4
2021-08-11 04:00:00,110.64,110.785,110.636,110.747,1989,MT5,H4
2021-08-11 08:00:00,110.749,110.798,110.675,110.694,2164,MT5,H4
2021-08-11 12:00:00,110.694,110.702,110.379,110.463,13138,MT5,H4
2021-08-11 16:00:00,110.461,110.489,110.306,110.413,2883,MT5,H4
2021-08-11 20:00:00,110.403,110.437,110.357,110.375,1429,MT5,H4
2021-08-12 00:00:00,110.375,110.43,110.315,110.349,1949,MT5,H4
2021-08-12 04:00:00,110.35,110.472,110.35,110.381,2184,MT5,H4
2021-08-12 08:00:00,110.381,110.459,110.345,110.435,2106,MT5,H4
2021-08-12 12:00:00,110.436,110.544,110.319,110.36,4648,MT5,H4
2021-08-12 16:00:00,110.363,110.473,110.35,110.407,1636,MT5,H4
2021-08-12 20:00:00,110.397,110.435,110.326,110.399,505,MT5,H4
2021-08-13 00:00:00,110.401,110.454,110.367,110.409,1471,MT5,H4
2021-08-13 04:00:00,110.407,110.415,110.246,110.291,1990,MT5,H4
2021-08-13 08:00:00,110.293,110.328,110.199,110.234,2262,MT5,H4
2021-08-13 12:00:00,110.232,110.241,109.73,109.755,5323,MT5,H4
2021-08-13 16:00:00,109.754,109.772,109.543,109.556,1767,MT5,H4
2021-08-13 20:00:00,109.545,109.599,109.544,109.587,188,MT5,H4
2021-08-15 00:00:00,109.583,109.735,109.524,109.625,1196,MT5,H4
2021-08-15 20:00:00,109.583,109.735,109.524,109.625,1173,MT5,H4
2021-08-16 00:00:00,109.625,109.625,109.326,109.378,3367,MT5,H4
2021-08-16 04:00:00,109.379,109.449,109.295,109.41,3131,MT5,H4
2021-08-16 08:00:00,109.41,109.449,109.255,109.383,3786,MT5,H4
2021-08-16 12:00:00,109.382,109.436,109.111,109.264,7153,MT5,H4
2021-08-16 16:00:00,109.266,109.275,109.197,109.232,1058,MT5,H4
2021-08-16 20:00:00,109.221,109.326,109.208,109.298,1873,MT5,H4
2021-08-17 00:00:00,109.299,109.338,109.2,109.3,2570,MT5,H4
2021-08-17 04:00:00,109.302,109.367,109.114,109.326,3499,MT5,H4
2021-08-17 08:00:00,109.323,109.427,109.205,109.294,3882,MT5,H4
2021-08-17 12:00:00,109.291,109.651,109.171,109.603,8084,MT5,H4
2021-08-17 16:00:00,109.603,109.605,109.505,109.581,1797,MT5,H4
2021-08-17 20:00:00,109.558,109.613,109.509,109.537,1683,MT5,H4
2021-08-18 00:00:00,109.537,109.644,109.477,109.638,2700,MT5,H4
2021-08-18 04:00:00,109.639,109.681,109.534,109.612,2638,MT5,H4
2021-08-18 08:00:00,109.612,109.817,109.579,109.741,3261,MT5,H4
2021-08-18 12:00:00,109.743,109.942,109.714,109.919,4977,MT5,H4
2021-08-18 16:00:00,109.917,110.064,109.766,109.769,5600,MT5,H4
2021-08-18 20:00:00,109.77,109.845,109.727,109.84,1981,MT5,H4
2021-08-19 00:00:00,109.839,110.226,109.835,110.169,3713,MT5,H4
2021-08-19 04:00:00,110.17,110.196,109.742,109.79,5989,MT5,H4
2021-08-19 08:00:00,109.788,109.79,109.481,109.569,6868,MT5,H4
2021-08-19 12:00:00,109.571,109.835,109.512,109.747,8043,MT5,H4
2021-08-19 16:00:00,109.747,109.83,109.747,109.782,1830,MT5,H4
2021-08-19 20:00:00,109.772,109.782,109.708,109.767,1820,MT5,H4
2021-08-20 00:00:00,109.767,109.882,109.63,109.75,3380,MT5,H4
2021-08-20 04:00:00,109.751,109.763,109.567,109.613,4183,MT5,H4
2021-08-20 08:00:00,109.613,109.747,109.585,109.694,3760,MT5,H4
2021-08-20 12:00:00,109.693,109.876,109.651,109.765,5433,MT5,H4
2021-08-20 16:00:00,109.766,109.846,109.747,109.779,1274,MT5,H4
2021-08-20 20:00:00,109.755,109.792,109.738,109.765,182,MT5,H4
2021-08-22 20:00:00,109.721,109.879,109.705,109.838,1369,MT5,H4
2021-08-23 00:00:00,109.838,109.931,109.806,109.864,2711,MT5,H4
2021-08-23 04:00:00,109.865,109.987,109.835,109.898,2982,MT5,H4
2021-08-23 08:00:00,109.9,110.145,109.894,110.13,2845,MT5,H4
2021-08-23 12:00:00,110.128,110.137,109.719,109.779,6400,MT5,H4
2021-08-23 16:00:00,109.781,109.806,109.651,109.667,919,MT5,H4
2021-08-23 20:00:00,109.657,109.704,109.634,109.674,1520,MT5,H4
2021-08-24 00:00:00,109.676,109.773,109.639,109.758,1958,MT5,H4
2021-08-24 04:00:00,109.758,109.877,109.726,109.769,2584,MT5,H4
2021-08-24 08:00:00,109.767,109.794,109.645,109.698,2722,MT5,H4
2021-08-24 12:00:00,109.697,109.748,109.41,109.684,6927,MT5,H4
2021-08-24 16:00:00,109.684,109.736,109.638,109.649,1436,MT5,H4
2021-08-24 20:00:00,109.631,109.73,109.606,109.729,2070,MT5,H4
2021-08-25 00:00:00,109.729,109.865,109.721,109.773,2127,MT5,H4
2021-08-25 04:00:00,109.774,109.823,109.683,109.746,2309,MT5,H4
2021-08-25 08:00:00,109.747,109.937,109.729,109.885,3064,MT5,H4
2021-08-25 12:00:00,109.884,110.101,109.867,110.035,6001,MT5,H4
2021-08-25 16:00:00,110.036,110.122,109.964,109.986,1769,MT5,H4
2021-08-25 20:00:00,109.954,110.037,109.948,109.974,858,MT5,H4
2021-08-26 00:00:00,109.976,110.11,109.925,109.933,1996,MT5,H4
2021-08-26 04:00:00,109.934,110.222,109.931,110.159,2758,MT5,H4
2021-08-26 08:00:00,110.161,110.223,110.019,110.114,2894,MT5,H4
2021-08-26 12:00:00,110.111,110.226,109.935,110.078,8916,MT5,H4
2021-08-26 16:00:00,110.08,110.161,109.999,110.019,1991,MT5,H4
2021-08-26 20:00:00,109.999,110.074,109.993,110.047,768,MT5,H4
2021-08-27 00:00:00,110.048,110.082,109.954,109.975,2209,MT5,H4
2021-08-27 04:00:00,109.975,110.118,109.884,110.102,2253,MT5,H4
2021-08-27 08:00:00,110.102,110.188,110.072,110.143,2036,MT5,H4
2021-08-27 12:00:00,110.141,110.267,109.834,109.838,12258,MT5,H4
2021-08-27 16:00:00,109.838,109.866,109.776,109.817,1713,MT5,H4
2021-08-27 20:00:00,109.806,109.844,109.787,109.832,155,MT5,H4
2021-08-29 20:00:00,109.843,109.872,109.74,109.861,681,MT5,H4
2021-08-30 00:00:00,109.861,109.876,109.701,109.761,2198,MT5,H4
2021-08-30 04:00:00,109.762,109.844,109.727,109.802,1344,MT5,H4
2021-08-30 08:00:00,109.803,109.888,109.8,109.871,1254,MT5,H4
2021-08-30 12:00:00,109.87,109.958,109.838,109.902,3431,MT5,H4
2021-08-30 16:00:00,109.903,109.926,109.866,109.882,885,MT5,H4
2021-08-30 20:00:00,109.872,109.98,109.861,109.942,716,MT5,H4
2021-08-31 00:00:00,109.944,109.96,109.832,109.864,2109,MT5,H4
2021-08-31 04:00:00,109.863,109.906,109.776,109.812,2394,MT5,H4
2021-08-31 08:00:00,109.81,109.953,109.81,109.85,2927,MT5,H4
2021-08-31 12:00:00,109.85,110.078,109.584,110.051,8136,MT5,H4
2021-08-31 16:00:00,110.048,110.062,109.931,110.009,1974,MT5,H4
2021-08-31 20:00:00,109.999,110.063,109.963,110.054,630,MT5,H4
2021-09-01 00:00:00,110.055,110.234,110.051,110.177,2824,MT5,H4
2021-09-01 04:00:00,110.176,110.416,110.165,110.396,2707,MT5,H4
2021-09-01 08:00:00,110.397,110.397,110.269,110.368,2430,MT5,H4
2021-09-01 12:00:00,110.366,110.388,109.877,110.027,8173,MT5,H4
2021-09-01 16:00:00,110.026,110.051,109.924,110.01,1396,MT5,H4
2021-09-01 20:00:00,109.99,110.1,109.977,110.092,997,MT5,H4
2021-09-02 00:00:00,110.092,110.119,109.914,110.007,2297,MT5,H4
2021-09-02 04:00:00,110.005,110.073,109.943,110.006,1804,MT5,H4
2021-09-02 08:00:00,110.005,110.041,109.949,109.993,1856,MT5,H4
2021-09-02 12:00:00,109.994,110.089,109.949,110.011,3658,MT5,H4
2021-09-02 16:00:00,110.012,110.023,109.926,109.932,842,MT5,H4
2021-09-02 20:00:00,109.921,109.962,109.888,109.945,573,MT5,H4
2021-09-03 00:00:00,109.946,110.071,109.792,110.012,3822,MT5,H4
2021-09-03 04:00:00,110.011,110.05,109.926,110.028,2318,MT5,H4
2021-09-03 08:00:00,110.029,110.032,109.901,109.945,1903,MT5,H4
2021-09-03 12:00:00,109.948,109.967,109.59,109.645,12389,MT5,H4
2021-09-03 16:00:00,109.644,109.689,109.595,109.687,1040,MT5,H4
2021-09-03 20:00:00,109.667,109.73,109.667,109.68,135,MT5,H4
2021-09-05 20:00:00,109.716,109.78,109.656,109.78,789,MT5,H4
2021-09-06 00:00:00,109.78,109.835,109.745,109.825,1775,MT5,H4
2021-09-06 04:00:00,109.825,109.944,109.774,109.896,1808,MT5,H4
2021-09-06 08:00:00,109.893,109.931,109.843,109.85,1574,MT5,H4
2021-09-06 12:00:00,109.848,109.872,109.822,109.845,1327,MT5,H4
2021-09-06 16:00:00,109.845,109.859,109.833,109.841,513,MT5,H4
2021-09-06 20:00:00,109.806,109.86,109.802,109.821,1123,MT5,H4
2021-09-07 00:00:00,109.821,109.84,109.682,109.797,2451,MT5,H4
2021-09-07 04:00:00,109.799,109.96,109.774,109.901,2834,MT5,H4
2021-09-07 08:00:00,109.9,110.046,109.895,110.024,3240,MT5,H4
2021-09-07 12:00:00,110.024,110.251,110.02,110.171,4438,MT5,H4
2021-09-07 16:00:00,110.169,110.316,110.146,110.284,1307,MT5,H4
2021-09-07 20:00:00,110.266,110.32,110.232,110.293,1215,MT5,H4
2021-09-08 00:00:00,110.294,110.331,110.254,110.288,1649,MT5,H4
2021-09-08 04:00:00,110.29,110.444,110.171,110.242,3128,MT5,H4
2021-09-08 08:00:00,110.24,110.314,110.14,110.294,3311,MT5,H4
2021-09-08 12:00:00,110.293,110.391,110.146,110.32,5066,MT5,H4
2021-09-08 16:00:00,110.321,110.34,110.17,110.255,1601,MT5,H4
2021-09-08 20:00:00,110.234,110.269,110.203,110.219,578,MT5,H4
2021-09-09 00:00:00,110.22,110.27,110.096,110.193,2189,MT5,H4
2021-09-09 04:00:00,110.191,110.201,109.893,109.948,2547,MT5,H4
2021-09-09 08:00:00,109.948,109.953,109.847,109.858,3106,MT5,H4
2021-09-09 12:00:00,109.858,109.957,109.749,109.761,5810,MT5,H4
2021-09-09 16:00:00,109.762,109.781,109.619,109.692,1938,MT5,H4
2021-09-09 20:00:00,109.682,109.804,109.674,109.771,921,MT5,H4
2021-09-10 00:00:00,109.77,109.87,109.695,109.867,2567,MT5,H4
2021-09-10 04:00:00,109.866,109.989,109.844,109.944,2230,MT5,H4
2021-09-10 08:00:00,109.945,109.974,109.854,109.867,2234,MT5,H4
2021-09-10 12:00:00,109.867,109.95,109.78,109.93,4640,MT5,H4
2021-09-10 16:00:00,109.931,109.943,109.856,109.857,1054,MT5,H4
2021-09-10 20:00:00,109.848,109.905,109.831,109.894,184,MT5,H4
2021-09-12 20:00:00,109.871,109.925,109.811,109.916,990,MT5,H4
2021-09-13 00:00:00,109.916,109.975,109.89,109.951,1960,MT5,H4
2021-09-13 04:00:00,109.949,110.156,109.915,110.08,2577,MT5,H4
2021-09-13 08:00:00,110.08,110.137,110.072,110.095,1787,MT5,H4
2021-09-13 12:00:00,110.093,110.1,109.897,109.951,3966,MT5,H4
2021-09-13 16:00:00,109.95,110.031,109.939,110.008,1151,MT5,H4
2021-09-13 20:00:00,109.997,110.027,109.945,109.991,477,MT5,H4
2021-09-14 00:00:00,109.993,110.107,109.961,110.059,2004,MT5,H4
2021-09-14 04:00:00,110.059,110.092,109.952,110.002,2049,MT5,H4
2021-09-14 08:00:00,110.004,110.159,109.991,110.114,2076,MT5,H4
2021-09-14 12:00:00,110.112,110.14,109.593,109.66,7540,MT5,H4
2021-09-14 16:00:00,109.66,109.698,109.526,109.65,1620,MT5,H4
2021-09-14 20:00:00,109.652,109.731,109.625,109.713,768,MT5,H4
2021-09-15 00:00:00,109.713,109.74,109.544,109.611,2465,MT5,H4
2021-09-15 04:00:00,109.612,109.639,109.42,109.436,2753,MT5,H4
2021-09-15 08:00:00,109.436,109.461,109.219,109.235,2977,MT5,H4
2021-09-15 12:00:00,109.235,109.427,109.11,109.4,6562,MT5,H4
2021-09-15 16:00:00,109.4,109.45,109.353,109.358,1050,MT5,H4
2021-09-15 20:00:00,109.348,109.379,109.312,109.379,646,MT5,H4
2021-09-16 00:00:00,109.381,109.46,109.221,109.289,2453,MT5,H4
2021-09-16 04:00:00,109.29,109.371,109.211,109.353,2770,MT5,H4
2021-09-16 08:00:00,109.352,109.431,109.312,109.395,2516,MT5,H4
2021-09-16 12:00:00,109.397,109.825,109.364,109.668,6266,MT5,H4
2021-09-16 16:00:00,109.667,109.734,109.661,109.704,1056,MT5,H4
2021-09-16 20:00:00,109.693,109.738,109.671,109.694,680,MT5,H4
2021-09-17 00:00:00,109.696,109.915,109.666,109.841,2183,MT5,H4
2021-09-17 04:00:00,109.84,109.949,109.81,109.944,2322,MT5,H4
2021-09-17 08:00:00,109.942,109.999,109.905,109.987,2315,MT5,H4
2021-09-17 12:00:00,109.986,110.077,109.87,109.944,5398,MT5,H4
2021-09-17 16:00:00,109.943,109.999,109.909,109.942,1071,MT5,H4
2021-09-17 20:00:00,109.932,109.972,109.904,109.967,172,MT5,H4
2021-09-19 20:00:00,109.942,109.99,109.872,109.977,707,MT5,H4
2021-09-20 00:00:00,109.977,110.034,109.855,109.929,1387,MT5,H4
2021-09-20 04:00:00,109.928,109.934,109.724,109.759,3077,MT5,H4
2021-09-20 08:00:00,109.76,109.77,109.489,109.522,4583,MT5,H4
2021-09-20 12:00:00,109.522,109.645,109.429,109.471,6811,MT5,H4
2021-09-20 16:00:00,109.468,109.468,109.32,109.37,2407,MT5,H4
2021-09-20 20:00:00,109.345,109.452,109.339,109.437,1160,MT5,H4
2021-09-21 00:00:00,109.435,109.63,109.396,109.621,2935,MT5,H4
2021-09-21 04:00:00,109.623,109.703,109.497,109.635,3352,MT5,H4
2021-09-21 08:00:00,109.634,109.683,109.359,109.394,2744,MT5,H4
2021-09-21 12:00:00,109.392,109.468,109.184,109.33,7415,MT5,H4
2021-09-21 16:00:00,109.33,109.35,109.182,109.195,2133,MT5,H4
2021-09-21 20:00:00,109.197,109.244,109.133,109.151,1309,MT5,H4
2021-09-22 00:00:00,109.153,109.483,109.119,109.473,5582,MT5,H4
2021-09-22 04:00:00,109.472,109.602,109.408,109.44,3727,MT5,H4
2021-09-22 08:00:00,109.441,109.554,109.441,109.529,2397,MT5,H4
2021-09-22 12:00:00,109.528,109.642,109.493,109.601,4194,MT5,H4
2021-09-22 16:00:00,109.601,109.897,109.515,109.774,12692,MT5,H4
2021-09-22 20:00:00,109.748,109.833,109.728,109.822,765,MT5,H4
2021-09-23 00:00:00,109.821,109.921,109.796,109.813,1328,MT5,H4
2021-09-23 04:00:00,109.814,109.986,109.796,109.948,2303,MT5,H4
2021-09-23 08:00:00,109.949,110.044,109.756,110.024,4692,MT5,H4
2021-09-23 12:00:00,110.025,110.198,109.931,110.173,5696,MT5,H4
2021-09-23 16:00:00,110.173,110.287,110.134,110.264,1253,MT5,H4
2021-09-23 20:00:00,110.264,110.339,110.231,110.325,739,MT5,H4
2021-09-24 00:00:00,110.324,110.444,110.31,110.418,2830,MT5,H4
2021-09-24 04:00:00,110.42,110.566,110.387,110.465,3190,MT5,H4
2021-09-24 08:00:00,110.467,110.558,110.311,110.533,3538,MT5,H4
2021-09-24 12:00:00,110.533,110.74,110.472,110.707,4555,MT5,H4
2021-09-24 16:00:00,110.71,110.789,110.668,110.746,1179,MT5,H4
2021-09-24 20:00:00,110.728,110.763,110.713,110.723,186,MT5,H4
2021-09-26 20:00:00,110.688,110.794,110.665,110.768,713,MT5,H4
2021-09-27 00:00:00,110.766,110.802,110.533,110.573,3063,MT5,H4
2021-09-27 04:00:00,110.571,110.776,110.545,110.775,2378,MT5,H4
2021-09-27 08:00:00,110.775,111.062,110.717,111.029,3603,MT5,H4
2021-09-27 12:00:00,111.027,111.027,110.778,110.965,7030,MT5,H4
2021-09-27 16:00:00,110.963,111.031,110.92,110.996,1478,MT5,H4
2021-09-27 20:00:00,110.987,111.006,110.945,110.962,566,MT5,H4
2021-09-28 00:00:00,110.961,111.237,110.932,111.222,2760,MT5,H4
2021-09-28 04:00:00,111.221,111.421,111.119,111.241,4534,MT5,H4
2021-09-28 08:00:00,111.243,111.463,111.162,111.435,5172,MT5,H4
2021-09-28 12:00:00,111.436,111.637,111.231,111.332,10555,MT5,H4
2021-09-28 16:00:00,111.33,111.616,111.318,111.464,2895,MT5,H4
2021-09-28 20:00:00,111.445,111.579,111.433,111.527,788,MT5,H4
2021-09-29 00:00:00,111.526,111.679,111.34,111.42,3922,MT5,H4
2021-09-29 04:00:00,111.421,111.56,111.275,111.296,6771,MT5,H4
2021-09-29 08:00:00,111.296,111.451,111.202,111.398,4130,MT5,H4
2021-09-29 12:00:00,111.4,111.923,111.389,111.825,6902,MT5,H4
2021-09-29 16:00:00,111.827,112.046,111.818,111.953,2080,MT5,H4
2021-09-29 20:00:00,111.931,111.994,111.916,111.935,714,MT5,H4
2021-09-30 00:00:00,111.934,111.941,111.795,111.903,3152,MT5,H4
2021-09-30 04:00:00,111.904,112.059,111.833,111.872,4032,MT5,H4
2021-09-30 08:00:00,111.869,112.075,111.812,111.987,3488,MT5,H4
2021-09-30 12:00:00,111.985,112.008,111.409,111.506,11450,MT5,H4
2021-09-30 16:00:00,111.505,111.521,111.284,111.286,3308,MT5,H4
2021-09-30 20:00:00,111.259,111.468,111.22,111.462,1306,MT5,H4
2021-10-01 00:00:00,111.46,111.485,111.142,111.152,4885,MT5,H4
2021-10-01 04:00:00,111.153,111.293,111.047,111.253,5795,MT5,H4
2021-10-01 08:00:00,111.254,111.279,111.046,111.16,5835,MT5,H4
2021-10-01 12:00:00,111.159,111.204,110.904,110.98,11854,MT5,H4
2021-10-01 16:00:00,110.98,111.116,110.949,111.021,2065,MT5,H4
2021-10-01 20:00:00,111.005,111.063,110.996,111.052,177,MT5,H4
2021-10-03 20:00:00,110.898,111.008,110.878,110.945,1245,MT5,H4
2021-10-04 00:00:00,110.947,111.111,110.884,111.06,4186,MT5,H4
2021-10-04 04:00:00,111.058,111.193,110.963,111.163,4558,MT5,H4
2021-10-04 08:00:00,111.163,111.298,111.062,111.08,3714,MT5,H4
2021-10-04 12:00:00,111.079,111.23,110.82,110.94,9384,MT5,H4
2021-10-04 16:00:00,110.939,110.997,110.832,110.918,2747,MT5,H4
2021-10-04 20:00:00,110.908,110.986,110.875,110.966,1024,MT5,H4
2021-10-05 00:00:00,110.967,111.19,110.869,111.167,4621,MT5,H4
2021-10-05 04:00:00,111.165,111.255,111.084,111.09,4869,MT5,H4
2021-10-05 08:00:00,111.091,111.312,111.074,111.216,3561,MT5,H4
2021-10-05 12:00:00,111.218,111.558,111.13,111.388,6982,MT5,H4
2021-10-05 16:00:00,111.388,111.519,111.388,111.463,1555,MT5,H4
2021-10-05 20:00:00,111.461,111.511,111.413,111.485,859,MT5,H4
2021-10-06 00:00:00,111.485,111.659,111.485,111.628,3749,MT5,H4
2021-10-06 04:00:00,111.629,111.784,111.588,111.671,5238,MT5,H4
2021-10-06 08:00:00,111.67,111.676,111.346,111.369,6950,MT5,H4
2021-10-06 12:00:00,111.367,111.429,111.196,111.339,9103,MT5,H4
2021-10-06 16:00:00,111.34,111.495,111.314,111.386,2217,MT5,H4
2021-10-06 20:00:00,111.376,111.436,111.362,111.405,781,MT5,H4
2021-10-07 00:00:00,111.403,111.505,111.311,111.42,3691,MT5,H4
2021-10-07 04:00:00,111.418,111.509,111.228,111.29,3624,MT5,H4
2021-10-07 08:00:00,111.291,111.527,111.267,111.348,3543,MT5,H4
2021-10-07 12:00:00,111.347,111.55,111.316,111.498,5823,MT5,H4
2021-10-07 16:00:00,111.495,111.638,111.48,111.592,1412,MT5,H4
2021-10-07 20:00:00,111.576,111.673,111.567,111.659,585,MT5,H4
2021-10-08 00:00:00,111.661,111.891,111.655,111.836,2694,MT5,H4
2021-10-08 04:00:00,111.834,111.99,111.834,111.954,3277,MT5,H4
2021-10-08 08:00:00,111.953,111.996,111.693,111.747,3787,MT5,H4
2021-10-08 12:00:00,111.747,112.175,111.509,112.153,15542,MT5,H4
2021-10-08 16:00:00,112.153,112.244,112.132,112.209,1837,MT5,H4
2021-10-08 20:00:00,112.2,112.24,112.189,112.218,259,MT5,H4
2021-10-10 20:00:00,112.161,112.314,112.134,112.272,992,MT5,H4
2021-10-11 00:00:00,112.272,112.72,112.174,112.691,3580,MT5,H4
2021-10-11 04:00:00,112.689,112.842,112.615,112.789,4659,MT5,H4
2021-10-11 08:00:00,112.789,113.034,112.789,112.929,4009,MT5,H4
2021-10-11 12:00:00,112.927,113.374,112.882,113.364,6202,MT5,H4
2021-10-11 16:00:00,113.364,113.408,113.273,113.362,1658,MT5,H4
2021-10-11 20:00:00,113.341,113.398,113.265,113.385,1202,MT5,H4
2021-10-12 00:00:00,113.387,113.484,113.207,113.29,4853,MT5,H4
2021-10-12 04:00:00,113.292,113.345,113.0,113.289,5758,MT5,H4
2021-10-12 08:00:00,113.291,113.427,113.232,113.392,5316,MT5,H4
2021-10-12 12:00:00,113.392,113.785,113.353,113.687,12620,MT5,H4
2021-10-12 16:00:00,113.687,113.698,113.557,113.59,2338,MT5,H4
2021-10-12 20:00:00,113.591,113.628,113.511,113.535,999,MT5,H4
2021-10-13 00:00:00,113.536,113.586,113.346,113.46,4047,MT5,H4
2021-10-13 04:00:00,113.462,113.605,113.401,113.571,3306,MT5,H4
2021-10-13 08:00:00,113.57,113.609,113.478,113.542,3525,MT5,H4
2021-10-13 12:00:00,113.54,113.801,113.226,113.485,13297,MT5,H4
2021-10-13 16:00:00,113.486,113.499,113.243,113.261,3356,MT5,H4
2021-10-13 20:00:00,113.242,113.307,113.195,113.307,883,MT5,H4
2021-10-14 00:00:00,113.305,113.578,113.275,113.544,3608,MT5,H4
2021-10-14 04:00:00,113.543,113.59,113.341,113.369,3791,MT5,H4
2021-10-14 08:00:00,113.367,113.444,113.283,113.419,4039,MT5,H4
2021-10-14 12:00:00,113.42,113.714,113.385,113.577,6763,MT5,H4
2021-10-14 16:00:00,113.58,113.7,113.485,113.643,2006,MT5,H4
2021-10-14 20:00:00,113.623,113.881,113.623,113.83,1397,MT5,H4
2021-10-15 00:00:00,113.831,113.95,113.812,113.928,3466,MT5,H4
2021-10-15 04:00:00,113.928,114.176,113.924,114.095,5346,MT5,H4
2021-10-15 08:00:00,114.095,114.4,114.09,114.325,5058,MT5,H4
2021-10-15 12:00:00,114.327,114.46,113.986,114.305,9562,MT5,H4
2021-10-15 16:00:00,114.306,114.33,114.186,114.206,2068,MT5,H4
2021-10-15 20:00:00,114.195,114.272,114.191,114.251,154,MT5,H4
2021-10-17 20:00:00,114.192,114.351,114.157,114.329,1917,MT5,H4
2021-10-18 00:00:00,114.331,114.447,114.014,114.391,5598,MT5,H4
2021-10-18 04:00:00,114.389,114.449,114.221,114.291,5970,MT5,H4
2021-10-18 08:00:00,114.293,114.43,114.226,114.371,5914,MT5,H4
2021-10-18 12:00:00,114.368,114.371,114.117,114.221,10720,MT5,H4
2021-10-18 16:00:00,114.219,114.316,114.179,114.316,1688,MT5,H4
2021-10-18 20:00:00,114.294,114.332,114.236,114.285,701,MT5,H4
2021-10-19 00:00:00,114.284,114.351,114.078,114.146,3877,MT5,H4
2021-10-19 04:00:00,114.144,114.195,113.878,114.028,5716,MT5,H4
2021-10-19 08:00:00,114.027,114.211,113.912,114.199,5096,MT5,H4
2021-10-19 12:00:00,114.199,114.331,114.163,114.276,6488,MT5,H4
2021-10-19 16:00:00,114.278,114.337,114.23,114.333,1372,MT5,H4
2021-10-19 20:00:00,114.333,114.58,114.305,114.543,1317,MT5,H4
2021-10-20 00:00:00,114.543,114.696,114.441,114.516,4361,MT5,H4
2021-10-20 04:00:00,114.514,114.579,114.287,114.343,11600,MT5,H4
2021-10-20 08:00:00,114.346,114.527,114.316,114.398,5597,MT5,H4
2021-10-20 12:00:00,114.395,114.399,114.12,114.24,8745,MT5,H4
2021-10-20 16:00:00,114.241,114.285,114.077,114.265,3013,MT5,H4
2021-10-20 20:00:00,114.266,114.404,114.244,114.386,1027,MT5,H4
2021-10-21 00:00:00,114.386,114.404,114.189,114.209,3043,MT5,H4
2021-10-21 04:00:00,114.21,114.21,113.908,114.124,7725,MT5,H4
2021-10-21 08:00:00,114.124,114.18,113.972,114.169,4028,MT5,H4
2021-10-21 12:00:00,114.168,114.205,113.649,113.742,11298,MT5,H4
2021-10-21 16:00:00,113.743,114.023,113.675,114.02,3058,MT5,H4
2021-10-21 20:00:00,113.999,114.034,113.815,113.846,1216,MT5,H4
2021-10-22 00:00:00,113.848,114.204,113.838,114.066,5022,MT5,H4
2021-10-22 04:00:00,114.068,114.074,113.844,113.885,5073,MT5,H4
2021-10-22 08:00:00,113.886,113.985,113.736,113.877,4085,MT5,H4
2021-10-22 12:00:00,113.877,113.912,113.503,113.556,10052,MT5,H4
2021-10-22 16:00:00,113.557,113.637,113.411,113.439,3907,MT5,H4
2021-10-22 20:00:00,113.427,113.493,113.394,113.459,322,MT5,H4
2021-10-24 20:00:00,113.516,113.69,113.444,113.665,1017,MT5,H4
2021-10-25 00:00:00,113.667,113.825,113.532,113.628,5447,MT5,H4
2021-10-25 04:00:00,113.626,113.736,113.514,113.631,4202,MT5,H4
2021-10-25 08:00:00,113.631,113.727,113.559,113.696,3996,MT5,H4
2021-10-25 12:00:00,113.694,113.921,113.59,113.698,7784,MT5,H4
2021-10-25 16:00:00,113.699,113.744,113.623,113.699,1494,MT5,H4
2021-10-25 20:00:00,113.69,113.785,113.65,113.763,630,MT5,H4
2021-10-26 00:00:00,113.763,113.947,113.718,113.909,3265,MT5,H4
2021-10-26 04:00:00,113.909,114.078,113.868,114.045,3697,MT5,H4
2021-10-26 08:00:00,114.043,114.049,113.904,113.945,3888,MT5,H4
2021-10-26 12:00:00,113.943,114.309,113.937,114.2,6752,MT5,H4
2021-10-26 16:00:00,114.2,114.234,114.087,114.116,1894,MT5,H4
2021-10-26 20:00:00,114.106,114.205,114.092,114.183,1107,MT5,H4
2021-10-27 00:00:00,114.18,114.218,113.958,113.987,4272,MT5,H4
2021-10-27 04:00:00,113.987,114.096,113.667,113.739,3768,MT5,H4
2021-10-27 08:00:00,113.739,113.804,113.535,113.655,6515,MT5,H4
2021-10-27 12:00:00,113.654,113.838,113.384,113.75,11828,MT5,H4
2021-10-27 16:00:00,113.751,113.831,113.635,113.826,3917,MT5,H4
2021-10-27 20:00:00,113.792,113.854,113.729,113.771,1155,MT5,H4
2021-10-28 00:00:00,113.772,113.863,113.545,113.621,5146,MT5,H4
2021-10-28 04:00:00,113.622,113.744,113.499,113.598,5132,MT5,H4
2021-10-28 08:00:00,113.6,113.719,113.512,113.607,5345,MT5,H4
2021-10-28 12:00:00,113.609,113.717,113.253,113.382,13548,MT5,H4
2021-10-28 16:00:00,113.38,113.576,113.357,113.564,3097,MT5,H4
2021-10-28 20:00:00,113.555,113.613,113.526,113.613,826,MT5,H4
2021-10-29 00:00:00,113.615,113.708,113.391,113.602,5554,MT5,H4
2021-10-29 04:00:00,113.602,113.682,113.503,113.603,4996,MT5,H4
2021-10-29 08:00:00,113.605,113.888,113.575,113.865,4230,MT5,H4
2021-10-29 12:00:00,113.866,114.087,113.72,114.051,11726,MT5,H4
2021-10-29 16:00:00,114.049,114.094,113.872,113.977,3028,MT5,H4
2021-10-29 20:00:00,113.949,114.023,113.875,113.995,442,MT5,H4
2021-10-31 20:00:00,114.033,114.252,114.02,114.234,1121,MT5,H4
2021-11-01 00:00:00,114.236,114.244,114.024,114.198,4557,MT5,H4
2021-11-01 04:00:00,114.199,114.423,114.198,114.416,3697,MT5,H4
2021-11-01 08:00:00,114.417,114.442,114.154,114.235,4576,MT5,H4
2021-11-01 12:00:00,114.237,114.286,114.103,114.198,7358,MT5,H4
2021-11-01 16:00:00,114.196,114.207,113.936,114.016,2802,MT5,H4
2021-11-01 20:00:00,114.017,114.13,113.933,114.09,1279,MT5,H4
2021-11-02 00:00:00,114.09,114.131,113.87,113.946,3830,MT5,H4
2021-11-02 04:00:00,113.946,113.966,113.58,113.655,6010,MT5,H4
2021-11-02 08:00:00,113.655,113.727,113.46,113.692,5110,MT5,H4
2021-11-02 12:00:00,113.693,113.864,113.652,113.795,7570,MT5,H4
2021-11-02 16:00:00,113.792,113.981,113.763,113.95,2378,MT5,H4
2021-11-02 20:00:00,113.931,114.007,113.893,113.964,897,MT5,H4
2021-11-03 00:00:00,113.964,113.968,113.742,113.804,1636,MT5,H4
2021-11-03 04:00:00,113.806,113.942,113.786,113.909,1716,MT5,H4
2021-11-03 08:00:00,113.907,113.942,113.755,113.771,3018,MT5,H4
2021-11-03 12:00:00,113.77,114.147,113.719,114.06,7906,MT5,H4
2021-11-03 16:00:00,114.062,114.217,113.779,113.995,13879,MT5,H4
2021-11-03 20:00:00,113.952,114.083,113.938,114.067,1481,MT5,H4
2021-11-04 00:00:00,114.067,114.241,114.034,114.206,2957,MT5,H4
2021-11-04 04:00:00,114.203,114.274,114.121,114.21,2318,MT5,H4
2021-11-04 08:00:00,114.208,114.26,113.788,113.813,6315,MT5,H4
2021-11-04 12:00:00,113.811,114.021,113.506,113.636,13034,MT5,H4
2021-11-04 16:00:00,113.636,113.782,113.613,113.7,3583,MT5,H4
2021-11-04 20:00:00,113.683,113.853,113.68,113.832,891,MT5,H4
2021-11-05 00:00:00,113.831,113.837,113.555,113.699,4673,MT5,H4
2021-11-05 04:00:00,113.697,113.784,113.597,113.759,2707,MT5,H4
2021-11-05 08:00:00,113.76,113.916,113.716,113.829,4879,MT5,H4
2021-11-05 12:00:00,113.83,114.029,113.417,113.454,15884,MT5,H4
2021-11-05 16:00:00,113.452,113.511,113.296,113.33,3352,MT5,H4
2021-11-05 20:00:00,113.331,113.387,113.308,113.382,261,MT5,H4
2021-11-07 20:00:00,113.348,113.513,113.332,113.453,664,MT5,H4
2021-11-08 00:00:00,113.474,113.664,113.434,113.648,3554,MT5,H4
2021-11-08 04:00:00,113.649,113.651,113.523,113.565,2628,MT5,H4
2021-11-08 08:00:00,113.565,113.574,113.357,113.478,4167,MT5,H4
2021-11-08 12:00:00,113.478,113.485,113.078,113.188,7231,MT5,H4
2021-11-08 16:00:00,113.189,113.272,113.135,113.228,2518,MT5,H4
2021-11-08 20:00:00,113.229,113.289,113.182,113.242,1168,MT5,H4
2021-11-09 00:00:00,113.252,113.259,112.794,112.842,4761,MT5,H4
2021-11-09 04:00:00,112.84,112.918,112.724,112.849,4014,MT5,H4
2021-11-09 08:00:00,112.85,113.001,112.807,112.963,4657,MT5,H4
2021-11-09 12:00:00,112.964,113.111,112.739,112.916,10199,MT5,H4
2021-11-09 16:00:00,112.916,113.003,112.81,112.83,4531,MT5,H4
2021-11-09 20:00:00,112.83,112.943,112.804,112.901,1372,MT5,H4
2021-11-10 00:00:00,112.91,112.948,112.773,112.844,3439,MT5,H4
2021-11-10 04:00:00,112.843,113.135,112.787,113.095,2731,MT5,H4
2021-11-10 08:00:00,113.096,113.249,113.062,113.225,4142,MT5,H4
2021-11-10 12:00:00,113.226,113.936,113.186,113.893,14511,MT5,H4
2021-11-10 16:00:00,113.894,114.012,113.731,113.814,7505,MT5,H4
2021-11-10 20:00:00,113.815,113.938,113.767,113.891,2188,MT5,H4
2021-11-11 00:00:00,113.904,114.155,113.903,113.998,4485,MT5,H4
2021-11-11 04:00:00,113.997,114.087,113.874,114.079,2462,MT5,H4
2021-11-11 08:00:00,114.076,114.131,113.933,113.954,4069,MT5,H4
2021-11-11 12:00:00,113.951,114.0,113.804,113.966,5062,MT5,H4
2021-11-11 16:00:00,113.967,114.096,113.94,114.096,1690,MT5,H4
2021-11-11 20:00:00,114.093,114.105,114.014,114.032,765,MT5,H4
2021-11-12 00:00:00,114.042,114.298,114.038,114.254,3313,MT5,H4
2021-11-12 04:00:00,114.254,114.279,114.02,114.045,2559,MT5,H4
2021-11-12 08:00:00,114.045,114.128,113.949,114.057,4279,MT5,H4
2021-11-12 12:00:00,114.055,114.06,113.759,113.939,8804,MT5,H4
2021-11-12 16:00:00,113.94,113.963,113.819,113.955,3295,MT5,H4
2021-11-12 20:00:00,113.953,113.955,113.854,113.9,737,MT5,H4
2021-11-14 20:00:00,113.933,114.032,113.891,113.963,520,MT5,H4
2021-11-15 00:00:00,113.981,114.005,113.749,113.854,3291,MT5,H4
2021-11-15 04:00:00,113.855,113.992,113.803,113.946,2038,MT5,H4
2021-11-15 08:00:00,113.944,114.01,113.804,113.822,3902,MT5,H4
2021-11-15 12:00:00,113.819,114.047,113.815,113.963,6154,MT5,H4
2021-11-15 16:00:00,113.963,114.086,113.919,114.083,2871,MT5,H4
2021-11-15 20:00:00,114.085,114.213,114.074,114.119,1546,MT5,H4
2021-11-16 00:00:00,114.129,114.309,114.112,114.178,4084,MT5,H4
2021-11-16 04:00:00,114.177,114.27,114.099,114.26,2790,MT5,H4
2021-11-16 08:00:00,114.262,114.289,114.125,114.23,4052,MT5,H4
2021-11-16 12:00:00,114.23,114.635,114.23,114.574,9391,MT5,H4
2021-11-16 16:00:00,114.576,114.695,114.498,114.695,3292,MT5,H4
2021-11-16 20:00:00,114.693,114.955,114.626,114.885,2350,MT5,H4
2021-11-17 00:00:00,114.902,114.935,114.697,114.886,4257,MT5,H4
2021-11-17 04:00:00,114.887,114.935,114.819,114.886,2985,MT5,H4
2021-11-17 08:00:00,114.887,114.943,114.707,114.741,4383,MT5,H4
2021-11-17 12:00:00,114.739,114.762,114.429,114.52,7677,MT5,H4
2021-11-17 16:00:00,114.52,114.55,113.932,114.128,7395,MT5,H4
2021-11-17 20:00:00,114.13,114.218,114.046,114.17,1991,MT5,H4
2021-11-18 00:00:00,114.188,114.237,113.875,114.1,4815,MT5,H4
2021-11-18 04:00:00,114.098,114.269,113.976,114.015,4402,MT5,H4
2021-11-18 08:00:00,114.016,114.224,114.008,114.181,4457,MT5,H4
2021-11-18 12:00:00,114.18,114.483,114.128,114.277,9298,MT5,H4
2021-11-18 16:00:00,114.279,114.312,114.158,114.26,3702,MT5,H4
2021-11-18 20:00:00,114.258,114.279,114.189,114.272,1296,MT5,H4
2021-11-19 00:00:00,114.282,114.395,114.243,114.364,3552,MT5,H4
2021-11-19 04:00:00,114.362,114.373,114.292,114.359,1910,MT5,H4
2021-11-19 08:00:00,114.359,114.537,113.809,113.84,14126,MT5,H4
2021-11-19 12:00:00,113.84,114.06,113.585,113.864,16872,MT5,H4
2021-11-19 16:00:00,113.865,114.066,113.725,113.932,6575,MT5,H4
2021-11-19 20:00:00,113.934,114.029,113.934,114.008,1177,MT5,H4
2021-11-21 20:00:00,113.927,114.12,113.909,114.12,1051,MT5,H4
2021-11-22 00:00:00,114.139,114.212,114.018,114.111,3392,MT5,H4
2021-11-22 04:00:00,114.111,114.265,114.109,114.222,2689,MT5,H4
2021-11-22 08:00:00,114.219,114.251,114.063,114.114,6427,MT5,H4
2021-11-22 12:00:00,114.115,114.75,114.065,114.733,13030,MT5,H4
2021-11-22 16:00:00,114.735,114.949,114.606,114.944,4987,MT5,H4
2021-11-22 20:00:00,114.946,114.959,114.765,114.77,1783,MT5,H4
2021-11-23 00:00:00,114.788,115.136,114.736,115.079,3646,MT5,H4
2021-11-23 04:00:00,115.078,115.15,114.483,114.697,7008,MT5,H4
2021-11-23 08:00:00,114.7,115.006,114.522,114.959,10935,MT5,H4
2021-11-23 12:00:00,114.96,115.094,114.835,114.971,11454,MT5,H4
2021-11-23 16:00:00,114.971,115.081,114.898,115.075,5202,MT5,H4
2021-11-23 20:00:00,115.074,115.205,115.037,115.118,1784,MT5,H4
2021-11-24 00:00:00,115.124,115.233,115.003,115.069,4246,MT5,H4
2021-11-24 04:00:00,115.07,115.07,114.852,114.893,4492,MT5,H4
2021-11-24 08:00:00,114.895,115.112,114.823,114.999,7229,MT5,H4
2021-11-24 12:00:00,115.001,115.467,114.98,115.436,12188,MT5,H4
2021-11-24 16:00:00,115.439,115.518,115.279,115.466,4698,MT5,H4
2021-11-24 20:00:00,115.467,115.467,115.353,115.397,1248,MT5,H4
2021-11-25 00:00:00,115.406,115.443,115.302,115.369,2485,MT5,H4
2021-11-25 04:00:00,115.367,115.429,115.304,115.377,1282,MT5,H4
2021-11-25 08:00:00,115.377,115.383,115.304,115.339,2176,MT5,H4
2021-11-25 12:00:00,115.336,115.386,115.239,115.365,2055,MT5,H4
2021-11-25 16:00:00,115.363,115.39,115.329,115.365,2200,MT5,H4
2021-11-25 20:00:00,115.359,115.364,115.008,115.055,2564,MT5,H4
2021-11-26 00:00:00,115.074,115.109,114.591,114.689,12886,MT5,H4
2021-11-26 04:00:00,114.688,114.78,114.14,114.161,9932,MT5,H4
2021-11-26 08:00:00,114.162,114.419,113.649,113.906,26225,MT5,H4
2021-11-26 12:00:00,113.903,114.206,113.051,113.176,21252,MT5,H4
2021-11-26 16:00:00,113.178,113.561,113.051,113.165,10216,MT5,H4
2021-11-26 20:00:00,113.164,113.456,113.083,113.306,1392,MT5,H4
2021-11-28 20:00:00,113.533,113.852,113.327,113.711,2825,MT5,H4
2021-11-29 00:00:00,113.72,113.873,113.431,113.674,12360,MT5,H4
2021-11-29 04:00:00,113.675,113.743,112.99,113.575,12410,MT5,H4
2021-11-29 08:00:00,113.573,113.638,113.232,113.443,11284,MT5,H4
2021-11-29 12:00:00,113.444,113.954,113.407,113.615,12199,MT5,H4
2021-11-29 16:00:00,113.617,113.826,113.607,113.708,4943,MT5,H4
2021-11-29 20:00:00,113.706,113.824,113.486,113.782,2620,MT5,H4
2021-11-30 00:00:00,113.802,113.888,113.62,113.658,5293,MT5,H4
2021-11-30 04:00:00,113.656,113.664,112.952,113.18,18256,MT5,H4
2021-11-30 08:00:00,113.18,113.19,112.681,113.074,14926,MT5,H4
2021-11-30 12:00:00,113.072,113.598,112.53,113.522,23439,MT5,H4
2021-11-30 16:00:00,113.524,113.7,112.994,113.102,17341,MT5,H4
2021-11-30 20:00:00,113.104,113.31,112.986,113.29,2950,MT5,H4
2021-12-01 00:00:00,113.3,113.548,113.1,113.426,8997,MT5,H4
2021-12-01 04:00:00,113.424,113.625,113.372,113.425,6129,MT5,H4
2021-12-01 08:00:00,113.425,113.587,113.283,113.379,8131,MT5,H4
2021-12-01 12:00:00,113.378,113.423,112.747,112.979,14389,MT5,H4
2021-12-01 16:00:00,112.982,113.084,112.668,112.784,10016,MT5,H4
2021-12-01 20:00:00,112.781,112.91,112.704,112.871,3188,MT5,H4
2021-12-02 00:00:00,112.881,113.1,112.815,113.058,7208,MT5,H4
2021-12-02 04:00:00,113.057,113.328,112.982,113.275,5439,MT5,H4
2021-12-02 08:00:00,113.273,113.298,112.88,112.933,9751,MT5,H4
2021-12-02 12:00:00,112.931,113.002,112.703,112.962,16843,MT5,H4
2021-12-02 16:00:00,112.959,113.239,112.928,113.165,7285,MT5,H4
2021-12-02 20:00:00,113.163,113.211,112.983,113.008,2425,MT5,H4
2021-12-03 00:00:00,113.02,113.207,112.956,113.184,5526,MT5,H4
2021-12-03 04:00:00,113.185,113.405,113.133,113.377,4276,MT5,H4
2021-12-03 08:00:00,113.377,113.484,113.218,113.327,5909,MT5,H4
2021-12-03 12:00:00,113.327,113.609,112.992,113.219,21028,MT5,H4
2021-12-03 16:00:00,113.22,113.253,112.557,112.616,11057,MT5,H4
2021-12-03 20:00:00,112.617,112.835,112.603,112.804,2135,MT5,H4
2021-12-05 20:00:00,112.843,113.062,112.827,113.03,1601,MT5,H4
2021-12-06 00:00:00,113.041,113.069,112.848,112.996,5216,MT5,H4
2021-12-06 04:00:00,112.997,113.184,112.981,113.142,3742,MT5,H4
2021-12-06 08:00:00,113.145,113.37,113.112,113.202,7785,MT5,H4
2021-12-06 12:00:00,113.204,113.481,113.069,113.445,9478,MT5,H4
2021-12-06 16:00:00,113.445,113.549,113.3,113.491,3765,MT5,H4
2021-12-06 20:00:00,113.493,113.499,113.428,113.453,1703,MT5,H4
2021-12-07 00:00:00,113.464,113.585,113.398,113.552,4110,MT5,H4
2021-12-07 04:00:00,113.554,113.74,113.553,113.638,3808,MT5,H4
2021-12-07 08:00:00,113.637,113.732,113.499,113.555,4605,MT5,H4
2021-12-07 12:00:00,113.554,113.777,113.455,113.659,7434,MT5,H4
2021-12-07 16:00:00,113.661,113.741,113.529,113.628,3347,MT5,H4
2021-12-07 20:00:00,113.626,113.643,113.451,113.514,2227,MT5,H4
2021-12-08 00:00:00,113.523,113.57,113.356,113.47,5505,MT5,H4
2021-12-08 04:00:00,113.471,113.535,113.324,113.411,2947,MT5,H4
2021-12-08 08:00:00,113.409,113.798,113.31,113.691,9300,MT5,H4
2021-12-08 12:00:00,113.693,113.952,113.645,113.88,11282,MT5,H4
2021-12-08 16:00:00,113.88,113.921,113.594,113.663,4186,MT5,H4
2021-12-08 20:00:00,113.664,113.733,113.618,113.671,1451,MT5,H4
2021-12-09 00:00:00,113.681,113.809,113.638,113.657,2505,MT5,H4
2021-12-09 04:00:00,113.655,113.685,113.458,113.49,3119,MT5,H4
2021-12-09 08:00:00,113.488,113.584,113.345,113.497,5618,MT5,H4
2021-12-09 12:00:00,113.499,113.548,113.269,113.438,8299,MT5,H4
2021-12-09 16:00:00,113.44,113.65,113.405,113.471,4113,MT5,H4
2021-12-09 20:00:00,113.47,113.478,113.373,113.428,1794,MT5,H4
2021-12-10 00:00:00,113.437,113.572,113.33,113.529,4434,MT5,H4
2021-12-10 04:00:00,113.527,113.62,113.425,113.578,3805,MT5,H4
2021-12-10 08:00:00,113.578,113.789,113.555,113.764,4171,MT5,H4
2021-12-10 12:00:00,113.761,113.774,113.286,113.422,12292,MT5,H4
2021-12-10 16:00:00,113.42,113.462,113.22,113.426,3491,MT5,H4
2021-12-10 20:00:00,113.426,113.453,113.356,113.37,551,MT5,H4
2021-12-12 20:00:00,113.337,113.505,113.323,113.498,1272,MT5,H4
2021-12-13 00:00:00,113.51,113.569,113.48,113.55,2139,MT5,H4
2021-12-13 04:00:00,113.55,113.587,113.442,113.54,2204,MT5,H4
2021-12-13 08:00:00,113.542,113.723,113.537,113.635,3730,MT5,H4
2021-12-13 12:00:00,113.636,113.677,113.448,113.569,6520,MT5,H4
2021-12-13 16:00:00,113.569,113.592,113.368,113.526,3224,MT5,H4
2021-12-13 20:00:00,113.524,113.604,113.492,113.566,1558,MT5,H4
2021-12-14 00:00:00,113.576,113.663,113.467,113.601,3405,MT5,H4
2021-12-14 04:00:00,113.602,113.742,113.54,113.709,2855,MT5,H4
2021-12-14 08:00:00,113.709,113.751,113.472,113.532,4993,MT5,H4
2021-12-14 12:00:00,113.534,113.739,113.426,113.72,7883,MT5,H4
2021-12-14 16:00:00,113.721,113.749,113.604,113.741,3575,MT5,H4
2021-12-14 20:00:00,113.742,113.754,113.67,113.729,1044,MT5,H4
2021-12-15 00:00:00,113.739,113.795,113.675,113.771,2488,MT5,H4
2021-12-15 04:00:00,113.772,113.772,113.628,113.721,2333,MT5,H4
2021-12-15 08:00:00,113.722,113.835,113.651,113.796,3340,MT5,H4
2021-12-15 12:00:00,113.797,113.896,113.747,113.839,6835,MT5,H4
2021-12-15 16:00:00,113.838,114.274,113.768,114.02,12810,MT5,H4
2021-12-15 20:00:00,114.021,114.165,113.95,114.133,4593,MT5,H4
2021-12-16 00:00:00,114.142,114.244,114.034,114.131,3998,MT5,H4
2021-12-16 04:00:00,114.132,114.213,114.037,114.115,3361,MT5,H4
2021-12-16 08:00:00,114.113,114.193,114.053,114.174,4055,MT5,H4
2021-12-16 12:00:00,114.176,114.195,113.558,113.744,12914,MT5,H4
2021-12-16 16:00:00,113.745,113.755,113.584,113.598,3827,MT5,H4
2021-12-16 20:00:00,113.599,113.723,113.572,113.654,2376,MT5,H4
2021-12-17 00:00:00,113.664,113.855,113.468,113.523,4416,MT5,H4
2021-12-17 04:00:00,113.525,113.672,113.441,113.664,5207,MT5,H4
2021-12-17 08:00:00,113.665,113.696,113.417,113.475,5592,MT5,H4
2021-12-17 12:00:00,113.474,113.643,113.138,113.632,10708,MT5,H4
2021-12-17 16:00:00,113.634,113.756,113.531,113.695,4586,MT5,H4
2021-12-17 20:00:00,113.697,113.75,113.677,113.702,1126,MT5,H4
2021-12-19 20:00:00,113.613,113.697,113.492,113.506,1020,MT5,H4
2021-12-20 00:00:00,113.515,113.705,113.462,113.508,5353,MT5,H4
2021-12-20 04:00:00,113.506,113.538,113.34,113.453,4169,MT5,H4
2021-12-20 08:00:00,113.452,113.689,113.363,113.683,7028,MT5,H4
2021-12-20 12:00:00,113.682,113.689,113.375,113.405,7785,MT5,H4
2021-12-20 16:00:00,113.402,113.714,113.325,113.711,3706,MT5,H4
2021-12-20 20:00:00,113.708,113.728,113.556,113.651,1360,MT5,H4
2021-12-21 00:00:00,113.662,113.705,113.551,113.66,3318,MT5,H4
2021-12-21 04:00:00,113.657,113.772,113.624,113.662,2508,MT5,H4
2021-12-21 08:00:00,113.661,113.722,113.552,113.694,3987,MT5,H4
2021-12-21 12:00:00,113.696,114.088,113.663,114.08,4325,MT5,H4
2021-12-21 16:00:00,114.078,114.218,114.068,114.104,2907,MT5,H4
2021-12-21 20:00:00,114.105,114.113,113.925,113.981,1282,MT5,H4
2021-12-22 00:00:00,113.991,114.173,113.991,114.113,2813,MT5,H4
2021-12-22 04:00:00,114.113,114.191,114.079,114.151,2076,MT5,H4
2021-12-22 08:00:00,114.151,114.33,114.145,114.22,3166,MT5,H4
2021-12-22 12:00:00,114.221,114.368,114.121,114.31,5321,MT5,H4
2021-12-22 16:00:00,114.309,114.318,114.153,114.172,2647,MT5,H4
2021-12-22 20:00:00,114.172,114.172,114.043,114.115,1255,MT5,H4
2021-12-23 00:00:00,114.125,114.208,114.104,114.122,1951,MT5,H4
2021-12-23 04:00:00,114.123,114.285,114.11,114.249,1489,MT5,H4
2021-12-23 08:00:00,114.25,114.338,114.246,114.291,2813,MT5,H4
2021-12-23 12:00:00,114.291,114.447,114.239,114.396,5108,MT5,H4
2021-12-23 16:00:00,114.397,114.463,114.334,114.444,1741,MT5,H4
2021-12-23 20:00:00,114.442,114.461,114.331,114.449,974,MT5,H4
2021-12-24 00:00:00,114.455,114.504,114.313,114.319,940,MT5,H4
2021-12-24 04:00:00,114.318,114.438,114.295,114.355,826,MT5,H4
2021-12-24 08:00:00,114.356,114.4,114.328,114.373,724,MT5,H4
2021-12-24 12:00:00,114.374,114.392,114.337,114.365,1327,MT5,H4
2021-12-24 16:00:00,114.363,114.366,114.312,114.333,1040,MT5,H4
2021-12-26 20:00:00,114.351,114.385,114.293,114.327,823,MT5,H4
2021-12-27 00:00:00,114.337,114.427,114.317,114.422,2110,MT5,H4
2021-12-27 04:00:00,114.423,114.486,114.4,114.463,1551,MT5,H4
2021-12-27 08:00:00,114.464,114.693,114.461,114.662,2406,MT5,H4
2021-12-27 12:00:00,114.662,114.892,114.66,114.883,3143,MT5,H4
2021-12-27 16:00:00,114.881,114.911,114.825,114.906,1582,MT5,H4
2021-12-27 20:00:00,114.907,114.907,114.763,114.781,830,MT5,H4
2021-12-28 00:00:00,114.79,114.946,114.759,114.893,2659,MT5,H4
2021-12-28 04:00:00,114.891,114.907,114.805,114.846,1577,MT5,H4
2021-12-28 08:00:00,114.844,114.879,114.745,114.844,1936,MT5,H4
2021-12-28 12:00:00,114.845,114.892,114.704,114.765,3611,MT5,H4
2021-12-28 16:00:00,114.763,114.835,114.705,114.825,1730,MT5,H4
2021-12-28 20:00:00,114.823,114.827,114.722,114.758,797,MT5,H4
2021-12-29 00:00:00,114.768,114.854,114.745,114.827,2178,MT5,H4
2021-12-29 04:00:00,114.828,114.926,114.819,114.885,1309,MT5,H4
2021-12-29 08:00:00,114.884,115.035,114.828,114.878,2107,MT5,H4
2021-12-29 12:00:00,114.879,115.016,114.666,114.935,6335,MT5,H4
2021-12-29 16:00:00,114.934,115.001,114.889,114.951,2374,MT5,H4
2021-12-29 20:00:00,114.951,114.984,114.897,114.937,889,MT5,H4
2021-12-30 00:00:00,114.946,115.058,114.943,115.045,2375,MT5,H4
2021-12-30 04:00:00,115.046,115.207,115.026,115.116,2391,MT5,H4
2021-12-30 08:00:00,115.118,115.199,115.095,115.108,2296,MT5,H4
2021-12-30 12:00:00,115.106,115.191,115.018,115.148,4847,MT5,H4
2021-12-30 16:00:00,115.147,115.197,115.061,115.061,1369,MT5,H4
2021-12-30 20:00:00,115.062,115.084,115.015,115.053,1020,MT5,H4
2021-12-31 00:00:00,115.063,115.104,115.023,115.087,1070,MT5,H4
2021-12-31 04:00:00,115.088,115.155,115.076,115.148,949,MT5,H4
2021-12-31 08:00:00,115.146,115.155,115.002,115.124,2341,MT5,H4
2021-12-31 12:00:00,115.126,115.156,115.008,115.139,4770,MT5,H4
2021-12-31 16:00:00,115.14,115.196,115.016,115.089,2198,MT5,H4
2022-01-02 20:00:00,115.042,115.143,115.02,115.131,699,MT5,H4
2022-01-03 00:00:00,115.14,115.3,115.122,115.274,1888,MT5,H4
2022-01-03 04:00:00,115.275,115.36,115.265,115.289,1285,MT5,H4
2022-01-03 08:00:00,115.287,115.304,114.991,115.065,3840,MT5,H4
2022-01-03 12:00:00,115.062,115.365,114.946,115.291,6870,MT5,H4
2022-01-03 16:00:00,115.289,115.335,115.241,115.333,2336,MT5,H4
2022-01-03 20:00:00,115.332,115.346,115.263,115.318,1226,MT5,H4
2022-01-04 00:00:00,115.329,115.814,115.289,115.708,4644,MT5,H4
2022-01-04 04:00:00,115.709,115.809,115.652,115.736,3059,MT5,H4
2022-01-04 08:00:00,115.734,116.171,115.711,116.145,4794,MT5,H4
2022-01-04 12:00:00,116.143,116.349,116.036,116.138,8449,MT5,H4
2022-01-04 16:00:00,116.139,116.194,115.953,116.11,3766,MT5,H4
2022-01-04 20:00:00,116.111,116.222,116.063,116.163,1679,MT5,H4
2022-01-05 00:00:00,116.173,116.24,115.899,116.008,3873,MT5,H4
2022-01-05 04:00:00,116.006,116.099,115.907,116.032,2597,MT5,H4
2022-01-05 08:00:00,116.033,116.041,115.619,115.671,4730,MT5,H4
2022-01-05 12:00:00,115.673,115.931,115.645,115.782,7487,MT5,H4
2022-01-05 16:00:00,115.782,116.183,115.761,116.157,5657,MT5,H4
2022-01-05 20:00:00,116.155,116.165,116.037,116.115,2025,MT5,H4
2022-01-06 00:00:00,116.125,116.183,115.819,115.858,4465,MT5,H4
2022-01-06 04:00:00,115.856,115.971,115.785,115.866,3770,MT5,H4
2022-01-06 08:00:00,115.868,115.911,115.655,115.796,5840,MT5,H4
2022-01-06 12:00:00,115.795,115.878,115.622,115.744,10029,MT5,H4
2022-01-06 16:00:00,115.745,115.948,115.685,115.947,4226,MT5,H4
2022-01-06 20:00:00,115.945,115.95,115.793,115.854,1436,MT5,H4
2022-01-07 00:00:00,115.863,116.045,115.83,115.866,3248,MT5,H4
2022-01-07 04:00:00,115.864,115.944,115.841,115.87,1944,MT5,H4
2022-01-07 08:00:00,115.872,115.931,115.75,115.795,3454,MT5,H4
2022-01-07 12:00:00,115.795,115.927,115.589,115.634,11735,MT5,H4
2022-01-07 16:00:00,115.636,115.714,115.546,115.553,3391,MT5,H4
2022-01-07 20:00:00,115.552,115.614,115.483,115.516,938,MT5,H4
2022-01-09 20:00:00,115.571,115.653,115.532,115.609,1061,MT5,H4
2022-01-10 00:00:00,115.618,115.849,115.543,115.797,2250,MT5,H4
2022-01-10 04:00:00,115.799,115.824,115.738,115.793,1799,MT5,H4
2022-01-10 08:00:00,115.792,115.812,115.297,115.309,5690,MT5,H4
2022-01-10 12:00:00,115.311,115.458,115.083,115.11,9138,MT5,H4
2022-01-10 16:00:00,115.108,115.245,115.04,115.213,4075,MT5,H4
2022-01-10 20:00:00,115.214,115.29,115.142,115.266,1783,MT5,H4
2022-01-11 00:00:00,115.277,115.384,115.171,115.369,3602,MT5,H4
2022-01-11 04:00:00,115.369,115.369,115.121,115.252,3248,MT5,H4
2022-01-11 08:00:00,115.254,115.474,115.22,115.402,4734,MT5,H4
2022-01-11 12:00:00,115.399,115.678,115.383,115.464,7280,MT5,H4
2022-01-11 16:00:00,115.462,115.489,115.322,115.345,3706,MT5,H4
2022-01-11 20:00:00,115.346,115.37,115.253,115.32,1323,MT5,H4
2022-01-12 00:00:00,115.332,115.397,115.228,115.371,2732,MT5,H4
2022-01-12 04:00:00,115.373,115.427,115.284,115.397,2278,MT5,H4
2022-01-12 08:00:00,115.398,115.463,115.29,115.397,3380,MT5,H4
2022-01-12 12:00:00,115.394,115.486,114.831,114.846,11279,MT5,H4
2022-01-12 16:00:00,114.846,114.892,114.378,114.382,5826,MT5,H4
2022-01-12 20:00:00,114.383,114.69,114.379,114.66,2030,MT5,H4
2022-01-13 00:00:00,114.671,114.697,114.494,114.536,3934,MT5,H4
2022-01-13 04:00:00,114.538,114.646,114.408,114.411,2608,MT5,H4
2022-01-13 08:00:00,114.409,114.594,114.36,114.504,3743,MT5,H4
2022-01-13 12:00:00,114.503,114.539,114.071,114.12,9220,MT5,H4
2022-01-13 16:00:00,114.118,114.152,113.997,114.065,3677,MT5,H4
2022-01-13 20:00:00,114.066,114.211,114.048,114.094,1822,MT5,H4
2022-01-14 00:00:00,114.114,114.173,113.636,113.722,7353,MT5,H4
2022-01-14 04:00:00,113.722,113.864,113.651,113.794,4055,MT5,H4
2022-01-14 08:00:00,113.794,113.987,113.696,113.883,5278,MT5,H4
2022-01-14 12:00:00,113.886,113.904,113.479,113.787,13839,MT5,H4
2022-01-14 16:00:00,113.789,114.146,113.725,114.139,5198,MT5,H4
2022-01-14 20:00:00,114.14,114.246,114.119,114.18,1061,MT5,H4
2022-01-16 20:00:00,114.117,114.327,114.115,114.296,1172,MT5,H4
2022-01-17 00:00:00,114.305,114.511,114.273,114.424,4215,MT5,H4
2022-01-17 04:00:00,114.424,114.544,114.397,114.401,2082,MT5,H4
2022-01-17 08:00:00,114.398,114.522,114.309,114.477,3291,MT5,H4
2022-01-17 12:00:00,114.476,114.648,114.446,114.608,3002,MT5,H4
2022-01-17 16:00:00,114.609,114.63,114.55,114.577,953,MT5,H4
2022-01-17 20:00:00,114.578,114.624,114.534,114.56,865,MT5,H4
2022-01-18 00:00:00,114.572,115.056,114.446,114.976,6302,MT5,H4
2022-01-18 04:00:00,114.974,115.002,114.755,114.874,6779,MT5,H4
2022-01-18 08:00:00,114.872,114.897,114.511,114.686,7157,MT5,H4
2022-01-18 12:00:00,114.688,114.731,114.452,114.545,9147,MT5,H4
2022-01-18 16:00:00,114.545,114.642,114.505,114.622,4047,MT5,H4
2022-01-18 20:00:00,114.621,114.642,114.538,114.538,2018,MT5,H4
2022-01-19 00:00:00,114.555,114.786,114.487,114.551,4721,MT5,H4
2022-01-19 04:00:00,114.552,114.575,114.204,114.419,5549,MT5,H4
2022-01-19 08:00:00,114.421,114.55,114.355,114.498,5020,MT5,H4
2022-01-19 12:00:00,114.496,114.543,114.219,114.344,7317,MT5,H4
2022-01-19 16:00:00,114.342,114.366,114.21,114.237,4147,MT5,H4
2022-01-19 20:00:00,114.237,114.403,114.206,114.337,1782,MT5,H4
2022-01-20 00:00:00,114.346,114.451,114.022,114.388,6222,MT5,H4
2022-01-20 04:00:00,114.388,114.545,114.343,114.392,3790,MT5,H4
2022-01-20 08:00:00,114.394,114.395,114.183,114.276,4663,MT5,H4
2022-01-20 12:00:00,114.277,114.333,113.961,113.981,7913,MT5,H4
2022-01-20 16:00:00,113.982,114.194,113.977,114.174,3535,MT5,H4
2022-01-20 20:00:00,114.172,114.208,113.828,113.98,2738,MT5,H4
2022-01-21 00:00:00,113.99,113.995,113.623,113.744,8387,MT5,H4
2022-01-21 04:00:00,113.745,113.891,113.717,113.857,4479,MT5,H4
2022-01-21 08:00:00,113.854,114.03,113.798,113.841,4984,MT5,H4
2022-01-21 12:00:00,113.843,113.863,113.601,113.667,10060,MT5,H4
2022-01-21 16:00:00,113.667,113.816,113.628,113.658,4802,MT5,H4
2022-01-21 20:00:00,113.659,113.695,113.613,113.653,1508,MT5,H4
2022-01-23 20:00:00,113.669,113.786,113.62,113.777,1226,MT5,H4
2022-01-24 00:00:00,113.785,113.941,113.711,113.86,3841,MT5,H4
2022-01-24 04:00:00,113.859,113.972,113.711,113.752,3646,MT5,H4
2022-01-24 08:00:00,113.753,113.817,113.467,113.817,8131,MT5,H4
2022-01-24 12:00:00,113.815,113.996,113.649,113.935,11327,MT5,H4
2022-01-24 16:00:00,113.936,113.947,113.652,113.785,7271,MT5,H4
2022-01-24 20:00:00,113.787,114.082,113.774,114.002,2789,MT5,H4
2022-01-25 00:00:00,114.012,114.047,113.749,113.774,6015,MT5,H4
2022-01-25 04:00:00,113.772,113.89,113.668,113.886,4758,MT5,H4
2022-01-25 08:00:00,113.886,114.154,113.807,114.006,6404,MT5,H4
2022-01-25 12:00:00,114.005,114.064,113.778,113.948,10572,MT5,H4
2022-01-25 16:00:00,113.946,113.954,113.8,113.919,4106,MT5,H4
2022-01-25 20:00:00,113.919,113.942,113.823,113.882,1949,MT5,H4
2022-01-26 00:00:00,113.892,113.896,113.776,113.863,3098,MT5,H4
2022-01-26 04:00:00,113.864,113.984,113.858,113.983,1795,MT5,H4
2022-01-26 08:00:00,113.981,114.233,113.971,114.196,3724,MT5,H4
2022-01-26 12:00:00,114.197,114.383,114.153,114.317,5712,MT5,H4
2022-01-26 16:00:00,114.319,114.689,114.207,114.526,11017,MT5,H4
2022-01-26 20:00:00,114.529,114.728,114.401,114.709,6206,MT5,H4
2022-01-27 00:00:00,114.72,114.781,114.473,114.653,7030,MT5,H4
2022-01-27 04:00:00,114.653,114.79,114.591,114.76,4938,MT5,H4
2022-01-27 08:00:00,114.761,115.246,114.723,115.198,7765,MT5,H4
2022-01-27 12:00:00,115.2,115.464,115.15,115.44,10171,MT5,H4
2022-01-27 16:00:00,115.438,115.486,115.158,115.307,5366,MT5,H4
2022-01-27 20:00:00,115.306,115.385,115.252,115.33,2171,MT5,H4
2022-01-28 00:00:00,115.349,115.473,115.33,115.354,3987,MT5,H4
2022-01-28 04:00:00,115.356,115.672,115.316,115.649,4934,MT5,H4
2022-01-28 08:00:00,115.651,115.682,115.444,115.641,6246,MT5,H4
2022-01-28 12:00:00,115.643,115.664,115.12,115.186,12287,MT5,H4
2022-01-28 16:00:00,115.187,115.329,115.12,115.217,4044,MT5,H4
2022-01-28 20:00:00,115.215,115.263,115.185,115.216,926,MT5,H4
2022-01-30 20:00:00,115.279,115.362,115.221,115.25,808,MT5,H4
2022-01-31 00:00:00,115.26,115.589,115.22,115.534,4253,MT5,H4
2022-01-31 04:00:00,115.533,115.535,115.377,115.431,3314,MT5,H4
2022-01-31 08:00:00,115.429,115.526,115.341,115.511,4988,MT5,H4
2022-01-31 12:00:00,115.512,115.512,115.19,115.226,9341,MT5,H4
2022-01-31 16:00:00,115.226,115.305,114.922,114.992,5371,MT5,H4
2022-01-31 20:00:00,114.993,115.135,114.986,115.109,2120,MT5,H4
2022-02-01 00:00:00,115.118,115.19,114.968,114.984,3371,MT5,H4
2022-02-01 04:00:00,114.984,115.066,114.885,114.94,3398,MT5,H4
2022-02-01 08:00:00,114.94,115.04,114.604,114.622,6701,MT5,H4
2022-02-01 12:00:00,114.624,114.889,114.564,114.794,9020,MT5,H4
2022-02-01 16:00:00,114.792,114.81,114.635,114.693,3622,MT5,H4
2022-02-01 20:00:00,114.695,114.778,114.626,114.722,1589,MT5,H4
2022-02-02 00:00:00,114.732,114.8,114.646,114.792,2475,MT5,H4
2022-02-02 04:00:00,114.793,114.8,114.593,114.627,2294,MT5,H4
2022-02-02 08:00:00,114.627,114.63,114.319,114.339,5738,MT5,H4
2022-02-02 12:00:00,114.338,114.439,114.157,114.377,8607,MT5,H4
2022-02-02 16:00:00,114.375,114.418,114.292,114.377,3068,MT5,H4
2022-02-02 20:00:00,114.377,114.462,114.327,114.368,1472,MT5,H4
2022-02-03 00:00:00,114.379,114.468,114.325,114.42,2935,MT5,H4
2022-02-03 04:00:00,114.42,114.602,114.42,114.578,2387,MT5,H4
2022-02-03 08:00:00,114.579,114.846,114.575,114.834,3431,MT5,H4
2022-02-03 12:00:00,114.831,114.971,114.731,114.889,14231,MT5,H4
2022-02-03 16:00:00,114.889,114.941,114.785,114.935,4214,MT5,H4
2022-02-03 20:00:00,114.935,114.974,114.888,114.946,1307,MT5,H4
2022-02-04 00:00:00,114.956,115.047,114.812,114.907,3399,MT5,H4
2022-02-04 04:00:00,114.909,115.121,114.866,115.1,2999,MT5,H4
2022-02-04 08:00:00,115.101,115.149,114.846,114.87,5979,MT5,H4
2022-02-04 12:00:00,114.869,115.426,114.772,115.27,14455,MT5,H4
2022-02-04 16:00:00,115.269,115.287,115.16,115.259,3708,MT5,H4
2022-02-04 20:00:00,115.257,115.262,115.161,115.188,843,MT5,H4
2022-02-06 20:00:00,115.234,115.307,115.197,115.213,1128,MT5,H4
2022-02-07 00:00:00,115.224,115.341,115.135,115.299,3807,MT5,H4
2022-02-07 04:00:00,115.298,115.374,115.196,115.253,2825,MT5,H4
2022-02-07 08:00:00,115.253,115.253,114.913,114.944,5956,MT5,H4
2022-02-07 12:00:00,114.946,115.139,114.912,115.054,6278,MT5,H4
2022-02-07 16:00:00,115.053,115.176,115.003,115.068,2478,MT5,H4
2022-02-07 20:00:00,115.067,115.102,115.036,115.052,1133,MT5,H4
2022-02-08 00:00:00,115.061,115.413,115.059,115.345,3048,MT5,H4
2022-02-08 04:00:00,115.347,115.543,115.343,115.48,3066,MT5,H4
2022-02-08 08:00:00,115.48,115.489,115.23,115.31,4910,MT5,H4
2022-02-08 12:00:00,115.308,115.603,115.299,115.591,5512,MT5,H4
2022-02-08 16:00:00,115.591,115.625,115.469,115.537,2031,MT5,H4
2022-02-08 20:00:00,115.536,115.626,115.491,115.578,1501,MT5,H4
2022-02-09 00:00:00,115.423,115.456,115.32,115.399,1714,MT5,H4
2022-02-09 04:00:00,115.399,115.536,115.368,115.4,2259,MT5,H4
2022-02-09 08:00:00,115.4,115.474,115.335,115.434,3754,MT5,H4
2022-02-09 12:00:00,115.433,115.515,115.376,115.457,4707,MT5,H4
2022-02-09 16:00:00,115.454,115.504,115.372,115.476,2613,MT5,H4
2022-02-09 20:00:00,115.477,115.588,115.462,115.588,1229,MT5,H4
2022-02-10 00:00:00,115.598,115.632,115.48,115.542,2470,MT5,H4
2022-02-10 04:00:00,115.542,115.703,115.524,115.59,2610,MT5,H4
2022-02-10 08:00:00,115.593,115.874,115.539,115.814,5351,MT5,H4
2022-02-10 12:00:00,115.814,116.336,115.743,115.948,14492,MT5,H4
2022-02-10 16:00:00,115.95,116.108,115.729,115.907,9946,MT5,H4
2022-02-10 20:00:00,115.906,116.095,115.904,116.038,2489,MT5,H4
2022-02-11 00:00:00,116.049,116.172,115.955,116.128,2715,MT5,H4
2022-02-11 04:00:00,116.126,116.165,115.984,116.009,2945,MT5,H4
2022-02-11 08:00:00,116.01,116.094,115.88,115.998,5184,MT5,H4
2022-02-11 12:00:00,116.0,116.022,115.769,115.877,8182,MT5,H4
2022-02-11 16:00:00,115.878,115.988,115.012,115.251,18361,MT5,H4
2022-02-11 20:00:00,115.249,115.512,115.155,115.437,4365,MT5,H4
2022-02-13 20:00:00,115.345,115.578,115.33,115.573,1477,MT5,H4
2022-02-14 00:00:00,115.584,115.593,115.282,115.501,6462,MT5,H4
2022-02-14 04:00:00,115.503,115.547,115.295,115.407,4194,MT5,H4
2022-02-14 08:00:00,115.408,115.408,115.008,115.176,9631,MT5,H4
2022-02-14 12:00:00,115.175,115.645,115.116,115.584,13028,MT5,H4
2022-02-14 16:00:00,115.584,115.744,115.367,115.659,7781,MT5,H4
2022-02-14 20:00:00,115.659,115.661,115.494,115.525,2150,MT5,H4
2022-02-15 00:00:00,115.535,115.552,115.305,115.421,3933,MT5,H4
2022-02-15 04:00:00,115.422,115.428,115.255,115.344,3710,MT5,H4
2022-02-15 08:00:00,115.344,115.705,115.321,115.655,9739,MT5,H4
2022-02-15 12:00:00,115.653,115.874,115.564,115.738,8698,MT5,H4
2022-02-15 16:00:00,115.74,115.741,115.585,115.629,2883,MT5,H4
2022-02-15 20:00:00,115.626,115.647,115.553,115.627,1358,MT5,H4
2022-02-16 00:00:00,115.637,115.738,115.619,115.692,2334,MT5,H4
2022-02-16 04:00:00,115.694,115.706,115.62,115.637,2016,MT5,H4
2022-02-16 08:00:00,115.639,115.787,115.603,115.675,4945,MT5,H4
2022-02-16 12:00:00,115.675,115.78,115.38,115.43,8772,MT5,H4
2022-02-16 16:00:00,115.431,115.558,115.354,115.397,5079,MT5,H4
2022-02-16 20:00:00,115.398,115.466,115.317,115.379,1992,MT5,H4
2022-02-17 00:00:00,115.39,115.535,115.122,115.171,4904,MT5,H4
2022-02-17 04:00:00,115.169,115.406,115.134,115.294,11163,MT5,H4
2022-02-17 08:00:00,115.293,115.349,114.948,115.058,10213,MT5,H4
2022-02-17 12:00:00,115.06,115.135,114.844,114.961,13110,MT5,H4
2022-02-17 16:00:00,114.963,115.078,114.873,114.875,4080,MT5,H4
2022-02-17 20:00:00,114.873,114.978,114.773,114.851,2205,MT5,H4
2022-02-18 00:00:00,114.86,115.275,114.788,115.132,7622,MT5,H4
2022-02-18 04:00:00,115.132,115.225,115.053,115.119,2560,MT5,H4
2022-02-18 08:00:00,115.117,115.295,115.104,115.157,5205,MT5,H4
2022-02-18 12:00:00,115.158,115.173,114.967,115.15,7822,MT5,H4
2022-02-18 16:00:00,115.15,115.154,114.996,115.077,4072,MT5,H4
2022-02-18 20:00:00,115.079,115.103,114.999,115.013,975,MT5,H4
2022-02-20 20:00:00,115.012,115.033,114.85,114.953,1069,MT5,H4
2022-02-21 00:00:00,114.963,115.122,114.873,114.948,5541,MT5,H4
2022-02-21 04:00:00,114.949,115.029,114.919,114.928,1800,MT5,H4
2022-02-21 08:00:00,114.926,114.962,114.799,114.871,4670,MT5,H4
2022-02-21 12:00:00,114.869,114.948,114.816,114.84,5419,MT5,H4
2022-02-21 16:00:00,114.842,114.849,114.744,114.757,1321,MT5,H4
2022-02-21 20:00:00,114.76,114.789,114.477,114.595,2522,MT5,H4
2022-02-22 00:00:00,114.607,114.792,114.519,114.609,7665,MT5,H4
2022-02-22 04:00:00,114.611,114.78,114.61,114.736,5032,MT5,H4
2022-02-22 08:00:00,114.734,115.094,114.717,115.08,8659,MT5,H4
2022-02-22 12:00:00,115.077,115.239,115.021,115.05,7522,MT5,H4
2022-02-22 16:00:00,115.049,115.107,114.873,115.065,4976,MT5,H4
2022-02-22 20:00:00,115.068,115.108,115.0,115.086,2000,MT5,H4
2022-02-23 00:00:00,115.096,115.122,114.988,115.022,1797,MT5,H4
2022-02-23 04:00:00,115.021,115.087,114.991,115.067,2247,MT5,H4
2022-02-23 08:00:00,115.069,115.164,114.989,115.09,4546,MT5,H4
2022-02-23 12:00:00,115.09,115.198,114.961,115.031,5655,MT5,H4
2022-02-23 16:00:00,115.032,115.129,114.922,114.963,3340,MT5,H4
2022-02-23 20:00:00,114.963,115.023,114.839,114.887,1979,MT5,H4
2022-02-24 00:00:00,114.896,115.116,114.649,114.695,14848,MT5,H4
2022-02-24 04:00:00,114.696,114.731,114.405,114.622,17659,MT5,H4
2022-02-24 08:00:00,114.621,114.822,114.573,114.783,16040,MT5,H4
2022-02-24 12:00:00,114.782,115.617,114.604,115.599,17003,MT5,H4
2022-02-24 16:00:00,115.601,115.692,115.264,115.689,9877,MT5,H4
2022-02-24 20:00:00,115.687,115.691,115.425,115.527,3314,MT5,H4
2022-02-25 00:00:00,115.547,115.623,115.177,115.241,9392,MT5,H4
2022-02-25 04:00:00,115.242,115.349,115.145,115.283,5902,MT5,H4
2022-02-25 08:00:00,115.282,115.497,115.184,115.468,9045,MT5,H4
2022-02-25 12:00:00,115.47,115.627,115.443,115.571,10476,MT5,H4
2022-02-25 16:00:00,115.569,115.759,115.519,115.594,3304,MT5,H4
2022-02-25 20:00:00,115.594,115.603,115.49,115.508,961,MT5,H4
2022-02-27 20:00:00,115.466,115.716,115.359,115.576,2833,MT5,H4
2022-02-28 00:00:00,115.586,115.665,115.454,115.521,6004,MT5,H4
2022-02-28 04:00:00,115.521,115.69,115.483,115.497,5697,MT5,H4
2022-02-28 08:00:00,115.497,115.639,115.455,115.54,5926,MT5,H4
2022-02-28 12:00:00,115.541,115.565,115.145,115.161,9779,MT5,H4
2022-02-28 16:00:00,115.163,115.299,114.859,114.859,7221,MT5,H4
2022-02-28 20:00:00,114.861,115.07,114.859,115.056,2635,MT5,H4
2022-03-01 00:00:00,115.083,115.286,114.993,115.147,3692,MT5,H4
2022-03-01 04:00:00,115.149,115.177,114.99,115.032,2987,MT5,H4
2022-03-01 08:00:00,115.032,115.062,114.743,114.804,8630,MT5,H4
2022-03-01 12:00:00,114.807,114.948,114.71,114.8,10409,MT5,H4
2022-03-01 16:00:00,114.801,114.921,114.697,114.854,6472,MT5,H4
2022-03-01 20:00:00,114.853,114.91,114.768,114.829,2545,MT5,H4
2022-03-02 00:00:00,114.838,115.08,114.79,115.038,4449,MT5,H4
2022-03-02 04:00:00,115.037,115.174,115.013,115.153,4080,MT5,H4
2022-03-02 08:00:00,115.151,115.288,115.086,115.246,8185,MT5,H4
2022-03-02 12:00:00,115.247,115.568,115.236,115.563,10264,MT5,H4
2022-03-02 16:00:00,115.561,115.684,115.524,115.576,5386,MT5,H4
2022-03-02 20:00:00,115.574,115.588,115.425,115.504,1987,MT5,H4
2022-03-03 00:00:00,115.514,115.665,115.491,115.626,3612,MT5,H4
2022-03-03 04:00:00,115.626,115.736,115.623,115.723,2334,MT5,H4
2022-03-03 08:00:00,115.723,115.803,115.652,115.762,4726,MT5,H4
2022-03-03 12:00:00,115.759,115.759,115.509,115.635,8193,MT5,H4
2022-03-03 16:00:00,115.637,115.68,115.418,115.421,5006,MT5,H4
2022-03-03 20:00:00,115.42,115.484,115.382,115.469,1484,MT5,H4
2022-03-04 00:00:00,115.478,115.554,115.252,115.354,11309,MT5,H4
2022-03-04 04:00:00,115.354,115.531,115.345,115.449,4104,MT5,H4
2022-03-04 08:00:00,115.449,115.471,115.306,115.377,5686,MT5,H4
2022-03-04 12:00:00,115.375,115.478,114.796,114.822,10726,MT5,H4
2022-03-04 16:00:00,114.822,114.892,114.647,114.748,6180,MT5,H4
2022-03-04 20:00:00,114.749,114.884,114.743,114.818,1772,MT5,H4
2022-03-06 20:00:00,114.896,114.943,114.802,114.941,1970,MT5,H4
2022-03-07 00:00:00,114.95,115.058,114.831,114.888,6529,MT5,H4
2022-03-07 04:00:00,114.888,115.123,114.86,115.007,4207,MT5,H4
2022-03-07 08:00:00,115.009,115.138,114.906,115.081,7273,MT5,H4
2022-03-07 12:00:00,115.082,115.429,115.081,115.383,9547,MT5,H4
2022-03-07 16:00:00,115.385,115.47,115.256,115.299,6230,MT5,H4
2022-03-07 20:00:00,115.299,115.362,115.218,115.346,2738,MT5,H4
2022-03-08 00:00:00,115.365,115.514,115.321,115.445,4634,MT5,H4
2022-03-08 04:00:00,115.447,115.533,115.361,115.444,4597,MT5,H4
2022-03-08 08:00:00,115.445,115.7,115.38,115.633,6888,MT5,H4
2022-03-08 12:00:00,115.631,115.788,115.417,115.585,8040,MT5,H4
2022-03-08 16:00:00,115.585,115.747,115.57,115.738,6871,MT5,H4
2022-03-08 20:00:00,115.739,115.74,115.601,115.713,1824,MT5,H4
2022-03-09 00:00:00,115.723,115.921,115.723,115.834,3972,MT5,H4
2022-03-09 04:00:00,115.833,115.878,115.705,115.876,2920,MT5,H4
2022-03-09 08:00:00,115.878,115.94,115.735,115.914,5131,MT5,H4
2022-03-09 12:00:00,115.913,115.932,115.554,115.808,8217,MT5,H4
2022-03-09 16:00:00,115.809,115.895,115.692,115.845,4485,MT5,H4
2022-03-09 20:00:00,115.847,115.934,115.783,115.896,1748,MT5,H4
2022-03-10 00:00:00,115.906,116.193,115.881,116.166,3330,MT5,H4
2022-03-10 04:00:00,116.167,116.167,115.917,115.92,2667,MT5,H4
2022-03-10 08:00:00,115.92,116.033,115.813,115.939,6645,MT5,H4
2022-03-10 12:00:00,115.94,116.191,115.845,115.972,10197,MT5,H4
2022-03-10 16:00:00,115.974,116.146,115.945,116.101,3243,MT5,H4
2022-03-10 20:00:00,116.101,116.197,116.045,116.167,1476,MT5,H4
2022-03-11 00:00:00,116.178,116.476,116.142,116.448,4214,MT5,H4
2022-03-11 04:00:00,116.451,116.796,116.426,116.716,5216,MT5,H4
2022-03-11 08:00:00,116.717,117.058,116.7,116.89,7519,MT5,H4
2022-03-11 12:00:00,116.888,116.996,116.82,116.99,7010,MT5,H4
2022-03-11 16:00:00,116.989,117.354,116.975,117.351,3789,MT5,H4
2022-03-11 20:00:00,117.349,117.349,117.22,117.275,1108,MT5,H4
2022-03-13 20:00:00,117.335,117.599,117.288,117.532,1588,MT5,H4
2022-03-14 00:00:00,117.53,117.876,117.455,117.819,5587,MT5,H4
2022-03-14 04:00:00,117.817,117.835,117.622,117.721,3623,MT5,H4
2022-03-14 08:00:00,117.72,118.059,117.697,117.953,6620,MT5,H4
2022-03-14 12:00:00,117.953,118.022,117.828,117.996,5882,MT5,H4
2022-03-14 16:00:00,117.996,118.189,117.901,118.186,2669,MT5,H4
2022-03-14 20:00:00,118.165,118.293,118.103,118.215,1846,MT5,H4
2022-03-15 00:00:00,118.217,118.447,118.108,118.332,6069,MT5,H4
2022-03-15 04:00:00,118.333,118.39,117.845,117.975,6929,MT5,H4
2022-03-15 08:00:00,117.977,118.097,117.695,117.897,6974,MT5,H4
2022-03-15 12:00:00,117.894,118.253,117.787,118.196,8478,MT5,H4
2022-03-15 16:00:00,118.195,118.395,118.185,118.293,3423,MT5,H4
2022-03-15 20:00:00,118.26,118.338,118.243,118.31,892,MT5,H4
2022-03-16 00:00:00,118.311,118.426,118.196,118.229,3583,MT5,H4
2022-03-16 04:00:00,118.229,118.376,118.172,118.367,3216,MT5,H4
2022-03-16 08:00:00,118.365,118.37,118.19,118.241,4369,MT5,H4
2022-03-16 12:00:00,118.239,118.52,118.209,118.494,7759,MT5,H4
2022-03-16 16:00:00,118.492,119.118,118.437,118.607,14655,MT5,H4
2022-03-16 20:00:00,118.586,118.983,118.547,118.868,2453,MT5,H4
2022-03-17 00:00:00,118.868,119.022,118.595,118.704,7539,MT5,H4
2022-03-17 04:00:00,118.703,118.852,118.662,118.668,4496,MT5,H4
2022-03-17 08:00:00,118.669,118.765,118.49,118.627,5377,MT5,H4
2022-03-17 12:00:00,118.627,118.839,118.396,118.434,8618,MT5,H4
2022-03-17 16:00:00,118.436,118.661,118.367,118.641,3460,MT5,H4
2022-03-17 20:00:00,118.609,118.654,118.47,118.485,1807,MT5,H4
2022-03-18 00:00:00,118.485,118.799,118.47,118.776,4013,MT5,H4
2022-03-18 04:00:00,118.775,119.003,118.713,118.864,3233,MT5,H4
2022-03-18 08:00:00,118.862,119.124,118.779,119.039,4032,MT5,H4
2022-03-18 12:00:00,119.037,119.396,119.026,119.185,8509,MT5,H4
2022-03-18 16:00:00,119.184,119.2,119.08,119.129,2599,MT5,H4
2022-03-18 20:00:00,119.097,119.15,119.088,119.137,211,MT5,H4
2022-03-20 20:00:00,119.094,119.294,119.082,119.263,1290,MT5,H4
2022-03-21 00:00:00,119.264,119.283,119.133,119.193,1678,MT5,H4
2022-03-21 04:00:00,119.192,119.292,119.178,119.208,1873,MT5,H4
2022-03-21 08:00:00,119.206,119.277,119.103,119.17,3715,MT5,H4
2022-03-21 12:00:00,119.171,119.273,119.111,119.159,4799,MT5,H4
2022-03-21 16:00:00,119.161,119.484,119.113,119.481,4827,MT5,H4
2022-03-21 20:00:00,119.471,119.624,119.415,119.59,1181,MT5,H4
2022-03-22 00:00:00,119.592,120.075,119.583,119.905,5773,MT5,H4
2022-03-22 04:00:00,119.906,120.49,119.906,120.465,8323,MT5,H4
2022-03-22 08:00:00,120.468,121.029,120.322,120.777,11797,MT5,H4
2022-03-22 12:00:00,120.778,120.906,120.379,120.664,12591,MT5,H4
2022-03-22 16:00:00,120.664,120.822,120.522,120.763,4035,MT5,H4
2022-03-22 20:00:00,120.752,121.411,120.736,121.338,3630,MT5,H4
2022-03-23 00:00:00,121.337,121.341,120.789,121.078,7259,MT5,H4
2022-03-23 04:00:00,121.079,121.163,120.982,121.055,4587,MT5,H4
2022-03-23 08:00:00,121.055,121.086,120.787,120.79,8181,MT5,H4
2022-03-23 12:00:00,120.792,121.139,120.59,121.029,11775,MT5,H4
2022-03-23 16:00:00,121.031,121.157,120.986,121.117,3337,MT5,H4
2022-03-23 20:00:00,121.118,121.174,121.011,121.119,1734,MT5,H4
2022-03-24 00:00:00,121.121,121.301,120.951,121.218,4715,MT5,H4
2022-03-24 04:00:00,121.22,121.745,121.184,121.629,7843,MT5,H4
2022-03-24 08:00:00,121.63,121.73,121.467,121.578,7894,MT5,H4
2022-03-24 12:00:00,121.576,122.123,121.564,122.049,10313,MT5,H4
2022-03-24 16:00:00,122.05,122.404,122.036,122.315,6149,MT5,H4
2022-03-24 20:00:00,122.302,122.433,122.275,122.349,2467,MT5,H4
2022-03-25 00:00:00,122.35,122.358,121.562,121.599,10700,MT5,H4
2022-03-25 04:00:00,121.597,121.95,121.178,121.741,11545,MT5,H4
2022-03-25 08:00:00,121.738,121.806,121.418,121.661,9287,MT5,H4
2022-03-25 12:00:00,121.662,122.236,121.629,121.991,15697,MT5,H4
2022-03-25 16:00:00,121.991,122.188,121.953,122.145,6085,MT5,H4
2022-03-25 20:00:00,122.11,122.194,122.05,122.081,387,MT5,H4
2022-03-27 20:00:00,122.046,122.363,121.987,122.269,2259,MT5,H4
2022-03-28 00:00:00,122.269,123.163,122.14,123.076,19208,MT5,H4
2022-03-28 04:00:00,123.078,124.014,122.964,123.921,14265,MT5,H4
2022-03-28 08:00:00,123.924,125.101,123.667,124.051,42725,MT5,H4
2022-03-28 12:00:00,124.05,124.123,123.247,123.275,35519,MT5,H4
2022-03-28 16:00:00,123.276,123.895,123.145,123.832,8746,MT5,H4
2022-03-28 20:00:00,123.822,124.173,123.541,123.602,5620,MT5,H4
2022-03-29 00:00:00,123.602,124.303,123.105,123.172,30394,MT5,H4
2022-03-29 04:00:00,123.171,123.774,123.152,123.571,17462,MT5,H4
2022-03-29 08:00:00,123.568,123.807,123.4,123.58,15471,MT5,H4
2022-03-29 12:00:00,123.579,123.582,121.977,122.589,41681,MT5,H4
2022-03-29 16:00:00,122.591,122.951,122.55,122.874,6854,MT5,H4
2022-03-29 20:00:00,122.872,123.202,122.813,123.124,3753,MT5,H4
2022-03-30 00:00:00,123.124,123.124,121.31,121.661,40345,MT5,H4
2022-03-30 04:00:00,121.662,122.079,121.535,121.88,21131,MT5,H4
2022-03-30 08:00:00,121.878,122.039,121.523,121.727,14533,MT5,H4
2022-03-30 12:00:00,121.728,122.241,121.642,121.951,19690,MT5,H4
2022-03-30 16:00:00,121.951,121.977,121.737,121.82,4441,MT5,H4
2022-03-30 20:00:00,121.8,122.162,121.769,122.019,3394,MT5,H4
2022-03-31 00:00:00,122.02,122.454,121.902,122.332,25429,MT5,H4
2022-03-31 04:00:00,122.332,122.353,121.339,121.639,18294,MT5,H4
2022-03-31 08:00:00,121.638,122.226,121.59,121.626,16867,MT5,H4
2022-03-31 12:00:00,121.625,121.851,121.28,121.42,21411,MT5,H4
2022-03-31 16:00:00,121.422,121.766,121.42,121.72,6467,MT5,H4
2022-03-31 20:00:00,121.703,121.906,121.648,121.744,2613,MT5,H4
2022-04-01 00:00:00,121.745,122.732,121.745,122.626,14801,MT5,H4
2022-04-01 04:00:00,122.627,122.651,122.242,122.63,13787,MT5,H4
2022-04-01 08:00:00,122.629,122.762,122.333,122.451,10278,MT5,H4
2022-04-01 12:00:00,122.454,123.033,122.441,122.596,17822,MT5,H4
2022-04-01 16:00:00,122.598,122.651,122.459,122.536,4808,MT5,H4
2022-04-01 20:00:00,122.527,122.556,122.437,122.535,368,MT5,H4
2022-04-03 20:00:00,122.577,122.715,122.505,122.633,2611,MT5,H4
2022-04-04 00:00:00,122.634,122.774,122.263,122.731,9439,MT5,H4
2022-04-04 04:00:00,122.732,122.798,122.499,122.649,7942,MT5,H4
2022-04-04 08:00:00,122.646,122.832,122.509,122.783,7036,MT5,H4
2022-04-04 12:00:00,122.781,122.955,122.6,122.721,11823,MT5,H4
2022-04-04 16:00:00,122.721,122.833,122.676,122.763,4048,MT5,H4
2022-04-04 20:00:00,122.752,122.811,122.695,122.798,1624,MT5,H4
2022-04-05 00:00:00,122.797,122.858,122.371,122.517,10552,MT5,H4
2022-04-05 04:00:00,122.518,122.995,122.429,122.906,8393,MT5,H4
2022-04-05 08:00:00,122.904,122.984,122.694,122.924,7872,MT5,H4
2022-04-05 12:00:00,122.922,123.491,122.748,123.489,16197,MT5,H4
2022-04-05 16:00:00,123.489,123.668,123.481,123.607,4760,MT5,H4
2022-04-05 20:00:00,123.606,123.711,123.505,123.655,2644,MT5,H4
2022-04-06 00:00:00,123.656,124.049,123.575,123.753,12573,MT5,H4
2022-04-06 04:00:00,123.751,124.023,123.741,123.881,9233,MT5,H4
2022-04-06 08:00:00,123.882,123.995,123.613,123.869,9339,MT5,H4
2022-04-06 12:00:00,123.871,123.943,123.684,123.717,12374,MT5,H4
2022-04-06 16:00:00,123.718,123.93,123.458,123.785,12720,MT5,H4
2022-04-06 20:00:00,123.774,123.919,123.693,123.724,1978,MT5,H4
2022-04-07 00:00:00,123.721,123.747,123.469,123.703,8255,MT5,H4
2022-04-07 04:00:00,123.705,123.844,123.59,123.761,6515,MT5,H4
2022-04-07 08:00:00,123.763,123.953,123.609,123.94,7870,MT5,H4
2022-04-07 12:00:00,123.938,123.998,123.752,123.802,10660,MT5,H4
2022-04-07 16:00:00,123.8,124.0,123.799,123.944,3351,MT5,H4
2022-04-07 20:00:00,123.923,124.205,123.903,124.096,2221,MT5,H4
2022-04-08 00:00:00,124.096,124.153,123.666,123.946,10171,MT5,H4
2022-04-08 04:00:00,123.944,124.146,123.908,124.044,5852,MT5,H4
2022-04-08 08:00:00,124.043,124.191,124.03,124.172,5203,MT5,H4
2022-04-08 12:00:00,124.169,124.675,124.156,124.309,13270,MT5,H4
2022-04-08 16:00:00,124.311,124.429,124.273,124.349,2945,MT5,H4
2022-04-08 20:00:00,124.348,124.348,124.26,124.271,243,MT5,H4
2022-04-10 20:00:00,124.043,124.428,124.043,124.397,1853,MT5,H4
2022-04-11 00:00:00,124.397,124.995,124.282,124.864,11391,MT5,H4
2022-04-11 04:00:00,124.866,125.435,124.833,125.244,13766,MT5,H4
2022-04-11 08:00:00,125.245,125.7,125.158,125.7,10297,MT5,H4
2022-04-11 12:00:00,125.698,125.768,125.405,125.548,12899,MT5,H4
2022-04-11 16:00:00,125.546,125.606,125.395,125.401,3075,MT5,H4
2022-04-11 20:00:00,125.378,125.552,125.321,125.481,2509,MT5,H4
2022-04-12 00:00:00,125.48,125.562,125.105,125.42,10999,MT5,H4
2022-04-12 04:00:00,125.418,125.755,125.197,125.515,10664,MT5,H4
2022-04-12 08:00:00,125.516,125.725,125.475,125.475,6509,MT5,H4
2022-04-12 12:00:00,125.475,125.603,124.764,125.239,23991,MT5,H4
2022-04-12 16:00:00,125.237,125.342,125.051,125.332,6764,MT5,H4
2022-04-12 20:00:00,125.313,125.494,125.284,125.424,1686,MT5,H4
2022-04-13 00:00:00,125.427,125.649,125.347,125.506,7196,MT5,H4
2022-04-13 04:00:00,125.507,126.313,125.487,126.036,16807,MT5,H4
2022-04-13 08:00:00,126.039,126.21,125.617,125.828,12032,MT5,H4
2022-04-13 12:00:00,125.831,125.996,125.486,125.532,15407,MT5,H4
2022-04-13 16:00:00,125.534,125.707,125.37,125.677,6542,MT5,H4
2022-04-13 20:00:00,125.668,125.686,125.355,125.363,3063,MT5,H4
2022-04-14 00:00:00,125.364,125.591,125.1,125.223,10638,MT5,H4
2022-04-14 04:00:00,125.222,125.466,125.083,125.333,8418,MT5,H4
2022-04-14 08:00:00,125.332,125.444,125.195,125.347,7320,MT5,H4
2022-04-14 12:00:00,125.347,126.012,125.273,125.923,19399,MT5,H4
2022-04-14 16:00:00,125.922,125.988,125.827,125.942,3654,MT5,H4
2022-04-14 20:00:00,125.932,126.2,125.83,126.166,2166,MT5,H4
2022-04-15 00:00:00,126.165,126.528,126.05,126.357,3610,MT5,H4
2022-04-15 04:00:00,126.358,126.666,126.314,126.446,3686,MT5,H4
2022-04-15 08:00:00,126.445,126.484,126.398,126.457,2275,MT5,H4
2022-04-15 12:00:00,126.454,126.51,126.281,126.299,2169,MT5,H4
2022-04-15 16:00:00,126.3,126.39,126.299,126.35,3194,MT5,H4
2022-04-15 20:00:00,126.32,126.445,126.314,126.372,538,MT5,H4
2022-04-17 20:00:00,126.389,126.7,126.319,126.611,2938,MT5,H4
2022-04-18 00:00:00,126.612,126.787,126.237,126.669,11621,MT5,H4
2022-04-18 04:00:00,126.669,126.682,126.446,126.636,4539,MT5,H4
2022-04-18 08:00:00,126.638,126.688,126.535,126.546,3379,MT5,H4
2022-04-18 12:00:00,126.546,126.811,126.435,126.774,8337,MT5,H4
2022-04-18 16:00:00,126.775,126.981,126.759,126.941,3906,MT5,H4
2022-04-18 20:00:00,126.923,127.221,126.917,127.143,2300,MT5,H4
2022-04-19 00:00:00,127.145,127.969,126.988,127.92,14234,MT5,H4
2022-04-19 04:00:00,127.918,128.322,127.779,128.064,20089,MT5,H4
2022-04-19 08:00:00,128.064,128.458,128.044,128.197,12263,MT5,H4
2022-04-19 12:00:00,128.198,128.913,128.069,128.545,20078,MT5,H4
2022-04-19 16:00:00,128.546,128.972,128.546,128.861,6130,MT5,H4
2022-04-19 20:00:00,128.827,129.383,128.822,129.328,5618,MT5,H4
2022-04-20 00:00:00,129.329,129.402,128.059,128.351,37571,MT5,H4
2022-04-20 04:00:00,128.351,128.743,128.351,128.669,18260,MT5,H4
2022-04-20 08:00:00,128.667,128.704,127.601,127.877,19284,MT5,H4
2022-04-20 12:00:00,127.876,128.277,127.451,127.765,21558,MT5,H4
2022-04-20 16:00:00,127.763,127.915,127.658,127.713,7077,MT5,H4
2022-04-20 20:00:00,127.715,128.207,127.701,127.981,4030,MT5,H4
2022-04-21 00:00:00,127.981,128.633,127.963,128.304,15972,MT5,H4
2022-04-21 04:00:00,128.301,128.439,127.862,128.019,14516,MT5,H4
2022-04-21 08:00:00,128.019,128.272,127.802,128.232,10119,MT5,H4
2022-04-21 12:00:00,128.23,128.702,128.035,128.593,16909,MT5,H4
2022-04-21 16:00:00,128.593,128.688,128.066,128.282,11181,MT5,H4
2022-04-21 20:00:00,128.281,128.47,128.209,128.435,3315,MT5,H4
2022-04-22 00:00:00,128.438,128.687,128.315,128.458,13448,MT5,H4
2022-04-22 04:00:00,128.46,128.521,127.735,128.065,20831,MT5,H4
2022-04-22 08:00:00,128.064,128.526,128.061,128.266,10079,MT5,H4
2022-04-22 12:00:00,128.267,129.101,128.126,128.786,25745,MT5,H4
2022-04-22 16:00:00,128.787,128.933,128.43,128.534,9080,MT5,H4
2022-04-22 20:00:00,128.536,128.554,128.437,128.518,476,MT5,H4
2022-04-24 20:00:00,128.542,128.838,128.435,128.607,3067,MT5,H4
2022-04-25 00:00:00,128.607,128.858,128.237,128.362,14927,MT5,H4
2022-04-25 04:00:00,128.364,128.593,127.967,128.194,15659,MT5,H4
2022-04-25 08:00:00,128.191,128.492,127.875,128.166,15226,MT5,H4
2022-04-25 12:00:00,128.167,128.279,127.52,127.668,26747,MT5,H4
2022-04-25 16:00:00,127.666,128.098,127.555,128.016,8743,MT5,H4
2022-04-25 20:00:00,128.005,128.201,127.738,127.772,3833,MT5,H4
2022-04-26 00:00:00,127.774,128.086,127.344,128.022,23301,MT5,H4
2022-04-26 04:00:00,128.024,128.199,127.711,127.89,15686,MT5,H4
2022-04-26 08:00:00,127.889,128.047,127.485,127.543,11743,MT5,H4
2022-04-26 12:00:00,127.544,127.603,127.022,127.368,21080,MT5,H4
2022-04-26 16:00:00,127.37,127.682,127.351,127.424,6744,MT5,H4
2022-04-26 20:00:00,127.391,127.441,126.923,127.263,4352,MT5,H4
2022-04-27 00:00:00,127.261,127.825,127.245,127.717,13585,MT5,H4
2022-04-27 04:00:00,127.718,128.101,127.482,127.989,14036,MT5,H4
2022-04-27 08:00:00,127.987,128.194,127.785,128.059,11387,MT5,H4
2022-04-27 12:00:00,128.056,128.589,127.905,128.448,18097,MT5,H4
2022-04-27 16:00:00,128.448,128.452,128.199,128.307,6250,MT5,H4
2022-04-27 20:00:00,128.307,128.549,128.29,128.442,3195,MT5,H4
2022-04-28 00:00:00,128.44,129.868,128.352,129.702,27503,MT5,H4
2022-04-28 04:00:00,129.702,130.702,129.55,130.591,35345,MT5,H4
2022-04-28 08:00:00,130.593,131.009,130.176,130.918,31475,MT5,H4
2022-04-28 12:00:00,130.918,131.251,130.278,130.936,31116,MT5,H4
2022-04-28 16:00:00,130.934,131.13,130.809,130.882,9023,MT5,H4
2022-04-28 20:00:00,130.865,130.933,130.757,130.784,2628,MT5,H4
2022-04-29 00:00:00,130.785,130.82,130.367,130.641,9950,MT5,H4
2022-04-29 04:00:00,130.639,130.665,129.98,130.011,14577,MT5,H4
2022-04-29 08:00:00,130.013,130.494,129.768,130.006,21624,MT5,H4
2022-04-29 12:00:00,130.005,130.38,129.36,129.814,33287,MT5,H4
2022-04-29 16:00:00,129.816,129.871,129.315,129.761,11814,MT5,H4
2022-04-29 20:00:00,129.749,129.901,129.743,129.799,682,MT5,H4
2022-05-01 20:00:00,129.747,130.278,129.728,130.0,4950,MT5,H4
2022-05-02 00:00:00,130.0,130.368,129.611,130.282,15820,MT5,H4
2022-05-02 04:00:00,130.283,130.476,130.071,130.11,9907,MT5,H4
2022-05-02 08:00:00,130.109,130.165,129.822,129.894,10997,MT5,H4
2022-05-02 12:00:00,129.893,130.349,129.697,130.198,15813,MT5,H4
2022-05-02 16:00:00,130.197,130.253,130.075,130.208,5452,MT5,H4
2022-05-02 20:00:00,130.16,130.211,130.053,130.102,1872,MT5,H4
2022-05-03 00:00:00,130.101,130.101,129.853,129.985,5567,MT5,H4
2022-05-03 04:00:00,129.983,130.287,129.96,130.191,7660,MT5,H4
2022-05-03 08:00:00,130.19,130.205,129.907,129.913,7302,MT5,H4
2022-05-03 12:00:00,129.915,130.081,129.697,130.072,14188,MT5,H4
2022-05-03 16:00:00,130.074,130.202,130.057,130.121,4514,MT5,H4
2022-05-03 20:00:00,130.111,130.16,130.005,130.123,1582,MT5,H4
2022-05-04 00:00:00,130.122,130.202,130.072,130.132,2895,MT5,H4
2022-05-04 04:00:00,130.134,130.184,130.074,130.097,4218,MT5,H4
2022-05-04 08:00:00,130.098,130.099,129.89,129.942,4053,MT5,H4
2022-05-04 12:00:00,129.944,130.125,129.787,129.975,10006,MT5,H4
2022-05-04 16:00:00,129.974,130.383,128.623,129.132,49945,MT5,H4
2022-05-04 20:00:00,129.134,129.539,129.025,129.234,4734,MT5,H4
2022-05-05 00:00:00,129.235,129.299,128.753,129.096,13447,MT5,H4
2022-05-05 04:00:00,129.097,129.762,129.096,129.685,12457,MT5,H4
2022-05-05 08:00:00,129.687,130.004,129.538,129.994,12304,MT5,H4
2022-05-05 12:00:00,129.992,130.44,129.72,130.405,21109,MT5,H4
2022-05-05 16:00:00,130.406,130.556,129.983,130.013,12285,MT5,H4
2022-05-05 20:00:00,130.015,130.353,130.0,130.32,3837,MT5,H4
2022-05-06 00:00:00,130.323,130.806,130.21,130.605,14471,MT5,H4
2022-05-06 04:00:00,130.603,130.695,130.326,130.521,10733,MT5,H4
2022-05-06 08:00:00,130.521,130.572,130.239,130.418,8939,MT5,H4
2022-05-06 12:00:00,130.419,130.708,130.145,130.363,24756,MT5,H4
2022-05-06 16:00:00,130.363,130.631,130.285,130.541,6175,MT5,H4
2022-05-06 20:00:00,130.543,130.591,130.511,130.53,298,MT5,H4
2022-05-08 20:00:00,130.503,130.78,130.47,130.737,2902,MT5,H4
2022-05-09 00:00:00,130.735,131.066,130.676,130.96,10546,MT5,H4
2022-05-09 04:00:00,130.962,131.344,130.884,131.199,10114,MT5,H4
2022-05-09 08:00:00,131.198,131.241,130.989,131.02,8360,MT5,H4
2022-05-09 12:00:00,131.022,131.022,130.111,130.391,20851,MT5,H4
2022-05-09 16:00:00,130.392,130.433,130.123,130.21,7998,MT5,H4
2022-05-09 20:00:00,130.185,130.56,130.185,130.378,4015,MT5,H4
2022-05-10 00:00:00,130.376,130.47,129.792,130.252,19592,MT5,H4
2022-05-10 04:00:00,130.254,130.548,130.212,130.352,10923,MT5,H4
2022-05-10 08:00:00,130.353,130.359,129.86,130.072,10823,MT5,H4
2022-05-10 12:00:00,130.074,130.456,129.914,130.216,17229,MT5,H4
2022-05-10 16:00:00,130.218,130.437,130.087,130.37,7167,MT5,H4
2022-05-10 20:00:00,130.335,130.442,130.252,130.366,2423,MT5,H4
2022-05-11 00:00:00,130.365,130.467,130.227,130.389,7792,MT5,H4
2022-05-11 04:00:00,130.391,130.489,129.891,129.971,8835,MT5,H4
2022-05-11 08:00:00,129.969,130.08,129.585,129.813,11339,MT5,H4
2022-05-11 12:00:00,129.81,130.811,129.769,130.198,36851,MT5,H4
2022-05-11 16:00:00,130.199,130.228,129.443,129.941,14165,MT5,H4
2022-05-11 20:00:00,129.942,130.049,129.802,129.846,2980,MT5,H4
2022-05-12 00:00:00,129.846,129.905,129.506,129.826,15146,MT5,H4
2022-05-12 04:00:00,129.826,129.847,128.585,128.835,23792,MT5,H4
2022-05-12 08:00:00,128.837,128.873,128.402,128.525,27607,MT5,H4
2022-05-12 12:00:00,128.523,128.739,127.518,128.103,36262,MT5,H4
2022-05-12 16:00:00,128.102,128.444,128.073,128.442,12404,MT5,H4
2022-05-12 20:00:00,128.397,128.633,128.259,128.602,3770,MT5,H4
2022-05-13 00:00:00,128.603,129.357,128.346,129.085,19134,MT5,H4
2022-05-13 04:00:00,129.083,129.132,128.491,128.802,16710,MT5,H4
2022-05-13 08:00:00,128.802,129.094,128.705,129.056,12200,MT5,H4
2022-05-13 12:00:00,129.057,129.45,128.863,129.228,19184,MT5,H4
2022-05-13 16:00:00,129.23,129.427,129.201,129.322,7224,MT5,H4
2022-05-13 20:00:00,129.305,129.335,129.234,129.234,328,MT5,H4
2022-05-15 20:00:00,129.243,129.498,129.213,129.407,2521,MT5,H4
2022-05-16 00:00:00,129.408,129.634,128.699,128.905,15818,MT5,H4
2022-05-16 04:00:00,128.905,129.399,128.794,129.359,11535,MT5,H4
2022-05-16 08:00:00,129.362,129.493,129.229,129.484,8689,MT5,H4
2022-05-16 12:00:00,129.485,129.613,128.981,129.135,15227,MT5,H4
2022-05-16 16:00:00,129.137,129.402,129.011,129.106,5396,MT5,H4
2022-05-16 20:00:00,129.076,129.123,128.86,128.949,2211,MT5,H4
2022-05-17 00:00:00,128.948,129.447,128.828,129.336,12233,MT5,H4
2022-05-17 04:00:00,129.337,129.432,129.201,129.39,7320,MT5,H4
2022-05-17 08:00:00,129.392,129.557,129.186,129.324,7675,MT5,H4
2022-05-17 12:00:00,129.322,129.78,129.069,129.315,15275,MT5,H4
2022-05-17 16:00:00,129.313,129.466,129.182,129.38,7047,MT5,H4
2022-05-17 20:00:00,129.368,129.533,129.314,129.42,1954,MT5,H4
2022-05-18 00:00:00,129.423,129.456,129.074,129.123,10215,MT5,H4
2022-05-18 04:00:00,129.126,129.338,128.942,129.321,8930,MT5,H4
2022-05-18 08:00:00,129.323,129.345,129.06,129.105,6452,MT5,H4
2022-05-18 12:00:00,129.102,129.129,128.12,128.212,16385,MT5,H4
2022-05-18 16:00:00,128.213,128.348,128.009,128.25,8694,MT5,H4
2022-05-18 20:00:00,128.229,128.458,127.907,127.927,5047,MT5,H4
2022-05-19 00:00:00,127.928,128.861,127.895,128.749,15812,MT5,H4
2022-05-19 04:00:00,128.75,128.941,127.981,128.23,16661,MT5,H4
2022-05-19 08:00:00,128.229,128.23,127.576,127.933,17738,MT5,H4
2022-05-19 12:00:00,127.933,127.97,127.023,127.63,31407,MT5,H4
2022-05-19 16:00:00,127.628,127.746,127.508,127.712,8156,MT5,H4
2022-05-19 20:00:00,127.702,127.95,127.653,127.851,3281,MT5,H4
2022-05-20 00:00:00,127.851,128.212,127.526,127.61,16968,MT5,H4
2022-05-20 04:00:00,127.613,128.106,127.563,127.939,15215,MT5,H4
2022-05-20 08:00:00,127.941,128.295,127.851,128.045,10389,MT5,H4
2022-05-20 12:00:00,128.048,128.244,127.728,127.864,18412,MT5,H4
2022-05-20 16:00:00,127.865,127.889,127.588,127.853,7983,MT5,H4
2022-05-20 20:00:00,127.832,127.918,127.779,127.881,669,MT5,H4
2022-05-22 20:00:00,127.838,128.044,127.805,127.89,2341,MT5,H4
2022-05-23 00:00:00,127.892,127.954,127.152,127.375,14660,MT5,H4
2022-05-23 04:00:00,127.372,127.929,127.304,127.59,12066,MT5,H4
2022-05-23 08:00:00,127.591,127.66,127.36,127.612,9306,MT5,H4
2022-05-23 12:00:00,127.611,127.888,127.477,127.805,11996,MT5,H4
2022-05-23 16:00:00,127.807,127.941,127.737,127.895,4234,MT5,H4
2022-05-23 20:00:00,127.876,127.921,127.741,127.819,2253,MT5,H4
2022-05-24 00:00:00,127.817,128.083,127.628,127.78,12056,MT5,H4
2022-05-24 04:00:00,127.779,127.779,127.24,127.286,11712,MT5,H4
2022-05-24 08:00:00,127.285,127.522,127.081,127.388,11240,MT5,H4
2022-05-24 12:00:00,127.387,127.48,126.358,126.557,27168,MT5,H4
2022-05-24 16:00:00,126.557,126.888,126.481,126.879,7989,MT5,H4
2022-05-24 20:00:00,126.866,126.918,126.716,126.735,2562,MT5,H4
2022-05-25 00:00:00,126.735,127.217,126.653,127.081,14805,MT5,H4
2022-05-25 04:00:00,127.081,127.292,126.838,127.121,10688,MT5,H4
2022-05-25 08:00:00,127.12,127.182,126.849,126.971,9699,MT5,H4
2022-05-25 12:00:00,126.969,127.439,126.795,127.314,15395,MT5,H4
2022-05-25 16:00:00,127.313,127.493,127.23,127.304,8481,MT5,H4
2022-05-25 20:00:00,127.278,127.32,127.119,127.15,1916,MT5,H4
2022-05-26 00:00:00,127.152,127.58,127.129,127.395,10458,MT5,H4
2022-05-26 04:00:00,127.397,127.443,126.552,126.599,15876,MT5,H4
2022-05-26 08:00:00,126.599,127.152,126.557,127.028,11544,MT5,H4
2022-05-26 12:00:00,127.026,127.42,126.891,127.219,13316,MT5,H4
2022-05-26 16:00:00,127.222,127.38,127.038,127.094,4453,MT5,H4
2022-05-26 20:00:00,127.086,127.15,126.993,127.102,2129,MT5,H4
2022-05-27 00:00:00,127.1,127.189,126.675,126.812,13700,MT5,H4
2022-05-27 04:00:00,126.813,127.195,126.724,127.13,7304,MT5,H4
2022-05-27 08:00:00,127.131,127.187,126.872,126.918,7450,MT5,H4
2022-05-27 12:00:00,126.916,127.251,126.812,127.145,11846,MT5,H4
2022-05-27 16:00:00,127.142,127.193,127.021,127.126,2723,MT5,H4
2022-05-27 20:00:00,127.127,127.129,127.049,127.099,321,MT5,H4
2022-05-29 20:00:00,127.035,127.343,127.027,127.27,1605,MT5,H4
2022-05-30 00:00:00,127.272,127.319,126.858,126.98,7144,MT5,H4
2022-05-30 04:00:00,126.977,127.382,126.945,127.361,5894,MT5,H4
2022-05-30 08:00:00,127.359,127.432,127.248,127.423,4644,MT5,H4
2022-05-30 12:00:00,127.423,127.821,127.423,127.536,6979,MT5,H4
2022-05-30 16:00:00,127.534,127.606,127.501,127.552,823,MT5,H4
2022-05-30 20:00:00,127.504,127.873,127.478,127.779,2732,MT5,H4
2022-05-31 00:00:00,127.781,128.338,127.749,128.085,13425,MT5,H4
2022-05-31 04:00:00,128.083,128.157,127.633,127.75,12627,MT5,H4
2022-05-31 08:00:00,127.751,128.236,127.67,128.178,9727,MT5,H4
2022-05-31 12:00:00,128.176,128.887,128.176,128.539,18629,MT5,H4
2022-05-31 16:00:00,128.539,128.775,128.464,128.719,5346,MT5,H4
2022-05-31 20:00:00,128.695,128.757,128.644,128.734,2121,MT5,H4
2022-06-01 00:00:00,128.735,129.183,128.735,129.129,10828,MT5,H4
2022-06-01 04:00:00,129.128,129.542,129.107,129.402,9888,MT5,H4
2022-06-01 08:00:00,129.403,129.611,129.224,129.552,8094,MT5,H4
2022-06-01 12:00:00,129.549,130.131,129.205,130.1,16991,MT5,H4
2022-06-01 16:00:00,130.099,130.181,129.948,130.168,5901,MT5,H4
2022-06-01 20:00:00,130.157,130.236,130.078,130.123,1862,MT5,H4
2022-06-02 00:00:00,130.124,130.216,129.886,130.082,9658,MT5,H4
2022-06-02 04:00:00,130.082,130.09,129.765,129.892,6060,MT5,H4
2022-06-02 08:00:00,129.894,129.964,129.612,129.672,5777,MT5,H4
2022-06-02 12:00:00,129.672,130.038,129.511,129.838,15825,MT5,H4
2022-06-02 16:00:00,129.839,129.88,129.717,129.853,4085,MT5,H4
2022-06-02 20:00:00,129.851,129.96,129.808,129.936,1546,MT5,H4
2022-06-03 00:00:00,129.934,130.037,129.684,129.837,8232,MT5,H4
2022-06-03 04:00:00,129.839,130.05,129.799,129.885,4993,MT5,H4
2022-06-03 08:00:00,129.883,130.193,129.866,130.133,4676,MT5,H4
2022-06-03 12:00:00,130.13,130.973,130.071,130.947,16787,MT5,H4
2022-06-03 16:00:00,130.947,130.977,130.795,130.857,3649,MT5,H4
2022-06-03 20:00:00,130.847,130.868,130.783,130.811,298,MT5,H4
2022-06-05 20:00:00,130.848,130.971,130.707,130.721,2276,MT5,H4
2022-06-06 00:00:00,130.72,130.839,130.465,130.491,7251,MT5,H4
2022-06-06 04:00:00,130.489,130.826,130.43,130.769,6499,MT5,H4
2022-06-06 08:00:00,130.768,130.825,130.614,130.649,4994,MT5,H4
2022-06-06 12:00:00,130.652,131.68,130.65,131.554,10690,MT5,H4
2022-06-06 16:00:00,131.556,132.009,131.502,131.845,4816,MT5,H4
2022-06-06 20:00:00,131.827,132.298,131.827,132.174,3874,MT5,H4
2022-06-07 00:00:00,132.176,132.754,132.092,132.601,15247,MT5,H4
2022-06-07 04:00:00,132.603,132.998,132.564,132.772,15268,MT5,H4
2022-06-07 08:00:00,132.769,132.873,132.545,132.859,9230,MT5,H4
2022-06-07 12:00:00,132.857,132.893,132.317,132.535,14820,MT5,H4
2022-06-07 16:00:00,132.532,132.667,132.472,132.637,5257,MT5,H4
2022-06-07 20:00:00,132.626,132.847,132.555,132.82,2090,MT5,H4
2022-06-08 00:00:00,132.818,133.211,132.719,133.054,10706,MT5,H4
2022-06-08 04:00:00,133.052,133.634,132.94,133.577,12075,MT5,H4
2022-06-08 08:00:00,133.577,134.129,133.559,133.982,13929,MT5,H4
2022-06-08 12:00:00,133.982,134.471,133.603,134.046,22556,MT5,H4
2022-06-08 16:00:00,134.048,134.282,133.892,134.255,6300,MT5,H4
2022-06-08 20:00:00,134.237,134.527,134.13,134.456,3703,MT5,H4
2022-06-09 00:00:00,134.454,134.555,133.826,133.945,13605,MT5,H4
2022-06-09 04:00:00,133.946,134.201,133.4,133.48,16499,MT5,H4
2022-06-09 08:00:00,133.478,133.791,133.183,133.709,15166,MT5,H4
2022-06-09 12:00:00,133.71,134.309,133.599,134.068,25301,MT5,H4
2022-06-09 16:00:00,134.067,134.428,134.031,134.428,6120,MT5,H4
2022-06-09 20:00:00,134.396,134.474,134.298,134.392,2325,MT5,H4
2022-06-10 00:00:00,134.39,134.39,133.914,134.092,13143,MT5,H4
2022-06-10 04:00:00,134.093,134.22,133.362,133.608,19506,MT5,H4
2022-06-10 08:00:00,133.607,134.004,133.584,133.954,9377,MT5,H4
2022-06-10 12:00:00,133.951,134.391,133.519,134.196,30147,MT5,H4
2022-06-10 16:00:00,134.195,134.395,134.166,134.379,6532,MT5,H4
2022-06-10 20:00:00,134.368,134.464,134.33,134.368,524,MT5,H4
2022-06-12 20:00:00,134.334,134.849,134.321,134.785,3883,MT5,H4
2022-06-13 00:00:00,134.784,134.996,134.667,134.909,12799,MT5,H4
2022-06-13 04:00:00,134.911,135.198,134.419,134.591,21258,MT5,H4
2022-06-13 08:00:00,134.593,134.699,134.136,134.499,14632,MT5,H4
2022-06-13 12:00:00,134.501,134.501,133.59,134.126,26062,MT5,H4
2022-06-13 16:00:00,134.128,134.664,133.943,134.361,18855,MT5,H4
2022-06-13 20:00:00,134.336,134.492,134.197,134.237,4212,MT5,H4
2022-06-14 00:00:00,134.235,134.815,133.87,134.571,22425,MT5,H4
2022-06-14 04:00:00,134.569,134.78,134.261,134.419,18156,MT5,H4
2022-06-14 08:00:00,134.421,134.553,134.015,134.512,14640,MT5,H4
2022-06-14 12:00:00,134.513,134.979,134.246,134.894,20794,MT5,H4
2022-06-14 16:00:00,134.896,135.443,134.745,135.175,11348,MT5,H4
2022-06-14 20:00:00,135.154,135.551,135.109,135.275,4171,MT5,H4
2022-06-15 00:00:00,135.273,135.304,134.867,135.083,15680,MT5,H4
2022-06-15 04:00:00,135.081,135.136,134.519,134.703,17846,MT5,H4
2022-06-15 08:00:00,134.701,134.783,134.293,134.521,15249,MT5,H4
2022-06-15 12:00:00,134.522,134.83,134.395,134.501,16652,MT5,H4
2022-06-15 16:00:00,134.501,134.952,133.54,133.726,46410,MT5,H4
2022-06-15 20:00:00,133.703,134.21,133.475,134.048,5406,MT5,H4
2022-06-16 00:00:00,134.046,134.675,133.946,134.301,12824,MT5,H4
2022-06-16 04:00:00,134.3,134.64,134.179,134.23,13195,MT5,H4
2022-06-16 08:00:00,134.228,134.33,132.315,132.843,54752,MT5,H4
2022-06-16 12:00:00,132.841,132.997,131.491,131.669,33220,MT5,H4
2022-06-16 16:00:00,131.668,132.281,131.544,132.049,20084,MT5,H4
2022-06-16 20:00:00,132.048,132.695,132.008,132.416,6603,MT5,H4
2022-06-17 00:00:00,132.413,134.644,132.176,134.218,65765,MT5,H4
2022-06-17 04:00:00,134.217,134.593,133.737,134.294,35655,MT5,H4
2022-06-17 08:00:00,134.292,134.915,134.217,134.687,25439,MT5,H4
2022-06-17 12:00:00,134.689,135.421,134.434,135.16,24247,MT5,H4
2022-06-17 16:00:00,135.158,135.17,134.853,134.972,7733,MT5,H4
2022-06-17 20:00:00,134.975,134.995,134.845,134.952,740,MT5,H4
2022-06-19 20:00:00,134.935,135.38,134.921,135.294,5407,MT5,H4
2022-06-20 00:00:00,135.295,135.44,134.663,134.843,19227,MT5,H4
2022-06-20 04:00:00,134.845,135.099,134.53,134.657,13817,MT5,H4
2022-06-20 08:00:00,134.659,134.951,134.616,134.945,8357,MT5,H4
2022-06-20 12:00:00,134.944,135.144,134.856,135.008,8273,MT5,H4
2022-06-20 16:00:00,135.005,135.132,135.002,135.01,1016,MT5,H4
2022-06-20 20:00:00,134.967,135.178,134.963,135.096,3357,MT5,H4
2022-06-21 00:00:00,135.097,135.211,134.922,134.984,11581,MT5,H4
2022-06-21 04:00:00,134.986,135.27,134.983,135.223,7092,MT5,H4
2022-06-21 08:00:00,135.224,136.246,135.18,136.176,15086,MT5,H4
2022-06-21 12:00:00,136.174,136.332,135.906,136.245,18825,MT5,H4
2022-06-21 16:00:00,136.247,136.665,136.207,136.663,6585,MT5,H4
2022-06-21 20:00:00,136.613,136.691,136.248,136.316,4855,MT5,H4
2022-06-22 00:00:00,136.315,136.504,136.048,136.201,16341,MT5,H4
2022-06-22 04:00:00,136.199,136.622,136.141,136.234,12739,MT5,H4
2022-06-22 08:00:00,136.237,136.306,135.809,136.05,13689,MT5,H4
2022-06-22 12:00:00,136.048,136.19,135.681,136.065,23488,MT5,H4
2022-06-22 16:00:00,136.064,136.3,136.005,136.236,5849,MT5,H4
2022-06-22 20:00:00,136.187,136.252,135.867,135.99,4040,MT5,H4
2022-06-23 00:00:00,135.988,136.194,135.121,135.346,20799,MT5,H4
2022-06-23 04:00:00,135.348,135.873,135.261,135.362,15460,MT5,H4
2022-06-23 08:00:00,135.364,135.664,135.253,135.581,14033,MT5,H4
2022-06-23 12:00:00,135.579,135.587,134.263,134.723,34136,MT5,H4
2022-06-23 16:00:00,134.725,134.988,134.665,134.928,9877,MT5,H4
2022-06-23 20:00:00,134.911,134.975,134.728,134.819,2934,MT5,H4
2022-06-24 00:00:00,134.816,135.222,134.545,134.679,13570,MT5,H4
2022-06-24 04:00:00,134.681,134.888,134.35,134.524,12345,MT5,H4
2022-06-24 08:00:00,134.525,135.3,134.522,135.247,12467,MT5,H4
2022-06-24 12:00:00,135.244,135.27,134.714,135.211,23753,MT5,H4
2022-06-24 16:00:00,135.213,135.396,135.097,135.194,6165,MT5,H4
2022-06-24 20:00:00,135.16,135.225,135.14,135.163,469,MT5,H4
2022-06-26 20:00:00,135.11,135.217,135.009,135.054,2840,MT5,H4
2022-06-27 00:00:00,135.052,135.104,134.519,134.832,15813,MT5,H4
2022-06-27 04:00:00,134.833,135.17,134.664,135.07,9144,MT5,H4
2022-06-27 08:00:00,135.071,135.472,134.95,135.437,8082,MT5,H4
2022-06-27 12:00:00,135.435,135.549,135.011,135.293,16338,MT5,H4
2022-06-27 16:00:00,135.291,135.484,135.209,135.446,5417,MT5,H4
2022-06-27 20:00:00,135.411,135.474,135.293,135.438,2561,MT5,H4
2022-06-28 00:00:00,135.436,135.589,135.11,135.308,10614,MT5,H4
2022-06-28 04:00:00,135.305,135.831,135.246,135.755,8771,MT5,H4
2022-06-28 08:00:00,135.753,136.291,135.633,136.089,10582,MT5,H4
2022-06-28 12:00:00,136.087,136.318,135.936,136.199,16503,MT5,H4
2022-06-28 16:00:00,136.2,136.381,136.047,136.181,6590,MT5,H4
2022-06-28 20:00:00,136.172,136.233,135.978,136.042,2791,MT5,H4
2022-06-29 00:00:00,136.045,136.227,135.895,136.171,9821,MT5,H4
2022-06-29 04:00:00,136.172,136.271,135.769,136.015,14641,MT5,H4
2022-06-29 08:00:00,136.017,136.584,136.017,136.489,10822,MT5,H4
2022-06-29 12:00:00,136.492,136.998,136.339,136.482,20492,MT5,H4
2022-06-29 16:00:00,136.48,136.614,136.342,136.59,6394,MT5,H4
2022-06-29 20:00:00,136.579,136.652,136.484,136.62,3306,MT5,H4
2022-06-30 00:00:00,136.617,136.805,136.478,136.604,9794,MT5,H4
2022-06-30 04:00:00,136.607,136.64,135.959,136.214,11264,MT5,H4
2022-06-30 08:00:00,136.215,136.44,136.133,136.286,9325,MT5,H4
2022-06-30 12:00:00,136.283,136.302,135.675,135.702,19862,MT5,H4
2022-06-30 16:00:00,135.705,135.756,135.551,135.691,6966,MT5,H4
2022-06-30 20:00:00,135.689,135.867,135.643,135.797,2636,MT5,H4
2022-07-01 00:00:00,135.796,135.982,134.976,135.118,14901,MT5,H4
2022-07-01 04:00:00,135.116,135.351,134.743,135.305,15402,MT5,H4
2022-07-01 08:00:00,135.304,135.684,135.035,135.284,12766,MT5,H4
2022-07-01 12:00:00,135.285,135.549,134.789,135.086,24864,MT5,H4
2022-07-01 16:00:00,135.084,135.393,135.054,135.29,6834,MT5,H4
2022-07-01 20:00:00,135.265,135.305,135.206,135.241,378,MT5,H4
2022-07-03 20:00:00,135.246,135.296,134.993,135.001,2929,MT5,H4
2022-07-04 00:00:00,135.003,135.177,134.781,135.17,9953,MT5,H4
2022-07-04 04:00:00,135.168,135.519,135.064,135.443,7157,MT5,H4
2022-07-04 08:00:00,135.445,135.542,135.247,135.323,5761,MT5,H4
2022-07-04 12:00:00,135.322,135.77,135.288,135.68,5165,MT5,H4
2022-07-04 16:00:00,135.681,135.715,135.654,135.677,820,MT5,H4
2022-07-04 20:00:00,135.632,135.973,135.559,135.864,3023,MT5,H4
2022-07-05 00:00:00,135.862,136.359,135.788,136.129,10338,MT5,H4
2022-07-05 04:00:00,136.127,136.323,136.008,136.084,8967,MT5,H4
2022-07-05 08:00:00,136.082,136.202,135.553,135.978,14069,MT5,H4
2022-07-05 12:00:00,135.977,136.107,135.517,135.691,23643,MT5,H4
2022-07-05 16:00:00,135.693,135.861,135.624,135.77,6747,MT5,H4
2022-07-05 20:00:00,135.773,135.902,135.419,135.537,4435,MT5,H4
2022-07-06 00:00:00,135.539,135.763,135.125,135.365,12688,MT5,H4
2022-07-06 04:00:00,135.363,135.691,135.023,135.426,12464,MT5,H4
2022-07-06 08:00:00,135.428,135.497,135.064,135.248,11715,MT5,H4
2022-07-06 12:00:00,135.246,136.006,134.948,135.665,27549,MT5,H4
2022-07-06 16:00:00,135.667,136.001,135.556,135.866,10684,MT5,H4
2022-07-06 20:00:00,135.844,136.128,135.752,135.953,3581,MT5,H4
2022-07-07 00:00:00,135.951,136.061,135.548,135.733,10535,MT5,H4
2022-07-07 04:00:00,135.732,136.174,135.6,136.129,9914,MT5,H4
2022-07-07 08:00:00,136.13,136.218,135.656,135.69,10911,MT5,H4
2022-07-07 12:00:00,135.687,136.009,135.558,135.999,13037,MT5,H4
2022-07-07 16:00:00,135.997,136.105,135.922,135.988,3392,MT5,H4
2022-07-07 20:00:00,135.99,136.046,135.909,135.918,1820,MT5,H4
2022-07-08 00:00:00,135.917,136.147,135.326,135.593,22816,MT5,H4
2022-07-08 04:00:00,135.59,135.898,135.441,135.83,13427,MT5,H4
2022-07-08 08:00:00,135.832,135.975,135.516,135.831,10171,MT5,H4
2022-07-08 12:00:00,135.83,136.563,135.796,136.17,26389,MT5,H4
2022-07-08 16:00:00,136.171,136.197,136.038,136.054,3287,MT5,H4
2022-07-08 20:00:00,136.037,136.109,136.03,136.036,385,MT5,H4
2022-07-10 20:00:00,136.05,136.352,136.027,136.295,2103,MT5,H4
2022-07-11 00:00:00,136.296,137.275,136.227,137.014,17215,MT5,H4
2022-07-11 04:00:00,137.016,137.153,136.709,136.805,9433,MT5,H4
2022-07-11 08:00:00,136.802,137.385,136.772,137.343,6952,MT5,H4
2022-07-11 12:00:00,137.344,137.748,137.273,137.287,15240,MT5,H4
2022-07-11 16:00:00,137.286,137.455,137.254,137.378,4300,MT5,H4
2022-07-11 20:00:00,137.348,137.434,137.276,137.412,2560,MT5,H4
2022-07-12 00:00:00,137.411,137.444,137.028,137.241,11244,MT5,H4
2022-07-12 04:00:00,137.243,137.531,137.178,137.342,10861,MT5,H4
2022-07-12 08:00:00,137.34,137.341,136.623,136.775,12519,MT5,H4
2022-07-12 12:00:00,136.773,136.85,136.472,136.674,13444,MT5,H4
2022-07-12 16:00:00,136.676,136.831,136.655,136.809,3874,MT5,H4
2022-07-12 20:00:00,136.79,136.903,136.692,136.732,2492,MT5,H4
2022-07-13 00:00:00,136.733,137.251,136.69,137.121,9865,MT5,H4
2022-07-13 04:00:00,137.124,137.247,136.931,137.036,7342,MT5,H4
2022-07-13 08:00:00,137.038,137.197,136.978,137.041,5031,MT5,H4
2022-07-13 12:00:00,137.043,137.862,136.998,137.348,32442,MT5,H4
2022-07-13 16:00:00,137.346,137.392,137.118,137.305,8215,MT5,H4
2022-07-13 20:00:00,137.287,137.648,137.287,137.631,3219,MT5,H4
2022-07-14 00:00:00,137.629,138.122,137.589,138.016,12974,MT5,H4
2022-07-14 04:00:00,138.017,139.171,137.994,139.099,12233,MT5,H4
2022-07-14 08:00:00,139.097,139.385,138.596,138.866,16973,MT5,H4
2022-07-14 12:00:00,138.864,139.377,138.704,138.926,22780,MT5,H4
2022-07-14 16:00:00,138.928,139.176,138.718,138.902,10516,MT5,H4
2022-07-14 20:00:00,138.9,139.103,138.833,138.976,2771,MT5,H4
2022-07-15 00:00:00,138.974,139.085,138.765,138.999,10291,MT5,H4
2022-07-15 04:00:00,139.001,139.053,138.558,138.912,7927,MT5,H4
2022-07-15 08:00:00,138.913,138.926,138.641,138.682,7388,MT5,H4
2022-07-15 12:00:00,138.684,138.926,138.384,138.554,21705,MT5,H4
2022-07-15 16:00:00,138.553,138.637,138.475,138.533,3756,MT5,H4
2022-07-15 20:00:00,138.502,138.543,138.451,138.451,435,MT5,H4
2022-07-17 20:00:00,138.507,138.554,138.274,138.295,2335,MT5,H4
2022-07-18 00:00:00,138.297,138.452,138.028,138.331,5542,MT5,H4
2022-07-18 04:00:00,138.329,138.374,138.007,138.084,5889,MT5,H4
2022-07-18 08:00:00,138.083,138.327,137.89,138.279,6333,MT5,H4
2022-07-18 12:00:00,138.277,138.435,137.968,138.238,9899,MT5,H4
2022-07-18 16:00:00,138.239,138.239,137.993,138.062,3966,MT5,H4
2022-07-18 20:00:00,138.044,138.352,138.035,138.256,2926,MT5,H4
2022-07-19 00:00:00,138.257,138.389,137.98,137.995,8361,MT5,H4
2022-07-19 04:00:00,137.996,138.105,137.705,137.737,7949,MT5,H4
2022-07-19 08:00:00,137.735,137.803,137.38,137.475,8887,MT5,H4
2022-07-19 12:00:00,137.478,137.961,137.444,137.936,12344,MT5,H4
2022-07-19 16:00:00,137.938,138.241,137.86,138.224,4077,MT5,H4
2022-07-19 20:00:00,138.196,138.236,138.111,138.188,2589,MT5,H4
2022-07-20 00:00:00,138.185,138.372,137.917,138.094,7559,MT5,H4
2022-07-20 04:00:00,138.097,138.329,137.901,138.131,6061,MT5,H4
2022-07-20 08:00:00,138.13,138.264,138.069,138.142,6116,MT5,H4
2022-07-20 12:00:00,138.144,138.227,137.961,138.17,9037,MT5,H4
2022-07-20 16:00:00,138.171,138.289,138.159,138.212,3227,MT5,H4
2022-07-20 20:00:00,138.195,138.47,138.178,138.415,2568,MT5,H4
2022-07-21 00:00:00,138.416,138.551,137.982,138.282,10815,MT5,H4
2022-07-21 04:00:00,138.281,138.653,138.058,138.588,8053,MT5,H4
2022-07-21 08:00:00,138.59,138.874,138.459,138.749,8286,MT5,H4
2022-07-21 12:00:00,138.748,138.844,137.708,137.962,26935,MT5,H4
2022-07-21 16:00:00,137.96,138.011,137.478,137.516,5286,MT5,H4
2022-07-21 20:00:00,137.482,137.552,137.022,137.075,5139,MT5,H4
2022-07-22 00:00:00,137.078,137.745,137.032,137.65,11091,MT5,H4
2022-07-22 04:00:00,137.651,137.951,137.509,137.581,10106,MT5,H4
2022-07-22 08:00:00,137.58,137.753,136.79,136.893,12318,MT5,H4
2022-07-22 12:00:00,136.891,136.992,135.566,136.132,28839,MT5,H4
2022-07-22 16:00:00,136.134,136.276,135.883,135.989,7337,MT5,H4
2022-07-22 20:00:00,135.962,136.095,135.956,136.047,674,MT5,H4
2022-07-24 20:00:00,136.118,136.415,136.023,136.34,3216,MT5,H4
2022-07-25 00:00:00,136.338,136.609,135.888,136.268,12561,MT5,H4
2022-07-25 04:00:00,136.266,136.477,136.08,136.407,8563,MT5,H4
2022-07-25 08:00:00,136.404,136.641,136.22,136.612,8307,MT5,H4
2022-07-25 12:00:00,136.611,136.786,136.408,136.726,11837,MT5,H4
2022-07-25 16:00:00,136.725,136.744,136.587,136.643,2864,MT5,H4
2022-07-25 20:00:00,136.616,136.671,136.349,136.409,2190,MT5,H4
2022-07-26 00:00:00,136.406,136.565,136.273,136.53,6878,MT5,H4
2022-07-26 04:00:00,136.532,136.733,136.463,136.652,4772,MT5,H4
2022-07-26 08:00:00,136.653,136.84,136.467,136.658,7131,MT5,H4
2022-07-26 12:00:00,136.656,136.733,136.282,136.623,12629,MT5,H4
2022-07-26 16:00:00,136.621,136.825,136.56,136.822,3447,MT5,H4
2022-07-26 20:00:00,136.791,136.985,136.773,136.962,2432,MT5,H4
2022-07-27 00:00:00,136.96,137.139,136.8,136.952,7382,MT5,H4
2022-07-27 04:00:00,136.951,137.047,136.832,136.983,5407,MT5,H4
2022-07-27 08:00:00,136.984,136.984,136.528,136.77,5871,MT5,H4
2022-07-27 12:00:00,136.769,137.348,136.749,137.348,11086,MT5,H4
2022-07-27 16:00:00,137.346,137.46,136.321,136.508,28309,MT5,H4
2022-07-27 20:00:00,136.498,136.604,136.079,136.115,3967,MT5,H4
2022-07-28 00:00:00,136.116,136.416,135.102,135.358,23493,MT5,H4
2022-07-28 04:00:00,135.36,135.795,135.245,135.58,12386,MT5,H4
2022-07-28 08:00:00,135.583,135.743,135.295,135.708,9578,MT5,H4
2022-07-28 12:00:00,135.707,135.714,134.337,134.444,29854,MT5,H4
2022-07-28 16:00:00,134.445,134.633,134.199,134.283,6847,MT5,H4
2022-07-28 20:00:00,134.273,134.574,134.181,134.401,5167,MT5,H4
2022-07-29 00:00:00,134.4,134.673,132.956,133.168,24978,MT5,H4
2022-07-29 04:00:00,133.165,133.46,132.503,132.767,29192,MT5,H4
2022-07-29 08:00:00,132.77,133.559,132.749,133.442,16691,MT5,H4
2022-07-29 12:00:00,133.444,134.592,133.213,133.217,34869,MT5,H4
2022-07-29 16:00:00,133.219,133.507,133.218,133.346,7568,MT5,H4
2022-07-29 20:00:00,133.344,133.344,133.191,133.21,544,MT5,H4
2022-07-31 20:00:00,133.259,133.556,133.181,133.371,2801,MT5,H4
2022-08-01 00:00:00,133.369,133.408,132.061,132.581,24923,MT5,H4
2022-08-01 04:00:00,132.579,132.644,132.096,132.549,13885,MT5,H4
2022-08-01 08:00:00,132.551,132.663,131.868,132.416,19895,MT5,H4
2022-08-01 12:00:00,132.414,132.503,131.601,131.819,25686,MT5,H4
2022-08-01 16:00:00,131.816,131.987,131.623,131.643,6331,MT5,H4
2022-08-01 20:00:00,131.626,131.707,131.373,131.404,4559,MT5,H4
2022-08-02 00:00:00,131.403,131.524,130.393,130.841,26632,MT5,H4
2022-08-02 04:00:00,130.844,131.089,130.426,130.825,17744,MT5,H4
2022-08-02 08:00:00,130.828,131.176,130.699,130.99,14446,MT5,H4
2022-08-02 12:00:00,130.988,132.39,130.641,132.306,34477,MT5,H4
2022-08-02 16:00:00,132.306,133.078,132.128,133.07,15702,MT5,H4
2022-08-02 20:00:00,133.023,133.6,132.846,133.342,7658,MT5,H4
2022-08-03 00:00:00,133.34,133.9,132.552,132.604,22273,MT5,H4
2022-08-03 04:00:00,132.606,133.413,132.284,133.214,25636,MT5,H4
2022-08-03 08:00:00,133.215,133.532,132.957,133.466,16342,MT5,H4
2022-08-03 12:00:00,133.468,134.546,133.452,134.202,29079,MT5,H4
2022-08-03 16:00:00,134.2,134.205,133.757,133.943,9693,MT5,H4
2022-08-03 20:00:00,133.943,134.138,133.79,133.93,3213,MT5,H4
2022-08-04 00:00:00,133.928,133.962,133.42,133.788,15131,MT5,H4
2022-08-04 04:00:00,133.789,134.3,133.668,134.153,13131,MT5,H4
2022-08-04 08:00:00,134.153,134.42,133.717,133.789,15171,MT5,H4
2022-08-04 12:00:00,133.787,133.863,133.051,133.281,28699,MT5,H4
2022-08-04 16:00:00,133.282,133.31,132.761,132.872,9445,MT5,H4
2022-08-04 20:00:00,132.829,133.123,132.52,132.615,5667,MT5,H4
2022-08-05 00:00:00,132.617,133.358,132.571,133.223,15519,MT5,H4
2022-08-05 04:00:00,133.224,133.471,133.098,133.301,10796,MT5,H4
2022-08-05 08:00:00,133.3,133.317,132.841,133.143,11995,MT5,H4
2022-08-05 12:00:00,133.141,135.5,133.08,135.303,41272,MT5,H4
2022-08-05 16:00:00,135.305,135.404,134.86,135.042,10393,MT5,H4
2022-08-05 20:00:00,134.997,135.031,134.923,134.999,667,MT5,H4
2022-08-07 20:00:00,134.999,135.284,134.923,135.06,3774,MT5,H4
2022-08-08 00:00:00,135.062,135.58,135.031,135.118,15380,MT5,H4
2022-08-08 04:00:00,135.12,135.462,134.91,134.989,11745,MT5,H4
2022-08-08 08:00:00,134.991,135.202,134.599,134.794,11490,MT5,H4
2022-08-08 12:00:00,134.796,134.997,134.35,134.726,17565,MT5,H4
2022-08-08 16:00:00,134.726,135.109,134.592,135.073,4667,MT5,H4
2022-08-08 20:00:00,135.063,135.063,134.813,134.836,2583,MT5,H4
2022-08-09 00:00:00,134.838,135.045,134.666,134.926,9408,MT5,H4
2022-08-09 04:00:00,134.928,135.155,134.829,134.886,7238,MT5,H4
2022-08-09 08:00:00,134.885,135.087,134.713,135.077,9882,MT5,H4
2022-08-09 12:00:00,135.078,135.187,134.852,134.952,10621,MT5,H4
2022-08-09 16:00:00,134.952,135.199,134.92,135.12,3107,MT5,H4
2022-08-09 20:00:00,135.099,135.197,135.044,135.193,2243,MT5,H4
2022-08-10 00:00:00,135.194,135.301,134.918,134.948,7103,MT5,H4
2022-08-10 04:00:00,134.946,135.096,134.89,134.946,5248,MT5,H4
2022-08-10 08:00:00,134.944,135.048,134.8,134.812,6733,MT5,H4
2022-08-10 12:00:00,134.81,135.094,132.027,132.574,57112,MT5,H4
2022-08-10 16:00:00,132.572,133.071,132.349,132.91,12855,MT5,H4
2022-08-10 20:00:00,132.892,132.94,132.694,132.812,2915,MT5,H4
2022-08-11 00:00:00,132.81,133.309,132.603,133.159,8951,MT5,H4
2022-08-11 04:00:00,133.161,133.193,132.427,132.434,11707,MT5,H4
2022-08-11 08:00:00,132.435,132.706,132.29,132.372,10323,MT5,H4
2022-08-11 12:00:00,132.374,132.887,131.734,132.68,31245,MT5,H4
2022-08-11 16:00:00,132.682,133.132,132.605,133.113,7890,MT5,H4
2022-08-11 20:00:00,133.089,133.115,132.849,133.01,2541,MT5,H4
2022-08-12 00:00:00,133.011,133.491,132.901,133.279,10630,MT5,H4
2022-08-12 04:00:00,133.278,133.437,133.071,133.261,10223,MT5,H4
2022-08-12 08:00:00,133.263,133.889,133.166,133.82,13265,MT5,H4
2022-08-12 12:00:00,133.821,133.883,133.433,133.578,24390,MT5,H4
2022-08-12 16:00:00,133.58,133.606,133.432,133.481,3718,MT5,H4
2022-08-12 20:00:00,133.483,133.519,133.4,133.485,445,MT5,H4
2022-08-14 20:00:00,133.383,133.581,133.217,133.309,2461,MT5,H4
2022-08-15 00:00:00,133.31,133.392,132.913,133.186,9487,MT5,H4
2022-08-15 04:00:00,133.184,133.539,133.127,133.516,6887,MT5,H4
2022-08-15 08:00:00,133.516,133.518,133.152,133.182,8386,MT5,H4
2022-08-15 12:00:00,133.18,133.185,132.553,133.143,19970,MT5,H4
2022-08-15 16:00:00,133.14,133.336,133.11,133.295,3908,MT5,H4
2022-08-15 20:00:00,133.272,133.323,133.046,133.134,3221,MT5,H4
2022-08-16 00:00:00,133.132,133.486,132.95,133.34,9700,MT5,H4
2022-08-16 04:00:00,133.342,133.797,133.265,133.666,7806,MT5,H4
2022-08-16 08:00:00,133.664,134.483,133.635,134.389,12591,MT5,H4
2022-08-16 12:00:00,134.388,134.681,134.205,134.385,16109,MT5,H4
2022-08-16 16:00:00,134.386,134.455,134.164,134.193,3634,MT5,H4
2022-08-16 20:00:00,134.173,134.323,134.156,134.282,2175,MT5,H4
2022-08-17 00:00:00,134.284,134.429,133.905,134.134,9689,MT5,H4
2022-08-17 04:00:00,134.136,134.852,134.083,134.794,10926,MT5,H4
2022-08-17 08:00:00,134.796,135.196,134.647,135.156,10053,MT5,H4
2022-08-17 12:00:00,135.155,135.495,134.939,135.424,17243,MT5,H4
2022-08-17 16:00:00,135.422,135.477,134.79,135.022,13185,MT5,H4
2022-08-17 20:00:00,135.005,135.169,134.937,134.953,2475,MT5,H4
2022-08-18 00:00:00,134.955,135.082,134.73,135.068,8870,MT5,H4
2022-08-18 04:00:00,135.069,135.426,134.987,135.294,10651,MT5,H4
2022-08-18 08:00:00,135.296,135.343,134.774,134.802,9851,MT5,H4
2022-08-18 12:00:00,134.803,135.335,134.645,135.295,19325,MT5,H4
2022-08-18 16:00:00,135.297,135.898,135.275,135.882,7850,MT5,H4
2022-08-18 20:00:00,135.863,135.897,135.715,135.806,1762,MT5,H4
2022-08-19 00:00:00,135.807,136.37,135.807,136.303,10961,MT5,H4
2022-08-19 04:00:00,136.304,136.686,136.121,136.661,9834,MT5,H4
2022-08-19 08:00:00,136.659,137.134,136.389,137.023,10694,MT5,H4
2022-08-19 12:00:00,137.021,137.227,136.722,137.021,14128,MT5,H4
2022-08-19 16:00:00,137.019,137.02,136.737,136.786,4257,MT5,H4
2022-08-19 20:00:00,136.753,136.906,136.747,136.887,416,MT5,H4
2022-08-21 20:00:00,136.829,137.075,136.805,137.025,2595,MT5,H4
2022-08-22 00:00:00,137.023,137.432,136.948,137.24,9218,MT5,H4
2022-08-22 04:00:00,137.239,137.3,136.767,136.843,10589,MT5,H4
2022-08-22 08:00:00,136.841,137.098,136.687,136.977,10407,MT5,H4
2022-08-22 12:00:00,136.978,137.645,136.978,137.57,13138,MT5,H4
2022-08-22 16:00:00,137.572,137.583,137.35,137.44,4554,MT5,H4
2022-08-22 20:00:00,137.421,137.61,137.401,137.574,2158,MT5,H4
2022-08-23 00:00:00,137.575,137.705,137.078,137.199,10641,MT5,H4
2022-08-23 04:00:00,137.201,137.415,137.036,137.274,10535,MT5,H4
2022-08-23 08:00:00,137.273,137.542,137.173,137.369,7232,MT5,H4
2022-08-23 12:00:00,137.367,137.64,135.807,136.364,31304,MT5,H4
2022-08-23 16:00:00,136.366,136.882,136.336,136.795,5989,MT5,H4
2022-08-23 20:00:00,136.776,136.847,136.583,136.742,3983,MT5,H4
2022-08-24 00:00:00,136.743,137.039,136.65,136.806,8899,MT5,H4
2022-08-24 04:00:00,136.808,136.849,136.359,136.544,10095,MT5,H4
2022-08-24 08:00:00,136.546,136.864,136.172,136.714,10812,MT5,H4
2022-08-24 12:00:00,136.712,137.241,136.552,136.925,20099,MT5,H4
2022-08-24 16:00:00,136.923,137.208,136.912,137.099,4127,MT5,H4
2022-08-24 20:00:00,137.079,137.142,136.947,137.095,2125,MT5,H4
2022-08-25 00:00:00,137.097,137.197,136.584,136.816,10700,MT5,H4
2022-08-25 04:00:00,136.815,136.844,136.398,136.48,10169,MT5,H4
2022-08-25 08:00:00,136.477,136.597,136.318,136.397,9049,MT5,H4
2022-08-25 12:00:00,136.395,136.951,136.375,136.835,15831,MT5,H4
2022-08-25 16:00:00,136.833,136.886,136.397,136.512,5098,MT5,H4
2022-08-25 20:00:00,136.494,136.624,136.398,136.564,1756,MT5,H4
2022-08-26 00:00:00,136.562,136.79,136.492,136.657,5515,MT5,H4
2022-08-26 04:00:00,136.655,137.122,136.651,137.022,6605,MT5,H4
2022-08-26 08:00:00,137.02,137.043,136.809,136.976,6452,MT5,H4
2022-08-26 12:00:00,136.978,137.451,136.205,137.07,43149,MT5,H4
2022-08-26 16:00:00,137.068,137.482,137.036,137.45,7514,MT5,H4
2022-08-26 20:00:00,137.432,137.521,137.351,137.511,506,MT5,H4
2022-08-28 20:00:00,137.625,138.208,137.549,138.163,3723,MT5,H4
2022-08-29 00:00:00,138.165,138.671,138.083,138.581,10575,MT5,H4
2022-08-29 04:00:00,138.58,138.998,138.548,138.699,11181,MT5,H4
2022-08-29 08:00:00,138.701,138.861,138.362,138.574,9236,MT5,H4
2022-08-29 12:00:00,138.572,138.845,138.267,138.746,13721,MT5,H4
2022-08-29 16:00:00,138.744,138.875,138.642,138.697,4548,MT5,H4
2022-08-29 20:00:00,138.678,138.764,138.583,138.644,2513,MT5,H4
2022-08-30 00:00:00,138.646,138.677,138.379,138.576,8660,MT5,H4
2022-08-30 04:00:00,138.577,138.657,138.337,138.453,10525,MT5,H4
2022-08-30 08:00:00,138.455,138.455,138.049,138.196,10017,MT5,H4
2022-08-30 12:00:00,138.193,139.075,138.17,138.726,19474,MT5,H4
2022-08-30 16:00:00,138.727,138.797,138.61,138.725,5333,MT5,H4
2022-08-30 20:00:00,138.679,138.842,138.679,138.759,2018,MT5,H4
2022-08-31 00:00:00,138.761,138.791,138.418,138.593,9235,MT5,H4
2022-08-31 04:00:00,138.595,138.619,138.269,138.599,7905,MT5,H4
2022-08-31 08:00:00,138.597,138.888,138.533,138.752,9650,MT5,H4
2022-08-31 12:00:00,138.75,138.849,138.446,138.707,18072,MT5,H4
2022-08-31 16:00:00,138.705,138.95,138.632,138.915,5046,MT5,H4
2022-08-31 20:00:00,138.896,139.441,138.878,139.33,3975,MT5,H4
2022-09-01 00:00:00,139.329,139.68,139.286,139.521,11444,MT5,H4
2022-09-01 04:00:00,139.519,139.57,139.137,139.28,9869,MT5,H4
2022-09-01 08:00:00,139.278,139.363,139.056,139.224,9064,MT5,H4
2022-09-01 12:00:00,139.223,140.221,139.188,139.928,21096,MT5,H4
2022-09-01 16:00:00,139.93,140.226,139.87,140.198,5254,MT5,H4
2022-09-01 20:00:00,140.174,140.269,140.042,140.083,2417,MT5,H4
2022-09-02 00:00:00,140.084,140.199,139.87,140.149,7992,MT5,H4
2022-09-02 04:00:00,140.147,140.428,140.133,140.244,7156,MT5,H4
2022-09-02 08:00:00,140.246,140.483,140.241,140.432,5913,MT5,H4
2022-09-02 12:00:00,140.43,140.798,139.915,140.049,27542,MT5,H4
2022-09-02 16:00:00,140.051,140.319,140.025,140.242,6165,MT5,H4
2022-09-02 20:00:00,140.197,140.229,140.135,140.171,522,MT5,H4
2022-09-04 20:00:00,140.116,140.549,140.074,140.538,3014,MT5,H4
2022-09-05 00:00:00,140.54,140.551,140.116,140.343,8811,MT5,H4
2022-09-05 04:00:00,140.344,140.593,140.293,140.568,8295,MT5,H4
2022-09-05 08:00:00,140.567,140.584,140.377,140.501,6765,MT5,H4
2022-09-05 12:00:00,140.499,140.659,140.483,140.485,4496,MT5,H4
2022-09-05 16:00:00,140.487,140.559,140.485,140.539,570,MT5,H4
2022-09-05 20:00:00,140.492,140.572,140.342,140.432,2466,MT5,H4
2022-09-06 00:00:00,140.43,140.603,140.249,140.595,7407,MT5,H4
2022-09-06 04:00:00,140.594,141.732,140.571,141.536,12804,MT5,H4
2022-09-06 08:00:00,141.538,142.103,141.512,141.905,10715,MT5,H4
2022-09-06 12:00:00,141.904,142.974,141.872,142.947,22055,MT5,H4
2022-09-06 16:00:00,142.949,143.072,142.758,142.804,5575,MT5,H4
2022-09-06 20:00:00,142.78,143.469,142.694,143.16,6800,MT5,H4
2022-09-07 00:00:00,143.159,144.088,142.925,144.0,26439,MT5,H4
2022-09-07 04:00:00,144.002,144.382,143.757,143.9,21487,MT5,H4
2022-09-07 08:00:00,143.902,144.988,143.876,144.962,16483,MT5,H4
2022-09-07 12:00:00,144.961,144.961,144.22,144.385,19068,MT5,H4
2022-09-07 16:00:00,144.386,144.444,143.669,143.717,9275,MT5,H4
2022-09-07 20:00:00,143.699,144.309,143.688,144.092,4225,MT5,H4
2022-09-08 00:00:00,144.091,144.556,143.927,144.003,14551,MT5,H4
2022-09-08 04:00:00,144.002,144.114,143.461,143.821,17493,MT5,H4
2022-09-08 08:00:00,143.822,144.143,143.317,143.479,16191,MT5,H4
2022-09-08 12:00:00,143.477,144.44,143.395,144.07,33564,MT5,H4
2022-09-08 16:00:00,144.069,144.244,143.879,144.016,6680,MT5,H4
2022-09-08 20:00:00,143.97,144.105,143.796,143.876,3201,MT5,H4
2022-09-09 00:00:00,143.874,143.958,143.054,143.152,18124,MT5,H4
2022-09-09 04:00:00,143.151,143.216,142.143,142.357,24223,MT5,H4
2022-09-09 08:00:00,142.358,142.625,141.501,142.541,21359,MT5,H4
2022-09-09 12:00:00,142.543,142.82,142.152,142.446,27397,MT5,H4
2022-09-09 16:00:00,142.444,142.767,142.432,142.687,6353,MT5,H4
2022-09-09 20:00:00,142.644,142.695,142.548,142.569,634,MT5,H4
2022-09-11 20:00:00,142.125,142.754,142.122,142.563,2617,MT5,H4
2022-09-12 00:00:00,142.565,143.036,142.33,142.949,12394,MT5,H4
2022-09-12 04:00:00,142.946,143.492,142.621,142.766,16987,MT5,H4
2022-09-12 08:00:00,142.765,142.958,142.414,142.55,15094,MT5,H4
2022-09-12 12:00:00,142.551,142.871,142.231,142.44,19692,MT5,H4
2022-09-12 16:00:00,142.441,142.838,142.158,142.821,6567,MT5,H4
2022-09-12 20:00:00,142.79,142.839,142.51,142.582,2619,MT5,H4
2022-09-13 00:00:00,142.58,142.737,142.317,142.502,12781,MT5,H4
2022-09-13 04:00:00,142.5,142.594,142.042,142.254,12416,MT5,H4
2022-09-13 08:00:00,142.253,142.409,141.873,142.034,11471,MT5,H4
2022-09-13 12:00:00,142.033,144.682,141.63,144.317,65835,MT5,H4
2022-09-13 16:00:00,144.319,144.507,144.112,144.472,11720,MT5,H4
2022-09-13 20:00:00,144.455,144.934,144.313,144.454,9610,MT5,H4
2022-09-14 00:00:00,144.453,144.849,144.068,144.407,22455,MT5,H4
2022-09-14 04:00:00,144.406,144.442,143.262,143.312,30975,MT5,H4
2022-09-14 08:00:00,143.31,143.722,142.895,143.381,26546,MT5,H4
2022-09-14 12:00:00,143.383,143.515,142.549,142.928,28938,MT5,H4
2022-09-14 16:00:00,142.93,143.219,142.832,143.186,5661,MT5,H4
2022-09-14 20:00:00,143.169,143.194,142.795,142.92,3173,MT5,H4
2022-09-15 00:00:00,142.918,143.49,142.907,143.411,14300,MT5,H4
2022-09-15 04:00:00,143.412,143.798,143.288,143.565,10794,MT5,H4
2022-09-15 08:00:00,143.564,143.674,143.218,143.508,11547,MT5,H4
2022-09-15 12:00:00,143.506,143.72,143.15,143.57,23809,MT5,H4
2022-09-15 16:00:00,143.568,143.602,143.332,143.458,5055,MT5,H4
2022-09-15 20:00:00,143.433,143.504,143.3,143.337,2147,MT5,H4
2022-09-16 00:00:00,143.335,143.491,142.827,143.365,12487,MT5,H4
2022-09-16 04:00:00,143.364,143.69,143.217,143.452,10453,MT5,H4
2022-09-16 08:00:00,143.45,143.49,142.952,143.075,9655,MT5,H4
2022-09-16 12:00:00,143.073,143.353,142.86,143.039,17719,MT5,H4
2022-09-16 16:00:00,143.037,143.059,142.853,142.906,4707,MT5,H4
2022-09-16 20:00:00,142.877,142.972,142.876,142.912,495,MT5,H4
2022-09-18 20:00:00,142.901,143.098,142.641,142.757,3695,MT5,H4
2022-09-19 00:00:00,142.755,143.21,142.681,143.175,8646,MT5,H4
2022-09-19 04:00:00,143.173,143.54,143.125,143.507,6167,MT5,H4
2022-09-19 08:00:00,143.508,143.642,143.359,143.625,6689,MT5,H4
2022-09-19 12:00:00,143.624,143.642,143.17,143.339,10737,MT5,H4
2022-09-19 16:00:00,143.341,143.385,143.15,143.169,3293,MT5,H4
2022-09-19 20:00:00,143.149,143.338,143.145,143.181,2591,MT5,H4
2022-09-20 00:00:00,143.179,143.294,142.932,143.19,10049,MT5,H4
2022-09-20 04:00:00,143.187,143.551,143.184,143.462,7326,MT5,H4
2022-09-20 08:00:00,143.465,143.813,143.459,143.621,8306,MT5,H4
2022-09-20 12:00:00,143.62,143.919,143.492,143.638,13117,MT5,H4
2022-09-20 16:00:00,143.639,143.702,143.522,143.675,4542,MT5,H4
2022-09-20 20:00:00,143.656,143.745,143.537,143.582,2555,MT5,H4
2022-09-21 00:00:00,143.58,143.874,143.477,143.832,10078,MT5,H4
2022-09-21 04:00:00,143.834,144.073,143.341,143.741,14795,MT5,H4
2022-09-21 08:00:00,143.742,144.204,143.661,144.073,8902,MT5,H4
2022-09-21 12:00:00,144.072,144.206,143.871,144.138,12289,MT5,H4
2022-09-21 16:00:00,144.14,144.689,143.397,143.862,42429,MT5,H4
2022-09-21 20:00:00,143.845,144.552,143.844,144.24,5320,MT5,H4
2022-09-22 00:00:00,144.241,145.387,143.512,144.851,42664,MT5,H4
2022-09-22 04:00:00,144.85,145.899,144.629,145.773,32463,MT5,H4
2022-09-22 08:00:00,145.774,145.844,140.685,141.252,150846,MT5,H4
2022-09-22 12:00:00,141.254,142.383,140.348,142.162,68875,MT5,H4
2022-09-22 16:00:00,142.16,142.501,142.094,142.346,10618,MT5,H4
2022-09-22 20:00:00,142.325,142.561,142.243,142.271,5088,MT5,H4
2022-09-23 00:00:00,142.269,142.443,141.763,142.214,14904,MT5,H4
2022-09-23 04:00:00,142.213,142.455,142.085,142.274,16655,MT5,H4
2022-09-23 08:00:00,142.275,143.263,142.248,142.795,37669,MT5,H4
2022-09-23 12:00:00,142.797,143.328,142.671,143.177,33599,MT5,H4
2022-09-23 16:00:00,143.178,143.458,143.084,143.293,10110,MT5,H4
2022-09-23 20:00:00,143.273,143.341,143.249,143.337,792,MT5,H4
2022-09-25 20:00:00,143.613,143.614,143.224,143.529,5046,MT5,H4
2022-09-26 00:00:00,143.526,144.158,143.42,143.961,27122,MT5,H4
2022-09-26 04:00:00,143.958,144.26,143.52,143.826,28225,MT5,H4
2022-09-26 08:00:00,143.824,144.37,143.553,144.2,20858,MT5,H4
2022-09-26 12:00:00,144.201,144.504,143.791,144.468,26496,MT5,H4
2022-09-26 16:00:00,144.466,144.785,144.454,144.58,12257,MT5,H4
2022-09-26 20:00:00,144.546,144.719,144.442,144.468,4339,MT5,H4
2022-09-27 00:00:00,144.47,144.633,144.268,144.411,12448,MT5,H4
2022-09-27 04:00:00,144.409,144.551,144.06,144.27,14799,MT5,H4
2022-09-27 08:00:00,144.268,144.5,144.222,144.444,12585,MT5,H4
2022-09-27 12:00:00,144.441,144.85,144.375,144.711,22486,MT5,H4
2022-09-27 16:00:00,144.71,144.9,144.69,144.829,7523,MT5,H4
2022-09-27 20:00:00,144.811,144.868,144.681,144.707,3025,MT5,H4
2022-09-28 00:00:00,144.705,144.848,144.386,144.702,13366,MT5,H4
2022-09-28 04:00:00,144.701,144.817,144.496,144.564,11118,MT5,H4
2022-09-28 08:00:00,144.562,144.824,144.481,144.743,22408,MT5,H4
2022-09-28 12:00:00,144.745,144.753,144.151,144.158,25924,MT5,H4
2022-09-28 16:00:00,144.157,144.346,143.906,144.095,11896,MT5,H4
2022-09-28 20:00:00,144.07,144.462,144.032,144.415,4104,MT5,H4
2022-09-29 00:00:00,144.413,144.455,144.204,144.406,9864,MT5,H4
2022-09-29 04:00:00,144.407,144.812,144.399,144.672,16494,MT5,H4
2022-09-29 08:00:00,144.67,144.793,144.584,144.699,13168,MT5,H4
2022-09-29 12:00:00,144.701,144.776,144.422,144.448,19060,MT5,H4
2022-09-29 16:00:00,144.449,144.636,144.254,144.436,6712,MT5,H4
2022-09-29 20:00:00,144.391,144.506,144.277,144.423,3569,MT5,H4
2022-09-30 00:00:00,144.424,144.769,144.394,144.738,9735,MT5,H4
2022-09-30 04:00:00,144.735,144.738,144.257,144.317,12248,MT5,H4
2022-09-30 08:00:00,144.316,144.638,144.202,144.63,9621,MT5,H4
2022-09-30 12:00:00,144.628,144.95,144.431,144.715,19927,MT5,H4
2022-09-30 16:00:00,144.716,144.807,144.661,144.724,5442,MT5,H4
2022-09-30 20:00:00,144.726,144.79,144.704,144.728,735,MT5,H4
2022-10-02 20:00:00,144.698,144.886,144.597,144.803,2785,MT5,H4
2022-10-03 00:00:00,144.805,144.861,144.496,144.842,8267,MT5,H4
2022-10-03 04:00:00,144.843,145.316,144.646,145.027,19092,MT5,H4
2022-10-03 08:00:00,145.026,145.21,144.831,144.85,8447,MT5,H4
2022-10-03 12:00:00,144.847,144.969,144.149,144.499,17601,MT5,H4
2022-10-03 16:00:00,144.501,144.789,144.41,144.665,5586,MT5,H4
2022-10-03 20:00:00,144.639,144.694,144.415,144.524,2765,MT5,H4
2022-10-04 00:00:00,144.522,144.912,144.411,144.729,8958,MT5,H4
2022-10-04 04:00:00,144.727,144.868,144.526,144.656,11306,MT5,H4
2022-10-04 08:00:00,144.655,144.848,144.589,144.811,8733,MT5,H4
2022-10-04 12:00:00,144.809,144.931,144.29,144.334,15438,MT5,H4
2022-10-04 16:00:00,144.332,144.332,143.889,144.049,7729,MT5,H4
2022-10-04 20:00:00,144.041,144.211,143.772,143.852,3537,MT5,H4
2022-10-05 00:00:00,143.85,144.336,143.525,144.073,15813,MT5,H4
2022-10-05 04:00:00,144.075,144.507,144.0,144.44,11274,MT5,H4
2022-10-05 08:00:00,144.442,144.558,144.272,144.508,10132,MT5,H4
2022-10-05 12:00:00,144.51,144.843,144.374,144.735,14831,MT5,H4
2022-10-05 16:00:00,144.737,144.786,144.392,144.561,4932,MT5,H4
2022-10-05 20:00:00,144.511,144.676,144.432,144.437,3174,MT5,H4
2022-10-06 00:00:00,144.436,144.698,144.384,144.571,6493,MT5,H4
2022-10-06 04:00:00,144.572,144.679,144.481,144.582,6477,MT5,H4
2022-10-06 08:00:00,144.584,144.771,144.562,144.694,7044,MT5,H4
2022-10-06 12:00:00,144.692,144.956,144.568,144.943,11665,MT5,H4
2022-10-06 16:00:00,144.945,145.135,144.885,145.122,5867,MT5,H4
2022-10-06 20:00:00,145.094,145.126,144.907,145.044,2271,MT5,H4
2022-10-07 00:00:00,145.042,145.103,144.847,144.961,7666,MT5,H4
2022-10-07 04:00:00,144.959,145.077,144.841,144.912,5351,MT5,H4
2022-10-07 08:00:00,144.91,144.953,144.717,144.929,5468,MT5,H4
2022-10-07 12:00:00,144.93,145.348,144.73,145.194,20909,MT5,H4
2022-10-07 16:00:00,145.196,145.44,145.149,145.356,3103,MT5,H4
2022-10-07 20:00:00,145.336,145.393,145.302,145.366,433,MT5,H4
2022-10-09 20:00:00,145.294,145.487,145.294,145.465,1730,MT5,H4
2022-10-10 00:00:00,145.462,145.664,145.336,145.437,5263,MT5,H4
2022-10-10 04:00:00,145.438,145.477,145.234,145.431,4871,MT5,H4
2022-10-10 08:00:00,145.429,145.59,145.422,145.538,5616,MT5,H4
2022-10-10 12:00:00,145.54,145.801,145.441,145.724,8806,MT5,H4
2022-10-10 16:00:00,145.722,145.788,145.606,145.719,3521,MT5,H4
2022-10-10 20:00:00,145.709,145.736,145.623,145.668,2004,MT5,H4
2022-10-11 00:00:00,145.667,145.777,145.548,145.73,7065,MT5,H4
2022-10-11 04:00:00,145.728,145.859,145.538,145.622,7213,MT5,H4
2022-10-11 08:00:00,145.623,145.761,145.498,145.564,6694,MT5,H4
2022-10-11 12:00:00,145.563,145.788,145.536,145.546,8691,MT5,H4
2022-10-11 16:00:00,145.547,145.895,145.426,145.826,6568,MT5,H4
2022-10-11 20:00:00,145.816,145.943,145.694,145.89,2649,MT5,H4
2022-10-12 00:00:00,145.888,146.385,145.815,146.209,17805,MT5,H4
2022-10-12 04:00:00,146.207,146.279,146.004,146.171,11503,MT5,H4
2022-10-12 08:00:00,146.172,146.629,146.149,146.599,8541,MT5,H4
2022-10-12 12:00:00,146.597,146.957,146.579,146.875,12937,MT5,H4
2022-10-12 16:00:00,146.874,146.967,146.655,146.84,7277,MT5,H4
2022-10-12 20:00:00,146.83,146.91,146.669,146.772,2471,MT5,H4
2022-10-13 00:00:00,146.774,146.882,146.708,146.801,6410,MT5,H4
2022-10-13 04:00:00,146.803,146.902,146.75,146.83,4641,MT5,H4
2022-10-13 08:00:00,146.832,146.875,146.635,146.699,6514,MT5,H4
2022-10-13 12:00:00,146.698,147.667,146.477,147.158,44089,MT5,H4
2022-10-13 16:00:00,147.157,147.281,146.834,147.258,12298,MT5,H4
2022-10-13 20:00:00,147.211,147.322,147.082,147.306,2422,MT5,H4
2022-10-14 00:00:00,147.307,147.45,147.09,147.357,7993,MT5,H4
2022-10-14 04:00:00,147.355,147.608,147.344,147.481,8872,MT5,H4
2022-10-14 08:00:00,147.482,147.875,147.475,147.8,12294,MT5,H4
2022-10-14 12:00:00,147.802,148.494,147.638,148.456,21063,MT5,H4
2022-10-14 16:00:00,148.458,148.859,148.376,148.617,8835,MT5,H4
2022-10-14 20:00:00,148.574,148.763,148.524,148.733,644,MT5,H4
2022-10-16 20:00:00,148.588,148.691,148.422,148.635,4000,MT5,H4
2022-10-17 00:00:00,148.637,148.681,148.426,148.654,7079,MT5,H4
2022-10-17 04:00:00,148.652,148.799,148.58,148.645,7823,MT5,H4
2022-10-17 08:00:00,148.644,148.893,148.6,148.841,7782,MT5,H4
2022-10-17 12:00:00,148.839,148.888,148.571,148.709,9658,MT5,H4
2022-10-17 16:00:00,148.707,149.087,148.698,149.075,4289,MT5,H4
2022-10-17 20:00:00,149.02,149.044,148.908,148.969,2743,MT5,H4
2022-10-18 00:00:00,148.968,148.968,148.671,148.891,6401,MT5,H4
2022-10-18 04:00:00,148.893,149.052,148.753,148.966,7280,MT5,H4
2022-10-18 08:00:00,148.963,149.286,148.144,149.109,20233,MT5,H4
2022-10-18 12:00:00,149.112,149.382,148.883,149.225,11194,MT5,H4
2022-10-18 16:00:00,149.226,149.28,149.092,149.193,5119,MT5,H4
2022-10-18 20:00:00,149.191,149.247,149.11,149.213,2669,MT5,H4
2022-10-19 00:00:00,149.211,149.261,149.097,149.204,5958,MT5,H4
2022-10-19 04:00:00,149.202,149.479,149.189,149.345,7936,MT5,H4
2022-10-19 08:00:00,149.342,149.712,149.326,149.616,8317,MT5,H4
2022-10-19 12:00:00,149.618,149.781,149.617,149.773,7578,MT5,H4
2022-10-19 16:00:00,149.775,149.897,149.75,149.862,3758,MT5,H4
2022-10-19 20:00:00,149.844,149.894,149.724,149.825,2264,MT5,H4
2022-10-20 00:00:00,149.823,149.955,149.803,149.907,4849,MT5,H4
2022-10-20 04:00:00,149.91,150.079,149.642,149.873,8713,MT5,H4
2022-10-20 08:00:00,149.872,149.965,149.68,149.803,7340,MT5,H4
2022-10-20 12:00:00,149.806,149.922,149.551,149.823,11797,MT5,H4
2022-10-20 16:00:00,149.822,150.283,149.81,150.161,5253,MT5,H4
2022-10-20 20:00:00,150.133,150.214,150.026,150.172,2696,MT5,H4
2022-10-21 00:00:00,150.17,150.375,150.135,150.358,5033,MT5,H4
2022-10-21 04:00:00,150.359,150.482,150.294,150.477,5563,MT5,H4
2022-10-21 08:00:00,150.476,151.587,150.388,151.516,13247,MT5,H4
2022-10-21 12:00:00,151.514,151.939,146.271,146.326,187161,MT5,H4
2022-10-21 16:00:00,146.327,148.452,146.205,147.651,120963,MT5,H4
2022-10-21 20:00:00,147.569,147.761,147.169,147.621,1431,MT5,H4
2022-10-23 20:00:00,147.652,149.706,145.519,147.626,84301,MT5,H4
2022-10-24 00:00:00,147.624,149.039,147.367,148.876,47267,MT5,H4
2022-10-24 04:00:00,148.874,149.351,148.778,149.261,15600,MT5,H4
2022-10-24 08:00:00,149.258,149.455,148.264,149.006,17231,MT5,H4
2022-10-24 12:00:00,149.008,149.236,148.657,148.764,27873,MT5,H4
2022-10-24 16:00:00,148.763,149.031,148.702,148.977,8203,MT5,H4
2022-10-24 20:00:00,148.965,149.076,148.753,148.887,3905,MT5,H4
2022-10-25 00:00:00,148.885,149.058,148.5,148.839,10725,MT5,H4
2022-10-25 04:00:00,148.841,149.005,148.786,148.926,5928,MT5,H4
2022-10-25 08:00:00,148.925,148.985,148.86,148.903,5451,MT5,H4
2022-10-25 12:00:00,148.905,148.946,147.512,147.857,30172,MT5,H4
2022-10-25 16:00:00,147.856,148.144,147.804,147.927,12766,MT5,H4
2022-10-25 20:00:00,147.907,148.314,147.845,147.98,4180,MT5,H4
2022-10-26 00:00:00,147.978,148.408,147.881,148.234,9273,MT5,H4
2022-10-26 04:00:00,148.237,148.273,147.054,147.09,15145,MT5,H4
2022-10-26 08:00:00,147.088,147.308,146.708,147.095,19672,MT5,H4
2022-10-26 12:00:00,147.094,147.351,146.385,146.502,29005,MT5,H4
2022-10-26 16:00:00,146.505,146.615,146.221,146.337,11851,MT5,H4
2022-10-26 20:00:00,146.336,146.443,146.071,146.078,4768,MT5,H4
2022-10-27 00:00:00,146.077,146.392,145.915,146.12,12534,MT5,H4
2022-10-27 04:00:00,146.121,146.169,145.105,145.717,17832,MT5,H4
2022-10-27 08:00:00,145.718,146.712,145.623,146.659,15110,MT5,H4
2022-10-27 12:00:00,146.658,146.933,145.664,146.022,39815,MT5,H4
2022-10-27 16:00:00,146.02,146.309,145.836,146.21,8120,MT5,H4
2022-10-27 20:00:00,146.183,146.308,146.051,146.28,4252,MT5,H4
2022-10-28 00:00:00,146.278,146.855,145.996,146.102,23238,MT5,H4
2022-10-28 04:00:00,146.104,147.135,145.987,147.069,17589,MT5,H4
2022-10-28 08:00:00,147.071,147.858,147.044,147.476,16367,MT5,H4
2022-10-28 12:00:00,147.478,147.838,147.167,147.679,25190,MT5,H4
2022-10-28 16:00:00,147.68,147.753,147.345,147.422,6554,MT5,H4
2022-10-28 20:00:00,147.401,147.47,147.389,147.456,498,MT5,H4
2022-10-30 20:00:00,147.588,147.835,147.517,147.812,3342,MT5,H4
2022-10-31 00:00:00,147.81,148.274,147.754,147.88,8001,MT5,H4
2022-10-31 04:00:00,147.882,148.044,147.733,148.013,6769,MT5,H4
2022-10-31 08:00:00,148.015,148.735,147.982,148.677,12659,MT5,H4
2022-10-31 12:00:00,148.678,148.848,148.424,148.642,12318,MT5,H4
2022-10-31 16:00:00,148.641,148.738,148.517,148.686,7533,MT5,H4
2022-10-31 20:00:00,148.684,148.801,148.566,148.735,3457,MT5,H4
2022-11-01 00:00:00,148.734,148.821,148.124,148.34,10334,MT5,H4
2022-11-01 04:00:00,148.338,148.435,147.5,147.925,14115,MT5,H4
2022-11-01 08:00:00,147.923,147.968,146.983,147.219,19133,MT5,H4
2022-11-01 12:00:00,147.217,148.261,146.99,148.109,24368,MT5,H4
2022-11-01 16:00:00,148.111,148.342,147.729,148.161,11227,MT5,H4
2022-11-01 20:00:00,148.135,148.335,147.823,147.914,4686,MT5,H4
2022-11-02 00:00:00,147.916,147.965,147.163,147.472,18664,MT5,H4
2022-11-02 04:00:00,147.47,147.707,147.228,147.338,9958,MT5,H4
2022-11-02 08:00:00,147.341,147.359,146.823,147.072,15793,MT5,H4
2022-11-02 12:00:00,147.074,147.395,146.857,147.113,14520,MT5,H4
2022-11-02 16:00:00,147.114,147.965,145.671,147.745,49481,MT5,H4
2022-11-02 20:00:00,147.744,147.998,147.685,147.891,3857,MT5,H4
2022-11-03 00:00:00,147.89,147.909,147.111,147.26,11648,MT5,H4
2022-11-03 04:00:00,147.259,148.04,147.219,147.9,9536,MT5,H4
2022-11-03 08:00:00,147.898,148.425,147.861,148.236,15229,MT5,H4
2022-11-03 12:00:00,148.234,148.447,147.606,148.177,29045,MT5,H4
2022-11-03 16:00:00,148.179,148.359,148.137,148.224,7345,MT5,H4
2022-11-03 20:00:00,148.207,148.39,147.947,148.39,2339,MT5,H4
2022-11-04 00:00:00,148.388,148.4,148.005,148.092,7851,MT5,H4
2022-11-04 04:00:00,148.091,148.114,147.656,147.884,9832,MT5,H4
2022-11-04 08:00:00,147.882,147.882,147.537,147.641,12250,MT5,H4
2022-11-04 12:00:00,147.64,148.198,146.559,147.219,41230,MT5,H4
2022-11-04 16:00:00,147.22,147.336,146.556,146.686,10127,MT5,H4
2022-11-04 20:00:00,146.634,146.683,146.527,146.636,849,MT5,H4
2022-11-06 20:00:00,146.99,147.019,146.775,146.814,2113,MT5,H4
2022-11-07 00:00:00,146.842,147.343,146.701,147.213,7815,MT5,H4
2022-11-07 04:00:00,147.215,147.555,147.043,147.513,6854,MT5,H4
2022-11-07 08:00:00,147.515,147.565,146.427,146.622,17524,MT5,H4
2022-11-07 12:00:00,146.623,146.786,146.081,146.452,23975,MT5,H4
2022-11-07 16:00:00,146.45,146.731,146.434,146.575,7850,MT5,H4
2022-11-07 20:00:00,146.577,146.698,146.507,146.606,3303,MT5,H4
2022-11-08 00:00:00,146.625,146.778,146.314,146.652,7662,MT5,H4
2022-11-08 04:00:00,146.649,146.931,146.592,146.735,6663,MT5,H4
2022-11-08 08:00:00,146.736,146.824,146.146,146.332,12094,MT5,H4
2022-11-08 12:00:00,146.331,146.545,145.34,145.5,18092,MT5,H4
2022-11-08 16:00:00,145.499,145.72,145.309,145.548,12573,MT5,H4
2022-11-08 20:00:00,145.55,145.688,145.163,145.274,4388,MT5,H4
2022-11-09 00:00:00,145.295,145.861,145.169,145.541,11346,MT5,H4
2022-11-09 04:00:00,145.543,145.901,145.455,145.513,9008,MT5,H4
2022-11-09 08:00:00,145.514,145.873,145.211,145.702,16080,MT5,H4
2022-11-09 12:00:00,145.704,146.571,145.632,146.3,28149,MT5,H4
2022-11-09 16:00:00,146.297,146.792,145.966,146.653,11272,MT5,H4
2022-11-09 20:00:00,146.655,146.671,146.15,146.181,4569,MT5,H4
2022-11-10 00:00:00,146.199,146.363,146.068,146.1,8124,MT5,H4
2022-11-10 04:00:00,146.103,146.442,146.048,146.301,6097,MT5,H4
2022-11-10 08:00:00,146.3,146.586,146.112,146.518,11450,MT5,H4
2022-11-10 12:00:00,146.517,146.537,141.547,141.568,89618,MT5,H4
2022-11-10 16:00:00,141.57,142.235,141.467,141.813,25732,MT5,H4
2022-11-10 20:00:00,141.814,141.982,140.228,141.713,8990,MT5,H4
2022-11-11 00:00:00,141.736,142.479,141.353,141.914,26697,MT5,H4
2022-11-11 04:00:00,141.915,142.145,141.045,141.186,23790,MT5,H4
2022-11-11 08:00:00,141.187,141.48,138.755,139.495,57340,MT5,H4
2022-11-11 12:00:00,139.494,139.795,138.981,139.054,40768,MT5,H4
2022-11-11 16:00:00,139.053,139.255,138.463,138.479,18759,MT5,H4
2022-11-11 20:00:00,138.48,138.783,138.48,138.75,4128,MT5,H4
2022-11-13 20:00:00,139.747,139.766,139.253,139.585,2643,MT5,H4
2022-11-14 00:00:00,139.613,139.741,138.799,139.095,30181,MT5,H4
2022-11-14 04:00:00,139.096,139.678,139.094,139.499,17316,MT5,H4
2022-11-14 08:00:00,139.5,140.796,139.352,140.553,31700,MT5,H4
2022-11-14 12:00:00,140.556,140.711,140.067,140.397,30416,MT5,H4
2022-11-14 16:00:00,140.398,140.493,139.85,139.904,12168,MT5,H4
2022-11-14 20:00:00,139.902,140.165,139.646,140.077,3987,MT5,H4
2022-11-15 00:00:00,140.094,140.506,139.988,140.391,14150,MT5,H4
2022-11-15 04:00:00,140.393,140.623,139.174,139.335,20235,MT5,H4
2022-11-15 08:00:00,139.336,139.718,138.956,139.172,23153,MT5,H4
2022-11-15 12:00:00,139.171,139.536,137.674,139.226,62197,MT5,H4
2022-11-15 16:00:00,139.228,139.687,139.01,139.066,31104,MT5,H4
2022-11-15 20:00:00,139.064,139.338,138.7,138.92,7375,MT5,H4
2022-11-16 00:00:00,138.965,140.195,138.866,140.184,22919,MT5,H4
2022-11-16 04:00:00,140.181,140.288,139.268,139.376,21159,MT5,H4
2022-11-16 08:00:00,139.374,139.711,139.185,139.43,19419,MT5,H4
2022-11-16 12:00:00,139.429,140.016,139.04,139.349,32584,MT5,H4
2022-11-16 16:00:00,139.351,139.709,139.255,139.307,10904,MT5,H4
2022-11-16 20:00:00,139.308,139.558,139.244,139.303,4646,MT5,H4
2022-11-17 00:00:00,139.325,139.798,139.218,139.59,10783,MT5,H4
2022-11-17 04:00:00,139.588,139.612,139.222,139.323,10433,MT5,H4
2022-11-17 08:00:00,139.32,140.097,138.874,139.885,20191,MT5,H4
2022-11-17 12:00:00,139.883,140.713,139.67,140.584,31574,MT5,H4
2022-11-17 16:00:00,140.582,140.738,140.059,140.214,10745,MT5,H4
2022-11-17 20:00:00,140.212,140.415,140.12,140.413,4075,MT5,H4
2022-11-18 00:00:00,140.423,140.496,139.647,139.713,14352,MT5,H4
2022-11-18 04:00:00,139.714,140.074,139.633,139.831,9774,MT5,H4
2022-11-18 08:00:00,139.829,140.286,139.713,139.86,15153,MT5,H4
2022-11-18 12:00:00,139.858,140.083,139.687,139.873,16442,MT5,H4
2022-11-18 16:00:00,139.875,140.405,139.84,140.378,6211,MT5,H4
2022-11-18 20:00:00,140.377,140.41,140.289,140.346,1705,MT5,H4
2022-11-20 20:00:00,140.326,140.371,140.128,140.244,1428,MT5,H4
2022-11-21 00:00:00,140.263,140.494,140.192,140.346,8096,MT5,H4
2022-11-21 04:00:00,140.348,140.889,140.293,140.854,9121,MT5,H4
2022-11-21 08:00:00,140.852,141.936,140.849,141.87,16560,MT5,H4
2022-11-21 12:00:00,141.868,142.057,141.316,141.939,19334,MT5,H4
2022-11-21 16:00:00,141.941,142.251,141.836,142.162,8270,MT5,H4
2022-11-21 20:00:00,142.163,142.163,142.004,142.074,3243,MT5,H4
2022-11-22 00:00:00,142.092,142.242,141.631,141.772,11833,MT5,H4
2022-11-22 04:00:00,141.77,142.031,141.644,141.812,7668,MT5,H4
2022-11-22 08:00:00,141.813,141.904,141.082,141.172,15890,MT5,H4
2022-11-22 12:00:00,141.173,141.54,141.147,141.352,15424,MT5,H4
2022-11-22 16:00:00,141.353,141.454,141.144,141.195,5656,MT5,H4
2022-11-22 20:00:00,141.197,141.254,141.124,141.14,1820,MT5,H4
2022-11-23 00:00:00,141.158,141.437,140.908,141.393,5541,MT5,H4
2022-11-23 04:00:00,141.395,141.506,141.067,141.165,5624,MT5,H4
2022-11-23 08:00:00,141.167,141.61,141.145,141.424,8573,MT5,H4
2022-11-23 12:00:00,141.423,141.526,139.66,139.732,29302,MT5,H4
2022-11-23 16:00:00,139.733,139.972,139.163,139.399,19635,MT5,H4
2022-11-23 20:00:00,139.4,139.619,139.193,139.231,4384,MT5,H4
2022-11-24 00:00:00,139.209,139.47,138.629,138.65,14278,MT5,H4
2022-11-24 04:00:00,138.651,138.992,138.552,138.974,11744,MT5,H4
2022-11-24 08:00:00,138.976,139.219,138.047,138.318,19931,MT5,H4
2022-11-24 12:00:00,138.32,138.43,138.082,138.356,15480,MT5,H4
2022-11-24 16:00:00,138.355,138.504,138.31,138.467,3045,MT5,H4
2022-11-24 20:00:00,138.46,138.696,138.42,138.594,1627,MT5,H4
2022-11-25 00:00:00,138.58,139.046,138.432,138.655,9616,MT5,H4
2022-11-25 04:00:00,138.657,138.811,138.371,138.789,11438,MT5,H4
2022-11-25 08:00:00,138.792,139.591,138.558,139.58,16991,MT5,H4
2022-11-25 12:00:00,139.581,139.584,139.201,139.222,16585,MT5,H4
2022-11-25 16:00:00,139.22,139.285,138.999,139.04,7405,MT5,H4
2022-11-25 20:00:00,139.035,139.2,139.025,139.144,2355,MT5,H4
2022-11-27 20:00:00,139.281,139.362,139.21,139.353,853,MT5,H4
2022-11-28 00:00:00,139.351,139.351,138.333,138.657,13290,MT5,H4
2022-11-28 04:00:00,138.655,138.705,137.801,138.311,15467,MT5,H4
2022-11-28 08:00:00,138.308,138.394,137.495,138.151,23996,MT5,H4
2022-11-28 12:00:00,138.149,138.867,138.132,138.774,22666,MT5,H4
2022-11-28 16:00:00,138.772,139.006,138.641,138.865,11021,MT5,H4
2022-11-28 20:00:00,138.868,138.967,138.701,138.701,3311,MT5,H4
2022-11-29 00:00:00,138.69,139.35,138.419,138.603,16547,MT5,H4
2022-11-29 04:00:00,138.604,138.709,138.148,138.29,17086,MT5,H4
2022-11-29 08:00:00,138.288,138.406,137.866,137.932,20100,MT5,H4
2022-11-29 12:00:00,137.935,138.849,137.9,138.317,22543,MT5,H4
2022-11-29 16:00:00,138.315,138.681,138.213,138.643,8832,MT5,H4
2022-11-29 20:00:00,138.646,138.795,138.583,138.74,3135,MT5,H4
2022-11-30 00:00:00,138.726,138.899,138.442,138.763,9626,MT5,H4
2022-11-30 04:00:00,138.762,138.762,138.328,138.53,10526,MT5,H4
2022-11-30 08:00:00,138.531,139.047,138.446,138.75,13293,MT5,H4
2022-11-30 12:00:00,138.747,139.891,138.473,139.491,29524,MT5,H4
2022-11-30 16:00:00,139.492,139.627,137.942,137.962,39509,MT5,H4
2022-11-30 20:00:00,137.961,138.145,137.321,137.341,10839,MT5,H4
2022-12-01 00:00:00,137.33,137.48,136.494,136.742,21820,MT5,H4
2022-12-01 04:00:00,136.744,136.913,135.832,136.535,23556,MT5,H4
2022-12-01 08:00:00,136.533,136.663,136.167,136.234,18535,MT5,H4
2022-12-01 12:00:00,136.233,136.334,135.526,135.921,37157,MT5,H4
2022-12-01 16:00:00,135.919,135.955,135.255,135.262,16365,MT5,H4
2022-12-01 20:00:00,135.26,135.382,135.035,135.121,5145,MT5,H4
2022-12-02 00:00:00,135.121,135.565,135.003,135.155,13275,MT5,H4
2022-12-02 04:00:00,135.157,135.243,134.544,134.639,14907,MT5,H4
2022-12-02 08:00:00,134.64,134.801,133.621,134.0,28961,MT5,H4
2022-12-02 12:00:00,134.002,135.982,133.938,135.469,52855,MT5,H4
2022-12-02 16:00:00,135.467,135.535,134.415,134.435,16442,MT5,H4
2022-12-02 20:00:00,134.436,134.475,134.237,134.322,5356,MT5,H4
2022-12-04 20:00:00,134.483,134.535,134.273,134.466,1651,MT5,H4
2022-12-05 00:00:00,134.457,134.742,134.13,134.3,12056,MT5,H4
2022-12-05 04:00:00,134.299,135.242,134.254,135.13,11852,MT5,H4
2022-12-05 08:00:00,135.128,135.54,134.861,135.28,15806,MT5,H4
2022-12-05 12:00:00,135.282,136.399,135.015,136.318,27941,MT5,H4
2022-12-05 16:00:00,136.317,136.857,136.203,136.672,12973,MT5,H4
2022-12-05 20:00:00,136.67,136.833,136.559,136.561,5009,MT5,H4
2022-12-06 00:00:00,136.549,137.172,136.259,136.918,16915,MT5,H4
2022-12-06 04:00:00,136.917,137.424,136.713,136.942,15014,MT5,H4
2022-12-06 08:00:00,136.94,137.0,136.25,136.299,19256,MT5,H4
2022-12-06 12:00:00,136.3,136.77,135.961,136.667,21138,MT5,H4
2022-12-06 16:00:00,136.665,137.07,136.308,136.917,8680,MT5,H4
2022-12-06 20:00:00,136.92,137.083,136.825,136.87,2660,MT5,H4
2022-12-07 00:00:00,136.857,137.359,136.76,137.134,12286,MT5,H4
2022-12-07 04:00:00,137.136,137.856,137.136,137.42,18607,MT5,H4
2022-12-07 08:00:00,137.422,137.803,137.332,137.651,16297,MT5,H4
2022-12-07 12:00:00,137.649,137.73,136.392,136.689,37066,MT5,H4
2022-12-07 16:00:00,136.691,136.793,136.215,136.294,10033,MT5,H4
2022-12-07 20:00:00,136.296,136.614,136.227,136.369,3603,MT5,H4
2022-12-08 00:00:00,136.359,137.084,136.237,136.829,12585,MT5,H4
2022-12-08 04:00:00,136.831,137.242,136.571,136.708,13158,MT5,H4
2022-12-08 08:00:00,136.709,137.147,136.696,136.8,12747,MT5,H4
2022-12-08 12:00:00,136.802,136.892,136.307,136.506,21541,MT5,H4
2022-12-08 16:00:00,136.508,136.744,136.394,136.667,8506,MT5,H4
2022-12-08 20:00:00,136.669,136.707,136.493,136.603,3007,MT5,H4
2022-12-09 00:00:00,136.604,136.844,135.763,135.87,19078,MT5,H4
2022-12-09 04:00:00,135.869,136.387,135.839,136.349,11552,MT5,H4
2022-12-09 08:00:00,136.351,136.457,135.677,135.847,11290,MT5,H4
2022-12-09 12:00:00,135.845,136.897,135.599,136.592,33412,MT5,H4
2022-12-09 16:00:00,136.593,136.624,136.242,136.472,8373,MT5,H4
2022-12-09 20:00:00,136.474,136.711,136.445,136.593,2673,MT5,H4
2022-12-11 20:00:00,136.527,136.77,136.474,136.7,1577,MT5,H4
2022-12-12 00:00:00,136.696,137.091,136.666,136.824,9511,MT5,H4
2022-12-12 04:00:00,136.821,137.133,136.654,136.692,9563,MT5,H4
2022-12-12 08:00:00,136.69,136.967,136.617,136.815,10680,MT5,H4
2022-12-12 12:00:00,136.812,137.439,136.779,137.4,12923,MT5,H4
2022-12-12 16:00:00,137.401,137.847,137.328,137.762,10462,MT5,H4
2022-12-12 20:00:00,137.764,137.802,137.411,137.492,3653,MT5,H4
2022-12-13 00:00:00,137.491,137.855,137.451,137.721,8942,MT5,H4
2022-12-13 04:00:00,137.724,137.967,137.319,137.413,10262,MT5,H4
2022-12-13 08:00:00,137.411,137.832,137.355,137.554,11311,MT5,H4
2022-12-13 12:00:00,137.555,137.562,134.654,135.189,59744,MT5,H4
2022-12-13 16:00:00,135.188,135.595,134.914,135.479,17841,MT5,H4
2022-12-13 20:00:00,135.477,135.685,135.409,135.559,5494,MT5,H4
2022-12-14 00:00:00,135.548,135.674,135.287,135.514,11561,MT5,H4
2022-12-14 04:00:00,135.513,135.613,135.237,135.476,9745,MT5,H4
2022-12-14 08:00:00,135.475,135.599,134.517,134.946,26254,MT5,H4
2022-12-14 12:00:00,134.945,135.132,134.747,134.852,17537,MT5,H4
2022-12-14 16:00:00,134.853,135.989,134.57,135.42,47446,MT5,H4
2022-12-14 20:00:00,135.418,135.494,134.802,135.336,20145,MT5,H4
2022-12-15 00:00:00,135.328,135.621,135.283,135.549,9522,MT5,H4
2022-12-15 04:00:00,135.548,135.892,135.517,135.864,9416,MT5,H4
2022-12-15 08:00:00,135.863,136.923,135.73,136.524,18004,MT5,H4
2022-12-15 12:00:00,136.523,137.665,136.177,137.606,32711,MT5,H4
2022-12-15 16:00:00,137.605,138.171,137.466,137.757,14870,MT5,H4
2022-12-15 20:00:00,137.755,137.87,137.623,137.739,3936,MT5,H4
2022-12-16 00:00:00,137.73,137.749,136.952,137.316,13094,MT5,H4
2022-12-16 04:00:00,137.315,137.408,137.131,137.232,11349,MT5,H4
2022-12-16 08:00:00,137.23,137.277,136.816,137.025,15039,MT5,H4
2022-12-16 12:00:00,137.026,137.349,136.558,136.624,22371,MT5,H4
2022-12-16 16:00:00,136.625,136.7,136.292,136.548,8635,MT5,H4
2022-12-16 20:00:00,136.55,136.763,136.461,136.744,3181,MT5,H4
2022-12-18 20:00:00,135.932,136.561,135.931,136.546,2208,MT5,H4
2022-12-19 00:00:00,136.547,136.575,135.769,136.263,16778,MT5,H4
2022-12-19 04:00:00,136.261,136.261,135.805,135.848,11703,MT5,H4
2022-12-19 08:00:00,135.846,136.354,135.75,136.32,13988,MT5,H4
2022-12-19 12:00:00,136.321,137.006,136.292,136.976,16408,MT5,H4
2022-12-19 16:00:00,136.974,137.159,136.715,136.976,8372,MT5,H4
2022-12-19 20:00:00,136.974,137.048,136.679,136.961,3032,MT5,H4
2022-12-20 00:00:00,136.953,137.473,133.103,133.453,72056,MT5,H4
2022-12-20 04:00:00,133.451,133.7,132.274,132.59,74418,MT5,H4
2022-12-20 08:00:00,132.592,132.653,131.994,132.451,45807,MT5,H4
2022-12-20 12:00:00,132.451,132.902,131.36,131.38,39199,MT5,H4
2022-12-20 16:00:00,131.379,131.605,130.565,131.514,30326,MT5,H4
2022-12-20 20:00:00,131.514,131.996,131.514,131.891,6422,MT5,H4
2022-12-21 00:00:00,131.889,132.314,131.49,132.064,24879,MT5,H4
2022-12-21 04:00:00,132.066,132.37,131.723,131.782,13901,MT5,H4
2022-12-21 08:00:00,131.779,131.96,131.543,131.835,20514,MT5,H4
2022-12-21 12:00:00,131.833,132.527,131.732,131.974,25123,MT5,H4
2022-12-21 16:00:00,131.973,132.502,131.913,132.162,13165,MT5,H4
2022-12-21 20:00:00,132.165,132.466,132.163,132.395,4541,MT5,H4
2022-12-22 00:00:00,132.394,132.46,131.642,131.75,16246,MT5,H4
2022-12-22 04:00:00,131.749,132.05,131.701,131.947,8717,MT5,H4
2022-12-22 08:00:00,131.948,132.189,131.842,132.105,11142,MT5,H4
2022-12-22 12:00:00,132.104,132.718,131.905,132.262,23843,MT5,H4
2022-12-22 16:00:00,132.263,132.505,132.174,132.408,8146,MT5,H4
2022-12-22 20:00:00,132.409,132.485,132.15,132.377,6813,MT5,H4
2022-12-23 00:00:00,132.378,132.809,132.289,132.661,13230,MT5,H4
2022-12-23 04:00:00,132.659,132.755,132.438,132.52,8167,MT5,H4
2022-12-23 08:00:00,132.522,132.77,132.502,132.708,7389,MT5,H4
2022-12-23 12:00:00,132.709,133.135,132.506,132.842,22408,MT5,H4
2022-12-23 16:00:00,132.843,132.939,132.727,132.859,6342,MT5,H4
2022-12-23 20:00:00,132.857,132.89,132.774,132.82,3843,MT5,H4
2022-12-25 20:00:00,132.747,132.834,132.704,132.775,512,MT5,H4
2022-12-26 00:00:00,132.777,132.874,132.312,132.459,7627,MT5,H4
2022-12-26 04:00:00,132.457,132.763,132.454,132.733,4145,MT5,H4
2022-12-26 08:00:00,132.729,133.21,132.703,133.118,6538,MT5,H4
2022-12-26 12:00:00,133.118,133.126,132.882,132.901,1865,MT5,H4
2022-12-26 16:00:00,132.897,132.946,132.863,132.904,2762,MT5,H4
2022-12-26 20:00:00,132.901,132.934,132.646,132.742,9348,MT5,H4
2022-12-27 00:00:00,132.738,133.179,132.615,132.906,9634,MT5,H4
2022-12-27 04:00:00,132.908,132.983,132.738,132.872,5980,MT5,H4
2022-12-27 08:00:00,132.873,133.37,132.861,133.265,9135,MT5,H4
2022-12-27 12:00:00,133.266,133.593,133.131,133.339,13310,MT5,H4
2022-12-27 16:00:00,133.341,133.547,133.288,133.475,7022,MT5,H4
2022-12-27 20:00:00,133.476,133.565,133.348,133.485,2866,MT5,H4
2022-12-28 00:00:00,133.486,134.402,133.45,134.245,14674,MT5,H4
2022-12-28 04:00:00,134.243,134.274,133.805,133.909,10552,MT5,H4
2022-12-28 08:00:00,133.906,134.205,133.75,133.831,11183,MT5,H4
2022-12-28 12:00:00,133.832,134.277,133.398,134.226,16746,MT5,H4
2022-12-28 16:00:00,134.228,134.38,134.061,134.372,8143,MT5,H4
2022-12-28 20:00:00,134.373,134.497,133.974,134.031,3786,MT5,H4
2022-12-29 00:00:00,134.033,134.194,133.489,133.851,13221,MT5,H4
2022-12-29 04:00:00,133.849,133.896,133.47,133.787,8548,MT5,H4
2022-12-29 08:00:00,133.785,133.821,133.534,133.758,8435,MT5,H4
2022-12-29 12:00:00,133.757,133.796,132.903,133.226,20361,MT5,H4
2022-12-29 16:00:00,133.225,133.367,132.875,132.883,7856,MT5,H4
2022-12-29 20:00:00,132.885,133.091,132.864,132.913,4686,MT5,H4
2022-12-30 00:00:00,132.918,132.955,132.383,132.66,11988,MT5,H4
2022-12-30 04:00:00,132.662,132.774,132.1,132.132,9877,MT5,H4
2022-12-30 08:00:00,132.134,132.183,131.552,131.745,19368,MT5,H4
2022-12-30 12:00:00,131.744,132.331,131.505,131.933,26334,MT5,H4
2022-12-30 16:00:00,131.931,131.992,130.773,130.975,24302,MT5,H4
2022-12-30 20:00:00,130.974,131.293,130.972,131.108,4848,MT5,H4
2023-01-01 20:00:00,130.753,130.903,130.64,130.888,515,MT5,H4
2023-01-02 00:00:00,130.9,131.009,130.852,130.893,1576,MT5,H4
2023-01-02 04:00:00,130.9,130.95,130.863,130.929,1627,MT5,H4
2023-01-02 08:00:00,130.928,130.944,130.746,130.75,2044,MT5,H4
2023-01-02 12:00:00,130.757,130.811,130.603,130.763,4756,MT5,H4
2023-01-02 16:00:00,130.759,130.818,130.654,130.716,5495,MT5,H4
2023-01-02 20:00:00,130.717,131.353,130.434,130.732,4019,MT5,H4
2023-01-03 00:00:00,130.766,130.877,129.678,129.784,25978,MT5,H4
2023-01-03 04:00:00,129.782,130.248,129.502,130.109,19012,MT5,H4
2023-01-03 08:00:00,130.108,130.957,130.098,130.873,33923,MT5,H4
2023-01-03 12:00:00,130.873,131.195,130.048,130.737,28300,MT5,H4
2023-01-03 16:00:00,130.738,131.103,130.573,130.778,13267,MT5,H4
2023-01-03 20:00:00,130.775,131.418,130.749,131.293,6161,MT5,H4
2023-01-04 00:00:00,131.295,131.301,130.581,130.646,17551,MT5,H4
2023-01-04 04:00:00,130.644,130.993,130.115,130.242,15395,MT5,H4
2023-01-04 08:00:00,130.244,130.627,129.925,130.531,23276,MT5,H4
2023-01-04 12:00:00,130.53,132.083,130.516,132.012,36323,MT5,H4
2023-01-04 16:00:00,132.01,132.717,131.937,132.609,22254,MT5,H4
2023-01-04 20:00:00,132.61,132.713,132.066,132.253,5998,MT5,H4
2023-01-05 00:00:00,132.251,132.383,131.681,132.344,21006,MT5,H4
2023-01-05 04:00:00,132.345,132.623,132.19,132.483,16341,MT5,H4
2023-01-05 08:00:00,132.481,132.9,132.323,132.452,17460,MT5,H4
2023-01-05 12:00:00,132.45,134.052,132.388,133.869,35185,MT5,H4
2023-01-05 16:00:00,133.868,133.909,132.951,133.186,18664,MT5,H4
2023-01-05 20:00:00,133.187,133.516,133.186,133.315,5291,MT5,H4
2023-01-06 00:00:00,133.32,133.943,133.304,133.816,11685,MT5,H4
2023-01-06 04:00:00,133.818,134.371,133.703,134.219,18892,MT5,H4
2023-01-06 08:00:00,134.221,134.623,134.15,134.526,17118,MT5,H4
2023-01-06 12:00:00,134.524,134.772,132.352,132.433,63762,MT5,H4
2023-01-06 16:00:00,132.431,132.543,131.994,132.03,19106,MT5,H4
2023-01-06 20:00:00,132.033,132.161,132.03,132.097,2871,MT5,H4
2023-01-08 20:00:00,131.927,132.281,131.786,131.803,3261,MT5,H4
2023-01-09 00:00:00,131.805,132.112,131.306,131.629,16447,MT5,H4
2023-01-09 04:00:00,131.627,132.368,131.533,132.233,16093,MT5,H4
2023-01-09 08:00:00,132.232,132.654,131.99,132.508,20928,MT5,H4
2023-01-09 12:00:00,132.509,132.515,131.684,131.944,26526,MT5,H4
2023-01-09 16:00:00,131.946,131.951,131.53,131.566,12490,MT5,H4
2023-01-09 20:00:00,131.566,131.913,131.565,131.729,5310,MT5,H4
2023-01-10 00:00:00,131.73,132.22,131.383,131.83,20469,MT5,H4
2023-01-10 04:00:00,131.828,132.287,131.662,132.22,12728,MT5,H4
2023-01-10 08:00:00,132.222,132.226,131.689,132.045,16907,MT5,H4
2023-01-10 12:00:00,132.044,132.476,131.728,132.174,31098,MT5,H4
2023-01-10 16:00:00,132.172,132.342,132.07,132.229,10651,MT5,H4
2023-01-10 20:00:00,132.23,132.269,132.063,132.096,4065,MT5,H4
2023-01-11 00:00:00,132.102,132.579,132.093,132.452,12021,MT5,H4
2023-01-11 04:00:00,132.454,132.496,132.132,132.419,7614,MT5,H4
2023-01-11 08:00:00,132.419,132.744,132.312,132.58,15121,MT5,H4
2023-01-11 12:00:00,132.578,132.87,132.377,132.593,17727,MT5,H4
2023-01-11 16:00:00,132.592,132.7,132.282,132.413,10452,MT5,H4
2023-01-11 20:00:00,132.411,132.552,131.771,131.894,7242,MT5,H4
2023-01-12 00:00:00,131.901,132.032,131.464,131.699,21831,MT5,H4
2023-01-12 04:00:00,131.7,131.896,131.361,131.599,13668,MT5,H4
2023-01-12 08:00:00,131.601,131.77,130.806,130.877,23962,MT5,H4
2023-01-12 12:00:00,130.878,131.217,129.499,129.835,76648,MT5,H4
2023-01-12 16:00:00,129.835,129.941,128.859,129.296,27002,MT5,H4
2023-01-12 20:00:00,129.298,129.429,129.066,129.171,6994,MT5,H4
2023-01-13 00:00:00,129.173,129.346,128.634,129.119,31290,MT5,H4
2023-01-13 04:00:00,129.119,129.3,128.249,128.374,23820,MT5,H4
2023-01-13 08:00:00,128.376,128.787,128.104,128.747,28570,MT5,H4
2023-01-13 12:00:00,128.748,128.829,127.456,127.507,33573,MT5,H4
2023-01-13 16:00:00,127.508,127.977,127.474,127.932,13006,MT5,H4
2023-01-13 20:00:00,127.93,127.932,127.78,127.859,2401,MT5,H4
2023-01-15 20:00:00,127.776,128.137,127.708,128.055,2778,MT5,H4
2023-01-16 00:00:00,128.054,128.196,127.219,127.399,25437,MT5,H4
2023-01-16 04:00:00,127.401,128.186,127.325,127.968,18033,MT5,H4
2023-01-16 08:00:00,127.97,128.862,127.903,128.303,27929,MT5,H4
2023-01-16 12:00:00,128.304,128.561,128.234,128.53,13625,MT5,H4
2023-01-16 16:00:00,128.532,128.758,128.434,128.543,3879,MT5,H4
2023-01-16 20:00:00,128.545,128.56,128.083,128.314,3716,MT5,H4
2023-01-17 00:00:00,128.313,129.157,128.279,128.773,18163,MT5,H4
2023-01-17 04:00:00,128.771,129.023,128.529,128.73,16541,MT5,H4
2023-01-17 08:00:00,128.731,129.119,128.386,128.705,21438,MT5,H4
2023-01-17 12:00:00,128.702,128.792,128.126,128.142,35285,MT5,H4
2023-01-17 16:00:00,128.143,128.443,127.991,128.336,11866,MT5,H4
2023-01-17 20:00:00,128.338,128.346,128.084,128.279,4100,MT5,H4
2023-01-18 00:00:00,128.281,131.251,128.221,131.133,74546,MT5,H4
2023-01-18 04:00:00,131.134,131.575,130.055,130.256,56330,MT5,H4
2023-01-18 08:00:00,130.254,130.316,128.84,128.988,48462,MT5,H4
2023-01-18 12:00:00,128.99,129.24,127.565,128.365,56703,MT5,H4
2023-01-18 16:00:00,128.366,128.951,128.22,128.686,18564,MT5,H4
2023-01-18 20:00:00,128.688,128.923,128.444,128.55,6268,MT5,H4
2023-01-19 00:00:00,128.551,128.692,128.151,128.291,18963,MT5,H4
2023-01-19 04:00:00,128.289,128.293,127.759,128.179,19375,MT5,H4
2023-01-19 08:00:00,128.177,128.719,128.089,128.614,19341,MT5,H4
2023-01-19 12:00:00,128.616,128.815,128.231,128.458,26848,MT5,H4
2023-01-19 16:00:00,128.46,128.628,128.351,128.443,9966,MT5,H4
2023-01-19 20:00:00,128.444,128.476,128.298,128.371,3569,MT5,H4
2023-01-20 00:00:00,128.369,128.891,128.343,128.817,12615,MT5,H4
2023-01-20 04:00:00,128.818,129.291,128.776,128.883,14759,MT5,H4
2023-01-20 08:00:00,128.885,129.957,128.727,129.915,23938,MT5,H4
2023-01-20 12:00:00,129.914,130.609,129.684,129.926,26870,MT5,H4
2023-01-20 16:00:00,129.924,129.986,129.445,129.555,12278,MT5,H4
2023-01-20 20:00:00,129.557,129.602,129.487,129.571,2513,MT5,H4
2023-01-22 20:00:00,129.451,129.637,129.31,129.382,2441,MT5,H4
2023-01-23 00:00:00,129.386,129.529,129.042,129.309,11313,MT5,H4
2023-01-23 04:00:00,129.311,130.315,129.311,130.122,18372,MT5,H4
2023-01-23 08:00:00,130.122,130.33,129.617,130.32,16472,MT5,H4
2023-01-23 12:00:00,130.319,130.887,130.11,130.61,24466,MT5,H4
2023-01-23 16:00:00,130.607,130.749,130.438,130.667,9075,MT5,H4
2023-01-23 20:00:00,130.665,130.71,130.454,130.594,3453,MT5,H4
2023-01-24 00:00:00,130.592,130.726,130.141,130.378,9227,MT5,H4
2023-01-24 04:00:00,130.38,130.441,129.724,129.856,11644,MT5,H4
2023-01-24 08:00:00,129.854,130.387,129.764,130.188,15110,MT5,H4
2023-01-24 12:00:00,130.189,131.115,130.041,130.094,25214,MT5,H4
2023-01-24 16:00:00,130.092,130.241,129.865,130.043,10805,MT5,H4
2023-01-24 20:00:00,130.045,130.244,130.019,130.207,3130,MT5,H4
2023-01-25 00:00:00,130.212,130.571,130.107,130.508,10901,MT5,H4
2023-01-25 04:00:00,130.507,130.58,130.257,130.43,10149,MT5,H4
2023-01-25 08:00:00,130.433,130.489,129.655,129.689,15619,MT5,H4
2023-01-25 12:00:00,129.692,130.031,129.266,129.588,22796,MT5,H4
2023-01-25 16:00:00,129.586,129.943,129.416,129.535,10306,MT5,H4
2023-01-25 20:00:00,129.536,129.639,129.225,129.255,3888,MT5,H4
2023-01-26 00:00:00,129.257,129.584,129.095,129.309,11926,MT5,H4
2023-01-26 04:00:00,129.31,129.746,129.022,129.478,12738,MT5,H4
2023-01-26 08:00:00,129.479,129.996,129.479,129.822,17409,MT5,H4
2023-01-26 12:00:00,129.822,130.547,129.644,130.443,30775,MT5,H4
2023-01-26 16:00:00,130.444,130.615,130.05,130.221,10469,MT5,H4
2023-01-26 20:00:00,130.223,130.294,129.645,129.803,5228,MT5,H4
2023-01-27 00:00:00,129.806,129.923,129.497,129.857,13351,MT5,H4
2023-01-27 04:00:00,129.858,130.267,129.821,129.964,10475,MT5,H4
2023-01-27 08:00:00,129.962,130.0,129.66,129.908,11604,MT5,H4
2023-01-27 12:00:00,129.907,130.065,129.559,129.978,19194,MT5,H4
2023-01-27 16:00:00,129.98,129.988,129.79,129.903,6695,MT5,H4
2023-01-27 20:00:00,129.904,129.924,129.794,129.865,3596,MT5,H4
2023-01-29 20:00:00,129.641,129.883,129.634,129.836,1919,MT5,H4
2023-01-30 00:00:00,129.837,130.289,129.833,129.91,10902,MT5,H4
2023-01-30 04:00:00,129.913,129.919,129.204,129.58,27513,MT5,H4
2023-01-30 08:00:00,129.583,130.254,129.583,130.17,15026,MT5,H4
2023-01-30 12:00:00,130.17,130.4,129.963,130.316,15379,MT5,H4
2023-01-30 16:00:00,130.315,130.567,130.294,130.553,6629,MT5,H4
2023-01-30 20:00:00,130.556,130.556,130.326,130.485,2856,MT5,H4
2023-01-31 00:00:00,130.484,130.503,130.061,130.243,10783,MT5,H4
2023-01-31 04:00:00,130.241,130.402,130.039,130.146,8838,MT5,H4
2023-01-31 08:00:00,130.148,130.483,130.072,130.432,11271,MT5,H4
2023-01-31 12:00:00,130.434,130.494,129.743,130.036,27382,MT5,H4
2023-01-31 16:00:00,130.037,130.352,130.001,130.174,8730,MT5,H4
2023-01-31 20:00:00,130.172,130.228,130.035,130.112,3424,MT5,H4
2023-02-01 00:00:00,130.11,130.201,129.859,130.01,6887,MT5,H4
2023-02-01 04:00:00,130.008,130.407,130.006,130.175,7252,MT5,H4
2023-02-01 08:00:00,130.174,130.235,129.712,129.806,13152,MT5,H4
2023-02-01 12:00:00,129.806,129.863,129.181,129.25,23450,MT5,H4
2023-02-01 16:00:00,129.252,129.869,128.54,128.762,39346,MT5,H4
2023-02-01 20:00:00,128.763,129.153,128.415,128.604,19717,MT5,H4
2023-02-02 00:00:00,128.602,128.761,128.172,128.604,15494,MT5,H4
2023-02-02 04:00:00,128.605,128.786,128.397,128.658,10600,MT5,H4
2023-02-02 08:00:00,128.656,129.132,128.553,128.722,16715,MT5,H4
2023-02-02 12:00:00,128.723,128.912,128.081,128.414,39348,MT5,H4
2023-02-02 16:00:00,128.416,128.668,128.246,128.635,10911,MT5,H4
2023-02-02 20:00:00,128.635,128.765,128.595,128.761,4528,MT5,H4
2023-02-03 00:00:00,128.763,128.823,128.445,128.558,11063,MT5,H4
2023-02-03 04:00:00,128.557,128.691,128.474,128.61,9024,MT5,H4
2023-02-03 08:00:00,128.608,128.721,128.365,128.396,7247,MT5,H4
2023-02-03 12:00:00,128.395,131.178,128.326,131.067,52214,MT5,H4
2023-02-03 16:00:00,131.068,131.193,130.834,131.058,15516,MT5,H4
2023-02-03 20:00:00,131.057,131.213,131.048,131.197,2084,MT5,H4
2023-02-05 20:00:00,132.207,132.207,131.507,132.057,4611,MT5,H4
2023-02-06 00:00:00,132.06,132.381,131.733,131.899,20513,MT5,H4
2023-02-06 04:00:00,131.897,131.991,131.581,131.781,12475,MT5,H4
2023-02-06 08:00:00,131.783,132.29,131.586,132.08,19493,MT5,H4
2023-02-06 12:00:00,132.077,132.867,131.924,132.843,21088,MT5,H4
2023-02-06 16:00:00,132.845,132.9,132.444,132.513,10493,MT5,H4
2023-02-06 20:00:00,132.515,132.705,132.496,132.625,3855,MT5,H4
2023-02-07 00:00:00,132.623,132.623,132.14,132.271,8373,MT5,H4
2023-02-07 04:00:00,132.273,132.402,131.991,132.165,9471,MT5,H4
2023-02-07 08:00:00,132.164,132.321,131.69,132.156,21921,MT5,H4
2023-02-07 12:00:00,132.154,132.165,131.217,131.239,22979,MT5,H4
2023-02-07 16:00:00,131.242,131.477,130.474,131.089,51698,MT5,H4
2023-02-07 20:00:00,131.087,131.245,131.017,131.05,5209,MT5,H4
2023-02-08 00:00:00,131.055,131.377,130.723,131.124,10812,MT5,H4
2023-02-08 04:00:00,131.125,131.369,130.854,130.889,10213,MT5,H4
2023-02-08 08:00:00,130.887,131.01,130.595,130.85,15059,MT5,H4
2023-02-08 12:00:00,130.85,131.536,130.741,131.446,18533,MT5,H4
2023-02-08 16:00:00,131.444,131.46,131.086,131.362,11008,MT5,H4
2023-02-08 20:00:00,131.359,131.46,131.299,131.385,3518,MT5,H4
2023-02-09 00:00:00,131.387,131.823,131.235,131.4,10276,MT5,H4
2023-02-09 04:00:00,131.401,131.743,130.771,131.147,17805,MT5,H4
2023-02-09 08:00:00,131.147,131.153,130.74,130.913,16683,MT5,H4
2023-02-09 12:00:00,130.913,130.961,130.341,130.906,21996,MT5,H4
2023-02-09 16:00:00,130.907,131.596,130.906,131.574,15416,MT5,H4
2023-02-09 20:00:00,131.573,131.647,131.375,131.515,4568,MT5,H4
2023-02-10 00:00:00,131.517,131.883,131.499,131.761,10564,MT5,H4
2023-02-10 04:00:00,131.763,131.806,130.373,130.448,32622,MT5,H4
2023-02-10 08:00:00,130.447,131.421,129.803,130.833,52103,MT5,H4
2023-02-10 12:00:00,130.832,131.398,130.577,131.325,27163,MT5,H4
2023-02-10 16:00:00,131.326,131.596,131.298,131.509,10468,MT5,H4
2023-02-10 20:00:00,131.509,131.531,131.362,131.425,2444,MT5,H4
2023-02-12 20:00:00,131.336,131.641,131.336,131.554,1803,MT5,H4
2023-02-13 00:00:00,131.555,132.141,131.447,132.024,10537,MT5,H4
2023-02-13 04:00:00,132.027,132.302,132.013,132.13,11787,MT5,H4
2023-02-13 08:00:00,132.131,132.768,132.124,132.681,16637,MT5,H4
2023-02-13 12:00:00,132.679,132.871,132.354,132.8,21668,MT5,H4
2023-02-13 16:00:00,132.797,132.907,132.382,132.463,8018,MT5,H4
2023-02-13 20:00:00,132.463,132.464,132.221,132.334,4164,MT5,H4
2023-02-14 00:00:00,132.336,132.371,131.904,132.034,11352,MT5,H4
2023-02-14 04:00:00,132.033,132.103,131.784,132.081,12092,MT5,H4
2023-02-14 08:00:00,132.079,132.341,131.909,132.23,15451,MT5,H4
2023-02-14 12:00:00,132.23,133.13,131.491,132.827,65247,MT5,H4
2023-02-14 16:00:00,132.826,133.312,132.702,133.046,19543,MT5,H4
2023-02-14 20:00:00,133.047,133.125,132.963,132.99,3777,MT5,H4
2023-02-15 00:00:00,132.989,133.077,132.543,133.041,9376,MT5,H4
2023-02-15 04:00:00,133.039,133.433,132.962,133.343,11367,MT5,H4
2023-02-15 08:00:00,133.342,133.485,133.205,133.439,13536,MT5,H4
2023-02-15 12:00:00,133.44,134.326,133.419,134.271,31076,MT5,H4
2023-02-15 16:00:00,134.273,134.355,134.138,134.172,9842,MT5,H4
2023-02-15 20:00:00,134.17,134.19,133.867,133.904,3981,MT5,H4
2023-02-16 00:00:00,133.902,134.16,133.636,133.761,12805,MT5,H4
2023-02-16 04:00:00,133.759,134.007,133.715,133.773,8003,MT5,H4
2023-02-16 08:00:00,133.772,133.985,133.602,133.789,10052,MT5,H4
2023-02-16 12:00:00,133.788,134.46,133.767,134.197,24487,MT5,H4
2023-02-16 16:00:00,134.197,134.223,133.695,133.832,10249,MT5,H4
2023-02-16 20:00:00,133.83,134.16,133.69,134.073,8104,MT5,H4
2023-02-17 00:00:00,134.07,134.711,134.066,134.658,7930,MT5,H4
2023-02-17 04:00:00,134.659,134.894,134.639,134.795,6334,MT5,H4
2023-02-17 08:00:00,134.797,135.111,134.699,135.035,11140,MT5,H4
2023-02-17 12:00:00,135.037,135.04,134.068,134.34,19840,MT5,H4
2023-02-17 16:00:00,134.341,134.409,134.072,134.14,9424,MT5,H4
2023-02-17 20:00:00,134.14,134.213,134.053,134.152,2062,MT5,H4
2023-02-19 20:00:00,134.242,134.326,134.193,134.308,1607,MT5,H4
2023-02-20 00:00:00,134.31,134.535,134.212,134.221,7105,MT5,H4
2023-02-20 04:00:00,134.224,134.243,133.941,134.046,7828,MT5,H4
2023-02-20 08:00:00,134.047,134.365,133.954,134.002,6830,MT5,H4
2023-02-20 12:00:00,133.999,134.151,133.921,134.034,7085,MT5,H4
2023-02-20 16:00:00,134.036,134.237,134.036,134.223,1205,MT5,H4
2023-02-20 20:00:00,134.219,134.331,134.107,134.331,847,MT5,H4
2023-02-21 00:00:00,134.335,134.492,134.149,134.421,8545,MT5,H4
2023-02-21 04:00:00,134.422,134.7,134.283,134.583,6076,MT5,H4
2023-02-21 08:00:00,134.584,134.837,134.43,134.596,12072,MT5,H4
2023-02-21 12:00:00,134.597,135.225,134.597,134.732,21006,MT5,H4
2023-02-21 16:00:00,134.731,135.036,134.688,134.966,9925,MT5,H4
2023-02-21 20:00:00,134.964,135.022,134.825,134.988,2894,MT5,H4
2023-02-22 00:00:00,134.992,135.059,134.55,134.903,9505,MT5,H4
2023-02-22 04:00:00,134.901,134.964,134.642,134.729,5315,MT5,H4
2023-02-22 08:00:00,134.73,134.993,134.59,134.758,10121,MT5,H4
2023-02-22 12:00:00,134.756,134.801,134.363,134.598,17996,MT5,H4
2023-02-22 16:00:00,134.599,134.95,134.585,134.935,14919,MT5,H4
2023-02-22 20:00:00,134.934,134.985,134.815,134.934,2731,MT5,H4
2023-02-23 00:00:00,134.935,134.959,134.704,134.765,4437,MT5,H4
2023-02-23 04:00:00,134.767,134.91,134.71,134.844,3514,MT5,H4
2023-02-23 08:00:00,134.842,134.991,134.779,134.934,6388,MT5,H4
2023-02-23 12:00:00,134.935,135.361,134.645,134.848,23743,MT5,H4
2023-02-23 16:00:00,134.85,134.911,134.485,134.636,9045,MT5,H4
2023-02-23 20:00:00,134.637,134.74,134.28,134.621,3654,MT5,H4
2023-02-24 00:00:00,134.624,134.932,134.054,134.724,31349,MT5,H4
2023-02-24 04:00:00,134.725,134.843,134.508,134.837,6861,MT5,H4
2023-02-24 08:00:00,134.838,135.447,134.834,135.399,10408,MT5,H4
2023-02-24 12:00:00,135.401,136.463,135.196,136.39,30362,MT5,H4
2023-02-24 16:00:00,136.389,136.516,136.215,136.431,8498,MT5,H4
2023-02-24 20:00:00,136.432,136.493,136.358,136.489,1798,MT5,H4
2023-02-26 20:00:00,136.46,136.478,136.236,136.426,1301,MT5,H4
2023-02-27 00:00:00,136.426,136.557,136.001,136.352,11159,MT5,H4
2023-02-27 04:00:00,136.351,136.436,136.118,136.186,7606,MT5,H4
2023-02-27 08:00:00,136.184,136.44,136.001,136.256,10805,MT5,H4
2023-02-27 12:00:00,136.253,136.356,135.914,136.072,14697,MT5,H4
2023-02-27 16:00:00,136.07,136.299,136.054,136.244,5335,MT5,H4
2023-02-27 20:00:00,136.243,136.333,136.147,136.32,2274,MT5,H4
2023-02-28 00:00:00,136.321,136.352,136.112,136.228,6726,MT5,H4
2023-02-28 04:00:00,136.226,136.782,136.212,136.748,5856,MT5,H4
2023-02-28 08:00:00,136.746,136.843,136.602,136.771,9802,MT5,H4
2023-02-28 12:00:00,136.769,136.916,136.158,136.21,16524,MT5,H4
2023-02-28 16:00:00,136.209,136.258,135.735,136.11,10746,MT5,H4
2023-02-28 20:00:00,136.109,136.352,136.07,136.346,3393,MT5,H4
2023-03-01 00:00:00,136.344,136.468,136.231,136.367,7497,MT5,H4
2023-03-01 04:00:00,136.365,136.439,135.893,135.92,7070,MT5,H4
2023-03-01 08:00:00,135.922,136.063,135.304,135.337,14903,MT5,H4
2023-03-01 12:00:00,135.335,136.317,135.256,136.109,19523,MT5,H4
2023-03-01 16:00:00,136.11,136.26,135.702,136.176,7676,MT5,H4
2023-03-01 20:00:00,136.174,136.244,136.019,136.191,2599,MT5,H4
2023-03-02 00:00:00,136.193,136.444,136.051,136.381,7800,MT5,H4
2023-03-02 04:00:00,136.38,136.869,136.355,136.78,7222,MT5,H4
2023-03-02 08:00:00,136.778,136.779,136.236,136.61,16647,MT5,H4
2023-03-02 12:00:00,136.608,137.102,136.445,136.686,19906,MT5,H4
2023-03-02 16:00:00,136.684,136.989,136.591,136.753,8035,MT5,H4
2023-03-02 20:00:00,136.755,136.825,136.496,136.718,3915,MT5,H4
2023-03-03 00:00:00,136.716,136.766,136.497,136.676,7836,MT5,H4
2023-03-03 04:00:00,136.675,136.707,136.341,136.415,6407,MT5,H4
2023-03-03 08:00:00,136.413,136.449,135.992,136.057,10669,MT5,H4
2023-03-03 12:00:00,136.055,136.398,135.803,136.321,17750,MT5,H4
2023-03-03 16:00:00,136.319,136.417,135.813,135.838,8122,MT5,H4
2023-03-03 20:00:00,135.837,135.869,135.744,135.816,2340,MT5,H4
2023-03-05 20:00:00,135.945,136.032,135.852,136.02,2691,MT5,H4
2023-03-06 00:00:00,136.021,136.049,135.366,135.456,8574,MT5,H4
2023-03-06 04:00:00,135.455,135.878,135.447,135.681,7152,MT5,H4
2023-03-06 08:00:00,135.683,136.189,135.667,136.155,11030,MT5,H4
2023-03-06 12:00:00,136.157,136.166,135.633,135.95,12816,MT5,H4
2023-03-06 16:00:00,135.949,136.092,135.833,136.059,5962,MT5,H4
2023-03-06 20:00:00,136.057,136.057,135.877,135.994,2026,MT5,H4
2023-03-07 00:00:00,135.996,136.175,135.83,135.964,6548,MT5,H4
2023-03-07 04:00:00,135.963,136.037,135.66,135.744,6485,MT5,H4
2023-03-07 08:00:00,135.745,136.081,135.539,136.043,10769,MT5,H4
2023-03-07 12:00:00,136.045,136.902,136.04,136.775,26304,MT5,H4
2023-03-07 16:00:00,136.776,137.161,136.635,137.105,14212,MT5,H4
2023-03-07 20:00:00,137.104,137.42,137.035,137.39,3279,MT5,H4
2023-03-08 00:00:00,137.388,137.78,137.242,137.756,8418,MT5,H4
2023-03-08 04:00:00,137.754,137.908,137.451,137.497,7102,MT5,H4
2023-03-08 08:00:00,137.494,137.681,137.2,137.262,9739,MT5,H4
2023-03-08 12:00:00,137.26,137.362,136.477,136.883,27359,MT5,H4
2023-03-08 16:00:00,136.885,137.328,136.771,137.22,10474,MT5,H4
2023-03-08 20:00:00,137.219,137.434,137.149,137.224,2891,MT5,H4
2023-03-09 00:00:00,137.227,137.252,136.796,136.937,6380,MT5,H4
2023-03-09 04:00:00,136.935,136.977,136.579,136.84,5668,MT5,H4
2023-03-09 08:00:00,136.838,136.889,136.018,136.275,11943,MT5,H4
2023-03-09 12:00:00,136.277,136.396,135.94,136.321,16266,MT5,H4
2023-03-09 16:00:00,136.319,136.478,135.986,136.159,8819,MT5,H4
2023-03-09 20:00:00,136.161,136.417,136.06,136.367,4932,MT5,H4
2023-03-10 00:00:00,136.37,136.971,135.812,136.502,33721,MT5,H4
2023-03-10 04:00:00,136.505,136.855,136.306,136.408,14450,MT5,H4
2023-03-10 08:00:00,136.41,136.992,136.091,136.763,15489,MT5,H4
2023-03-10 12:00:00,136.765,136.872,134.114,134.289,51285,MT5,H4
2023-03-10 16:00:00,134.291,135.179,134.287,134.78,22627,MT5,H4
2023-03-10 20:00:00,134.778,135.141,134.739,135.061,4502,MT5,H4
2023-03-12 20:00:00,134.405,135.051,133.557,134.965,19043,MT5,H4
2023-03-13 00:00:00,134.967,134.972,133.683,134.112,32521,MT5,H4
2023-03-13 04:00:00,134.11,134.69,133.877,134.504,19843,MT5,H4
2023-03-13 08:00:00,134.503,134.648,132.839,133.15,62823,MT5,H4
2023-03-13 12:00:00,133.151,133.299,132.284,133.136,70368,MT5,H4
2023-03-13 16:00:00,133.136,133.616,132.948,133.341,25699,MT5,H4
2023-03-13 20:00:00,133.341,133.403,133.074,133.087,6877,MT5,H4
2023-03-14 00:00:00,133.089,133.958,133.026,133.78,18450,MT5,H4
2023-03-14 04:00:00,133.778,134.028,133.188,133.548,22579,MT5,H4
2023-03-14 08:00:00,133.55,134.33,133.474,134.158,25848,MT5,H4
2023-03-14 12:00:00,134.16,134.899,133.824,134.328,51165,MT5,H4
2023-03-14 16:00:00,134.325,134.598,133.981,134.167,21228,MT5,H4
2023-03-14 20:00:00,134.169,134.473,134.128,134.435,5465,MT5,H4
2023-03-15 00:00:00,134.433,134.596,134.029,134.252,15401,MT5,H4
2023-03-15 04:00:00,134.251,135.058,134.238,134.874,14685,MT5,H4
2023-03-15 08:00:00,134.872,135.111,133.39,133.53,52536,MT5,H4
2023-03-15 12:00:00,133.528,133.594,132.214,132.814,68325,MT5,H4
2023-03-15 16:00:00,132.815,133.778,132.404,133.195,49149,MT5,H4
2023-03-15 20:00:00,133.197,133.484,132.774,132.901,8933,MT5,H4
2023-03-16 00:00:00,132.903,133.492,132.501,132.731,28145,MT5,H4
2023-03-16 04:00:00,132.733,133.186,132.562,133.118,20282,MT5,H4
2023-03-16 08:00:00,133.117,133.224,132.561,132.602,29855,MT5,H4
2023-03-16 12:00:00,132.601,133.149,131.717,133.022,78937,MT5,H4
2023-03-16 16:00:00,133.02,133.823,132.9,133.485,26529,MT5,H4
2023-03-16 20:00:00,133.487,133.792,133.329,133.366,6071,MT5,H4
2023-03-17 00:00:00,133.363,133.579,133.025,133.21,12889,MT5,H4
2023-03-17 04:00:00,133.212,133.338,132.742,133.016,15373,MT5,H4
2023-03-17 08:00:00,133.014,133.351,132.507,132.637,24206,MT5,H4
2023-03-17 12:00:00,132.637,132.735,131.813,132.02,42266,MT5,H4
2023-03-17 16:00:00,132.018,132.311,131.554,131.986,18649,MT5,H4
2023-03-17 20:00:00,131.986,132.042,131.756,131.846,2897,MT5,H4
2023-03-19 20:00:00,131.832,132.36,131.674,132.276,6486,MT5,H4
2023-03-20 00:00:00,132.277,132.646,131.916,132.026,16135,MT5,H4
2023-03-20 04:00:00,132.025,132.081,130.726,131.047,28532,MT5,H4
2023-03-20 08:00:00,131.049,131.451,130.538,131.048,41412,MT5,H4
2023-03-20 12:00:00,131.047,131.845,130.978,131.593,39181,MT5,H4
2023-03-20 16:00:00,131.594,131.737,131.265,131.424,15387,MT5,H4
2023-03-20 20:00:00,131.422,131.469,131.197,131.397,3949,MT5,H4
2023-03-21 00:00:00,131.395,131.602,131.032,131.211,10031,MT5,H4
2023-03-21 04:00:00,131.209,131.899,131.178,131.869,11663,MT5,H4
2023-03-21 08:00:00,131.87,132.433,131.791,132.275,20205,MT5,H4
2023-03-21 12:00:00,132.273,132.451,131.787,132.27,25331,MT5,H4
2023-03-21 16:00:00,132.267,132.628,132.213,132.444,10784,MT5,H4
2023-03-21 20:00:00,132.442,132.549,132.257,132.399,2527,MT5,H4
2023-03-22 00:00:00,132.397,132.774,132.252,132.38,12431,MT5,H4
2023-03-22 04:00:00,132.382,132.597,132.282,132.594,10910,MT5,H4
2023-03-22 08:00:00,132.595,132.937,132.341,132.895,13365,MT5,H4
2023-03-22 12:00:00,132.892,133.0,132.421,132.667,14332,MT5,H4
2023-03-22 16:00:00,132.665,132.721,131.017,131.194,47314,MT5,H4
2023-03-22 20:00:00,131.194,131.531,131.004,131.185,9015,MT5,H4
2023-03-23 00:00:00,131.183,131.245,130.418,130.617,19790,MT5,H4
2023-03-23 04:00:00,130.616,131.047,130.55,130.933,17212,MT5,H4
2023-03-23 08:00:00,130.932,131.434,130.843,131.282,17254,MT5,H4
2023-03-23 12:00:00,131.28,131.661,130.964,130.996,23440,MT5,H4
2023-03-23 16:00:00,130.997,131.04,130.321,130.557,28820,MT5,H4
2023-03-23 20:00:00,130.559,130.905,130.534,130.864,5290,MT5,H4
2023-03-24 00:00:00,130.866,130.939,130.164,130.336,17461,MT5,H4
2023-03-24 04:00:00,130.336,130.475,130.054,130.254,13719,MT5,H4
2023-03-24 08:00:00,130.252,130.289,129.638,130.006,34844,MT5,H4
2023-03-24 12:00:00,130.004,130.731,129.846,130.633,36173,MT5,H4
2023-03-24 16:00:00,130.635,130.894,130.565,130.748,13291,MT5,H4
2023-03-24 20:00:00,130.75,130.782,130.691,130.721,856,MT5,H4
2023-03-26 20:00:00,130.578,130.962,130.5,130.847,4687,MT5,H4
2023-03-27 00:00:00,130.849,131.051,130.537,130.587,12324,MT5,H4
2023-03-27 04:00:00,130.588,131.363,130.495,130.923,16261,MT5,H4
2023-03-27 08:00:00,130.924,131.576,130.886,131.462,14413,MT5,H4
2023-03-27 12:00:00,131.464,131.745,131.325,131.499,16612,MT5,H4
2023-03-27 16:00:00,131.497,131.755,131.427,131.589,7088,MT5,H4
2023-03-27 20:00:00,131.588,131.597,131.192,131.238,3330,MT5,H4
2023-03-28 00:00:00,131.237,131.237,130.549,130.579,13579,MT5,H4
2023-03-28 04:00:00,130.578,131.243,130.501,131.159,16135,MT5,H4
2023-03-28 08:00:00,131.161,131.294,130.779,130.807,12905,MT5,H4
2023-03-28 12:00:00,130.808,131.181,130.404,130.975,19546,MT5,H4
2023-03-28 16:00:00,130.973,131.03,130.568,130.795,6478,MT5,H4
2023-03-28 20:00:00,130.797,131.078,130.756,131.047,3170,MT5,H4
2023-03-29 00:00:00,131.045,131.798,130.924,131.675,13819,MT5,H4
2023-03-29 04:00:00,131.677,132.05,131.543,131.963,12753,MT5,H4
2023-03-29 08:00:00,131.963,132.205,131.597,132.189,13151,MT5,H4
2023-03-29 12:00:00,132.188,132.717,132.165,132.699,21084,MT5,H4
2023-03-29 16:00:00,132.698,132.854,132.549,132.823,7677,MT5,H4
2023-03-29 20:00:00,132.821,132.89,132.549,132.549,2929,MT5,H4
2023-03-30 00:00:00,132.547,132.808,132.459,132.668,11467,MT5,H4
2023-03-30 04:00:00,132.665,132.686,132.199,132.401,14412,MT5,H4
2023-03-30 08:00:00,132.4,132.889,132.379,132.569,13258,MT5,H4
2023-03-30 12:00:00,132.572,132.964,132.556,132.711,16928,MT5,H4
2023-03-30 16:00:00,132.709,132.709,132.316,132.612,5896,MT5,H4
2023-03-30 20:00:00,132.614,133.268,132.583,133.199,4917,MT5,H4
2023-03-31 00:00:00,133.201,133.505,132.757,132.758,15062,MT5,H4
2023-03-31 04:00:00,132.759,133.241,132.686,133.129,11794,MT5,H4
2023-03-31 08:00:00,133.13,133.59,132.806,133.183,17018,MT5,H4
2023-03-31 12:00:00,133.183,133.313,132.747,132.749,25274,MT5,H4
2023-03-31 16:00:00,132.751,132.96,132.62,132.754,6539,MT5,H4
2023-03-31 20:00:00,132.756,132.846,132.736,132.806,1776,MT5,H4
2023-04-02 20:00:00,133.26,133.379,133.059,133.356,5017,MT5,H4
2023-04-03 00:00:00,133.354,133.462,132.817,133.443,14169,MT5,H4
2023-04-03 04:00:00,133.445,133.753,133.336,133.536,10986,MT5,H4
2023-04-03 08:00:00,133.537,133.65,132.867,132.886,11028,MT5,H4
2023-04-03 12:00:00,132.889,133.165,132.203,132.357,22374,MT5,H4
2023-04-03 16:00:00,132.357,132.567,132.277,132.45,6456,MT5,H4
2023-04-03 20:00:00,132.448,132.453,132.171,132.319,2920,MT5,H4
2023-04-04 00:00:00,132.321,132.883,132.21,132.849,10195,MT5,H4
2023-04-04 04:00:00,132.851,132.978,132.502,132.609,12129,MT5,H4
2023-04-04 08:00:00,132.61,133.167,132.591,133.032,12126,MT5,H4
2023-04-04 12:00:00,133.034,133.076,131.553,131.598,27793,MT5,H4
2023-04-04 16:00:00,131.601,131.755,131.521,131.644,6282,MT5,H4
2023-04-04 20:00:00,131.643,131.772,131.363,131.434,3757,MT5,H4
2023-04-05 00:00:00,131.432,131.842,131.304,131.675,10808,MT5,H4
2023-04-05 04:00:00,131.676,131.808,131.319,131.408,10628,MT5,H4
2023-04-05 08:00:00,131.409,131.779,131.233,131.476,12646,MT5,H4
2023-04-05 12:00:00,131.474,131.518,130.627,131.114,28018,MT5,H4
2023-04-05 16:00:00,131.112,131.344,131.063,131.307,6632,MT5,H4
2023-04-05 20:00:00,131.306,131.408,130.82,130.934,4389,MT5,H4
2023-04-06 00:00:00,130.936,131.292,130.776,131.2,8303,MT5,H4
2023-04-06 04:00:00,131.198,131.492,131.11,131.366,8458,MT5,H4
2023-04-06 08:00:00,131.365,131.574,131.176,131.476,10798,MT5,H4
2023-04-06 12:00:00,131.478,131.902,130.965,131.675,19435,MT5,H4
2023-04-06 16:00:00,131.674,131.848,131.571,131.78,3282,MT5,H4
2023-04-06 20:00:00,131.782,131.895,131.566,131.656,1732,MT5,H4
2023-04-07 00:00:00,131.652,131.803,131.543,131.685,2837,MT5,H4
2023-04-07 04:00:00,131.682,131.928,131.619,131.869,2930,MT5,H4
2023-04-07 08:00:00,131.873,131.883,131.519,131.654,3305,MT5,H4
2023-04-07 12:00:00,131.654,132.367,131.579,132.12,9972,MT5,H4
2023-04-07 16:00:00,132.119,132.263,132.118,132.225,9573,MT5,H4
2023-04-07 20:00:00,132.23,132.238,132.125,132.148,560,MT5,H4
2023-04-09 20:00:00,132.124,132.164,131.822,132.099,2324,MT5,H4
2023-04-10 00:00:00,132.097,132.741,132.088,132.705,10501,MT5,H4
2023-04-10 04:00:00,132.706,132.795,132.044,132.065,8050,MT5,H4
2023-04-10 08:00:00,132.066,132.866,131.994,132.86,14373,MT5,H4
2023-04-10 12:00:00,132.86,133.869,132.854,133.753,19542,MT5,H4
2023-04-10 16:00:00,133.752,133.753,133.549,133.56,4905,MT5,H4
2023-04-10 20:00:00,133.562,133.629,133.46,133.469,2205,MT5,H4
2023-04-11 00:00:00,133.466,133.689,133.243,133.409,8704,MT5,H4
2023-04-11 04:00:00,133.411,133.554,133.04,133.145,9860,MT5,H4
2023-04-11 08:00:00,133.144,133.338,132.971,133.262,11043,MT5,H4
2023-04-11 12:00:00,133.263,133.664,133.05,133.636,11529,MT5,H4
2023-04-11 16:00:00,133.636,133.803,133.613,133.682,4075,MT5,H4
2023-04-11 20:00:00,133.684,133.75,133.55,133.598,1918,MT5,H4
2023-04-12 00:00:00,133.597,134.042,133.559,133.843,7513,MT5,H4
2023-04-12 04:00:00,133.841,133.897,133.556,133.845,7849,MT5,H4
2023-04-12 08:00:00,133.844,133.969,133.594,133.735,7126,MT5,H4
2023-04-12 12:00:00,133.735,133.904,132.732,133.244,29587,MT5,H4
2023-04-12 16:00:00,133.246,133.399,133.045,133.187,8832,MT5,H4
2023-04-12 20:00:00,133.187,133.253,132.94,133.083,3381,MT5,H4
2023-04-13 00:00:00,133.086,133.307,132.981,133.263,7562,MT5,H4
2023-04-13 04:00:00,133.264,133.37,132.998,133.02,7600,MT5,H4
2023-04-13 08:00:00,133.02,133.374,132.9,133.337,8030,MT5,H4
2023-04-13 12:00:00,133.336,133.39,132.017,132.375,22489,MT5,H4
2023-04-13 16:00:00,132.376,132.796,132.36,132.729,5494,MT5,H4
2023-04-13 20:00:00,132.727,132.741,132.467,132.484,1940,MT5,H4
2023-04-14 00:00:00,132.486,132.638,132.267,132.4,8599,MT5,H4
2023-04-14 04:00:00,132.399,132.592,132.194,132.227,7393,MT5,H4
2023-04-14 08:00:00,132.225,132.742,132.168,132.608,8507,MT5,H4
2023-04-14 12:00:00,132.606,133.761,132.181,133.747,28454,MT5,H4
2023-04-14 16:00:00,133.748,133.833,133.626,133.758,4246,MT5,H4
2023-04-14 20:00:00,133.759,133.811,133.722,133.755,836,MT5,H4
2023-04-16 20:00:00,133.798,133.992,133.747,133.986,2002,MT5,H4
2023-04-17 00:00:00,133.984,134.102,133.71,133.983,7467,MT5,H4
2023-04-17 04:00:00,133.984,134.212,133.84,134.044,9638,MT5,H4
2023-04-17 08:00:00,134.049,134.175,133.75,133.775,8995,MT5,H4
2023-04-17 12:00:00,133.773,134.569,133.74,134.514,15998,MT5,H4
2023-04-17 16:00:00,134.515,134.528,134.383,134.422,2864,MT5,H4
2023-04-17 20:00:00,134.424,134.496,134.41,134.454,1926,MT5,H4
2023-04-18 00:00:00,134.452,134.702,134.272,134.442,8189,MT5,H4
2023-04-18 04:00:00,134.44,134.532,134.203,134.228,7516,MT5,H4
2023-04-18 08:00:00,134.23,134.28,133.858,133.888,9142,MT5,H4
2023-04-18 12:00:00,133.886,134.322,133.861,134.115,12736,MT5,H4
2023-04-18 16:00:00,134.113,134.192,134.014,134.078,3162,MT5,H4
2023-04-18 20:00:00,134.08,134.12,133.979,134.041,1979,MT5,H4
2023-04-19 00:00:00,134.039,134.387,133.952,134.29,6604,MT5,H4
2023-04-19 04:00:00,134.292,134.81,134.281,134.732,8722,MT5,H4
2023-04-19 08:00:00,134.734,135.133,134.65,134.673,12283,MT5,H4
2023-04-19 12:00:00,134.674,134.811,134.29,134.791,12585,MT5,H4
2023-04-19 16:00:00,134.792,134.851,134.647,134.792,4130,MT5,H4
2023-04-19 20:00:00,134.793,134.822,134.566,134.712,2819,MT5,H4
2023-04-20 00:00:00,134.71,134.971,134.612,134.739,8018,MT5,H4
2023-04-20 04:00:00,134.736,134.831,134.386,134.608,7713,MT5,H4
2023-04-20 08:00:00,134.609,134.861,134.503,134.664,8468,MT5,H4
2023-04-20 12:00:00,134.663,134.827,134.011,134.101,16429,MT5,H4
2023-04-20 16:00:00,134.102,134.353,134.05,134.277,3321,MT5,H4
2023-04-20 20:00:00,134.278,134.285,133.953,133.997,2674,MT5,H4
2023-04-21 00:00:00,133.996,134.249,133.805,133.858,7246,MT5,H4
2023-04-21 04:00:00,133.859,134.107,133.695,133.934,8394,MT5,H4
2023-04-21 08:00:00,133.932,134.044,133.667,133.76,8117,MT5,H4
2023-04-21 12:00:00,133.758,134.489,133.546,134.281,16998,MT5,H4
2023-04-21 16:00:00,134.28,134.287,134.063,134.074,3628,MT5,H4
2023-04-21 20:00:00,134.072,134.134,134.069,134.124,652,MT5,H4
2023-04-23 20:00:00,134.053,134.115,133.934,133.962,1920,MT5,H4
2023-04-24 00:00:00,133.964,134.47,133.89,134.361,6786,MT5,H4
2023-04-24 04:00:00,134.363,134.473,134.121,134.228,7095,MT5,H4
2023-04-24 08:00:00,134.223,134.695,134.182,134.624,7834,MT5,H4
2023-04-24 12:00:00,134.622,134.729,134.332,134.405,10054,MT5,H4
2023-04-24 16:00:00,134.406,134.418,134.226,134.3,2841,MT5,H4
2023-04-24 20:00:00,134.3,134.317,133.962,134.084,2965,MT5,H4
2023-04-25 00:00:00,134.082,134.412,134.003,134.358,7892,MT5,H4
2023-04-25 04:00:00,134.356,134.476,134.049,134.148,9178,MT5,H4
2023-04-25 08:00:00,134.149,134.208,133.815,134.194,8590,MT5,H4
2023-04-25 12:00:00,134.196,134.25,133.727,133.967,14105,MT5,H4
2023-04-25 16:00:00,133.969,134.012,133.364,133.492,8367,MT5,H4
2023-04-25 20:00:00,133.492,133.851,133.492,133.709,3511,MT5,H4
2023-04-26 00:00:00,133.707,133.749,133.437,133.528,8437,MT5,H4
2023-04-26 04:00:00,133.53,133.787,133.39,133.45,9106,MT5,H4
2023-04-26 08:00:00,133.45,133.849,133.262,133.737,13820,MT5,H4
2023-04-26 12:00:00,133.735,133.93,133.015,133.723,23348,MT5,H4
2023-04-26 16:00:00,133.724,133.881,133.474,133.627,8162,MT5,H4
2023-04-26 20:00:00,133.626,133.684,133.408,133.462,2452,MT5,H4
2023-04-27 00:00:00,133.46,133.719,133.392,133.685,7335,MT5,H4
2023-04-27 04:00:00,133.686,133.848,133.616,133.782,8488,MT5,H4
2023-04-27 08:00:00,133.783,133.945,133.406,133.486,8212,MT5,H4
2023-04-27 12:00:00,133.486,134.196,133.189,134.053,20790,MT5,H4
2023-04-27 16:00:00,134.053,134.06,133.82,133.909,5471,MT5,H4
2023-04-27 20:00:00,133.909,134.034,133.73,133.803,4422,MT5,H4
2023-04-28 00:00:00,133.801,134.29,133.346,133.812,27030,MT5,H4
2023-04-28 04:00:00,133.811,135.855,133.38,135.724,40907,MT5,H4
2023-04-28 08:00:00,135.726,136.18,135.516,136.131,12707,MT5,H4
2023-04-28 12:00:00,136.128,136.558,135.836,135.992,22600,MT5,H4
2023-04-28 16:00:00,135.993,136.286,135.958,136.237,6038,MT5,H4
2023-04-28 20:00:00,136.235,136.347,136.202,136.306,1165,MT5,H4
2023-04-30 20:00:00,136.152,136.432,136.147,136.402,3350,MT5,H4
2023-05-01 00:00:00,136.401,136.944,136.25,136.876,9895,MT5,H4
2023-05-01 04:00:00,136.878,136.98,136.681,136.714,6312,MT5,H4
2023-05-01 08:00:00,136.716,136.888,136.572,136.814,6761,MT5,H4
2023-05-01 12:00:00,136.816,137.406,136.704,137.354,12509,MT5,H4
2023-05-01 16:00:00,137.355,137.54,137.311,137.495,4136,MT5,H4
2023-05-01 20:00:00,137.498,137.574,137.383,137.519,3074,MT5,H4
2023-05-02 00:00:00,137.517,137.527,137.291,137.492,7197,MT5,H4
2023-05-02 04:00:00,137.493,137.77,137.455,137.598,10380,MT5,H4
2023-05-02 08:00:00,137.595,137.607,137.244,137.337,9633,MT5,H4
2023-05-02 12:00:00,137.335,137.579,136.387,136.464,21832,MT5,H4
2023-05-02 16:00:00,136.467,136.698,136.313,136.499,8147,MT5,H4
2023-05-02 20:00:00,136.502,136.578,136.386,136.47,3282,MT5,H4
2023-05-03 00:00:00,136.469,136.57,135.917,136.055,6357,MT5,H4
2023-05-03 04:00:00,136.056,136.114,135.719,135.791,7843,MT5,H4
2023-05-03 08:00:00,135.793,135.798,135.442,135.493,9987,MT5,H4
2023-05-03 12:00:00,135.491,135.917,135.066,135.312,18486,MT5,H4
2023-05-03 16:00:00,135.31,135.702,134.833,135.012,28637,MT5,H4
2023-05-03 20:00:00,135.011,135.254,134.386,134.551,9786,MT5,H4
2023-05-04 00:00:00,134.549,134.625,134.344,134.509,7775,MT5,H4
2023-05-04 04:00:00,134.511,134.813,134.146,134.669,12446,MT5,H4
2023-05-04 08:00:00,134.671,134.747,134.351,134.418,13172,MT5,H4
2023-05-04 12:00:00,134.418,134.876,133.672,133.765,43406,MT5,H4
2023-05-04 16:00:00,133.765,134.231,133.497,134.15,16118,MT5,H4
2023-05-04 20:00:00,134.152,134.348,134.115,134.16,4289,MT5,H4
2023-05-05 00:00:00,134.159,134.257,133.974,134.037,5470,MT5,H4
2023-05-05 04:00:00,134.039,134.214,133.883,134.054,9912,MT5,H4
2023-05-05 08:00:00,134.051,134.29,133.962,134.25,8459,MT5,H4
2023-05-05 12:00:00,134.249,135.12,134.169,134.858,25569,MT5,H4
2023-05-05 16:00:00,134.856,134.884,134.623,134.853,4796,MT5,H4
2023-05-05 20:00:00,134.855,134.879,134.805,134.834,495,MT5,H4
2023-05-07 20:00:00,134.859,135.297,134.818,135.192,2680,MT5,H4
2023-05-08 00:00:00,135.189,135.189,134.76,134.861,7001,MT5,H4
2023-05-08 04:00:00,134.858,135.034,134.641,135.024,6468,MT5,H4
2023-05-08 08:00:00,135.025,135.207,134.924,135.186,7177,MT5,H4
2023-05-08 12:00:00,135.185,135.224,134.756,134.828,10597,MT5,H4
2023-05-08 16:00:00,134.826,135.175,134.652,135.123,5550,MT5,H4
2023-05-08 20:00:00,135.123,135.15,134.966,135.085,5319,MT5,H4
2023-05-09 00:00:00,135.083,135.322,134.923,134.935,6433,MT5,H4
2023-05-09 04:00:00,134.933,135.043,134.721,134.795,8175,MT5,H4
2023-05-09 08:00:00,134.796,135.103,134.762,134.931,8057,MT5,H4
2023-05-09 12:00:00,134.93,135.356,134.922,135.149,10960,MT5,H4
2023-05-09 16:00:00,135.147,135.272,135.1,135.226,5101,MT5,H4
2023-05-09 20:00:00,135.206,135.335,135.146,135.29,4229,MT5,H4
2023-05-10 00:00:00,135.289,135.295,135.063,135.146,5081,MT5,H4
2023-05-10 04:00:00,135.148,135.466,135.132,135.239,7496,MT5,H4
2023-05-10 08:00:00,135.238,135.34,135.116,135.312,6897,MT5,H4
2023-05-10 12:00:00,135.31,135.41,134.274,134.526,25959,MT5,H4
2023-05-10 16:00:00,134.525,134.534,134.11,134.349,7350,MT5,H4
2023-05-10 20:00:00,134.332,134.377,134.018,134.096,3189,MT5,H4
2023-05-11 00:00:00,134.098,134.248,133.89,134.187,6920,MT5,H4
2023-05-11 04:00:00,134.184,134.561,134.151,134.55,9571,MT5,H4
2023-05-11 08:00:00,134.552,134.842,134.083,134.151,11875,MT5,H4
2023-05-11 12:00:00,134.15,134.636,133.742,134.46,25048,MT5,H4
2023-05-11 16:00:00,134.461,134.585,134.329,134.552,6071,MT5,H4
2023-05-11 20:00:00,134.535,134.577,134.446,134.491,2840,MT5,H4
2023-05-12 00:00:00,134.488,134.689,134.4,134.545,5531,MT5,H4
2023-05-12 04:00:00,134.544,134.902,134.52,134.859,7123,MT5,H4
2023-05-12 08:00:00,134.857,134.942,134.63,134.925,5699,MT5,H4
2023-05-12 12:00:00,134.927,135.645,134.715,135.627,14345,MT5,H4
2023-05-12 16:00:00,135.63,135.751,135.592,135.696,4748,MT5,H4
2023-05-12 20:00:00,135.671,135.725,135.645,135.723,435,MT5,H4
2023-05-14 20:00:00,135.633,135.896,135.618,135.822,1631,MT5,H4
2023-05-15 00:00:00,135.82,136.146,135.722,136.131,6400,MT5,H4
2023-05-15 04:00:00,136.129,136.262,135.821,135.957,6733,MT5,H4
2023-05-15 08:00:00,135.959,136.322,135.939,136.138,6803,MT5,H4
2023-05-15 12:00:00,136.137,136.233,135.71,136.075,13305,MT5,H4
2023-05-15 16:00:00,136.073,136.133,136.009,136.055,3508,MT5,H4
2023-05-15 20:00:00,136.027,136.102,135.943,136.028,1243,MT5,H4
2023-05-16 00:00:00,136.031,136.099,135.905,135.963,4294,MT5,H4
2023-05-16 04:00:00,135.966,136.03,135.742,135.789,5855,MT5,H4
2023-05-16 08:00:00,135.791,135.881,135.686,135.854,5186,MT5,H4
2023-05-16 12:00:00,135.856,136.68,135.665,136.616,14399,MT5,H4
2023-05-16 16:00:00,136.613,136.656,136.266,136.322,4493,MT5,H4
2023-05-16 20:00:00,136.293,136.465,136.249,136.425,2098,MT5,H4
2023-05-17 00:00:00,136.424,136.524,136.302,136.459,3844,MT5,H4
2023-05-17 04:00:00,136.46,136.991,136.459,136.983,6486,MT5,H4
2023-05-17 08:00:00,136.981,137.17,136.836,137.003,7350,MT5,H4
2023-05-17 12:00:00,137.001,137.569,136.904,137.513,11757,MT5,H4
2023-05-17 16:00:00,137.511,137.656,137.391,137.613,4288,MT5,H4
2023-05-17 20:00:00,137.592,137.69,137.519,137.603,2494,MT5,H4
2023-05-18 00:00:00,137.601,137.717,137.287,137.582,6449,MT5,H4
2023-05-18 04:00:00,137.584,137.87,137.385,137.81,7168,MT5,H4
2023-05-18 08:00:00,137.812,137.934,137.694,137.817,7503,MT5,H4
2023-05-18 12:00:00,137.815,138.672,137.755,138.497,15457,MT5,H4
2023-05-18 16:00:00,138.499,138.743,138.369,138.683,5686,MT5,H4
2023-05-18 20:00:00,138.666,138.712,138.52,138.625,2486,MT5,H4
2023-05-19 00:00:00,138.624,138.662,138.278,138.425,8510,MT5,H4
2023-05-19 04:00:00,138.426,138.494,137.965,138.105,8683,MT5,H4
2023-05-19 08:00:00,138.106,138.482,137.993,138.406,8285,MT5,H4
2023-05-19 12:00:00,138.405,138.651,137.424,137.678,25800,MT5,H4
2023-05-19 16:00:00,137.68,138.134,137.61,137.963,8497,MT5,H4
2023-05-19 20:00:00,137.931,137.986,137.863,137.929,641,MT5,H4
2023-05-21 20:00:00,137.955,137.992,137.573,137.695,1951,MT5,H4
2023-05-22 00:00:00,137.693,137.843,137.492,137.696,6864,MT5,H4
2023-05-22 04:00:00,137.693,138.04,137.643,137.828,7265,MT5,H4
2023-05-22 08:00:00,137.83,138.344,137.798,138.235,8011,MT5,H4
2023-05-22 12:00:00,138.236,138.663,137.991,138.656,18823,MT5,H4
2023-05-22 16:00:00,138.654,138.684,138.264,138.581,7123,MT5,H4
2023-05-22 20:00:00,138.552,138.796,138.492,138.663,2924,MT5,H4
2023-05-23 00:00:00,138.661,138.874,138.424,138.621,7867,MT5,H4
2023-05-23 04:00:00,138.623,138.678,138.325,138.358,9877,MT5,H4
2023-05-23 08:00:00,138.36,138.588,138.241,138.412,8649,MT5,H4
2023-05-23 12:00:00,138.409,138.907,138.288,138.738,17836,MT5,H4
2023-05-23 16:00:00,138.74,138.818,138.395,138.58,7607,MT5,H4
2023-05-23 20:00:00,138.553,138.625,138.492,138.609,1915,MT5,H4
2023-05-24 00:00:00,138.608,138.635,138.351,138.417,4922,MT5,H4
2023-05-24 04:00:00,138.419,138.731,138.231,138.643,8945,MT5,H4
2023-05-24 08:00:00,138.641,138.686,138.336,138.373,9072,MT5,H4
2023-05-24 12:00:00,138.374,139.214,138.357,139.141,15413,MT5,H4
2023-05-24 16:00:00,139.143,139.383,138.971,139.322,9075,MT5,H4
2023-05-24 20:00:00,139.294,139.455,138.869,139.295,4357,MT5,H4
2023-05-25 00:00:00,139.297,139.698,139.263,139.657,8285,MT5,H4
2023-05-25 04:00:00,139.655,139.69,139.303,139.389,9230,MT5,H4
2023-05-25 08:00:00,139.391,139.633,139.28,139.569,7410,MT5,H4
2023-05-25 12:00:00,139.567,139.885,139.18,139.814,23464,MT5,H4
2023-05-25 16:00:00,139.816,140.226,139.811,140.163,6115,MT5,H4
2023-05-25 20:00:00,140.146,140.17,139.869,140.021,2722,MT5,H4
2023-05-26 00:00:00,140.02,140.101,139.771,139.833,7140,MT5,H4
2023-05-26 04:00:00,139.832,139.842,139.493,139.528,7961,MT5,H4
2023-05-26 08:00:00,139.53,139.814,139.519,139.759,6200,MT5,H4
2023-05-26 12:00:00,139.761,140.709,139.643,140.534,18753,MT5,H4
2023-05-26 16:00:00,140.532,140.723,140.497,140.569,4728,MT5,H4
2023-05-26 20:00:00,140.541,140.617,140.527,140.585,475,MT5,H4
2023-05-28 20:00:00,140.586,140.888,140.497,140.882,2774,MT5,H4
2023-05-29 00:00:00,140.881,140.916,140.383,140.592,5874,MT5,H4
2023-05-29 04:00:00,140.594,140.639,140.22,140.462,4820,MT5,H4
2023-05-29 08:00:00,140.459,140.532,140.173,140.286,5008,MT5,H4
2023-05-29 12:00:00,140.284,140.367,140.112,140.287,3026,MT5,H4
2023-05-29 16:00:00,140.29,140.444,140.286,140.444,769,MT5,H4
2023-05-29 20:00:00,140.405,140.51,140.306,140.469,2160,MT5,H4
2023-05-30 00:00:00,140.472,140.529,139.961,140.244,8040,MT5,H4
2023-05-30 04:00:00,140.243,140.929,140.116,140.254,15760,MT5,H4
2023-05-30 08:00:00,140.255,140.648,139.651,139.657,16776,MT5,H4
2023-05-30 12:00:00,139.655,140.107,139.569,139.833,16012,MT5,H4
2023-05-30 16:00:00,139.834,139.945,139.711,139.753,5642,MT5,H4
2023-05-30 20:00:00,139.734,139.835,139.69,139.793,2992,MT5,H4
2023-05-31 00:00:00,139.791,139.918,139.614,139.783,7162,MT5,H4
2023-05-31 04:00:00,139.782,139.855,139.311,139.742,11277,MT5,H4
2023-05-31 08:00:00,139.743,140.057,139.651,139.695,7560,MT5,H4
2023-05-31 12:00:00,139.694,140.399,139.511,139.771,21292,MT5,H4
2023-05-31 16:00:00,139.774,139.932,139.232,139.345,8726,MT5,H4
2023-05-31 20:00:00,139.3,139.371,138.957,139.137,3612,MT5,H4
2023-06-01 00:00:00,139.135,139.55,139.078,139.5,8066,MT5,H4
2023-06-01 04:00:00,139.498,139.947,139.406,139.911,7164,MT5,H4
2023-06-01 08:00:00,139.913,139.944,139.334,139.382,7418,MT5,H4
2023-06-01 12:00:00,139.385,139.864,138.422,138.743,21281,MT5,H4
2023-06-01 16:00:00,138.742,138.864,138.707,138.796,4096,MT5,H4
2023-06-01 20:00:00,138.786,138.835,138.681,138.74,1706,MT5,H4
2023-06-02 00:00:00,138.738,139.051,138.604,138.739,6589,MT5,H4
2023-06-02 04:00:00,138.738,139.027,138.731,139.004,6646,MT5,H4
2023-06-02 08:00:00,139.005,139.102,138.74,138.929,6031,MT5,H4
2023-06-02 12:00:00,138.927,139.814,138.733,139.758,23298,MT5,H4
2023-06-02 16:00:00,139.759,140.066,139.743,139.974,4537,MT5,H4
2023-06-02 20:00:00,139.954,139.974,139.902,139.951,348,MT5,H4
2023-06-04 20:00:00,139.963,140.242,139.921,140.211,1908,MT5,H4
2023-06-05 00:00:00,140.213,140.263,139.992,140.039,6437,MT5,H4
2023-06-05 04:00:00,140.041,140.446,139.984,140.408,6803,MT5,H4
2023-06-05 08:00:00,140.406,140.449,140.196,140.264,6185,MT5,H4
2023-06-05 12:00:00,140.263,140.297,139.249,139.644,16125,MT5,H4
2023-06-05 16:00:00,139.641,139.81,139.478,139.548,5082,MT5,H4
2023-06-05 20:00:00,139.523,139.587,139.322,139.412,2676,MT5,H4
2023-06-06 00:00:00,139.413,139.654,139.378,139.547,4810,MT5,H4
2023-06-06 04:00:00,139.546,139.632,139.095,139.303,9563,MT5,H4
2023-06-06 08:00:00,139.301,139.617,139.122,139.591,8886,MT5,H4
2023-06-06 12:00:00,139.59,139.991,139.533,139.668,11160,MT5,H4
2023-06-06 16:00:00,139.67,139.753,139.572,139.679,3998,MT5,H4
2023-06-06 20:00:00,139.669,139.675,139.521,139.521,1742,MT5,H4
2023-06-07 00:00:00,139.523,139.56,139.168,139.305,6587,MT5,H4
2023-06-07 04:00:00,139.304,139.469,139.126,139.437,6230,MT5,H4
2023-06-07 08:00:00,139.44,139.494,139.245,139.37,5904,MT5,H4
2023-06-07 12:00:00,139.369,140.047,139.024,139.976,15811,MT5,H4
2023-06-07 16:00:00,139.978,140.242,139.952,140.237,5280,MT5,H4
2023-06-07 20:00:00,140.197,140.222,139.862,139.912,2957,MT5,H4
2023-06-08 00:00:00,139.911,140.092,139.786,139.803,5757,MT5,H4
2023-06-08 04:00:00,139.802,139.96,139.662,139.72,6707,MT5,H4
2023-06-08 08:00:00,139.723,139.845,139.621,139.684,6280,MT5,H4
2023-06-08 12:00:00,139.688,139.747,138.806,138.837,19072,MT5,H4
2023-06-08 16:00:00,138.836,139.002,138.835,138.915,4592,MT5,H4
2023-06-08 20:00:00,138.89,138.914,138.757,138.882,1761,MT5,H4
2023-06-09 00:00:00,138.884,139.298,138.865,139.267,6667,MT5,H4
2023-06-09 04:00:00,139.269,139.6,139.219,139.559,7393,MT5,H4
2023-06-09 08:00:00,139.56,139.722,139.364,139.381,6184,MT5,H4
2023-06-09 12:00:00,139.379,139.593,139.028,139.351,13653,MT5,H4
2023-06-09 16:00:00,139.353,139.476,139.277,139.44,3709,MT5,H4
2023-06-09 20:00:00,139.415,139.419,139.333,139.34,412,MT5,H4
2023-06-11 20:00:00,139.332,139.478,139.301,139.372,2266,MT5,H4
2023-06-12 00:00:00,139.37,139.642,139.264,139.431,6677,MT5,H4
2023-06-12 04:00:00,139.431,139.626,139.351,139.503,8422,MT5,H4
2023-06-12 08:00:00,139.505,139.531,139.06,139.38,10592,MT5,H4
2023-06-12 12:00:00,139.38,139.74,139.086,139.719,16161,MT5,H4
2023-06-12 16:00:00,139.718,139.762,139.543,139.565,6421,MT5,H4
2023-06-12 20:00:00,139.547,139.625,139.415,139.459,2442,MT5,H4
2023-06-13 00:00:00,139.457,139.662,139.323,139.392,7481,MT5,H4
2023-06-13 04:00:00,139.392,139.642,139.38,139.488,9346,MT5,H4
2023-06-13 08:00:00,139.489,139.634,139.473,139.508,8036,MT5,H4
2023-06-13 12:00:00,139.508,140.108,139.009,139.999,28362,MT5,H4
2023-06-13 16:00:00,140.001,140.305,139.839,140.206,7896,MT5,H4
2023-06-13 20:00:00,140.197,140.246,140.101,140.148,2665,MT5,H4
2023-06-14 00:00:00,140.148,140.187,139.936,140.005,7061,MT5,H4
2023-06-14 04:00:00,140.005,140.2,139.887,139.983,8204,MT5,H4
2023-06-14 08:00:00,139.984,140.052,139.85,139.976,8213,MT5,H4
2023-06-14 12:00:00,139.975,139.975,139.28,139.335,15610,MT5,H4
2023-06-14 16:00:00,139.335,140.172,139.315,139.943,26402,MT5,H4
2023-06-14 20:00:00,139.895,140.112,139.881,139.963,4060,MT5,H4
2023-06-15 00:00:00,139.964,141.084,139.94,141.073,14168,MT5,H4
2023-06-15 04:00:00,141.073,141.501,141.07,141.271,14974,MT5,H4
2023-06-15 08:00:00,141.272,141.348,140.849,141.242,12616,MT5,H4
2023-06-15 12:00:00,141.242,141.298,140.152,140.493,27213,MT5,H4
2023-06-15 16:00:00,140.493,140.494,140.223,140.261,6606,MT5,H4
2023-06-15 20:00:00,140.262,140.283,140.085,140.264,2877,MT5,H4
2023-06-16 00:00:00,140.265,140.773,139.851,140.525,18119,MT5,H4
2023-06-16 04:00:00,140.525,141.403,140.467,141.14,16938,MT5,H4
2023-06-16 08:00:00,141.138,141.335,140.79,140.969,14276,MT5,H4
2023-06-16 12:00:00,140.969,141.871,140.912,141.823,23224,MT5,H4
2023-06-16 16:00:00,141.825,141.885,141.665,141.84,6837,MT5,H4
2023-06-16 20:00:00,141.805,141.895,141.805,141.814,745,MT5,H4
2023-06-18 20:00:00,141.733,141.951,141.702,141.862,3055,MT5,H4
2023-06-19 00:00:00,141.861,141.969,141.513,141.528,8300,MT5,H4
2023-06-19 04:00:00,141.527,141.948,141.44,141.845,9045,MT5,H4
2023-06-19 08:00:00,141.845,142.0,141.752,141.845,8112,MT5,H4
2023-06-19 12:00:00,141.843,141.925,141.657,141.901,7012,MT5,H4
2023-06-19 16:00:00,141.901,141.981,141.889,141.968,1603,MT5,H4
2023-06-19 20:00:00,141.958,141.981,141.821,141.899,2396,MT5,H4
2023-06-20 00:00:00,141.9,142.249,141.579,141.724,14988,MT5,H4
2023-06-20 04:00:00,141.722,142.139,141.613,141.761,11865,MT5,H4
2023-06-20 08:00:00,141.763,141.791,141.343,141.375,10548,MT5,H4
2023-06-20 12:00:00,141.375,141.748,141.242,141.466,16354,MT5,H4
2023-06-20 16:00:00,141.468,141.508,141.212,141.445,5625,MT5,H4
2023-06-20 20:00:00,141.416,141.449,141.281,141.339,3367,MT5,H4
2023-06-21 00:00:00,141.338,141.735,141.334,141.634,9193,MT5,H4
2023-06-21 04:00:00,141.634,142.103,141.614,142.086,11886,MT5,H4
2023-06-21 08:00:00,142.087,142.167,141.702,141.813,10446,MT5,H4
2023-06-21 12:00:00,141.815,142.365,141.747,142.085,20079,MT5,H4
2023-06-21 16:00:00,142.086,142.124,141.681,141.785,8522,MT5,H4
2023-06-21 20:00:00,141.764,141.894,141.655,141.685,3432,MT5,H4
2023-06-22 00:00:00,141.685,141.891,141.608,141.745,7659,MT5,H4
2023-06-22 04:00:00,141.744,141.95,141.617,141.785,10234,MT5,H4
2023-06-22 08:00:00,141.784,142.165,141.784,142.126,11393,MT5,H4
2023-06-22 12:00:00,142.128,142.889,141.764,142.886,20586,MT5,H4
2023-06-22 16:00:00,142.888,143.224,142.864,143.154,7100,MT5,H4
2023-06-22 20:00:00,143.128,143.178,142.951,143.027,4049,MT5,H4
2023-06-23 00:00:00,143.026,143.151,142.809,143.062,12261,MT5,H4
2023-06-23 04:00:00,143.062,143.448,142.768,142.878,15396,MT5,H4
2023-06-23 08:00:00,142.88,143.317,142.866,143.261,12060,MT5,H4
2023-06-23 12:00:00,143.259,143.865,142.697,143.782,22179,MT5,H4
2023-06-23 16:00:00,143.784,143.869,143.685,143.784,5805,MT5,H4
2023-06-23 20:00:00,143.786,143.789,143.679,143.711,622,MT5,H4
2023-06-25 20:00:00,143.517,143.687,143.424,143.536,3716,MT5,H4
2023-06-26 00:00:00,143.537,143.658,143.232,143.433,11708,MT5,H4
2023-06-26 04:00:00,143.433,143.564,142.936,143.182,12162,MT5,H4
2023-06-26 08:00:00,143.182,143.248,142.988,143.197,10491,MT5,H4
2023-06-26 12:00:00,143.198,143.709,143.049,143.55,15624,MT5,H4
2023-06-26 16:00:00,143.55,143.6,143.431,143.501,6118,MT5,H4
2023-06-26 20:00:00,143.491,143.51,143.366,143.46,8464,MT5,H4
2023-06-27 00:00:00,143.464,143.573,143.281,143.429,30766,MT5,H4
2023-06-27 04:00:00,143.432,143.66,143.397,143.518,30297,MT5,H4
2023-06-27 08:00:00,143.519,143.944,143.492,143.551,33561,MT5,H4
2023-06-27 12:00:00,143.552,144.174,143.296,144.005,48692,MT5,H4
2023-06-27 16:00:00,144.007,144.087,143.871,144.0,25895,MT5,H4
2023-06-27 20:00:00,143.984,144.075,143.788,143.875,15161,MT5,H4
2023-06-28 00:00:00,143.878,144.05,143.728,143.987,32490,MT5,H4
2023-06-28 04:00:00,143.991,144.196,143.861,144.074,31922,MT5,H4
2023-06-28 08:00:00,144.077,144.257,143.821,144.188,33875,MT5,H4
2023-06-28 12:00:00,144.191,144.618,144.094,144.224,52776,MT5,H4
2023-06-28 16:00:00,144.229,144.428,144.122,144.424,28025,MT5,H4
2023-06-28 20:00:00,144.429,144.518,144.242,144.387,15510,MT5,H4
2023-06-29 00:00:00,144.393,144.494,144.131,144.428,31964,MT5,H4
2023-06-29 04:00:00,144.432,144.699,144.157,144.346,34891,MT5,H4
2023-06-29 08:00:00,144.348,144.41,144.146,144.291,33622,MT5,H4
2023-06-29 12:00:00,144.296,144.9,144.159,144.719,54667,MT5,H4
2023-06-29 16:00:00,144.724,144.894,144.72,144.831,25698,MT5,H4
2023-06-29 20:00:00,144.836,144.839,144.68,144.793,13357,MT5,H4
2023-06-30 00:00:00,144.796,145.071,144.694,144.772,37396,MT5,H4
2023-06-30 04:00:00,144.774,144.872,144.44,144.842,32517,MT5,H4
2023-06-30 08:00:00,144.847,144.905,144.584,144.722,32533,MT5,H4
2023-06-30 12:00:00,144.724,144.744,144.203,144.471,53539,MT5,H4
2023-06-30 16:00:00,144.473,144.553,144.233,144.271,28426,MT5,H4
2023-06-30 20:00:00,144.276,144.342,144.236,144.284,4199,MT5,H4
2023-07-02 20:00:00,144.318,144.404,144.243,144.396,2339,MT5,H4
2023-07-03 00:00:00,144.395,144.69,144.222,144.613,7954,MT5,H4
2023-07-03 04:00:00,144.613,144.844,144.365,144.829,10048,MT5,H4
2023-07-03 08:00:00,144.828,144.91,144.544,144.857,9529,MT5,H4
2023-07-03 12:00:00,144.857,144.872,143.978,144.504,17399,MT5,H4
2023-07-03 16:00:00,144.504,144.743,144.496,144.742,4488,MT5,H4
2023-07-03 20:00:00,144.723,144.738,144.57,144.595,1987,MT5,H4
2023-07-04 00:00:00,144.596,144.661,144.423,144.661,6039,MT5,H4
2023-07-04 04:00:00,144.661,144.673,144.331,144.496,6456,MT5,H4
2023-07-04 08:00:00,144.496,144.497,144.3,144.411,5268,MT5,H4
2023-07-04 12:00:00,144.411,144.49,144.205,144.411,5579,MT5,H4
2023-07-04 16:00:00,144.411,144.542,144.387,144.483,2746,MT5,H4
2023-07-04 20:00:00,144.451,144.497,144.385,144.405,2014,MT5,H4
2023-07-05 00:00:00,144.405,144.64,144.38,144.525,5560,MT5,H4
2023-07-05 04:00:00,144.526,144.732,144.425,144.448,7659,MT5,H4
2023-07-05 08:00:00,144.447,144.505,144.206,144.495,9760,MT5,H4
2023-07-05 12:00:00,144.496,144.594,144.077,144.558,13758,MT5,H4
2023-07-05 16:00:00,144.558,144.693,144.5,144.662,5762,MT5,H4
2023-07-05 20:00:00,144.651,144.681,144.394,144.496,3173,MT5,H4
2023-07-06 00:00:00,144.496,144.512,144.164,144.23,8363,MT5,H4
2023-07-06 04:00:00,144.229,144.229,143.554,143.912,14891,MT5,H4
2023-07-06 08:00:00,143.911,144.13,143.671,143.681,10864,MT5,H4
2023-07-06 12:00:00,143.681,144.651,143.632,144.089,27537,MT5,H4
2023-07-06 16:00:00,144.09,144.227,143.959,144.103,7139,MT5,H4
2023-07-06 20:00:00,144.083,144.121,143.89,143.974,2794,MT5,H4
2023-07-07 00:00:00,143.972,144.194,143.796,143.911,8075,MT5,H4
2023-07-07 04:00:00,143.911,143.954,143.136,143.233,11678,MT5,H4
2023-07-07 08:00:00,143.232,143.357,142.873,143.237,13450,MT5,H4
2023-07-07 12:00:00,143.237,143.416,142.102,142.215,33092,MT5,H4
2023-07-07 16:00:00,142.213,142.232,142.081,142.129,6190,MT5,H4
2023-07-07 20:00:00,142.093,142.112,142.046,142.102,666,MT5,H4
2023-07-09 20:00:00,142.141,142.286,142.081,142.21,3181,MT5,H4
2023-07-10 00:00:00,142.208,142.9,142.119,142.77,13128,MT5,H4
2023-07-10 04:00:00,142.77,143.002,142.239,142.293,12590,MT5,H4
2023-07-10 08:00:00,142.292,142.596,142.127,142.13,8760,MT5,H4
2023-07-10 12:00:00,142.129,142.511,141.515,141.559,18417,MT5,H4
2023-07-10 16:00:00,141.56,141.61,141.275,141.296,5569,MT5,H4
2023-07-10 20:00:00,141.28,141.343,141.193,141.307,3315,MT5,H4
2023-07-11 00:00:00,141.307,141.457,140.61,140.792,13055,MT5,H4
2023-07-11 04:00:00,140.792,140.941,140.42,140.528,13947,MT5,H4
2023-07-11 08:00:00,140.53,140.623,140.158,140.39,11968,MT5,H4
2023-07-11 12:00:00,140.39,140.951,140.294,140.521,14897,MT5,H4
2023-07-11 16:00:00,140.516,140.562,140.297,140.382,5203,MT5,H4
2023-07-11 20:00:00,140.362,140.378,140.071,140.12,3409,MT5,H4
2023-07-12 00:00:00,140.119,140.161,139.366,139.652,16942,MT5,H4
2023-07-12 04:00:00,139.651,139.755,139.31,139.568,12400,MT5,H4
2023-07-12 08:00:00,139.566,139.732,139.454,139.512,8736,MT5,H4
2023-07-12 12:00:00,139.511,139.634,138.154,138.212,28573,MT5,H4
2023-07-12 16:00:00,138.214,138.485,138.197,138.452,7746,MT5,H4
2023-07-12 20:00:00,138.433,138.535,138.286,138.322,4354,MT5,H4
2023-07-13 00:00:00,138.32,138.668,138.07,138.504,14135,MT5,H4
2023-07-13 04:00:00,138.504,138.829,138.26,138.371,12479,MT5,H4
2023-07-13 08:00:00,138.371,138.619,138.23,138.494,11296,MT5,H4
2023-07-13 12:00:00,138.493,138.953,138.051,138.142,22572,MT5,H4
2023-07-13 16:00:00,138.141,138.183,137.917,138.024,7233,MT5,H4
2023-07-13 20:00:00,138.022,138.076,137.891,138.064,3585,MT5,H4
2023-07-14 00:00:00,138.063,138.111,137.234,137.433,17453,MT5,H4
2023-07-14 04:00:00,137.433,138.462,137.429,138.226,14349,MT5,H4
2023-07-14 08:00:00,138.226,138.841,138.144,138.539,13587,MT5,H4
2023-07-14 12:00:00,138.54,139.153,138.398,138.743,25715,MT5,H4
2023-07-14 16:00:00,138.743,138.899,138.572,138.895,5422,MT5,H4
2023-07-14 20:00:00,138.858,138.881,138.732,138.757,623,MT5,H4
2023-07-16 20:00:00,138.708,138.808,138.654,138.685,2585,MT5,H4
2023-07-17 00:00:00,138.685,138.735,138.367,138.659,6735,MT5,H4
2023-07-17 04:00:00,138.659,138.753,138.412,138.663,7496,MT5,H4
2023-07-17 08:00:00,138.661,138.678,137.994,138.358,10672,MT5,H4
2023-07-17 12:00:00,138.358,139.404,138.308,138.922,19289,MT5,H4
2023-07-17 16:00:00,138.923,139.025,138.604,138.645,5338,MT5,H4
2023-07-17 20:00:00,138.63,138.777,138.569,138.721,2779,MT5,H4
2023-07-18 00:00:00,138.72,138.921,138.515,138.584,10293,MT5,H4
2023-07-18 04:00:00,138.586,138.595,138.174,138.225,11265,MT5,H4
2023-07-18 08:00:00,138.226,138.397,138.09,138.275,11546,MT5,H4
2023-07-18 12:00:00,138.275,138.991,137.681,138.938,38103,MT5,H4
2023-07-18 16:00:00,138.939,139.131,138.761,138.931,6287,MT5,H4
2023-07-18 20:00:00,138.931,139.187,138.738,139.02,3344,MT5,H4
2023-07-19 00:00:00,139.02,139.325,138.85,139.281,11850,MT5,H4
2023-07-19 04:00:00,139.281,139.676,139.197,139.498,14029,MT5,H4
2023-07-19 08:00:00,139.5,139.991,139.408,139.795,10850,MT5,H4
2023-07-19 12:00:00,139.794,139.986,139.384,139.763,21052,MT5,H4
2023-07-19 16:00:00,139.764,139.801,139.515,139.698,6510,MT5,H4
2023-07-19 20:00:00,139.679,139.741,139.532,139.606,3911,MT5,H4
2023-07-20 00:00:00,139.606,139.698,139.11,139.184,11327,MT5,H4
2023-07-20 04:00:00,139.184,139.684,139.175,139.623,11301,MT5,H4
2023-07-20 08:00:00,139.624,139.663,139.338,139.53,11719,MT5,H4
2023-07-20 12:00:00,139.53,140.412,139.524,140.393,19183,MT5,H4
2023-07-20 16:00:00,140.391,140.494,140.051,140.092,5746,MT5,H4
2023-07-20 20:00:00,140.081,140.086,139.771,139.852,3439,MT5,H4
2023-07-21 00:00:00,139.85,140.302,139.747,140.176,9716,MT5,H4
2023-07-21 04:00:00,140.176,141.393,140.02,141.367,16634,MT5,H4
2023-07-21 08:00:00,141.367,141.952,141.287,141.772,23805,MT5,H4
2023-07-21 12:00:00,141.771,141.869,141.217,141.745,20394,MT5,H4
2023-07-21 16:00:00,141.745,141.824,141.623,141.762,4819,MT5,H4
2023-07-21 20:00:00,141.75,141.834,141.689,141.787,698,MT5,H4
2023-07-23 20:00:00,141.681,141.765,141.628,141.753,2558,MT5,H4
2023-07-24 00:00:00,141.751,141.81,141.341,141.408,10497,MT5,H4
2023-07-24 04:00:00,141.408,141.63,141.227,141.412,11324,MT5,H4
2023-07-24 08:00:00,141.415,141.582,140.844,140.994,14489,MT5,H4
2023-07-24 12:00:00,140.996,141.416,140.73,141.19,20006,MT5,H4
2023-07-24 16:00:00,141.19,141.543,141.182,141.513,5753,MT5,H4
2023-07-24 20:00:00,141.513,141.593,141.381,141.54,2393,MT5,H4
2023-07-25 00:00:00,141.54,141.618,141.203,141.282,9597,MT5,H4
2023-07-25 04:00:00,141.283,141.573,141.242,141.368,8662,MT5,H4
2023-07-25 08:00:00,141.368,141.734,141.207,141.38,11077,MT5,H4
2023-07-25 12:00:00,141.38,141.598,140.907,140.914,14662,MT5,H4
2023-07-25 16:00:00,140.914,141.191,140.854,140.967,5347,MT5,H4
2023-07-25 20:00:00,140.947,141.014,140.718,140.911,3304,MT5,H4
2023-07-26 00:00:00,140.911,141.183,140.85,140.981,7910,MT5,H4
2023-07-26 04:00:00,140.981,141.092,140.602,140.654,10475,MT5,H4
2023-07-26 08:00:00,140.653,140.701,140.178,140.373,11740,MT5,H4
2023-07-26 12:00:00,140.374,140.558,140.156,140.414,15565,MT5,H4
2023-07-26 16:00:00,140.413,140.694,139.925,140.202,21448,MT5,H4
2023-07-26 20:00:00,140.174,140.485,140.145,140.368,3981,MT5,H4
2023-07-27 00:00:00,140.366,140.482,139.381,139.824,13934,MT5,H4
2023-07-27 04:00:00,139.824,140.258,139.804,139.975,13793,MT5,H4
2023-07-27 08:00:00,139.975,140.318,139.844,140.125,12288,MT5,H4
2023-07-27 12:00:00,140.126,141.318,140.118,141.036,29874,MT5,H4
2023-07-27 16:00:00,141.034,141.151,138.767,139.064,37493,MT5,H4
2023-07-27 20:00:00,139.023,139.538,138.703,138.869,9861,MT5,H4
2023-07-28 00:00:00,138.87,141.081,138.489,139.72,71371,MT5,H4
2023-07-28 04:00:00,139.722,139.855,138.061,139.767,71191,MT5,H4
2023-07-28 08:00:00,139.765,140.067,138.85,139.272,24392,MT5,H4
2023-07-28 12:00:00,139.27,140.777,139.19,140.721,35042,MT5,H4
2023-07-28 16:00:00,140.72,141.15,140.672,141.087,10076,MT5,H4
2023-07-28 20:00:00,141.057,141.165,141.008,141.155,840,MT5,H4
2023-07-30 20:00:00,140.992,141.121,140.749,140.754,4887,MT5,H4
2023-07-31 00:00:00,140.753,141.88,140.69,141.742,22132,MT5,H4
2023-07-31 04:00:00,141.742,142.219,141.576,142.171,15988,MT5,H4
2023-07-31 08:00:00,142.17,142.492,142.091,142.194,13188,MT5,H4
2023-07-31 12:00:00,142.194,142.684,142.004,142.185,22342,MT5,H4
2023-07-31 16:00:00,142.183,142.304,142.046,142.265,6772,MT5,H4
2023-07-31 20:00:00,142.255,142.41,142.175,142.325,3327,MT5,H4
2023-08-01 00:00:00,142.325,142.795,142.256,142.667,14380,MT5,H4
2023-08-01 04:00:00,142.667,142.841,142.524,142.712,12110,MT5,H4
2023-08-01 08:00:00,142.711,142.981,142.615,142.974,9552,MT5,H4
2023-08-01 12:00:00,142.973,143.467,142.878,143.337,20944,MT5,H4
2023-08-01 16:00:00,143.338,143.542,143.255,143.377,5774,MT5,H4
2023-08-01 20:00:00,143.339,143.405,142.734,142.96,5581,MT5,H4
2023-08-02 00:00:00,142.962,143.347,142.937,143.144,14353,MT5,H4
2023-08-02 04:00:00,143.144,143.226,142.542,142.64,17309,MT5,H4
2023-08-02 08:00:00,142.639,142.935,142.233,142.803,13550,MT5,H4
2023-08-02 12:00:00,142.802,143.475,142.72,143.204,22418,MT5,H4
2023-08-02 16:00:00,143.206,143.381,143.057,143.378,7588,MT5,H4
2023-08-02 20:00:00,143.358,143.407,143.168,143.358,3259,MT5,H4
2023-08-03 00:00:00,143.354,143.472,143.162,143.249,12598,MT5,H4
2023-08-03 04:00:00,143.247,143.889,142.851,142.906,26089,MT5,H4
2023-08-03 08:00:00,142.905,143.152,142.75,142.932,18332,MT5,H4
2023-08-03 12:00:00,142.932,142.961,142.064,142.417,31274,MT5,H4
2023-08-03 16:00:00,142.416,142.745,142.356,142.555,7921,MT5,H4
2023-08-03 20:00:00,142.524,142.653,142.424,142.603,3156,MT5,H4
2023-08-04 00:00:00,142.604,142.88,142.314,142.541,13119,MT5,H4
2023-08-04 04:00:00,142.541,142.716,142.349,142.652,10807,MT5,H4
2023-08-04 08:00:00,142.65,142.839,142.602,142.696,8447,MT5,H4
2023-08-04 12:00:00,142.698,142.885,141.55,141.796,30041,MT5,H4
2023-08-04 16:00:00,141.795,141.899,141.77,141.812,6946,MT5,H4
2023-08-04 20:00:00,141.791,141.82,141.714,141.723,628,MT5,H4
2023-08-06 20:00:00,141.635,141.94,141.631,141.871,2916,MT5,H4
2023-08-07 00:00:00,141.869,142.212,141.513,142.182,10497,MT5,H4
2023-08-07 04:00:00,142.182,142.35,142.054,142.115,10376,MT5,H4
2023-08-07 08:00:00,142.117,142.446,142.109,142.183,7941,MT5,H4
2023-08-07 12:00:00,142.183,142.453,141.795,142.445,11571,MT5,H4
2023-08-07 16:00:00,142.447,142.584,142.411,142.477,5260,MT5,H4
2023-08-07 20:00:00,142.451,142.542,142.387,142.53,2613,MT5,H4
2023-08-08 00:00:00,142.536,143.375,142.527,143.334,12233,MT5,H4
2023-08-08 04:00:00,143.334,143.431,142.836,143.091,12146,MT5,H4
2023-08-08 08:00:00,143.09,143.273,142.86,143.122,12032,MT5,H4
2023-08-08 12:00:00,143.122,143.335,142.916,143.177,16522,MT5,H4
2023-08-08 16:00:00,143.177,143.49,143.176,143.451,5851,MT5,H4
2023-08-08 20:00:00,143.428,143.447,143.205,143.26,3634,MT5,H4
2023-08-09 00:00:00,143.258,143.396,143.091,143.213,8115,MT5,H4
2023-08-09 04:00:00,143.213,143.244,142.998,143.244,7629,MT5,H4
2023-08-09 08:00:00,143.246,143.451,143.22,143.436,8023,MT5,H4
2023-08-09 12:00:00,143.438,143.726,143.24,143.584,14490,MT5,H4
2023-08-09 16:00:00,143.584,143.747,143.406,143.705,5720,MT5,H4
2023-08-09 20:00:00,143.685,143.756,143.603,143.717,2455,MT5,H4
2023-08-10 00:00:00,143.716,143.888,143.686,143.877,7875,MT5,H4
2023-08-10 04:00:00,143.877,144.104,143.792,143.806,9224,MT5,H4
2023-08-10 08:00:00,143.806,143.89,143.713,143.783,8296,MT5,H4
2023-08-10 12:00:00,143.781,144.485,143.282,144.403,29221,MT5,H4
2023-08-10 16:00:00,144.402,144.795,144.384,144.791,8066,MT5,H4
2023-08-10 20:00:00,144.772,144.87,144.675,144.852,2733,MT5,H4
2023-08-11 00:00:00,144.852,144.892,144.63,144.676,5112,MT5,H4
2023-08-11 04:00:00,144.676,144.792,144.552,144.621,6422,MT5,H4
2023-08-11 08:00:00,144.621,144.644,144.476,144.479,5832,MT5,H4
2023-08-11 12:00:00,144.477,144.967,144.419,144.94,16998,MT5,H4
2023-08-11 16:00:00,144.94,144.999,144.816,144.942,5479,MT5,H4
2023-08-11 20:00:00,144.944,144.954,144.901,144.937,564,MT5,H4
2023-08-13 20:00:00,144.923,144.973,144.821,144.851,2365,MT5,H4
2023-08-14 00:00:00,144.851,145.22,144.653,144.916,11459,MT5,H4
2023-08-14 04:00:00,144.915,144.973,144.742,144.795,7542,MT5,H4
2023-08-14 08:00:00,144.794,145.128,144.762,145.066,7346,MT5,H4
2023-08-14 12:00:00,145.066,145.576,145.064,145.299,14478,MT5,H4
2023-08-14 16:00:00,145.301,145.517,145.182,145.452,5201,MT5,H4
2023-08-14 20:00:00,145.441,145.548,145.371,145.434,2253,MT5,H4
2023-08-15 00:00:00,145.433,145.591,145.325,145.495,7947,MT5,H4
2023-08-15 04:00:00,145.495,145.842,145.324,145.796,9287,MT5,H4
2023-08-15 08:00:00,145.796,145.862,145.456,145.529,10117,MT5,H4
2023-08-15 12:00:00,145.529,145.818,145.103,145.398,20243,MT5,H4
2023-08-15 16:00:00,145.398,145.665,145.392,145.547,5525,MT5,H4
2023-08-15 20:00:00,145.525,145.652,145.492,145.622,2460,MT5,H4
2023-08-16 00:00:00,145.619,145.691,145.449,145.503,6582,MT5,H4
2023-08-16 04:00:00,145.504,145.52,145.306,145.366,6837,MT5,H4
2023-08-16 08:00:00,145.368,145.772,145.363,145.761,6889,MT5,H4
2023-08-16 12:00:00,145.761,145.93,145.653,145.814,12977,MT5,H4
2023-08-16 16:00:00,145.816,146.403,145.8,146.371,9691,MT5,H4
2023-08-16 20:00:00,146.351,146.366,146.191,146.335,2996,MT5,H4
2023-08-17 00:00:00,146.335,146.557,146.328,146.419,7406,MT5,H4
2023-08-17 04:00:00,146.42,146.427,146.197,146.218,6707,MT5,H4
2023-08-17 08:00:00,146.218,146.296,145.792,145.817,9624,MT5,H4
2023-08-17 12:00:00,145.819,146.197,145.618,146.165,16972,MT5,H4
2023-08-17 16:00:00,146.165,146.297,145.635,145.72,7751,MT5,H4
2023-08-17 20:00:00,145.697,145.843,145.575,145.71,3058,MT5,H4
2023-08-18 00:00:00,145.707,145.794,145.321,145.365,8963,MT5,H4
2023-08-18 04:00:00,145.365,145.506,145.151,145.295,9270,MT5,H4
2023-08-18 08:00:00,145.294,145.631,145.258,145.384,8772,MT5,H4
2023-08-18 12:00:00,145.384,145.763,145.105,145.148,16091,MT5,H4
2023-08-18 16:00:00,145.148,145.398,144.927,145.34,7614,MT5,H4
2023-08-18 20:00:00,145.321,145.392,145.27,145.371,754,MT5,H4
2023-08-20 20:00:00,145.326,145.42,145.242,145.326,1847,MT5,H4
2023-08-21 00:00:00,145.323,145.624,145.145,145.419,8377,MT5,H4
2023-08-21 04:00:00,145.42,145.537,145.313,145.453,6959,MT5,H4
2023-08-21 08:00:00,145.452,145.965,145.432,145.833,7814,MT5,H4
2023-08-21 12:00:00,145.834,146.399,145.824,146.261,13491,MT5,H4
2023-08-21 16:00:00,146.263,146.281,146.066,146.227,4954,MT5,H4
2023-08-21 20:00:00,146.21,146.245,146.104,146.244,2196,MT5,H4
2023-08-22 00:00:00,146.245,146.396,145.843,146.011,7840,MT5,H4
2023-08-22 04:00:00,146.011,146.104,145.744,145.765,7304,MT5,H4
2023-08-22 08:00:00,145.763,145.851,145.494,145.773,8399,MT5,H4
2023-08-22 12:00:00,145.775,146.13,145.708,145.792,14141,MT5,H4
2023-08-22 16:00:00,145.792,145.904,145.705,145.882,4335,MT5,H4
2023-08-22 20:00:00,145.871,145.916,145.721,145.777,1902,MT5,H4
2023-08-23 00:00:00,145.776,145.812,145.576,145.649,6179,MT5,H4
2023-08-23 04:00:00,145.65,145.755,145.354,145.396,8624,MT5,H4
2023-08-23 08:00:00,145.396,145.54,145.242,145.431,10374,MT5,H4
2023-08-23 12:00:00,145.431,145.591,144.578,144.625,21985,MT5,H4
2023-08-23 16:00:00,144.624,144.905,144.54,144.867,7184,MT5,H4
2023-08-23 20:00:00,144.857,144.904,144.6,144.679,3041,MT5,H4
2023-08-24 00:00:00,144.679,145.064,144.615,145.01,7017,MT5,H4
2023-08-24 04:00:00,145.011,145.35,144.938,145.326,8499,MT5,H4
2023-08-24 08:00:00,145.327,145.677,145.19,145.659,7092,MT5,H4
2023-08-24 12:00:00,145.658,145.956,145.43,145.75,14805,MT5,H4
2023-08-24 16:00:00,145.752,145.934,145.752,145.849,5219,MT5,H4
2023-08-24 20:00:00,145.826,146.074,145.752,146.051,2652,MT5,H4
2023-08-25 00:00:00,146.052,146.208,145.909,146.09,6650,MT5,H4
2023-08-25 04:00:00,146.09,146.254,145.904,146.054,7725,MT5,H4
2023-08-25 08:00:00,146.055,146.15,145.924,145.993,6593,MT5,H4
2023-08-25 12:00:00,145.993,146.63,145.721,146.38,22299,MT5,H4
2023-08-25 16:00:00,146.378,146.395,146.201,146.374,6964,MT5,H4
2023-08-25 20:00:00,146.356,146.446,146.334,146.402,735,MT5,H4
2023-08-27 20:00:00,146.414,146.613,146.379,146.543,2036,MT5,H4
2023-08-28 00:00:00,146.543,146.584,146.396,146.467,5964,MT5,H4
2023-08-28 04:00:00,146.467,146.544,146.271,146.544,5628,MT5,H4
2023-08-28 08:00:00,146.544,146.599,146.478,146.544,5616,MT5,H4
2023-08-28 12:00:00,146.544,146.741,146.36,146.404,10898,MT5,H4
2023-08-28 16:00:00,146.404,146.577,146.373,146.5,4434,MT5,H4
2023-08-28 20:00:00,146.482,146.539,146.378,146.46,2143,MT5,H4
2023-08-29 00:00:00,146.459,146.492,146.306,146.401,5370,MT5,H4
2023-08-29 04:00:00,146.402,146.558,146.337,146.454,5626,MT5,H4
2023-08-29 08:00:00,146.455,147.158,146.402,147.137,7909,MT5,H4
2023-08-29 12:00:00,147.138,147.365,145.853,146.008,24082,MT5,H4
2023-08-29 16:00:00,146.007,146.099,145.666,145.813,8680,MT5,H4
2023-08-29 20:00:00,145.786,145.999,145.726,145.98,3162,MT5,H4
2023-08-30 00:00:00,145.979,146.252,145.852,146.159,7836,MT5,H4
2023-08-30 04:00:00,146.158,146.506,146.136,146.392,8325,MT5,H4
2023-08-30 08:00:00,146.392,146.533,146.255,146.341,9388,MT5,H4
2023-08-30 12:00:00,146.34,146.367,145.557,145.942,21668,MT5,H4
2023-08-30 16:00:00,145.944,146.29,145.935,146.269,7128,MT5,H4
2023-08-30 20:00:00,146.252,146.268,145.951,146.087,2797,MT5,H4
2023-08-31 00:00:00,146.085,146.124,145.752,145.945,6754,MT5,H4
2023-08-31 04:00:00,145.947,146.048,145.719,145.913,7994,MT5,H4
2023-08-31 08:00:00,145.912,145.971,145.745,145.816,9527,MT5,H4
2023-08-31 12:00:00,145.816,146.225,145.455,145.686,23210,MT5,H4
2023-08-31 16:00:00,145.684,145.686,145.348,145.454,6236,MT5,H4
2023-08-31 20:00:00,145.419,145.549,145.419,145.483,2285,MT5,H4
2023-09-01 00:00:00,145.483,145.698,145.234,145.452,7599,MT5,H4
2023-09-01 04:00:00,145.451,145.627,145.365,145.419,7177,MT5,H4
2023-09-01 08:00:00,145.419,145.512,145.208,145.227,6129,MT5,H4
2023-09-01 12:00:00,145.228,146.22,144.441,146.204,28764,MT5,H4
2023-09-01 16:00:00,146.204,146.291,146.07,146.188,4913,MT5,H4
2023-09-01 20:00:00,146.178,146.268,146.116,146.213,570,MT5,H4
2023-09-03 20:00:00,146.181,146.236,146.022,146.066,1684,MT5,H4
2023-09-04 00:00:00,146.066,146.242,146.036,146.155,5956,MT5,H4
2023-09-04 04:00:00,146.155,146.454,146.131,146.408,5801,MT5,H4
2023-09-04 08:00:00,146.406,146.462,146.301,146.39,5194,MT5,H4
2023-09-04 12:00:00,146.388,146.489,146.371,146.455,4053,MT5,H4
2023-09-04 16:00:00,146.455,146.494,146.453,146.485,855,MT5,H4
2023-09-04 20:00:00,146.475,146.552,146.378,146.54,1454,MT5,H4
2023-09-05 00:00:00,146.538,146.773,146.485,146.74,4981,MT5,H4
2023-09-05 04:00:00,146.74,147.083,146.642,146.91,7506,MT5,H4
2023-09-05 08:00:00,146.911,147.344,146.837,147.342,8026,MT5,H4
2023-09-05 12:00:00,147.341,147.729,147.083,147.629,18312,MT5,H4
2023-09-05 16:00:00,147.63,147.798,147.556,147.723,4728,MT5,H4
2023-09-05 20:00:00,147.705,147.722,147.362,147.457,2933,MT5,H4
2023-09-06 00:00:00,147.457,147.814,147.43,147.562,7146,MT5,H4
2023-09-06 04:00:00,147.563,147.563,147.013,147.369,9729,MT5,H4
2023-09-06 08:00:00,147.371,147.593,147.293,147.371,7798,MT5,H4
2023-09-06 12:00:00,147.371,147.703,147.128,147.646,17780,MT5,H4
2023-09-06 16:00:00,147.651,147.742,147.486,147.683,5110,MT5,H4
2023-09-06 20:00:00,147.65,147.719,147.544,147.712,2785,MT5,H4
2023-09-07 00:00:00,147.714,147.87,147.523,147.562,6194,MT5,H4
2023-09-07 04:00:00,147.562,147.679,147.41,147.434,7232,MT5,H4
2023-09-07 08:00:00,147.435,147.496,147.277,147.28,6638,MT5,H4
2023-09-07 12:00:00,147.28,147.61,147.044,147.131,15952,MT5,H4
2023-09-07 16:00:00,147.13,147.267,147.042,147.226,4493,MT5,H4
2023-09-07 20:00:00,147.209,147.381,147.169,147.334,1856,MT5,H4
2023-09-08 00:00:00,147.333,147.366,146.586,147.233,13548,MT5,H4
2023-09-08 04:00:00,147.235,147.441,147.052,147.395,7914,MT5,H4
2023-09-08 08:00:00,147.395,147.489,147.242,147.452,6948,MT5,H4
2023-09-08 12:00:00,147.45,147.74,147.289,147.699,13761,MT5,H4
2023-09-08 16:00:00,147.699,147.866,147.662,147.844,4476,MT5,H4
2023-09-08 20:00:00,147.829,147.842,147.742,147.79,727,MT5,H4
2023-09-10 20:00:00,147.012,147.259,146.645,147.126,4774,MT5,H4
2023-09-11 00:00:00,147.127,147.144,146.367,146.462,14181,MT5,H4
2023-09-11 04:00:00,146.463,146.712,145.9,146.173,18309,MT5,H4
2023-09-11 08:00:00,146.173,146.981,146.131,146.772,11537,MT5,H4
2023-09-11 12:00:00,146.77,146.797,146.196,146.467,16655,MT5,H4
2023-09-11 16:00:00,146.466,146.596,146.331,146.533,6141,MT5,H4
2023-09-11 20:00:00,146.51,146.682,146.431,146.67,2451,MT5,H4
2023-09-12 00:00:00,146.67,146.8,146.436,146.678,9345,MT5,H4
2023-09-12 04:00:00,146.676,146.941,146.618,146.807,8612,MT5,H4
2023-09-12 08:00:00,146.807,146.997,146.658,146.894,7711,MT5,H4
2023-09-12 12:00:00,146.894,147.231,146.894,147.122,12616,MT5,H4
2023-09-12 16:00:00,147.122,147.223,147.055,147.129,4417,MT5,H4
2023-09-12 20:00:00,147.107,147.164,146.951,147.158,2575,MT5,H4
2023-09-13 00:00:00,147.156,147.446,147.095,147.352,8685,MT5,H4
2023-09-13 04:00:00,147.352,147.408,147.215,147.262,7329,MT5,H4
2023-09-13 08:00:00,147.264,147.434,147.206,147.394,8038,MT5,H4
2023-09-13 12:00:00,147.394,147.732,147.202,147.458,22235,MT5,H4
2023-09-13 16:00:00,147.458,147.505,147.165,147.45,6802,MT5,H4
2023-09-13 20:00:00,147.434,147.465,147.268,147.328,2751,MT5,H4
2023-09-14 00:00:00,147.329,147.387,147.019,147.085,7194,MT5,H4
2023-09-14 04:00:00,147.084,147.291,147.039,147.277,5784,MT5,H4
2023-09-14 08:00:00,147.278,147.389,147.246,147.336,6303,MT5,H4
2023-09-14 12:00:00,147.335,147.562,147.014,147.171,22500,MT5,H4
2023-09-14 16:00:00,147.171,147.487,147.048,147.443,6001,MT5,H4
2023-09-14 20:00:00,147.445,147.504,147.391,147.46,2551,MT5,H4
2023-09-15 00:00:00,147.458,147.517,147.337,147.466,7324,MT5,H4
2023-09-15 04:00:00,147.465,147.799,147.367,147.753,9800,MT5,H4
2023-09-15 08:00:00,147.752,147.947,147.7,147.79,7077,MT5,H4
2023-09-15 12:00:00,147.79,147.943,147.605,147.832,14122,MT5,H4
2023-09-15 16:00:00,147.832,147.889,147.718,147.854,4393,MT5,H4
2023-09-15 20:00:00,147.822,147.873,147.807,147.841,595,MT5,H4
2023-09-17 20:00:00,147.704,147.877,147.681,147.865,1480,MT5,H4
2023-09-18 00:00:00,147.867,147.873,147.704,147.733,4359,MT5,H4
2023-09-18 04:00:00,147.733,147.739,147.555,147.716,5022,MT5,H4
2023-09-18 08:00:00,147.716,147.754,147.576,147.613,5091,MT5,H4
2023-09-18 12:00:00,147.614,147.769,147.593,147.626,9041,MT5,H4
2023-09-18 16:00:00,147.626,147.756,147.587,147.605,4081,MT5,H4
2023-09-18 20:00:00,147.584,147.645,147.508,147.613,1988,MT5,H4
2023-09-19 00:00:00,147.613,147.776,147.505,147.761,5885,MT5,H4
2023-09-19 04:00:00,147.763,147.89,147.637,147.645,5680,MT5,H4
2023-09-19 08:00:00,147.644,147.737,147.565,147.686,6040,MT5,H4
2023-09-19 12:00:00,147.686,147.834,147.623,147.802,9581,MT5,H4
2023-09-19 16:00:00,147.802,147.919,147.789,147.844,3466,MT5,H4
2023-09-19 20:00:00,147.827,147.865,147.689,147.76,2454,MT5,H4
2023-09-20 00:00:00,147.759,147.844,147.703,147.816,5061,MT5,H4
2023-09-20 04:00:00,147.815,148.163,147.799,148.14,7245,MT5,H4
2023-09-20 08:00:00,148.14,148.145,147.818,147.877,6598,MT5,H4
2023-09-20 12:00:00,147.879,147.929,147.621,147.733,8941,MT5,H4
2023-09-20 16:00:00,147.735,148.203,147.471,148.175,17752,MT5,H4
2023-09-20 20:00:00,148.152,148.344,148.15,148.32,4140,MT5,H4
2023-09-21 00:00:00,148.318,148.459,148.188,148.283,7344,MT5,H4
2023-09-21 04:00:00,148.283,148.404,148.231,148.254,6737,MT5,H4
2023-09-21 08:00:00,148.253,148.265,147.696,147.96,9665,MT5,H4
2023-09-21 12:00:00,147.959,148.056,147.318,147.421,17270,MT5,H4
2023-09-21 16:00:00,147.419,147.577,147.39,147.567,5360,MT5,H4
2023-09-21 20:00:00,147.524,147.657,147.473,147.645,3033,MT5,H4
2023-09-22 00:00:00,147.647,148.179,147.506,148.109,14012,MT5,H4
2023-09-22 04:00:00,148.111,148.413,147.901,148.266,12813,MT5,H4
2023-09-22 08:00:00,148.268,148.372,148.132,148.254,7368,MT5,H4
2023-09-22 12:00:00,148.254,148.352,147.958,148.235,10804,MT5,H4
2023-09-22 16:00:00,148.235,148.403,148.231,148.387,3894,MT5,H4
2023-09-22 20:00:00,148.367,148.397,148.333,148.362,431,MT5,H4
2023-09-24 20:00:00,148.28,148.444,148.223,148.432,2361,MT5,H4
2023-09-25 00:00:00,148.432,148.479,148.285,148.366,4953,MT5,H4
2023-09-25 04:00:00,148.366,148.453,148.322,148.436,4915,MT5,H4
2023-09-25 08:00:00,148.438,148.706,148.432,148.672,5727,MT5,H4
2023-09-25 12:00:00,148.672,148.96,148.646,148.741,8994,MT5,H4
2023-09-25 16:00:00,148.74,148.864,148.722,148.822,3361,MT5,H4
2023-09-25 20:00:00,148.803,148.881,148.756,148.821,2072,MT5,H4
2023-09-26 00:00:00,148.821,148.952,148.703,148.868,5834,MT5,H4
2023-09-26 04:00:00,148.869,149.183,148.799,148.875,7463,MT5,H4
2023-09-26 08:00:00,148.876,148.987,148.758,148.894,7766,MT5,H4
2023-09-26 12:00:00,148.894,148.987,148.794,148.903,10397,MT5,H4
2023-09-26 16:00:00,148.903,149.084,148.863,149.039,4022,MT5,H4
2023-09-26 20:00:00,149.02,149.083,148.959,149.052,2379,MT5,H4
2023-09-27 00:00:00,149.055,149.072,148.86,149.015,5738,MT5,H4
2023-09-27 04:00:00,149.015,149.149,148.996,149.029,5458,MT5,H4
2023-09-27 08:00:00,149.029,149.246,148.973,149.179,5546,MT5,H4
2023-09-27 12:00:00,149.179,149.496,149.146,149.483,10334,MT5,H4
2023-09-27 16:00:00,149.483,149.704,149.462,149.593,7898,MT5,H4
2023-09-27 20:00:00,149.574,149.647,149.421,149.491,2809,MT5,H4
2023-09-28 00:00:00,149.492,149.555,149.371,149.421,5759,MT5,H4
2023-09-28 04:00:00,149.421,149.452,149.205,149.313,6182,MT5,H4
2023-09-28 08:00:00,149.314,149.426,149.208,149.325,6121,MT5,H4
2023-09-28 12:00:00,149.326,149.499,149.144,149.184,14718,MT5,H4
2023-09-28 16:00:00,149.184,149.381,149.163,149.226,5785,MT5,H4
2023-09-28 20:00:00,149.228,149.371,149.175,149.336,1959,MT5,H4
2023-09-29 00:00:00,149.332,149.448,149.277,149.385,5734,MT5,H4
2023-09-29 04:00:00,149.385,149.51,148.524,148.768,10203,MT5,H4
2023-09-29 08:00:00,148.767,149.252,148.765,149.238,9659,MT5,H4
2023-09-29 12:00:00,149.238,149.437,148.944,149.429,16499,MT5,H4
2023-09-29 16:00:00,149.429,149.485,149.329,149.435,6207,MT5,H4
2023-09-29 20:00:00,149.437,149.439,149.309,149.328,791,MT5,H4
2023-10-01 20:00:00,149.563,149.63,149.398,149.53,3347,MT5,H4
2023-10-02 00:00:00,149.529,149.797,149.454,149.776,5225,MT5,H4
2023-10-02 04:00:00,149.778,149.82,149.554,149.747,5878,MT5,H4
2023-10-02 08:00:00,149.748,149.786,149.632,149.739,5844,MT5,H4
2023-10-02 12:00:00,149.739,149.879,149.678,149.806,10488,MT5,H4
2023-10-02 16:00:00,149.806,149.844,149.708,149.794,4596,MT5,H4
2023-10-02 20:00:00,149.784,149.871,149.759,149.863,1959,MT5,H4
2023-10-03 00:00:00,149.862,149.89,149.784,149.862,5077,MT5,H4
2023-10-03 04:00:00,149.862,149.932,149.651,149.791,5905,MT5,H4
2023-10-03 08:00:00,149.792,149.972,149.736,149.972,5727,MT5,H4
2023-10-03 12:00:00,149.971,150.155,147.289,149.166,49672,MT5,H4
2023-10-03 16:00:00,149.168,149.199,148.708,148.762,9748,MT5,H4
2023-10-03 20:00:00,148.741,149.205,148.704,149.178,4795,MT5,H4
2023-10-04 00:00:00,149.176,149.316,149.08,149.279,7792,MT5,H4
2023-10-04 04:00:00,149.279,149.279,148.733,148.845,8561,MT5,H4
2023-10-04 08:00:00,148.844,149.209,148.841,149.001,10270,MT5,H4
2023-10-04 12:00:00,149.0,149.13,148.763,148.831,19298,MT5,H4
2023-10-04 16:00:00,148.83,149.13,148.816,149.046,7099,MT5,H4
2023-10-04 20:00:00,149.034,149.107,148.915,148.977,2630,MT5,H4
2023-10-05 00:00:00,148.98,149.009,148.258,148.517,11733,MT5,H4
2023-10-05 04:00:00,148.516,149.092,148.441,149.054,7608,MT5,H4
2023-10-05 08:00:00,149.054,149.087,148.805,148.822,7573,MT5,H4
2023-10-05 12:00:00,148.822,149.113,148.434,148.49,16918,MT5,H4
2023-10-05 16:00:00,148.49,148.525,148.303,148.447,6986,MT5,H4
2023-10-05 20:00:00,148.417,148.504,148.359,148.468,1875,MT5,H4
2023-10-06 00:00:00,148.469,148.691,148.463,148.689,6490,MT5,H4
2023-10-06 04:00:00,148.688,148.986,148.655,148.886,6053,MT5,H4
2023-10-06 08:00:00,148.885,149.09,148.839,149.049,6630,MT5,H4
2023-10-06 12:00:00,149.049,149.533,148.968,149.085,22932,MT5,H4
2023-10-06 16:00:00,149.084,149.356,149.061,149.332,6620,MT5,H4
2023-10-06 20:00:00,149.305,149.331,149.23,149.267,706,MT5,H4
2023-10-08 20:00:00,149.063,149.219,148.953,149.15,4076,MT5,H4
2023-10-09 00:00:00,149.15,149.2,149.077,149.155,4480,MT5,H4
2023-10-09 04:00:00,149.154,149.222,149.105,149.166,5224,MT5,H4
2023-10-09 08:00:00,149.166,149.18,149.081,149.15,3422,MT5,H4
2023-10-09 12:00:00,149.15,149.173,148.516,148.702,9778,MT5,H4
2023-10-09 16:00:00,148.702,148.778,148.434,148.438,4706,MT5,H4
2023-10-09 20:00:00,148.404,148.523,148.288,148.33,2939,MT5,H4
2023-10-10 00:00:00,148.33,148.664,148.16,148.613,10152,MT5,H4
2023-10-10 04:00:00,148.613,149.067,148.518,148.956,12215,MT5,H4
2023-10-10 08:00:00,148.958,149.095,148.737,149.063,8376,MT5,H4
2023-10-10 12:00:00,149.065,149.091,148.572,148.621,13056,MT5,H4
2023-10-10 16:00:00,148.622,148.773,148.542,148.682,6837,MT5,H4
2023-10-10 20:00:00,148.672,148.721,148.55,148.627,2055,MT5,H4
2023-10-11 00:00:00,148.625,148.835,148.422,148.816,6713,MT5,H4
2023-10-11 04:00:00,148.814,148.969,148.579,148.758,7164,MT5,H4
2023-10-11 08:00:00,148.758,148.835,148.605,148.831,8165,MT5,H4
2023-10-11 12:00:00,148.831,149.183,148.82,149.0,15354,MT5,H4
2023-10-11 16:00:00,149.0,149.321,148.991,149.199,7413,MT5,H4
2023-10-11 20:00:00,149.178,149.21,148.971,149.035,2377,MT5,H4
2023-10-12 00:00:00,149.033,149.271,149.018,149.129,6514,MT5,H4
2023-10-12 04:00:00,149.127,149.195,148.953,149.177,5540,MT5,H4
2023-10-12 08:00:00,149.177,149.202,149.055,149.148,5231,MT5,H4
2023-10-12 12:00:00,149.147,149.793,149.039,149.715,15315,MT5,H4
2023-10-12 16:00:00,149.715,149.826,149.657,149.811,5978,MT5,H4
2023-10-12 20:00:00,149.811,149.811,149.739,149.785,1631,MT5,H4
2023-10-13 00:00:00,149.785,149.824,149.722,149.762,4841,MT5,H4
2023-10-13 04:00:00,149.762,149.765,149.571,149.653,6039,MT5,H4
2023-10-13 08:00:00,149.653,149.774,149.556,149.612,7335,MT5,H4
2023-10-13 12:00:00,149.611,149.743,149.451,149.617,11196,MT5,H4
2023-10-13 16:00:00,149.615,149.62,149.466,149.506,4660,MT5,H4
2023-10-13 20:00:00,149.486,149.583,149.486,149.542,682,MT5,H4
2023-10-15 20:00:00,149.334,149.629,149.33,149.56,2728,MT5,H4
2023-10-16 00:00:00,149.559,149.574,149.414,149.475,4725,MT5,H4
2023-10-16 04:00:00,149.475,149.611,149.373,149.569,5747,MT5,H4
2023-10-16 08:00:00,149.569,149.593,149.446,149.506,4584,MT5,H4
2023-10-16 12:00:00,149.505,149.76,149.407,149.571,9179,MT5,H4
2023-10-16 16:00:00,149.569,149.611,149.508,149.516,2978,MT5,H4
2023-10-16 20:00:00,149.499,149.602,149.453,149.579,1909,MT5,H4
2023-10-17 00:00:00,149.577,149.628,149.478,149.544,4101,MT5,H4
2023-10-17 04:00:00,149.544,149.655,149.499,149.598,4027,MT5,H4
2023-10-17 08:00:00,149.598,149.75,148.742,149.461,13127,MT5,H4
2023-10-17 12:00:00,149.461,149.793,149.45,149.714,10842,MT5,H4
2023-10-17 16:00:00,149.714,149.847,149.687,149.775,4062,MT5,H4
2023-10-17 20:00:00,149.747,149.829,149.715,149.76,1605,MT5,H4
2023-10-18 00:00:00,149.76,149.79,149.483,149.665,4339,MT5,H4
2023-10-18 04:00:00,149.665,149.75,149.601,149.744,5031,MT5,H4
2023-10-18 08:00:00,149.744,149.781,149.609,149.678,5258,MT5,H4
2023-10-18 12:00:00,149.677,149.882,149.629,149.863,8155,MT5,H4
2023-10-18 16:00:00,149.862,149.914,149.73,149.876,4731,MT5,H4
2023-10-18 20:00:00,149.858,149.914,149.723,149.764,2567,MT5,H4
2023-10-19 00:00:00,149.769,149.838,149.666,149.806,5474,MT5,H4
2023-10-19 04:00:00,149.806,149.828,149.721,149.799,4090,MT5,H4
2023-10-19 08:00:00,149.799,149.875,149.776,149.856,4554,MT5,H4
2023-10-19 12:00:00,149.856,149.931,149.765,149.919,7816,MT5,H4
2023-10-19 16:00:00,149.917,149.961,149.675,149.794,12349,MT5,H4
2023-10-19 20:00:00,149.796,149.836,149.713,149.804,2397,MT5,H4
2023-10-20 00:00:00,149.804,149.938,149.793,149.847,4190,MT5,H4
2023-10-20 04:00:00,149.847,149.977,149.84,149.965,4286,MT5,H4
2023-10-20 08:00:00,149.965,149.989,149.645,149.942,7105,MT5,H4
2023-10-20 12:00:00,149.942,149.986,149.795,149.848,7513,MT5,H4
2023-10-20 16:00:00,149.848,149.885,149.774,149.863,4270,MT5,H4
2023-10-20 20:00:00,149.853,149.861,149.808,149.847,549,MT5,H4
2023-10-22 20:00:00,149.849,149.892,149.76,149.884,1562,MT5,H4
2023-10-23 00:00:00,149.884,149.939,149.777,149.936,3042,MT5,H4
2023-10-23 04:00:00,149.936,149.959,149.886,149.898,2957,MT5,H4
2023-10-23 08:00:00,149.898,149.988,149.864,149.926,3836,MT5,H4
2023-10-23 12:00:00,149.926,149.959,149.734,149.788,6221,MT5,H4
2023-10-23 16:00:00,149.788,149.813,149.554,149.642,4812,MT5,H4
2023-10-23 20:00:00,149.643,149.786,149.609,149.775,2092,MT5,H4
2023-10-24 00:00:00,149.774,149.785,149.496,149.608,4553,MT5,H4
2023-10-24 04:00:00,149.608,149.747,149.319,149.485,6034,MT5,H4
2023-10-24 08:00:00,149.486,149.842,149.326,149.754,6747,MT5,H4
2023-10-24 12:00:00,149.753,149.928,149.752,149.843,7787,MT5,H4
2023-10-24 16:00:00,149.842,149.91,149.745,149.889,3839,MT5,H4
2023-10-24 20:00:00,149.879,149.906,149.806,149.854,1617,MT5,H4
2023-10-25 00:00:00,149.853,149.922,149.793,149.844,3089,MT5,H4
2023-10-25 04:00:00,149.844,149.911,149.819,149.899,2644,MT5,H4
2023-10-25 08:00:00,149.898,149.942,149.865,149.926,3355,MT5,H4
2023-10-25 12:00:00,149.926,149.962,149.877,149.935,5906,MT5,H4
2023-10-25 16:00:00,149.936,150.054,149.872,150.054,4971,MT5,H4
2023-10-25 20:00:00,150.029,150.293,149.939,150.094,2997,MT5,H4
2023-10-26 00:00:00,150.095,150.475,150.038,150.417,5418,MT5,H4
2023-10-26 04:00:00,150.417,150.774,149.868,150.475,11620,MT5,H4
2023-10-26 08:00:00,150.475,150.475,150.2,150.431,6102,MT5,H4
2023-10-26 12:00:00,150.429,150.519,150.084,150.444,13341,MT5,H4
2023-10-26 16:00:00,150.444,150.456,150.233,150.389,5116,MT5,H4
2023-10-26 20:00:00,150.391,150.422,150.29,150.365,2072,MT5,H4
2023-10-27 00:00:00,150.363,150.41,150.141,150.212,4035,MT5,H4
2023-10-27 04:00:00,150.213,150.275,150.078,150.155,4936,MT5,H4
2023-10-27 08:00:00,150.154,150.178,149.97,150.081,4591,MT5,H4
2023-10-27 12:00:00,150.081,150.081,149.546,149.607,11806,MT5,H4
2023-10-27 16:00:00,149.607,149.696,149.458,149.555,4456,MT5,H4
2023-10-27 20:00:00,149.538,149.67,149.487,149.626,876,MT5,H4
2023-10-29 20:00:00,149.478,149.766,149.464,149.735,1644,MT5,H4
2023-10-30 00:00:00,149.735,149.812,149.564,149.579,3273,MT5,H4
2023-10-30 04:00:00,149.579,149.664,149.28,149.522,4675,MT5,H4
2023-10-30 08:00:00,149.521,149.776,149.473,149.751,5898,MT5,H4
2023-10-30 12:00:00,149.751,149.853,148.801,149.007,17816,MT5,H4
2023-10-30 16:00:00,149.007,149.173,148.95,149.06,5133,MT5,H4
2023-10-30 20:00:00,149.043,149.162,148.962,149.093,2440,MT5,H4
2023-10-31 00:00:00,149.093,150.106,149.086,149.893,18232,MT5,H4
2023-10-31 04:00:00,149.894,150.312,149.859,150.278,9474,MT5,H4
2023-10-31 08:00:00,150.278,150.774,150.067,150.732,14384,MT5,H4
2023-10-31 12:00:00,150.733,151.548,150.633,151.454,12949,MT5,H4
2023-10-31 16:00:00,151.454,151.708,151.058,151.573,12815,MT5,H4
2023-10-31 20:00:00,151.53,151.707,151.156,151.322,5682,MT5,H4
2023-11-01 00:00:00,151.322,151.443,151.14,151.241,6601,MT5,H4
2023-11-01 04:00:00,151.241,151.392,151.203,151.374,5197,MT5,H4
2023-11-01 08:00:00,151.372,151.374,151.136,151.231,5954,MT5,H4
2023-11-01 12:00:00,151.23,151.376,150.811,150.966,12505,MT5,H4
2023-11-01 16:00:00,150.967,151.238,150.662,150.864,15018,MT5,H4
2023-11-01 20:00:00,150.866,150.949,150.559,150.574,3313,MT5,H4
2023-11-02 00:00:00,150.575,150.591,150.145,150.347,8407,MT5,H4
2023-11-02 04:00:00,150.347,150.578,150.164,150.386,7060,MT5,H4
2023-11-02 08:00:00,150.387,150.576,150.225,150.365,8203,MT5,H4
2023-11-02 12:00:00,150.364,150.492,149.845,150.477,13424,MT5,H4
2023-11-02 16:00:00,150.479,150.542,150.371,150.461,5493,MT5,H4
2023-11-02 20:00:00,150.454,150.528,150.356,150.497,2158,MT5,H4
2023-11-03 00:00:00,150.495,150.496,150.307,150.345,3733,MT5,H4
2023-11-03 04:00:00,150.345,150.345,150.233,150.335,3119,MT5,H4
2023-11-03 08:00:00,150.337,150.422,150.146,150.181,4626,MT5,H4
2023-11-03 12:00:00,150.181,150.225,149.193,149.367,21398,MT5,H4
2023-11-03 16:00:00,149.367,149.467,149.243,149.465,6426,MT5,H4
2023-11-03 20:00:00,149.434,149.463,149.307,149.344,818,MT5,H4
2023-11-05 20:00:00,149.328,149.469,149.28,149.443,1210,MT5,H4
2023-11-06 00:00:00,149.454,149.672,149.44,149.578,6037,MT5,H4
2023-11-06 04:00:00,149.578,149.729,149.463,149.723,5136,MT5,H4
2023-11-06 08:00:00,149.724,149.726,149.373,149.619,7002,MT5,H4
2023-11-06 12:00:00,149.621,149.835,149.6,149.728,7383,MT5,H4
2023-11-06 16:00:00,149.729,149.978,149.675,149.977,4157,MT5,H4
2023-11-06 20:00:00,149.975,150.068,149.891,149.963,2808,MT5,H4
2023-11-07 00:00:00,149.985,150.223,149.959,150.192,4830,MT5,H4
2023-11-07 04:00:00,150.192,150.491,150.192,150.481,3936,MT5,H4
2023-11-07 08:00:00,150.481,150.495,150.244,150.401,6961,MT5,H4
2023-11-07 12:00:00,150.402,150.69,150.381,150.497,9184,MT5,H4
2023-11-07 16:00:00,150.498,150.618,150.314,150.436,5872,MT5,H4
2023-11-07 20:00:00,150.436,150.473,150.205,150.389,2689,MT5,H4
2023-11-08 00:00:00,150.396,150.615,150.348,150.492,5529,MT5,H4
2023-11-08 04:00:00,150.492,150.754,150.459,150.679,4544,MT5,H4
2023-11-08 08:00:00,150.679,150.795,150.597,150.737,5834,MT5,H4
2023-11-08 12:00:00,150.737,150.983,150.724,150.845,8085,MT5,H4
2023-11-08 16:00:00,150.843,151.053,150.727,151.028,5751,MT5,H4
2023-11-08 20:00:00,151.029,151.057,150.707,150.842,3536,MT5,H4
2023-11-09 00:00:00,150.854,150.997,150.826,150.936,4730,MT5,H4
2023-11-09 04:00:00,150.935,151.09,150.771,150.912,5347,MT5,H4
2023-11-09 08:00:00,150.912,151.184,150.879,151.136,6305,MT5,H4
2023-11-09 12:00:00,151.136,151.164,150.83,150.949,9550,MT5,H4
2023-11-09 16:00:00,150.949,151.385,150.935,151.326,8555,MT5,H4
2023-11-09 20:00:00,151.324,151.376,151.226,151.307,3338,MT5,H4
2023-11-10 00:00:00,151.345,151.37,151.221,151.323,4491,MT5,H4
2023-11-10 04:00:00,151.323,151.45,151.287,151.372,3849,MT5,H4
2023-11-10 08:00:00,151.374,151.488,151.326,151.472,5009,MT5,H4
2023-11-10 12:00:00,151.472,151.551,151.32,151.472,6945,MT5,H4
2023-11-10 16:00:00,151.471,151.597,151.446,151.587,4041,MT5,H4
2023-11-10 20:00:00,151.587,151.595,151.497,151.51,1185,MT5,H4
2023-11-12 20:00:00,151.441,151.502,151.419,151.431,1117,MT5,H4
2023-11-13 00:00:00,151.458,151.697,151.441,151.664,3946,MT5,H4
2023-11-13 04:00:00,151.664,151.798,151.664,151.739,3498,MT5,H4
2023-11-13 08:00:00,151.741,151.854,151.681,151.728,4812,MT5,H4
2023-11-13 12:00:00,151.728,151.907,151.204,151.685,13191,MT5,H4
2023-11-13 16:00:00,151.686,151.687,151.496,151.596,4561,MT5,H4
2023-11-13 20:00:00,151.596,151.714,151.575,151.616,2354,MT5,H4
2023-11-14 00:00:00,151.645,151.781,151.611,151.699,3902,MT5,H4
2023-11-14 04:00:00,151.699,151.732,151.57,151.629,3273,MT5,H4
2023-11-14 08:00:00,151.629,151.743,151.604,151.732,4340,MT5,H4
2023-11-14 12:00:00,151.734,151.793,150.683,150.82,18774,MT5,H4
2023-11-14 16:00:00,150.819,150.865,150.345,150.349,6897,MT5,H4
2023-11-14 20:00:00,150.349,150.474,150.151,150.471,4546,MT5,H4
2023-11-15 00:00:00,150.484,150.788,150.44,150.572,7923,MT5,H4
2023-11-15 04:00:00,150.573,150.752,150.507,150.686,5615,MT5,H4
2023-11-15 08:00:00,150.685,150.699,150.251,150.278,8234,MT5,H4
2023-11-15 12:00:00,150.276,151.24,150.044,150.903,15334,MT5,H4
2023-11-15 16:00:00,150.904,151.401,150.861,151.375,5592,MT5,H4
2023-11-15 20:00:00,151.374,151.409,151.053,151.193,2947,MT5,H4
2023-11-16 00:00:00,151.208,151.316,151.118,151.252,4472,MT5,H4
2023-11-16 04:00:00,151.252,151.426,151.243,151.369,4004,MT5,H4
2023-11-16 08:00:00,151.371,151.431,151.142,151.219,6128,MT5,H4
2023-11-16 12:00:00,151.22,151.297,150.284,150.408,13904,MT5,H4
2023-11-16 16:00:00,150.408,150.652,150.298,150.606,5927,MT5,H4
2023-11-16 20:00:00,150.607,150.756,150.576,150.7,2602,MT5,H4
2023-11-17 00:00:00,150.702,150.772,150.422,150.549,6009,MT5,H4
2023-11-17 04:00:00,150.55,150.693,150.432,150.442,4826,MT5,H4
2023-11-17 08:00:00,150.441,150.453,149.225,149.506,16563,MT5,H4
2023-11-17 12:00:00,149.506,149.79,149.198,149.557,16264,MT5,H4
2023-11-17 16:00:00,149.556,149.871,149.53,149.644,5951,MT5,H4
2023-11-17 20:00:00,149.646,149.697,149.557,149.559,1304,MT5,H4
2023-11-19 20:00:00,149.595,149.936,149.494,149.934,1892,MT5,H4
2023-11-20 00:00:00,149.958,149.99,148.853,148.906,14201,MT5,H4
2023-11-20 04:00:00,148.905,149.208,148.686,148.904,12072,MT5,H4
2023-11-20 08:00:00,148.903,148.968,148.101,148.204,15433,MT5,H4
2023-11-20 12:00:00,148.204,148.685,148.192,148.37,13384,MT5,H4
2023-11-20 16:00:00,148.371,148.422,148.138,148.315,7674,MT5,H4
2023-11-20 20:00:00,148.314,148.424,148.194,148.365,3077,MT5,H4
2023-11-21 00:00:00,148.383,148.417,147.344,147.38,17380,MT5,H4
2023-11-21 04:00:00,147.38,147.833,147.244,147.514,14701,MT5,H4
2023-11-21 08:00:00,147.513,147.797,147.151,147.716,14149,MT5,H4
2023-11-21 12:00:00,147.719,147.809,147.35,147.79,17139,MT5,H4
2023-11-21 16:00:00,147.79,148.593,147.733,148.314,11326,MT5,H4
2023-11-21 20:00:00,148.313,148.428,147.985,148.125,4289,MT5,H4
2023-11-22 00:00:00,148.148,148.355,148.033,148.21,12167,MT5,H4
2023-11-22 04:00:00,148.211,149.05,148.2,148.957,11018,MT5,H4
2023-11-22 08:00:00,148.959,149.352,148.702,148.768,13520,MT5,H4
2023-11-22 12:00:00,148.768,149.747,148.587,149.679,20678,MT5,H4
2023-11-22 16:00:00,149.679,149.747,149.543,149.58,6489,MT5,H4
2023-11-22 20:00:00,149.58,149.619,149.359,149.451,2549,MT5,H4
2023-11-23 00:00:00,149.463,149.463,149.03,149.125,7580,MT5,H4
2023-11-23 04:00:00,149.125,149.197,148.886,149.143,6953,MT5,H4
2023-11-23 08:00:00,149.143,149.34,149.042,149.242,8653,MT5,H4
2023-11-23 12:00:00,149.243,149.687,149.234,149.494,7595,MT5,H4
2023-11-23 16:00:00,149.494,149.64,149.49,149.566,2544,MT5,H4
2023-11-23 20:00:00,149.566,149.603,149.288,149.579,4483,MT5,H4
2023-11-24 00:00:00,149.633,149.71,149.407,149.502,7704,MT5,H4
2023-11-24 04:00:00,149.499,149.5,149.196,149.423,6992,MT5,H4
2023-11-24 08:00:00,149.426,149.66,149.367,149.564,7832,MT5,H4
2023-11-24 12:00:00,149.564,149.669,149.441,149.497,10042,MT5,H4
2023-11-24 16:00:00,149.499,149.625,149.43,149.477,4237,MT5,H4
2023-11-24 20:00:00,149.476,149.48,149.298,149.37,1665,MT5,H4
2023-11-26 20:00:00,149.427,149.565,149.396,149.557,1762,MT5,H4
2023-11-27 00:00:00,149.577,149.674,148.892,148.98,12672,MT5,H4
2023-11-27 04:00:00,148.981,149.152,148.77,149.021,10986,MT5,H4
2023-11-27 08:00:00,149.022,149.326,148.94,149.026,11349,MT5,H4
2023-11-27 12:00:00,149.024,149.045,148.65,148.914,16201,MT5,H4
2023-11-27 16:00:00,148.914,149.077,148.543,148.604,9578,MT5,H4
2023-11-27 20:00:00,148.605,148.677,148.333,148.399,4056,MT5,H4
2023-11-28 00:00:00,148.415,148.415,147.969,148.212,13194,MT5,H4
2023-11-28 04:00:00,148.211,148.544,148.128,148.507,9609,MT5,H4
2023-11-28 08:00:00,148.51,148.828,148.404,148.586,11040,MT5,H4
2023-11-28 12:00:00,148.586,148.694,147.699,147.87,22980,MT5,H4
2023-11-28 16:00:00,147.871,147.913,147.321,147.422,16098,MT5,H4
2023-11-28 20:00:00,147.422,147.544,146.974,147.052,5007,MT5,H4
2023-11-29 00:00:00,147.065,147.318,146.669,147.288,17759,MT5,H4
2023-11-29 04:00:00,147.291,147.363,146.945,147.343,15106,MT5,H4
2023-11-29 08:00:00,147.343,147.817,147.179,147.618,16937,MT5,H4
2023-11-29 12:00:00,147.621,147.903,147.118,147.392,27989,MT5,H4
2023-11-29 16:00:00,147.394,147.473,147.076,147.239,11722,MT5,H4
2023-11-29 20:00:00,147.239,147.362,146.799,147.038,5264,MT5,H4
2023-11-30 00:00:00,147.058,147.189,146.882,147.089,13545,MT5,H4
2023-11-30 04:00:00,147.088,147.263,146.863,147.06,10419,MT5,H4
2023-11-30 08:00:00,147.059,147.746,146.954,147.705,16250,MT5,H4
2023-11-30 12:00:00,147.704,148.515,147.207,147.833,29237,MT5,H4
2023-11-30 16:00:00,147.835,148.268,147.717,148.206,11909,MT5,H4
2023-11-30 20:00:00,148.21,148.299,147.891,147.981,4977,MT5,H4
2023-12-01 00:00:00,147.998,148.182,147.598,148.12,14267,MT5,H4
2023-12-01 04:00:00,148.122,148.314,147.994,148.3,10197,MT5,H4
2023-12-01 08:00:00,148.3,148.3,147.689,148.13,13387,MT5,H4
2023-12-01 12:00:00,148.13,148.344,147.335,147.59,22605,MT5,H4
2023-12-01 16:00:00,147.591,147.843,146.657,146.845,21527,MT5,H4
2023-12-01 20:00:00,146.845,146.896,146.769,146.792,2674,MT5,H4
2023-12-03 20:00:00,146.703,146.759,146.185,146.327,3179,MT5,H4
2023-12-04 00:00:00,146.362,146.744,146.223,146.733,18543,MT5,H4
2023-12-04 04:00:00,146.732,146.975,146.576,146.956,11670,MT5,H4
2023-12-04 08:00:00,146.955,147.111,146.458,146.538,15210,MT5,H4
2023-12-04 12:00:00,146.54,147.162,146.466,147.1,23440,MT5,H4
2023-12-04 16:00:00,147.102,147.451,146.952,147.29,11808,MT5,H4
2023-12-04 20:00:00,147.291,147.353,147.075,147.277,4829,MT5,H4
2023-12-05 00:00:00,147.301,147.378,146.968,147.166,12182,MT5,H4
2023-12-05 04:00:00,147.167,147.178,146.745,146.836,10979,MT5,H4
2023-12-05 08:00:00,146.838,147.181,146.676,147.018,14575,MT5,H4
2023-12-05 12:00:00,147.018,147.275,146.558,147.101,24901,MT5,H4
2023-12-05 16:00:00,147.101,147.389,146.981,147.252,12781,MT5,H4
2023-12-05 20:00:00,147.252,147.277,147.031,147.163,4623,MT5,H4
2023-12-06 00:00:00,147.184,147.397,147.086,147.273,9987,MT5,H4
2023-12-06 04:00:00,147.273,147.32,146.927,146.967,8669,MT5,H4
2023-12-06 08:00:00,146.97,147.498,146.894,147.394,11724,MT5,H4
2023-12-06 12:00:00,147.394,147.426,147.001,147.218,18046,MT5,H4
2023-12-06 16:00:00,147.217,147.376,147.096,147.343,8039,MT5,H4
2023-12-06 20:00:00,147.341,147.411,147.017,147.158,3876,MT5,H4
2023-12-07 00:00:00,147.184,147.188,146.688,146.856,13619,MT5,H4
2023-12-07 04:00:00,146.858,146.895,145.516,145.711,18829,MT5,H4
2023-12-07 08:00:00,145.711,145.714,144.541,145.022,31662,MT5,H4
2023-12-07 12:00:00,145.022,145.298,143.938,144.029,32109,MT5,H4
2023-12-07 16:00:00,144.028,144.313,141.628,143.452,48433,MT5,H4
2023-12-07 20:00:00,143.45,144.286,143.43,144.175,7580,MT5,H4
2023-12-08 00:00:00,144.199,144.288,142.495,143.772,49493,MT5,H4
2023-12-08 04:00:00,143.775,144.394,143.588,144.086,28065,MT5,H4
2023-12-08 08:00:00,144.088,144.667,143.718,144.445,24917,MT5,H4
2023-12-08 12:00:00,144.445,145.209,143.756,144.501,44638,MT5,H4
2023-12-08 16:00:00,144.503,144.976,144.388,144.964,15040,MT5,H4
2023-12-08 20:00:00,144.965,145.0,144.887,144.927,2268,MT5,H4
2023-12-10 20:00:00,144.932,145.046,144.77,144.95,2756,MT5,H4
2023-12-11 00:00:00,144.987,145.573,144.87,145.419,19821,MT5,H4
2023-12-11 04:00:00,145.42,146.451,145.323,146.371,18265,MT5,H4
2023-12-11 08:00:00,146.375,146.457,145.969,146.16,17821,MT5,H4
2023-12-11 12:00:00,146.157,146.502,146.052,146.416,18866,MT5,H4
2023-12-11 16:00:00,146.417,146.589,146.069,146.147,12791,MT5,H4
2023-12-11 20:00:00,146.15,146.247,146.0,146.01,4230,MT5,H4
2023-12-12 00:00:00,146.046,146.125,145.531,145.599,18213,MT5,H4
2023-12-12 04:00:00,145.596,145.681,145.222,145.441,12807,MT5,H4
2023-12-12 08:00:00,145.44,145.627,145.056,145.175,14352,MT5,H4
2023-12-12 12:00:00,145.174,145.851,144.729,145.643,26402,MT5,H4
2023-12-12 16:00:00,145.639,145.727,145.401,145.592,11828,MT5,H4
2023-12-12 20:00:00,145.59,145.615,145.147,145.281,4403,MT5,H4
2023-12-13 00:00:00,145.296,145.663,145.274,145.621,12992,MT5,H4
2023-12-13 04:00:00,145.621,145.993,145.485,145.81,11168,MT5,H4
2023-12-13 08:00:00,145.811,145.951,145.597,145.622,12305,MT5,H4
2023-12-13 12:00:00,145.621,145.733,145.037,145.153,18873,MT5,H4
2023-12-13 16:00:00,145.156,145.274,142.878,143.142,38044,MT5,H4
2023-12-13 20:00:00,143.14,143.271,142.12,142.761,22647,MT5,H4
2023-12-14 00:00:00,142.789,142.913,140.952,141.406,36453,MT5,H4
2023-12-14 04:00:00,141.403,142.175,141.349,142.013,31845,MT5,H4
2023-12-14 08:00:00,142.009,142.051,141.228,141.419,26208,MT5,H4
2023-12-14 12:00:00,141.416,142.278,141.349,141.678,40918,MT5,H4
2023-12-14 16:00:00,141.681,142.007,141.396,141.918,18792,MT5,H4
2023-12-14 20:00:00,141.915,142.273,141.763,142.24,6872,MT5,H4
2023-12-15 00:00:00,142.277,142.465,141.788,141.89,20358,MT5,H4
2023-12-15 04:00:00,141.893,142.133,141.563,141.973,17476,MT5,H4
2023-12-15 08:00:00,141.972,142.059,141.469,141.743,17803,MT5,H4
2023-12-15 12:00:00,141.746,142.451,141.427,141.741,34155,MT5,H4
2023-12-15 16:00:00,141.742,142.311,141.661,142.177,14086,MT5,H4
2023-12-15 20:00:00,142.179,142.282,142.031,142.147,3326,MT5,H4
2023-12-17 20:00:00,142.064,142.338,142.051,142.317,1938,MT5,H4
2023-12-18 00:00:00,142.329,142.457,142.07,142.171,14817,MT5,H4
2023-12-18 04:00:00,142.171,142.412,142.119,142.381,9776,MT5,H4
2023-12-18 08:00:00,142.38,142.826,142.241,142.745,16458,MT5,H4
2023-12-18 12:00:00,142.744,143.156,142.676,143.113,17866,MT5,H4
2023-12-18 16:00:00,143.111,143.113,142.837,142.883,9718,MT5,H4
2023-12-18 20:00:00,142.886,142.958,142.612,142.68,4150,MT5,H4
2023-12-19 00:00:00,142.693,143.786,142.245,143.516,33293,MT5,H4
2023-12-19 04:00:00,143.516,144.261,142.478,144.169,40497,MT5,H4
2023-12-19 08:00:00,144.171,144.956,144.141,144.792,20685,MT5,H4
2023-12-19 12:00:00,144.794,144.797,143.685,143.803,24549,MT5,H4
2023-12-19 16:00:00,143.802,143.922,143.527,143.905,12071,MT5,H4
2023-12-19 20:00:00,143.902,143.967,143.749,143.885,4477,MT5,H4
2023-12-20 00:00:00,143.921,144.099,143.636,143.691,16010,MT5,H4
2023-12-20 04:00:00,143.69,143.766,143.303,143.541,17926,MT5,H4
2023-12-20 08:00:00,143.542,143.644,143.259,143.369,14937,MT5,H4
2023-12-20 12:00:00,143.369,143.712,143.303,143.68,15794,MT5,H4
2023-12-20 16:00:00,143.677,143.938,143.655,143.803,10217,MT5,H4
2023-12-20 20:00:00,143.8,143.874,143.252,143.509,7520,MT5,H4
2023-12-21 00:00:00,143.53,143.561,142.806,142.913,16400,MT5,H4
2023-12-21 04:00:00,142.914,143.284,142.812,143.256,12273,MT5,H4
2023-12-21 08:00:00,143.257,143.399,142.642,142.729,13069,MT5,H4
2023-12-21 12:00:00,142.726,143.004,142.069,142.163,24854,MT5,H4
2023-12-21 16:00:00,142.163,142.437,142.042,142.235,14433,MT5,H4
2023-12-21 20:00:00,142.233,142.299,141.972,142.06,5194,MT5,H4
2023-12-22 00:00:00,142.073,142.547,141.862,142.533,16757,MT5,H4
2023-12-22 04:00:00,142.53,142.558,142.126,142.23,11932,MT5,H4
2023-12-22 08:00:00,142.232,142.372,141.925,141.995,11872,MT5,H4
2023-12-22 12:00:00,141.997,142.468,141.886,142.365,22193,MT5,H4
2023-12-22 16:00:00,142.363,142.662,142.326,142.489,10647,MT5,H4
2023-12-22 20:00:00,142.491,142.55,142.392,142.437,2455,MT5,H4
2023-12-25 20:00:00,142.258,142.406,141.96,142.096,2016,MT5,H4
2023-12-26 00:00:00,142.097,142.326,142.07,142.185,5119,MT5,H4
2023-12-26 04:00:00,142.185,142.373,142.168,142.314,4183,MT5,H4
2023-12-26 08:00:00,142.314,142.498,142.292,142.365,4924,MT5,H4
2023-12-26 12:00:00,142.364,142.596,142.228,142.582,6782,MT5,H4
2023-12-26 16:00:00,142.585,142.625,142.391,142.462,4855,MT5,H4
2023-12-26 20:00:00,142.462,142.468,142.15,142.442,4702,MT5,H4
2023-12-27 00:00:00,142.482,142.837,142.424,142.555,8070,MT5,H4
2023-12-27 04:00:00,142.556,142.833,142.516,142.773,6088,MT5,H4
2023-12-27 08:00:00,142.767,142.798,142.438,142.54,6978,MT5,H4
2023-12-27 12:00:00,142.536,142.639,142.189,142.195,7376,MT5,H4
2023-12-27 16:00:00,142.198,142.231,141.548,141.886,12569,MT5,H4
2023-12-27 20:00:00,141.882,141.898,141.341,141.42,5735,MT5,H4
2023-12-28 00:00:00,141.439,141.668,141.169,141.309,15722,MT5,H4
2023-12-28 04:00:00,141.309,141.323,140.709,140.82,14083,MT5,H4
2023-12-28 08:00:00,140.817,141.073,140.649,140.814,12307,MT5,H4
2023-12-28 12:00:00,140.816,141.136,140.249,140.883,19082,MT5,H4
2023-12-28 16:00:00,140.884,141.585,140.86,141.454,13518,MT5,H4
2023-12-28 20:00:00,141.454,141.46,141.229,141.418,4266,MT5,H4
2023-12-29 00:00:00,141.439,141.666,141.341,141.482,11557,MT5,H4
2023-12-29 04:00:00,141.483,141.487,141.138,141.408,8169,MT5,H4
2023-12-29 08:00:00,141.41,141.913,141.328,141.544,10797,MT5,H4
2023-12-29 12:00:00,141.544,141.881,140.897,140.995,19960,MT5,H4
2023-12-29 16:00:00,140.993,141.107,140.792,141.02,16151,MT5,H4
2023-12-29 20:00:00,141.018,141.053,140.946,141.005,2553,MT5,H4
2024-01-01 20:00:00,140.724,140.985,140.668,140.977,1674,MT5,H4
2024-01-02 00:00:00,141.084,141.657,141.067,141.495,5877,MT5,H4
2024-01-02 04:00:00,141.496,141.598,141.328,141.537,6355,MT5,H4
2024-01-02 08:00:00,141.533,141.885,141.284,141.824,12979,MT5,H4
2024-01-02 12:00:00,141.826,142.215,141.498,141.926,23100,MT5,H4
2024-01-02 16:00:00,141.924,142.0,141.712,141.946,10805,MT5,H4
2024-01-02 20:00:00,141.946,142.154,141.803,142.154,4058,MT5,H4
2024-01-03 00:00:00,142.175,142.175,141.857,141.889,7892,MT5,H4
2024-01-03 04:00:00,141.889,142.467,141.858,142.418,9056,MT5,H4
2024-01-03 08:00:00,142.419,142.978,142.396,142.933,12671,MT5,H4
2024-01-03 12:00:00,142.931,143.725,142.788,143.6,24358,MT5,H4
2024-01-03 16:00:00,143.598,143.731,143.138,143.234,19282,MT5,H4
2024-01-03 20:00:00,143.238,143.29,142.919,142.984,6608,MT5,H4
2024-01-04 00:00:00,142.996,143.484,142.852,143.342,13036,MT5,H4
2024-01-04 04:00:00,143.342,143.891,143.177,143.372,16198,MT5,H4
2024-01-04 08:00:00,143.37,144.293,143.361,144.254,17715,MT5,H4
2024-01-04 12:00:00,144.254,144.85,144.061,144.667,19833,MT5,H4
2024-01-04 16:00:00,144.659,144.711,144.457,144.579,10151,MT5,H4
2024-01-04 20:00:00,144.576,144.754,144.5,144.754,3607,MT5,H4
2024-01-05 00:00:00,144.772,144.953,144.658,144.925,12145,MT5,H4
2024-01-05 04:00:00,144.924,145.367,144.656,145.075,13425,MT5,H4
2024-01-05 08:00:00,145.075,145.374,144.85,145.267,13109,MT5,H4
2024-01-05 12:00:00,145.267,145.972,143.806,144.128,48776,MT5,H4
2024-01-05 16:00:00,144.127,144.892,144.064,144.661,18508,MT5,H4
2024-01-05 20:00:00,144.659,144.769,144.542,144.605,3657,MT5,H4
2024-01-07 20:00:00,144.524,144.893,144.418,144.702,2161,MT5,H4
2024-01-08 00:00:00,144.721,144.796,144.314,144.489,10775,MT5,H4
2024-01-08 04:00:00,144.488,144.536,144.088,144.416,11914,MT5,H4
2024-01-08 08:00:00,144.418,144.612,144.183,144.576,16299,MT5,H4
2024-01-08 12:00:00,144.578,144.682,143.851,143.93,21104,MT5,H4
2024-01-08 16:00:00,143.929,144.181,143.659,144.106,13231,MT5,H4
2024-01-08 20:00:00,144.103,144.269,144.07,144.2,4875,MT5,H4
2024-01-09 00:00:00,144.201,144.257,143.419,143.624,16609,MT5,H4
2024-01-09 04:00:00,143.624,144.151,143.569,144.062,12225,MT5,H4
2024-01-09 08:00:00,144.063,144.314,143.74,144.073,15304,MT5,H4
2024-01-09 12:00:00,144.071,144.362,143.649,144.308,20866,MT5,H4
2024-01-09 16:00:00,144.309,144.622,144.245,144.545,12888,MT5,H4
2024-01-09 20:00:00,144.543,144.543,144.295,144.412,4744,MT5,H4
2024-01-10 00:00:00,144.407,144.934,144.407,144.847,11542,MT5,H4
2024-01-10 04:00:00,144.849,145.152,144.667,144.938,11847,MT5,H4
2024-01-10 08:00:00,144.936,145.129,144.76,144.994,12178,MT5,H4
2024-01-10 12:00:00,144.994,145.673,144.981,145.613,15927,MT5,H4
2024-01-10 16:00:00,145.611,145.826,145.511,145.689,10056,MT5,H4
2024-01-10 20:00:00,145.686,145.832,145.456,145.72,6193,MT5,H4
2024-01-11 00:00:00,145.726,145.779,145.303,145.31,12938,MT5,H4
2024-01-11 04:00:00,145.309,145.544,145.276,145.405,9651,MT5,H4
2024-01-11 08:00:00,145.402,145.591,145.329,145.392,12028,MT5,H4
2024-01-11 12:00:00,145.39,146.415,145.092,145.95,42204,MT5,H4
2024-01-11 16:00:00,145.951,146.188,145.439,145.481,20706,MT5,H4
2024-01-11 20:00:00,145.479,145.544,144.903,145.086,7107,MT5,H4
2024-01-12 00:00:00,145.098,145.404,144.843,144.914,15011,MT5,H4
2024-01-12 04:00:00,144.914,145.285,144.894,145.147,11825,MT5,H4
2024-01-12 08:00:00,145.146,145.279,144.865,145.235,13576,MT5,H4
2024-01-12 12:00:00,145.232,145.566,144.348,144.705,31111,MT5,H4
2024-01-12 16:00:00,144.708,145.016,144.563,144.87,12569,MT5,H4
2024-01-12 20:00:00,144.87,144.942,144.81,144.903,2685,MT5,H4
2024-01-14 20:00:00,144.89,145.154,144.835,145.126,1639,MT5,H4
2024-01-15 00:00:00,145.149,145.232,144.931,145.132,12054,MT5,H4
2024-01-15 04:00:00,145.133,145.553,145.098,145.449,8204,MT5,H4
2024-01-15 08:00:00,145.446,145.823,145.313,145.668,11838,MT5,H4
2024-01-15 12:00:00,145.671,145.94,145.663,145.787,11824,MT5,H4
2024-01-15 16:00:00,145.79,145.855,145.676,145.784,3928,MT5,H4
2024-01-15 20:00:00,145.784,145.845,145.676,145.775,1881,MT5,H4
2024-01-16 00:00:00,145.793,146.195,145.582,146.097,15950,MT5,H4
2024-01-16 04:00:00,146.094,146.27,145.993,146.157,11034,MT5,H4
2024-01-16 08:00:00,146.159,146.749,146.0,146.602,17331,MT5,H4
2024-01-16 12:00:00,146.603,146.795,146.282,146.705,22482,MT5,H4
2024-01-16 16:00:00,146.701,147.311,146.694,147.247,18173,MT5,H4
2024-01-16 20:00:00,147.248,147.272,147.042,147.223,3953,MT5,H4
2024-01-17 00:00:00,147.245,147.486,147.096,147.331,13698,MT5,H4
2024-01-17 04:00:00,147.33,147.967,147.283,147.867,15592,MT5,H4
2024-01-17 08:00:00,147.869,147.925,147.565,147.661,15738,MT5,H4
2024-01-17 12:00:00,147.663,148.528,147.584,148.445,20506,MT5,H4
2024-01-17 16:00:00,148.447,148.517,148.165,148.268,13796,MT5,H4
2024-01-17 20:00:00,148.268,148.29,147.881,148.117,4600,MT5,H4
2024-01-18 00:00:00,148.135,148.251,147.869,148.02,13274,MT5,H4
2024-01-18 04:00:00,148.02,148.063,147.687,147.786,12596,MT5,H4
2024-01-18 08:00:00,147.783,147.961,147.653,147.82,13590,MT5,H4
2024-01-18 12:00:00,147.817,148.3,147.751,148.174,21636,MT5,H4
2024-01-18 16:00:00,148.176,148.26,147.999,148.226,11352,MT5,H4
2024-01-18 20:00:00,148.223,148.276,148.001,148.102,4454,MT5,H4
2024-01-19 00:00:00,148.123,148.476,147.938,148.221,13417,MT5,H4
2024-01-19 04:00:00,148.223,148.803,148.192,148.268,13121,MT5,H4
2024-01-19 08:00:00,148.266,148.354,147.836,147.977,14931,MT5,H4
2024-01-19 12:00:00,147.977,148.531,147.957,148.1,20110,MT5,H4
2024-01-19 16:00:00,148.102,148.308,148.022,148.189,11484,MT5,H4
2024-01-19 20:00:00,148.189,148.199,148.057,148.134,2744,MT5,H4
2024-01-21 20:00:00,148.146,148.231,148.05,148.103,2308,MT5,H4
2024-01-22 00:00:00,148.123,148.23,147.731,147.917,14977,MT5,H4
2024-01-22 04:00:00,147.916,148.133,147.829,148.035,11696,MT5,H4
2024-01-22 08:00:00,148.037,148.302,147.856,147.884,12962,MT5,H4
2024-01-22 12:00:00,147.884,147.953,147.615,147.843,17164,MT5,H4
2024-01-22 16:00:00,147.846,148.141,147.844,148.031,8104,MT5,H4
2024-01-22 20:00:00,148.031,148.131,147.743,148.123,4084,MT5,H4
2024-01-23 00:00:00,148.144,148.549,147.851,147.895,18922,MT5,H4
2024-01-23 04:00:00,147.897,148.206,146.979,147.583,30395,MT5,H4
2024-01-23 08:00:00,147.581,148.156,147.253,148.022,17067,MT5,H4
2024-01-23 12:00:00,148.02,148.541,147.872,148.479,18351,MT5,H4
2024-01-23 16:00:00,148.479,148.693,148.296,148.378,10484,MT5,H4
2024-01-23 20:00:00,148.377,148.411,148.177,148.218,3868,MT5,H4
2024-01-24 00:00:00,148.245,148.261,147.75,147.803,14030,MT5,H4
2024-01-24 04:00:00,147.8,148.012,147.698,147.792,11699,MT5,H4
2024-01-24 08:00:00,147.789,147.789,147.376,147.515,13295,MT5,H4
2024-01-24 12:00:00,147.512,147.521,146.645,146.94,25544,MT5,H4
2024-01-24 16:00:00,146.938,147.591,146.884,147.562,14132,MT5,H4
2024-01-24 20:00:00,147.562,147.626,147.269,147.564,4753,MT5,H4
2024-01-25 00:00:00,147.587,147.854,147.542,147.653,12063,MT5,H4
2024-01-25 04:00:00,147.65,147.878,147.531,147.668,9573,MT5,H4
2024-01-25 08:00:00,147.671,147.841,147.473,147.513,11452,MT5,H4
2024-01-25 12:00:00,147.515,147.95,147.08,147.575,28289,MT5,H4
2024-01-25 16:00:00,147.576,147.898,147.505,147.838,11578,MT5,H4
2024-01-25 20:00:00,147.835,147.848,147.475,147.706,4331,MT5,H4
2024-01-26 00:00:00,147.678,147.848,147.478,147.665,11318,MT5,H4
2024-01-26 04:00:00,147.665,147.882,147.646,147.77,9189,MT5,H4
2024-01-26 08:00:00,147.772,148.089,147.593,147.713,12891,MT5,H4
2024-01-26 12:00:00,147.713,148.165,147.413,148.071,21289,MT5,H4
2024-01-26 16:00:00,148.074,148.206,147.881,148.096,8609,MT5,H4
2024-01-26 20:00:00,148.095,148.133,148.031,148.106,2202,MT5,H4
2024-01-28 20:00:00,148.082,148.166,147.989,148.165,2108,MT5,H4
2024-01-29 00:00:00,148.182,148.333,148.025,148.137,9072,MT5,H4
2024-01-29 04:00:00,148.134,148.134,147.749,147.804,8930,MT5,H4
2024-01-29 08:00:00,147.801,147.923,147.707,147.875,11201,MT5,H4
2024-01-29 12:00:00,147.874,148.091,147.621,147.664,13077,MT5,H4
2024-01-29 16:00:00,147.664,147.735,147.582,147.649,8514,MT5,H4
2024-01-29 20:00:00,147.646,147.646,147.251,147.464,6896,MT5,H4
2024-01-30 00:00:00,147.486,147.486,147.191,147.394,9667,MT5,H4
2024-01-30 04:00:00,147.394,147.405,147.156,147.222,8531,MT5,H4
2024-01-30 08:00:00,147.225,147.55,147.204,147.377,12229,MT5,H4
2024-01-30 12:00:00,147.378,147.891,147.095,147.845,17953,MT5,H4
2024-01-30 16:00:00,147.844,147.926,147.579,147.601,9705,MT5,H4
2024-01-30 20:00:00,147.601,147.666,147.284,147.284,4038,MT5,H4
2024-01-31 00:00:00,147.335,147.747,147.188,147.73,11769,MT5,H4
2024-01-31 04:00:00,147.731,147.898,147.576,147.654,8673,MT5,H4
2024-01-31 08:00:00,147.655,147.88,147.4,147.843,13645,MT5,H4
2024-01-31 12:00:00,147.84,147.881,146.137,146.18,32455,MT5,H4
2024-01-31 16:00:00,146.182,146.869,146.013,146.377,36979,MT5,H4
2024-01-31 20:00:00,146.378,147.446,146.301,146.984,22709,MT5,H4
2024-02-01 00:00:00,147.006,147.081,146.472,146.704,15142,MT5,H4
2024-02-01 04:00:00,146.704,147.047,146.618,146.802,12382,MT5,H4
2024-02-01 08:00:00,146.805,146.91,146.588,146.838,17055,MT5,H4
2024-02-01 12:00:00,146.84,147.112,146.244,146.308,30099,MT5,H4
2024-02-01 16:00:00,146.311,146.478,145.892,146.268,22687,MT5,H4
2024-02-01 20:00:00,146.271,146.489,146.163,146.436,5356,MT5,H4
2024-02-02 00:00:00,146.46,146.492,146.241,146.379,10183,MT5,H4
2024-02-02 04:00:00,146.38,146.635,146.316,146.62,9697,MT5,H4
2024-02-02 08:00:00,146.623,146.798,146.46,146.535,10921,MT5,H4
2024-02-02 12:00:00,146.532,148.343,146.508,148.275,31971,MT5,H4
2024-02-02 16:00:00,148.275,148.584,148.194,148.326,12866,MT5,H4
2024-02-02 20:00:00,148.327,148.386,148.245,148.351,3169,MT5,H4
2024-02-04 20:00:00,148.383,148.642,148.301,148.456,2672,MT5,H4
2024-02-05 00:00:00,148.511,148.82,148.351,148.399,14530,MT5,H4
2024-02-05 04:00:00,148.402,148.501,148.266,148.475,10251,MT5,H4
2024-02-05 08:00:00,148.475,148.603,148.305,148.433,11608,MT5,H4
2024-02-05 12:00:00,148.43,148.873,148.392,148.872,17730,MT5,H4
2024-02-05 16:00:00,148.87,148.891,148.503,148.696,8736,MT5,H4
2024-02-05 20:00:00,148.698,148.764,148.558,148.632,3759,MT5,H4
2024-02-06 00:00:00,148.662,148.67,148.463,148.628,8157,MT5,H4
2024-02-06 04:00:00,148.628,148.628,148.359,148.511,9653,MT5,H4
2024-02-06 08:00:00,148.511,148.788,148.49,148.68,9824,MT5,H4
2024-02-06 12:00:00,148.683,148.782,147.997,148.09,17270,MT5,H4
2024-02-06 16:00:00,148.092,148.188,147.82,147.962,13275,MT5,H4
2024-02-06 20:00:00,147.959,147.963,147.714,147.805,4465,MT5,H4
2024-02-07 00:00:00,147.819,147.99,147.708,147.898,9324,MT5,H4
2024-02-07 04:00:00,147.901,148.063,147.746,147.821,8779,MT5,H4
2024-02-07 08:00:00,147.818,148.154,147.81,148.082,10795,MT5,H4
2024-02-07 12:00:00,148.081,148.257,147.616,147.944,20359,MT5,H4
2024-02-07 16:00:00,147.946,148.189,147.875,148.131,11148,MT5,H4
2024-02-07 20:00:00,148.133,148.195,147.897,148.068,4318,MT5,H4
2024-02-08 00:00:00,148.086,148.403,147.93,148.35,11601,MT5,H4
2024-02-08 04:00:00,148.35,148.806,148.325,148.731,9866,MT5,H4
2024-02-08 08:00:00,148.729,149.249,148.645,149.16,12420,MT5,H4
2024-02-08 12:00:00,149.157,149.476,149.085,149.429,17064,MT5,H4
2024-02-08 16:00:00,149.429,149.454,149.123,149.385,10455,MT5,H4
2024-02-08 20:00:00,149.386,149.39,149.198,149.257,4193,MT5,H4
2024-02-09 00:00:00,149.262,149.49,149.236,149.434,8523,MT5,H4
2024-02-09 04:00:00,149.431,149.465,149.214,149.395,7113,MT5,H4
2024-02-09 08:00:00,149.395,149.573,149.26,149.397,11149,MT5,H4
2024-02-09 12:00:00,149.396,149.536,149.008,149.323,21307,MT5,H4
2024-02-09 16:00:00,149.322,149.413,149.273,149.351,7468,MT5,H4
2024-02-09 20:00:00,149.351,149.364,149.204,149.254,2138,MT5,H4
2024-02-11 20:00:00,149.259,149.275,149.058,149.162,1981,MT5,H4
2024-02-12 00:00:00,149.179,149.249,149.107,149.247,6427,MT5,H4
2024-02-12 04:00:00,149.246,149.251,149.044,149.094,6767,MT5,H4
2024-02-12 08:00:00,149.094,149.194,148.986,149.021,10721,MT5,H4
2024-02-12 12:00:00,149.021,149.474,148.925,149.457,11411,MT5,H4
2024-02-12 16:00:00,149.457,149.477,149.235,149.409,8007,MT5,H4
2024-02-12 20:00:00,149.409,149.41,149.217,149.378,3867,MT5,H4
2024-02-13 00:00:00,149.403,149.532,149.281,149.528,7234,MT5,H4
2024-02-13 04:00:00,149.531,149.651,149.444,149.585,7914,MT5,H4
2024-02-13 08:00:00,149.585,149.691,149.373,149.375,9728,MT5,H4
2024-02-13 12:00:00,149.374,150.605,149.208,150.589,25142,MT5,H4
2024-02-13 16:00:00,150.589,150.884,150.51,150.867,8943,MT5,H4
2024-02-13 20:00:00,150.869,150.876,150.414,150.71,4810,MT5,H4
2024-02-14 00:00:00,150.723,150.776,150.495,150.516,10140,MT5,H4
2024-02-14 04:00:00,150.516,150.552,150.342,150.451,9232,MT5,H4
2024-02-14 08:00:00,150.447,150.68,150.396,150.574,11108,MT5,H4
2024-02-14 12:00:00,150.576,150.751,150.488,150.614,14696,MT5,H4
2024-02-14 16:00:00,150.613,150.619,150.349,150.558,8902,MT5,H4
2024-02-14 20:00:00,150.557,150.606,150.304,150.532,4435,MT5,H4
2024-02-15 00:00:00,150.556,150.556,150.14,150.271,10552,MT5,H4
2024-02-15 04:00:00,150.27,150.27,150.051,150.2,8863,MT5,H4
2024-02-15 08:00:00,150.2,150.216,149.92,150.07,9491,MT5,H4
2024-02-15 12:00:00,150.072,150.134,149.532,150.05,20120,MT5,H4
2024-02-15 16:00:00,150.053,150.246,149.853,149.953,10705,MT5,H4
2024-02-15 20:00:00,149.955,150.006,149.789,149.928,4016,MT5,H4
2024-02-16 00:00:00,149.959,150.364,149.925,150.308,9901,MT5,H4
2024-02-16 04:00:00,150.308,150.347,150.136,150.232,8043,MT5,H4
2024-02-16 08:00:00,150.231,150.306,150.141,150.175,7973,MT5,H4
2024-02-16 12:00:00,150.176,150.644,150.109,150.241,17057,MT5,H4
2024-02-16 16:00:00,150.238,150.392,150.083,150.23,9136,MT5,H4
2024-02-16 20:00:00,150.232,150.284,150.132,150.19,2599,MT5,H4
2024-02-18 20:00:00,150.177,150.192,150.0,150.117,2082,MT5,H4
2024-02-19 00:00:00,150.152,150.152,149.873,149.934,8107,MT5,H4
2024-02-19 04:00:00,149.934,150.039,149.928,149.974,6054,MT5,H4
2024-02-19 08:00:00,149.972,150.002,149.89,149.985,6434,MT5,H4
2024-02-19 12:00:00,149.986,150.161,149.934,150.159,7149,MT5,H4
2024-02-19 16:00:00,150.158,150.189,150.13,150.135,2084,MT5,H4
2024-02-19 20:00:00,150.134,150.272,150.068,150.226,2288,MT5,H4
2024-02-20 00:00:00,150.269,150.367,150.191,150.319,8749,MT5,H4
2024-02-20 04:00:00,150.32,150.437,150.288,150.357,6524,MT5,H4
2024-02-20 08:00:00,150.356,150.386,150.104,150.225,9288,MT5,H4
2024-02-20 12:00:00,150.222,150.224,149.68,149.782,13583,MT5,H4
2024-02-20 16:00:00,149.783,150.028,149.739,150.018,8236,MT5,H4
2024-02-20 20:00:00,150.018,150.068,149.859,149.941,4252,MT5,H4
2024-02-21 00:00:00,149.964,150.091,149.851,149.87,7838,MT5,H4
2024-02-21 04:00:00,149.87,150.149,149.864,150.143,7192,MT5,H4
2024-02-21 08:00:00,150.145,150.187,149.976,150.066,7357,MT5,H4
2024-02-21 12:00:00,150.065,150.26,149.93,150.248,10566,MT5,H4
2024-02-21 16:00:00,150.245,150.392,150.129,150.197,10686,MT5,H4
2024-02-21 20:00:00,150.195,150.354,150.081,150.316,5038,MT5,H4
2024-02-22 00:00:00,150.339,150.459,150.296,150.424,7855,MT5,H4
2024-02-22 04:00:00,150.426,150.451,150.079,150.131,8504,MT5,H4
2024-02-22 08:00:00,150.128,150.287,150.014,150.216,10836,MT5,H4
2024-02-22 12:00:00,150.214,150.643,150.204,150.502,15824,MT5,H4
2024-02-22 16:00:00,150.5,150.686,150.473,150.552,8788,MT5,H4
2024-02-22 20:00:00,150.549,150.569,150.414,150.459,4142,MT5,H4
2024-02-23 00:00:00,150.474,150.557,150.369,150.48,6595,MT5,H4
2024-02-23 04:00:00,150.48,150.647,150.456,150.555,5519,MT5,H4
2024-02-23 08:00:00,150.555,150.768,150.522,150.654,7502,MT5,H4
2024-02-23 12:00:00,150.653,150.653,150.318,150.526,12002,MT5,H4
2024-02-23 16:00:00,150.526,150.534,150.291,150.456,7685,MT5,H4
2024-02-23 20:00:00,150.456,150.53,150.43,150.525,2296,MT5,H4
2024-02-25 20:00:00,150.369,150.536,150.274,150.475,2041,MT5,H4
2024-02-26 00:00:00,150.498,150.498,150.291,150.473,7541,MT5,H4
2024-02-26 04:00:00,150.474,150.517,150.363,150.451,6614,MT5,H4
2024-02-26 08:00:00,150.448,150.696,150.404,150.685,7035,MT5,H4
2024-02-26 12:00:00,150.685,150.809,150.522,150.745,11127,MT5,H4
2024-02-26 16:00:00,150.745,150.837,150.72,150.764,8055,MT5,H4
2024-02-26 20:00:00,150.761,150.761,150.476,150.547,4216,MT5,H4
2024-02-27 00:00:00,150.573,150.608,150.42,150.42,6229,MT5,H4
2024-02-27 04:00:00,150.418,150.535,150.319,150.351,5464,MT5,H4
2024-02-27 08:00:00,150.352,150.375,150.115,150.31,8036,MT5,H4
2024-02-27 12:00:00,150.309,150.547,150.073,150.434,11996,MT5,H4
2024-02-27 16:00:00,150.434,150.581,150.296,150.527,8494,MT5,H4
2024-02-27 20:00:00,150.527,150.534,150.382,150.478,3115,MT5,H4
2024-02-28 00:00:00,150.513,150.54,150.37,150.528,7316,MT5,H4
2024-02-28 04:00:00,150.529,150.749,150.513,150.739,6391,MT5,H4
2024-02-28 08:00:00,150.737,150.797,150.608,150.63,7530,MT5,H4
2024-02-28 12:00:00,150.632,150.842,150.529,150.809,12268,MT5,H4
2024-02-28 16:00:00,150.809,150.813,150.639,150.694,7801,MT5,H4
2024-02-28 20:00:00,150.694,150.721,150.456,150.641,4278,MT5,H4
2024-02-29 00:00:00,150.658,150.658,149.709,149.812,12162,MT5,H4
2024-02-29 04:00:00,149.812,150.105,149.619,149.663,11835,MT5,H4
2024-02-29 08:00:00,149.666,150.103,149.608,149.97,11715,MT5,H4
2024-02-29 12:00:00,149.97,150.148,149.206,149.64,17650,MT5,H4
2024-02-29 16:00:00,149.638,150.044,149.632,149.965,10894,MT5,H4
2024-02-29 20:00:00,149.962,150.151,149.872,150.066,4779,MT5,H4
2024-03-01 00:00:00,150.064,150.412,150.058,150.322,8796,MT5,H4
2024-03-01 04:00:00,150.322,150.497,150.321,150.493,6329,MT5,H4
2024-03-01 08:00:00,150.493,150.686,150.306,150.391,10786,MT5,H4
2024-03-01 12:00:00,150.389,150.72,150.082,150.12,17549,MT5,H4
2024-03-01 16:00:00,150.12,150.266,150.051,150.111,10112,MT5,H4
2024-03-01 20:00:00,150.112,150.16,150.055,150.094,2274,MT5,H4
2024-03-03 20:00:00,150.018,150.139,149.959,150.126,1800,MT5,H4
2024-03-04 00:00:00,150.128,150.207,149.838,150.159,7941,MT5,H4
2024-03-04 04:00:00,150.159,150.396,150.14,150.308,5992,MT5,H4
2024-03-04 08:00:00,150.305,150.464,150.171,150.419,8255,MT5,H4
2024-03-04 12:00:00,150.42,150.567,150.31,150.481,9243,MT5,H4
2024-03-04 16:00:00,150.482,150.561,150.429,150.548,6019,MT5,H4
2024-03-04 20:00:00,150.55,150.555,150.345,150.443,3405,MT5,H4
2024-03-05 00:00:00,150.453,150.536,150.351,150.496,6565,MT5,H4
2024-03-05 04:00:00,150.495,150.543,150.344,150.417,5811,MT5,H4
2024-03-05 08:00:00,150.417,150.485,150.34,150.417,6878,MT5,H4
2024-03-05 12:00:00,150.416,150.439,149.7,149.981,15529,MT5,H4
2024-03-05 16:00:00,149.981,150.225,149.925,149.935,9329,MT5,H4
2024-03-05 20:00:00,149.932,150.056,149.784,150.01,4817,MT5,H4
2024-03-06 00:00:00,150.051,150.082,149.892,149.976,7009,MT5,H4
2024-03-06 04:00:00,149.976,150.02,149.32,149.531,9288,MT5,H4
2024-03-06 08:00:00,149.534,149.861,149.527,149.711,9905,MT5,H4
2024-03-06 12:00:00,149.71,149.742,149.257,149.365,18223,MT5,H4
2024-03-06 16:00:00,149.366,149.446,149.091,149.341,12318,MT5,H4
2024-03-06 20:00:00,149.343,149.468,149.132,149.248,4811,MT5,H4
2024-03-07 00:00:00,149.263,149.263,148.558,148.666,15924,MT5,H4
2024-03-07 04:00:00,148.667,148.679,147.934,147.94,14064,MT5,H4
2024-03-07 08:00:00,147.942,148.107,147.767,147.837,12896,MT5,H4
2024-03-07 12:00:00,147.834,148.298,147.58,148.136,20275,MT5,H4
2024-03-07 16:00:00,148.133,148.234,147.886,148.001,12210,MT5,H4
2024-03-07 20:00:00,148.003,148.107,147.733,147.846,4033,MT5,H4
2024-03-08 00:00:00,147.863,148.116,147.52,147.812,12451,MT5,H4
2024-03-08 04:00:00,147.811,148.044,147.771,147.88,10111,MT5,H4
2024-03-08 08:00:00,147.88,147.966,146.87,147.096,19232,MT5,H4
2024-03-08 12:00:00,147.093,147.491,146.478,147.03,28640,MT5,H4
2024-03-08 16:00:00,147.03,147.255,146.988,147.044,13056,MT5,H4
2024-03-08 20:00:00,147.045,147.103,146.999,147.061,2508,MT5,H4
2024-03-10 20:00:00,146.989,147.112,146.706,146.801,4757,MT5,H4
2024-03-11 00:00:00,146.795,147.089,146.534,146.935,12605,MT5,H4
2024-03-11 04:00:00,146.935,147.081,146.728,146.746,9027,MT5,H4
2024-03-11 08:00:00,146.747,146.856,146.484,146.641,10909,MT5,H4
2024-03-11 12:00:00,146.644,147.147,146.615,146.859,13168,MT5,H4
2024-03-11 16:00:00,146.859,147.052,146.742,146.965,8409,MT5,H4
2024-03-11 20:00:00,146.957,146.967,146.716,146.731,4357,MT5,H4
2024-03-12 00:00:00,146.733,147.433,146.617,147.387,11973,MT5,H4
2024-03-12 04:00:00,147.388,147.596,147.208,147.331,12531,MT5,H4
2024-03-12 08:00:00,147.334,147.57,147.279,147.433,9486,MT5,H4
2024-03-12 12:00:00,147.435,148.17,147.065,147.694,27345,MT5,H4
2024-03-12 16:00:00,147.692,147.795,147.64,147.668,7742,MT5,H4
2024-03-12 20:00:00,147.671,147.682,147.537,147.644,3557,MT5,H4
2024-03-13 00:00:00,147.62,147.635,147.23,147.38,10375,MT5,H4
2024-03-13 04:00:00,147.38,147.788,147.372,147.676,9735,MT5,H4
2024-03-13 08:00:00,147.674,148.046,147.64,147.969,10316,MT5,H4
2024-03-13 12:00:00,147.971,148.013,147.682,147.734,10594,MT5,H4
2024-03-13 16:00:00,147.736,147.856,147.459,147.825,10113,MT5,H4
2024-03-13 20:00:00,147.795,147.834,147.461,147.635,3817,MT5,H4
2024-03-14 00:00:00,147.588,147.925,147.528,147.854,8686,MT5,H4
2024-03-14 04:00:00,147.855,147.971,147.811,147.866,6908,MT5,H4
2024-03-14 08:00:00,147.868,147.914,147.667,147.697,7525,MT5,H4
2024-03-14 12:00:00,147.694,148.319,147.431,148.19,27929,MT5,H4
2024-03-14 16:00:00,148.189,148.356,148.099,148.216,8254,MT5,H4
2024-03-14 20:00:00,148.197,148.334,148.168,148.299,3352,MT5,H4
2024-03-15 00:00:00,148.299,148.656,148.265,148.374,9885,MT5,H4
2024-03-15 04:00:00,148.374,148.601,148.031,148.568,10989,MT5,H4
2024-03-15 08:00:00,148.57,148.831,148.57,148.647,10174,MT5,H4
2024-03-15 12:00:00,148.647,149.141,148.619,149.136,12482,MT5,H4
2024-03-15 16:00:00,149.137,149.164,148.975,149.06,6553,MT5,H4
2024-03-15 20:00:00,149.047,149.089,149.009,149.046,944,MT5,H4
2024-03-17 20:00:00,148.966,149.066,148.897,148.955,3050,MT5,H4
2024-03-18 00:00:00,148.95,149.328,148.906,149.089,8874,MT5,H4
2024-03-18 04:00:00,149.088,149.305,149.065,149.121,6971,MT5,H4
2024-03-18 08:00:00,149.118,149.245,149.015,149.029,7530,MT5,H4
2024-03-18 12:00:00,149.027,149.298,149.008,149.132,9261,MT5,H4
2024-03-18 16:00:00,149.133,149.211,148.916,149.176,7906,MT5,H4
2024-03-18 20:00:00,149.163,149.175,149.0,149.159,3520,MT5,H4
2024-03-19 00:00:00,149.151,149.926,148.998,149.7,19306,MT5,H4
2024-03-19 04:00:00,149.702,150.484,149.668,150.255,27184,MT5,H4
2024-03-19 08:00:00,150.257,150.697,150.196,150.388,13883,MT5,H4
2024-03-19 12:00:00,150.386,150.851,150.342,150.731,11080,MT5,H4
2024-03-19 16:00:00,150.731,150.961,150.709,150.879,6185,MT5,H4
2024-03-19 20:00:00,150.875,151.064,150.728,151.047,3867,MT5,H4
2024-03-20 00:00:00,151.02,151.34,150.999,151.313,9148,MT5,H4
2024-03-20 04:00:00,151.313,151.582,151.312,151.484,8729,MT5,H4
2024-03-20 08:00:00,151.484,151.763,151.421,151.706,8205,MT5,H4
2024-03-20 12:00:00,151.704,151.816,151.53,151.659,8322,MT5,H4
2024-03-20 16:00:00,151.656,151.706,150.717,151.189,30874,MT5,H4
2024-03-20 20:00:00,151.196,151.383,150.68,150.74,7761,MT5,H4
2024-03-21 00:00:00,150.739,150.867,150.263,150.486,16244,MT5,H4
2024-03-21 04:00:00,150.486,151.223,150.446,151.216,11214,MT5,H4
2024-03-21 08:00:00,151.217,151.457,150.869,151.108,14745,MT5,H4
2024-03-21 12:00:00,151.106,151.669,151.011,151.59,15753,MT5,H4
2024-03-21 16:00:00,151.587,151.753,151.568,151.68,6099,MT5,H4
2024-03-21 20:00:00,151.657,151.698,151.521,151.643,3608,MT5,H4
2024-03-22 00:00:00,151.629,151.862,151.416,151.565,12647,MT5,H4
2024-03-22 04:00:00,151.565,151.603,151.257,151.413,9485,MT5,H4
2024-03-22 08:00:00,151.414,151.65,151.299,151.465,9277,MT5,H4
2024-03-22 12:00:00,151.462,151.49,151.001,151.347,16180,MT5,H4
2024-03-22 16:00:00,151.347,151.482,151.33,151.415,5771,MT5,H4
2024-03-22 20:00:00,151.415,151.438,151.316,151.435,867,MT5,H4
2024-03-24 20:00:00,151.373,151.421,151.083,151.32,3551,MT5,H4
2024-03-25 00:00:00,151.307,151.424,151.049,151.231,12706,MT5,H4
2024-03-25 04:00:00,151.23,151.385,151.168,151.321,6964,MT5,H4
2024-03-25 08:00:00,151.32,151.439,151.221,151.294,7291,MT5,H4
2024-03-25 12:00:00,151.294,151.43,151.123,151.418,6798,MT5,H4
2024-03-25 16:00:00,151.418,151.542,151.414,151.435,4499,MT5,H4
2024-03-25 20:00:00,151.428,151.453,151.31,151.385,2480,MT5,H4
2024-03-26 00:00:00,151.379,151.444,151.219,151.404,6947,MT5,H4
2024-03-26 04:00:00,151.404,151.424,151.261,151.314,4971,MT5,H4
2024-03-26 08:00:00,151.316,151.388,151.201,151.385,6066,MT5,H4
2024-03-26 12:00:00,151.385,151.601,151.297,151.578,7267,MT5,H4
2024-03-26 16:00:00,151.578,151.582,151.442,151.571,5009,MT5,H4
2024-03-26 20:00:00,151.56,151.572,151.464,151.535,2620,MT5,H4
2024-03-27 00:00:00,151.521,151.97,151.447,151.7,11444,MT5,H4
2024-03-27 04:00:00,151.7,151.805,151.59,151.703,7005,MT5,H4
2024-03-27 08:00:00,151.704,151.837,151.024,151.227,18082,MT5,H4
2024-03-27 12:00:00,151.229,151.377,151.164,151.342,9051,MT5,H4
2024-03-27 16:00:00,151.342,151.423,151.278,151.306,4799,MT5,H4
2024-03-27 20:00:00,151.285,151.378,151.06,151.295,4104,MT5,H4
2024-03-28 00:00:00,151.293,151.542,151.257,151.358,7574,MT5,H4
2024-03-28 04:00:00,151.358,151.448,151.249,151.432,5165,MT5,H4
2024-03-28 08:00:00,151.433,151.502,151.331,151.365,6536,MT5,H4
2024-03-28 12:00:00,151.368,151.403,151.148,151.338,11667,MT5,H4
2024-03-28 16:00:00,151.339,151.421,151.241,151.379,5519,MT5,H4
2024-03-28 20:00:00,151.366,151.467,151.32,151.443,3291,MT5,H4
2024-03-29 00:00:00,151.443,151.495,151.184,151.288,5715,MT5,H4
2024-03-29 04:00:00,151.288,151.471,151.265,151.342,4826,MT5,H4
2024-03-29 08:00:00,151.342,151.363,151.277,151.341,2641,MT5,H4
2024-03-29 12:00:00,151.341,151.356,151.136,151.207,3936,MT5,H4
2024-03-29 16:00:00,151.21,151.364,151.201,151.234,2773,MT5,H4
2024-03-29 20:00:00,151.195,151.224,151.051,151.158,1189,MT5,H4
2024-03-31 20:00:00,151.182,151.427,151.159,151.421,3397,MT5,H4
2024-04-01 00:00:00,151.399,151.429,151.246,151.345,6641,MT5,H4
2024-04-01 04:00:00,151.346,151.408,151.301,151.339,4271,MT5,H4
2024-04-01 08:00:00,151.342,151.4,151.324,151.387,2835,MT5,H4
2024-04-01 12:00:00,151.386,151.771,151.383,151.72,8067,MT5,H4
2024-04-01 16:00:00,151.72,151.739,151.574,151.637,3766,MT5,H4
2024-04-01 20:00:00,151.63,151.673,151.55,151.587,2676,MT5,H4
2024-04-02 00:00:00,151.595,151.784,151.501,151.758,6193,MT5,H4
2024-04-02 04:00:00,151.758,151.803,151.658,151.673,5091,MT5,H4
2024-04-02 08:00:00,151.675,151.715,151.553,151.653,4940,MT5,H4
2024-04-02 12:00:00,151.653,151.715,151.46,151.549,8882,MT5,H4
2024-04-02 16:00:00,151.549,151.615,151.536,151.557,3227,MT5,H4
2024-04-02 20:00:00,151.55,151.588,151.453,151.549,2530,MT5,H4
2024-04-03 00:00:00,151.542,151.638,151.44,151.561,5224,MT5,H4
2024-04-03 04:00:00,151.558,151.733,151.532,151.677,4133,MT5,H4
2024-04-03 08:00:00,151.677,151.797,151.677,151.769,3997,MT5,H4
2024-04-03 12:00:00,151.77,151.953,151.646,151.678,11189,MT5,H4
2024-04-03 16:00:00,151.678,151.76,151.576,151.664,4907,MT5,H4
2024-04-03 20:00:00,151.664,151.687,151.484,151.577,2645,MT5,H4
2024-04-04 00:00:00,151.58,151.723,151.537,151.671,4699,MT5,H4
2024-04-04 04:00:00,151.674,151.755,151.595,151.684,4315,MT5,H4
2024-04-04 08:00:00,151.684,151.759,151.61,151.739,4164,MT5,H4
2024-04-04 12:00:00,151.737,151.767,151.501,151.659,6906,MT5,H4
2024-04-04 16:00:00,151.66,151.684,151.116,151.216,9866,MT5,H4
2024-04-04 20:00:00,151.21,151.334,151.157,151.294,4029,MT5,H4
2024-04-05 00:00:00,151.292,151.338,150.809,151.262,11532,MT5,H4
2024-04-05 04:00:00,151.262,151.353,151.091,151.334,6420,MT5,H4
2024-04-05 08:00:00,151.335,151.448,151.305,151.375,5300,MT5,H4
2024-04-05 12:00:00,151.375,151.75,151.27,151.588,13978,MT5,H4
2024-04-05 16:00:00,151.587,151.647,151.526,151.639,4652,MT5,H4
2024-04-05 20:00:00,151.631,151.638,151.59,151.612,552,MT5,H4
2024-04-07 20:00:00,151.555,151.693,151.496,151.691,2789,MT5,H4
2024-04-08 00:00:00,151.675,151.814,151.67,151.766,6704,MT5,H4
2024-04-08 04:00:00,151.766,151.874,151.752,151.865,4709,MT5,H4
2024-04-08 08:00:00,151.867,151.921,151.823,151.916,4396,MT5,H4
2024-04-08 12:00:00,151.916,151.941,151.718,151.783,7097,MT5,H4
2024-04-08 16:00:00,151.783,151.843,151.717,151.826,3515,MT5,H4
2024-04-08 20:00:00,151.818,151.852,151.718,151.836,2415,MT5,H4
2024-04-09 00:00:00,151.831,151.92,151.787,151.855,5366,MT5,H4
2024-04-09 04:00:00,151.855,151.933,151.845,151.902,3750,MT5,H4
2024-04-09 08:00:00,151.902,151.912,151.726,151.825,5575,MT5,H4
2024-04-09 12:00:00,151.824,151.842,151.568,151.727,8188,MT5,H4
2024-04-09 16:00:00,151.727,151.787,151.654,151.732,4314,MT5,H4
2024-04-09 20:00:00,151.723,151.782,151.665,151.781,2508,MT5,H4
2024-04-10 00:00:00,151.775,151.783,151.678,151.753,5737,MT5,H4
2024-04-10 04:00:00,151.752,151.844,151.744,151.838,3600,MT5,H4
2024-04-10 08:00:00,151.838,151.884,151.808,151.839,3483,MT5,H4
2024-04-10 12:00:00,151.84,152.944,151.768,152.896,24368,MT5,H4
2024-04-10 16:00:00,152.9,152.983,152.64,152.942,11080,MT5,H4
2024-04-10 20:00:00,152.937,153.166,152.801,152.962,5695,MT5,H4
2024-04-11 00:00:00,152.949,153.002,152.757,152.943,8946,MT5,H4
2024-04-11 04:00:00,152.946,153.205,152.863,153.132,7321,MT5,H4
2024-04-11 08:00:00,153.13,153.29,153.022,153.084,8223,MT5,H4
2024-04-11 12:00:00,153.084,153.317,152.794,153.191,16121,MT5,H4
2024-04-11 16:00:00,153.19,153.301,153.085,153.194,7275,MT5,H4
2024-04-11 20:00:00,153.177,153.269,153.138,153.206,2914,MT5,H4
2024-04-12 00:00:00,153.192,153.297,152.962,153.204,7600,MT5,H4
2024-04-12 04:00:00,153.204,153.381,153.128,153.246,6905,MT5,H4
2024-04-12 08:00:00,153.245,153.35,153.154,153.16,6594,MT5,H4
2024-04-12 12:00:00,153.161,153.183,152.589,153.117,17950,MT5,H4
2024-04-12 16:00:00,153.116,153.244,153.047,153.229,7293,MT5,H4
2024-04-12 20:00:00,153.22,153.293,153.178,153.26,872,MT5,H4
2024-04-14 20:00:00,152.949,153.319,152.834,153.3,4106,MT5,H4
2024-04-15 00:00:00,153.304,153.741,153.277,153.67,8430,MT5,H4
2024-04-15 04:00:00,153.669,153.969,153.663,153.902,8144,MT5,H4
2024-04-15 08:00:00,153.903,153.949,153.695,153.909,8434,MT5,H4
2024-04-15 12:00:00,153.909,154.442,153.858,154.256,19720,MT5,H4
2024-04-15 16:00:00,154.254,154.322,154.112,154.215,8781,MT5,H4
2024-04-15 20:00:00,154.207,154.261,154.102,154.225,3323,MT5,H4
2024-04-16 00:00:00,154.213,154.417,154.13,154.349,7908,MT5,H4
2024-04-16 04:00:00,154.349,154.603,154.232,154.389,7751,MT5,H4
2024-04-16 08:00:00,154.39,154.705,154.374,154.618,7209,MT5,H4
2024-04-16 12:00:00,154.617,154.767,153.895,154.57,19735,MT5,H4
2024-04-16 16:00:00,154.571,154.784,154.535,154.621,8694,MT5,H4
2024-04-16 20:00:00,154.608,154.719,154.576,154.709,3307,MT5,H4
2024-04-17 00:00:00,154.696,154.731,154.598,154.645,5037,MT5,H4
2024-04-17 04:00:00,154.645,154.676,154.452,154.608,7045,MT5,H4
2024-04-17 08:00:00,154.611,154.655,154.469,154.627,6125,MT5,H4
2024-04-17 12:00:00,154.627,154.709,154.526,154.613,7374,MT5,H4
2024-04-17 16:00:00,154.613,154.613,154.157,154.325,11804,MT5,H4
2024-04-17 20:00:00,154.314,154.383,154.14,154.357,3807,MT5,H4
2024-04-18 00:00:00,154.334,154.406,153.953,154.236,9817,MT5,H4
2024-04-18 04:00:00,154.236,154.353,154.065,154.264,6619,MT5,H4
2024-04-18 08:00:00,154.264,154.508,154.252,154.368,6526,MT5,H4
2024-04-18 12:00:00,154.371,154.645,154.317,154.613,11307,MT5,H4
2024-04-18 16:00:00,154.613,154.677,154.547,154.602,4465,MT5,H4
2024-04-18 20:00:00,154.592,154.66,154.51,154.606,2794,MT5,H4
2024-04-19 00:00:00,154.611,154.669,153.587,154.306,27251,MT5,H4
2024-04-19 04:00:00,154.308,154.529,154.208,154.47,13097,MT5,H4
2024-04-19 08:00:00,154.47,154.607,154.34,154.597,7264,MT5,H4
2024-04-19 12:00:00,154.597,154.631,154.456,154.548,8995,MT5,H4
2024-04-19 16:00:00,154.547,154.639,154.539,154.595,4240,MT5,H4
2024-04-19 20:00:00,154.597,154.643,154.587,154.63,726,MT5,H4
2024-04-21 20:00:00,154.586,154.659,154.278,154.634,3245,MT5,H4
2024-04-22 00:00:00,154.634,154.736,154.585,154.682,6586,MT5,H4
2024-04-22 04:00:00,154.682,154.761,154.592,154.65,5374,MT5,H4
2024-04-22 08:00:00,154.653,154.779,154.623,154.758,4575,MT5,H4
2024-04-22 12:00:00,154.759,154.786,154.681,154.77,5332,MT5,H4
2024-04-22 16:00:00,154.77,154.849,154.753,154.825,3032,MT5,H4
2024-04-22 20:00:00,154.825,154.837,154.728,154.81,1828,MT5,H4
2024-04-23 00:00:00,154.813,154.822,154.656,154.75,5340,MT5,H4
2024-04-23 04:00:00,154.75,154.858,154.714,154.818,4817,MT5,H4
2024-04-23 08:00:00,154.818,154.86,154.76,154.801,4579,MT5,H4
2024-04-23 12:00:00,154.801,154.873,154.569,154.813,9453,MT5,H4
2024-04-23 16:00:00,154.811,154.834,154.548,154.815,5353,MT5,H4
2024-04-23 20:00:00,154.806,154.825,154.731,154.746,2309,MT5,H4
2024-04-24 00:00:00,154.746,154.849,154.739,154.844,4012,MT5,H4
2024-04-24 04:00:00,154.844,154.972,154.764,154.899,4827,MT5,H4
2024-04-24 08:00:00,154.899,154.942,154.86,154.924,3267,MT5,H4
2024-04-24 12:00:00,154.923,155.17,154.763,155.114,15037,MT5,H4
2024-04-24 16:00:00,155.114,155.372,155.059,155.289,5522,MT5,H4
2024-04-24 20:00:00,155.282,155.362,155.068,155.266,3056,MT5,H4
2024-04-25 00:00:00,155.266,155.517,155.242,155.458,5610,MT5,H4
2024-04-25 04:00:00,155.458,155.738,155.448,155.626,6772,MT5,H4
2024-04-25 08:00:00,155.625,155.689,155.494,155.555,4828,MT5,H4
2024-04-25 12:00:00,155.555,155.744,155.313,155.518,18052,MT5,H4
2024-04-25 16:00:00,155.518,155.642,155.471,155.612,5473,MT5,H4
2024-04-25 20:00:00,155.602,155.641,155.477,155.62,2724,MT5,H4
2024-04-26 00:00:00,155.622,156.141,155.416,155.942,12491,MT5,H4
2024-04-26 04:00:00,155.942,156.82,155.905,156.701,13777,MT5,H4
2024-04-26 08:00:00,156.703,156.868,154.965,156.813,39550,MT5,H4
2024-04-26 12:00:00,156.813,157.672,156.62,157.615,18407,MT5,H4
2024-04-26 16:00:00,157.612,157.896,157.581,157.881,7833,MT5,H4
2024-04-26 20:00:00,157.864,158.341,157.838,158.326,1645,MT5,H4
2024-04-28 20:00:00,157.818,158.391,157.727,158.199,5404,MT5,H4
2024-04-29 00:00:00,158.198,160.225,158.049,159.398,33702,MT5,H4
2024-04-29 04:00:00,159.398,159.596,154.517,155.562,190403,MT5,H4
2024-04-29 08:00:00,155.564,156.376,155.055,156.222,29096,MT5,H4
2024-04-29 12:00:00,156.218,156.889,156.084,156.705,11651,MT5,H4
2024-04-29 16:00:00,156.705,156.725,155.077,155.974,17196,MT5,H4
2024-04-29 20:00:00,155.927,156.374,155.859,156.327,5711,MT5,H4
2024-04-30 00:00:00,156.32,156.991,156.156,156.726,8250,MT5,H4
2024-04-30 04:00:00,156.721,156.94,156.473,156.849,7521,MT5,H4
2024-04-30 08:00:00,156.847,156.968,156.807,156.953,5836,MT5,H4
2024-04-30 12:00:00,156.953,157.571,156.821,157.541,15136,MT5,H4
2024-04-30 16:00:00,157.54,157.755,157.428,157.63,4603,MT5,H4
2024-04-30 20:00:00,157.572,157.798,157.421,157.737,5118,MT5,H4
2024-05-01 00:00:00,157.735,157.922,157.68,157.908,4897,MT5,H4
2024-05-01 04:00:00,157.908,157.983,157.8,157.879,4014,MT5,H4
2024-05-01 08:00:00,157.881,157.976,157.853,157.872,3313,MT5,H4
2024-05-01 12:00:00,157.872,157.92,157.375,157.642,9240,MT5,H4
2024-05-01 16:00:00,157.645,157.762,156.996,157.446,15193,MT5,H4
2024-05-01 20:00:00,157.388,157.554,152.843,155.724,12384,MT5,H4
2024-05-02 00:00:00,155.72,156.281,155.653,155.941,14309,MT5,H4
2024-05-02 04:00:00,155.94,156.075,155.159,155.502,14576,MT5,H4
2024-05-02 08:00:00,155.498,155.549,154.67,154.739,11272,MT5,H4
2024-05-02 12:00:00,154.735,154.865,153.471,153.782,19580,MT5,H4
2024-05-02 16:00:00,153.781,153.926,153.05,153.172,12637,MT5,H4
2024-05-02 20:00:00,153.141,153.67,152.866,153.131,7468,MT5,H4
2024-05-03 00:00:00,153.127,153.436,152.74,152.995,9554,MT5,H4
2024-05-03 04:00:00,152.995,153.307,152.804,153.291,8365,MT5,H4
2024-05-03 08:00:00,153.292,153.33,152.946,153.197,8415,MT5,H4
2024-05-03 12:00:00,153.197,153.302,151.854,152.852,23913,MT5,H4
2024-05-03 16:00:00,152.848,152.979,152.744,152.87,5343,MT5,H4
2024-05-03 20:00:00,152.865,152.925,152.787,152.919,1055,MT5,H4
2024-05-05 20:00:00,152.861,153.703,152.625,153.654,4447,MT5,H4
2024-05-06 00:00:00,153.656,153.969,153.316,153.916,8764,MT5,H4
2024-05-06 04:00:00,153.918,154.003,153.655,153.798,7365,MT5,H4
2024-05-06 08:00:00,153.798,153.876,153.678,153.748,5372,MT5,H4
2024-05-06 12:00:00,153.748,153.999,153.41,153.85,8811,MT5,H4
2024-05-06 16:00:00,153.85,153.963,153.811,153.913,5010,MT5,H4
2024-05-06 20:00:00,153.893,154.281,153.778,154.242,3997,MT5,H4
2024-05-07 00:00:00,154.24,154.588,153.871,154.549,11509,MT5,H4
2024-05-07 04:00:00,154.55,154.649,154.081,154.113,10093,MT5,H4
2024-05-07 08:00:00,154.113,154.629,153.972,154.521,9540,MT5,H4
2024-05-07 12:00:00,154.519,154.629,154.233,154.587,10070,MT5,H4
2024-05-07 16:00:00,154.586,154.746,154.454,154.619,6129,MT5,H4
2024-05-07 20:00:00,154.61,154.841,154.513,154.771,3491,MT5,H4
2024-05-08 00:00:00,154.774,155.264,154.686,155.16,9585,MT5,H4
2024-05-08 04:00:00,155.16,155.36,155.079,155.326,7630,MT5,H4
2024-05-08 08:00:00,155.326,155.518,155.207,155.488,9174,MT5,H4
2024-05-08 12:00:00,155.489,155.683,155.339,155.424,8963,MT5,H4
2024-05-08 16:00:00,155.423,155.657,155.419,155.619,4388,MT5,H4
2024-05-08 20:00:00,155.616,155.638,155.291,155.376,3854,MT5,H4
2024-05-09 00:00:00,155.378,155.698,155.152,155.548,9229,MT5,H4
2024-05-09 04:00:00,155.548,155.849,155.537,155.834,5411,MT5,H4
2024-05-09 08:00:00,155.831,155.948,155.798,155.876,5565,MT5,H4
2024-05-09 12:00:00,155.875,155.914,155.428,155.681,11861,MT5,H4
2024-05-09 16:00:00,155.681,155.708,155.407,155.422,5139,MT5,H4
2024-05-09 20:00:00,155.408,155.482,155.261,155.392,3075,MT5,H4
2024-05-10 00:00:00,155.395,155.773,155.36,155.727,6879,MT5,H4
2024-05-10 04:00:00,155.727,155.778,155.497,155.684,6185,MT5,H4
2024-05-10 08:00:00,155.684,155.775,155.619,155.738,5503,MT5,H4
2024-05-10 12:00:00,155.736,155.902,155.601,155.854,9638,MT5,H4
2024-05-10 16:00:00,155.854,155.897,155.75,155.768,3555,MT5,H4
2024-05-10 20:00:00,155.764,155.794,155.693,155.748,673,MT5,H4
2024-05-12 20:00:00,155.688,155.833,155.632,155.83,2154,MT5,H4
2024-05-13 00:00:00,155.83,155.956,155.5,155.757,8322,MT5,H4
2024-05-13 04:00:00,155.758,155.925,155.753,155.879,5679,MT5,H4
2024-05-13 08:00:00,155.879,155.917,155.821,155.875,4703,MT5,H4
2024-05-13 12:00:00,155.876,156.224,155.684,156.173,8231,MT5,H4
2024-05-13 16:00:00,156.174,156.248,156.113,156.206,3882,MT5,H4
2024-05-13 20:00:00,156.2,156.242,156.071,156.225,2771,MT5,H4
2024-05-14 00:00:00,156.228,156.499,156.224,156.411,5532,MT5,H4
2024-05-14 04:00:00,156.412,156.542,156.373,156.46,4711,MT5,H4
2024-05-14 08:00:00,156.46,156.488,156.284,156.448,3730,MT5,H4
2024-05-14 12:00:00,156.445,156.778,156.226,156.503,13359,MT5,H4
2024-05-14 16:00:00,156.503,156.543,156.379,156.444,3796,MT5,H4
2024-05-14 20:00:00,156.435,156.521,156.36,156.519,2016,MT5,H4
2024-05-15 00:00:00,156.519,156.559,156.304,156.393,5293,MT5,H4
2024-05-15 04:00:00,156.394,156.395,155.957,156.094,7374,MT5,H4
2024-05-15 08:00:00,156.094,156.121,155.569,155.675,9787,MT5,H4
2024-05-15 12:00:00,155.675,155.8,154.738,155.022,27440,MT5,H4
2024-05-15 16:00:00,155.021,155.129,154.687,154.958,9401,MT5,H4
2024-05-15 20:00:00,154.96,154.961,154.152,154.299,6904,MT5,H4
2024-05-16 00:00:00,154.295,154.535,153.597,153.965,21426,MT5,H4
2024-05-16 04:00:00,153.967,154.45,153.8,154.413,13135,MT5,H4
2024-05-16 08:00:00,154.416,154.94,154.335,154.874,10152,MT5,H4
2024-05-16 12:00:00,154.874,155.535,154.614,155.253,15714,MT5,H4
2024-05-16 16:00:00,155.253,155.422,155.208,155.41,5354,MT5,H4
2024-05-16 20:00:00,155.397,155.456,155.274,155.399,3114,MT5,H4
2024-05-17 00:00:00,155.397,155.926,155.346,155.788,9680,MT5,H4
2024-05-17 04:00:00,155.788,155.85,155.593,155.818,7121,MT5,H4
2024-05-17 08:00:00,155.82,155.975,155.774,155.854,5269,MT5,H4
2024-05-17 12:00:00,155.854,155.888,155.245,155.577,10634,MT5,H4
2024-05-17 16:00:00,155.573,155.694,155.462,155.663,5001,MT5,H4
2024-05-17 20:00:00,155.642,155.701,155.577,155.634,775,MT5,H4
2024-05-19 20:00:00,155.578,155.82,155.399,155.765,2832,MT5,H4
2024-05-20 00:00:00,155.767,155.937,155.678,155.721,6734,MT5,H4
2024-05-20 04:00:00,155.722,155.801,155.492,155.729,7105,MT5,H4
2024-05-20 08:00:00,155.73,155.783,155.634,155.744,4704,MT5,H4
2024-05-20 12:00:00,155.744,156.232,155.733,156.093,10502,MT5,H4
2024-05-20 16:00:00,156.094,156.304,156.045,156.275,3440,MT5,H4
2024-05-20 20:00:00,156.27,156.401,156.108,156.399,2841,MT5,H4
2024-05-21 00:00:00,156.399,156.497,156.339,156.474,5791,MT5,H4
2024-05-21 04:00:00,156.475,156.546,156.03,156.229,9093,MT5,H4
2024-05-21 08:00:00,156.229,156.322,156.081,156.226,6752,MT5,H4
2024-05-21 12:00:00,156.229,156.433,155.84,156.081,14689,MT5,H4
2024-05-21 16:00:00,156.078,156.25,156.071,156.157,4795,MT5,H4
2024-05-21 20:00:00,156.149,156.289,156.062,156.267,2580,MT5,H4
2024-05-22 00:00:00,156.27,156.348,156.141,156.307,6084,MT5,H4
2024-05-22 04:00:00,156.307,156.471,156.283,156.4,5387,MT5,H4
2024-05-22 08:00:00,156.399,156.614,156.382,156.583,6665,MT5,H4
2024-05-22 12:00:00,156.583,156.601,156.344,156.5,8778,MT5,H4
2024-05-22 16:00:00,156.498,156.726,156.444,156.687,5722,MT5,H4
2024-05-22 20:00:00,156.681,156.774,156.56,156.733,3668,MT5,H4
2024-05-23 00:00:00,156.732,156.904,156.639,156.755,6353,MT5,H4
2024-05-23 04:00:00,156.755,156.785,156.554,156.758,6790,MT5,H4
2024-05-23 08:00:00,156.758,156.791,156.555,156.586,5397,MT5,H4
2024-05-23 12:00:00,156.586,157.193,156.524,157.054,20077,MT5,H4
2024-05-23 16:00:00,157.052,157.069,156.826,156.855,6337,MT5,H4
2024-05-23 20:00:00,156.85,157.006,156.815,156.99,3357,MT5,H4
2024-05-24 00:00:00,156.992,157.144,156.919,157.051,6633,MT5,H4
2024-05-24 04:00:00,157.051,157.114,156.993,157.052,4576,MT5,H4
2024-05-24 08:00:00,157.052,157.087,156.932,157.027,4439,MT5,H4
2024-05-24 12:00:00,157.027,157.134,156.844,156.902,8411,MT5,H4
2024-05-24 16:00:00,156.904,156.994,156.819,156.911,3943,MT5,H4
2024-05-24 20:00:00,156.901,156.965,156.874,156.958,522,MT5,H4
2024-05-26 20:00:00,156.954,156.992,156.728,156.867,2934,MT5,H4
2024-05-27 00:00:00,156.867,156.924,156.661,156.703,6728,MT5,H4
2024-05-27 04:00:00,156.703,156.957,156.686,156.908,4548,MT5,H4
2024-05-27 08:00:00,156.908,156.947,156.818,156.877,2907,MT5,H4
2024-05-27 12:00:00,156.877,156.893,156.704,156.865,4283,MT5,H4
2024-05-27 16:00:00,156.864,156.911,156.842,156.872,1691,MT5,H4
2024-05-27 20:00:00,156.865,156.944,156.768,156.836,2262,MT5,H4
2024-05-28 00:00:00,156.836,156.928,156.622,156.654,6361,MT5,H4
2024-05-28 04:00:00,156.654,156.922,156.617,156.89,5753,MT5,H4
2024-05-28 08:00:00,156.89,156.992,156.768,156.797,5476,MT5,H4
2024-05-28 12:00:00,156.797,156.957,156.575,156.902,9629,MT5,H4
2024-05-28 16:00:00,156.903,157.154,156.872,157.126,5296,MT5,H4
2024-05-28 20:00:00,157.119,157.287,157.057,157.269,2586,MT5,H4
2024-05-29 00:00:00,157.27,157.405,157.205,157.311,5760,MT5,H4
2024-05-29 04:00:00,157.311,157.344,156.891,157.148,7672,MT5,H4
2024-05-29 08:00:00,157.148,157.292,157.063,157.267,6667,MT5,H4
2024-05-29 12:00:00,157.267,157.639,157.154,157.623,9122,MT5,H4
2024-05-29 16:00:00,157.626,157.706,157.61,157.67,4711,MT5,H4
2024-05-29 20:00:00,157.659,157.691,157.42,157.627,2968,MT5,H4
2024-05-30 00:00:00,157.625,157.625,157.259,157.376,8510,MT5,H4
2024-05-30 04:00:00,157.376,157.382,156.532,156.965,13823,MT5,H4
2024-05-30 08:00:00,156.967,157.111,156.676,156.729,9887,MT5,H4
2024-05-30 12:00:00,156.73,156.852,156.368,156.639,16201,MT5,H4
2024-05-30 16:00:00,156.637,156.855,156.635,156.824,5021,MT5,H4
2024-05-30 20:00:00,156.81,156.994,156.699,156.987,3271,MT5,H4
2024-05-31 00:00:00,156.985,157.024,156.57,156.801,11735,MT5,H4
2024-05-31 04:00:00,156.801,157.151,156.671,157.141,8876,MT5,H4
2024-05-31 08:00:00,157.143,157.364,157.059,157.166,8122,MT5,H4
2024-05-31 12:00:00,157.166,157.278,156.554,157.188,18180,MT5,H4
2024-05-31 16:00:00,157.189,157.346,157.147,157.249,5923,MT5,H4
2024-05-31 20:00:00,157.229,157.323,157.201,157.244,955,MT5,H4
2024-06-02 20:00:00,157.119,157.304,157.068,157.18,3077,MT5,H4
2024-06-03 00:00:00,157.18,157.471,156.992,157.418,8338,MT5,H4
2024-06-03 04:00:00,157.416,157.46,157.109,157.135,6952,MT5,H4
2024-06-03 08:00:00,157.136,157.144,156.632,156.854,9582,MT5,H4
2024-06-03 12:00:00,156.857,156.937,155.946,156.037,17626,MT5,H4
2024-06-03 16:00:00,156.037,156.284,156.017,156.219,6830,MT5,H4
2024-06-03 20:00:00,156.209,156.237,155.989,156.091,3390,MT5,H4
2024-06-04 00:00:00,156.091,156.484,155.979,156.386,9249,MT5,H4
2024-06-04 04:00:00,156.386,156.416,155.358,155.388,12973,MT5,H4
2024-06-04 08:00:00,155.389,155.468,154.7,154.869,22299,MT5,H4
2024-06-04 12:00:00,154.868,155.25,154.548,154.871,23543,MT5,H4
2024-06-04 16:00:00,154.869,154.869,154.546,154.753,8117,MT5,H4
2024-06-04 20:00:00,154.737,155.179,154.73,155.115,3557,MT5,H4
2024-06-05 00:00:00,155.115,155.591,155.093,155.486,12412,MT5,H4
2024-06-05 04:00:00,155.488,156.186,155.44,156.137,11010,MT5,H4
2024-06-05 08:00:00,156.141,156.301,155.956,156.142,9443,MT5,H4
2024-06-05 12:00:00,156.144,156.483,155.719,156.207,20218,MT5,H4
2024-06-05 16:00:00,156.207,156.243,156.06,156.074,6353,MT5,H4
2024-06-05 20:00:00,156.077,156.148,155.8,155.914,4284,MT5,H4
2024-06-06 00:00:00,155.911,155.925,155.35,155.568,11667,MT5,H4
2024-06-06 04:00:00,155.568,156.307,155.559,156.276,11721,MT5,H4
2024-06-06 08:00:00,156.273,156.376,155.891,156.19,8272,MT5,H4
2024-06-06 12:00:00,156.187,156.445,155.888,155.981,17106,MT5,H4
2024-06-06 16:00:00,155.977,156.068,155.469,155.596,8293,MT5,H4
2024-06-06 20:00:00,155.577,155.716,155.512,155.677,3336,MT5,H4
2024-06-07 00:00:00,155.678,155.936,155.576,155.75,8808,MT5,H4
2024-06-07 04:00:00,155.75,155.76,155.116,155.415,11688,MT5,H4
2024-06-07 08:00:00,155.418,155.637,155.309,155.588,9459,MT5,H4
2024-06-07 12:00:00,155.588,157.072,155.435,156.596,25994,MT5,H4
2024-06-07 16:00:00,156.593,156.762,156.512,156.736,8514,MT5,H4
2024-06-07 20:00:00,156.719,156.75,156.647,156.74,970,MT5,H4
2024-06-09 20:00:00,156.658,156.913,156.557,156.824,4067,MT5,H4
2024-06-10 00:00:00,156.822,157.191,156.717,157.15,9235,MT5,H4
2024-06-10 04:00:00,157.15,157.182,156.928,156.997,9632,MT5,H4
2024-06-10 08:00:00,156.998,157.037,156.741,156.879,9506,MT5,H4
2024-06-10 12:00:00,156.88,157.006,156.797,156.935,9266,MT5,H4
2024-06-10 16:00:00,156.935,157.095,156.907,156.993,5056,MT5,H4
2024-06-10 20:00:00,156.985,157.07,156.902,157.042,2775,MT5,H4
2024-06-11 00:00:00,157.041,157.331,157.03,157.218,6295,MT5,H4
2024-06-11 04:00:00,157.217,157.365,157.143,157.338,6361,MT5,H4
2024-06-11 08:00:00,157.337,157.392,157.048,157.097,8536,MT5,H4
2024-06-11 12:00:00,157.095,157.384,156.803,157.322,12047,MT5,H4
2024-06-11 16:00:00,157.322,157.402,156.934,157.079,6464,MT5,H4
2024-06-11 20:00:00,157.043,157.177,157.016,157.108,2592,MT5,H4
2024-06-12 00:00:00,157.105,157.242,157.041,157.177,7006,MT5,H4
2024-06-12 04:00:00,157.177,157.353,157.127,157.265,5356,MT5,H4
2024-06-12 08:00:00,157.265,157.37,157.25,157.33,4706,MT5,H4
2024-06-12 12:00:00,157.33,157.349,155.719,155.881,27974,MT5,H4
2024-06-12 16:00:00,155.88,156.873,155.716,156.821,25543,MT5,H4
2024-06-12 20:00:00,156.822,156.88,156.446,156.801,4999,MT5,H4
2024-06-13 00:00:00,156.799,157.057,156.692,157.004,9349,MT5,H4
2024-06-13 04:00:00,157.004,157.303,156.99,157.272,7172,MT5,H4
2024-06-13 08:00:00,157.269,157.309,157.121,157.208,6269,MT5,H4
2024-06-13 12:00:00,157.21,157.268,156.578,156.771,19709,MT5,H4
2024-06-13 16:00:00,156.771,157.075,156.688,157.052,8858,MT5,H4
2024-06-13 20:00:00,157.038,157.141,156.926,157.123,3406,MT5,H4
2024-06-14 00:00:00,157.121,157.978,156.803,157.818,17688,MT5,H4
2024-06-14 04:00:00,157.818,158.254,157.625,157.671,24508,MT5,H4
2024-06-14 08:00:00,157.673,157.787,156.879,157.063,30168,MT5,H4
2024-06-14 12:00:00,157.062,157.493,156.949,157.284,24322,MT5,H4
2024-06-14 16:00:00,157.283,157.35,157.221,157.287,6231,MT5,H4
2024-06-14 20:00:00,157.271,157.427,157.249,157.371,1063,MT5,H4
2024-06-16 20:00:00,157.353,157.662,157.1,157.555,3547,MT5,H4
2024-06-17 00:00:00,157.555,157.56,157.288,157.366,7751,MT5,H4
2024-06-17 04:00:00,157.366,157.557,157.153,157.549,9753,MT5,H4
2024-06-17 08:00:00,157.55,157.865,157.537,157.844,8035,MT5,H4
2024-06-17 12:00:00,157.842,157.957,157.78,157.808,9551,MT5,H4
2024-06-17 16:00:00,157.806,157.813,157.678,157.723,4459,MT5,H4
2024-06-17 20:00:00,157.706,157.733,157.603,157.694,2213,MT5,H4
2024-06-18 00:00:00,157.694,157.728,157.513,157.638,7095,MT5,H4
2024-06-18 04:00:00,157.637,158.131,157.577,158.124,7051,MT5,H4
2024-06-18 08:00:00,158.124,158.227,157.993,158.08,7201,MT5,H4
2024-06-18 12:00:00,158.079,158.125,157.623,157.814,15725,MT5,H4
2024-06-18 16:00:00,157.814,157.897,157.64,157.852,6447,MT5,H4
2024-06-18 20:00:00,157.821,157.866,157.776,157.863,2186,MT5,H4
2024-06-19 00:00:00,157.864,157.922,157.722,157.852,4859,MT5,H4
2024-06-19 04:00:00,157.852,157.868,157.6,157.742,5402,MT5,H4
2024-06-19 08:00:00,157.743,157.906,157.733,157.9,4214,MT5,H4
2024-06-19 12:00:00,157.9,157.947,157.863,157.93,3442,MT5,H4
2024-06-19 16:00:00,157.929,158.044,157.892,157.999,1344,MT5,H4
2024-06-19 20:00:00,157.992,158.074,157.842,157.953,2891,MT5,H4
2024-06-20 00:00:00,157.952,158.137,157.952,158.079,4903,MT5,H4
2024-06-20 04:00:00,158.079,158.278,158.05,158.271,6066,MT5,H4
2024-06-20 08:00:00,158.27,158.468,158.269,158.429,7037,MT5,H4
2024-06-20 12:00:00,158.429,158.779,158.244,158.771,9820,MT5,H4
2024-06-20 16:00:00,158.771,158.91,158.694,158.9,4899,MT5,H4
2024-06-20 20:00:00,158.884,158.949,158.818,158.934,2980,MT5,H4
2024-06-21 00:00:00,158.933,159.124,158.823,158.884,6228,MT5,H4
2024-06-21 04:00:00,158.884,158.998,158.666,158.774,6664,MT5,H4
2024-06-21 08:00:00,158.771,159.015,158.674,158.899,6523,MT5,H4
2024-06-21 12:00:00,158.897,159.624,158.849,159.448,12229,MT5,H4
2024-06-21 16:00:00,159.45,159.602,159.412,159.597,5161,MT5,H4
2024-06-21 20:00:00,159.574,159.813,159.539,159.785,1035,MT5,H4
2024-06-23 20:00:00,159.718,159.905,159.545,159.895,3645,MT5,H4
2024-06-24 00:00:00,159.895,159.928,159.617,159.697,7361,MT5,H4
2024-06-24 04:00:00,159.697,159.815,159.645,159.688,6039,MT5,H4
2024-06-24 08:00:00,159.688,159.806,158.739,159.461,18173,MT5,H4
2024-06-24 12:00:00,159.463,159.754,159.321,159.707,11647,MT5,H4
2024-06-24 16:00:00,159.707,159.754,159.538,159.634,4374,MT5,H4
2024-06-24 20:00:00,159.627,159.702,159.521,159.697,3509,MT5,H4
2024-06-25 00:00:00,159.697,159.698,159.185,159.478,10474,MT5,H4
2024-06-25 04:00:00,159.479,159.549,159.269,159.483,6911,MT5,H4
2024-06-25 08:00:00,159.484,159.518,159.29,159.458,6506,MT5,H4
2024-06-25 12:00:00,159.457,159.753,159.426,159.682,8403,MT5,H4
2024-06-25 16:00:00,159.681,159.744,159.601,159.613,4278,MT5,H4
2024-06-25 20:00:00,159.601,159.706,159.571,159.699,2580,MT5,H4
2024-06-26 00:00:00,159.701,159.901,159.663,159.832,5885,MT5,H4
2024-06-26 04:00:00,159.832,159.93,159.739,159.894,4511,MT5,H4
2024-06-26 08:00:00,159.894,160.39,159.856,160.301,11407,MT5,H4
2024-06-26 12:00:00,160.303,160.821,160.01,160.68,16856,MT5,H4
2024-06-26 16:00:00,160.68,160.843,160.59,160.78,6346,MT5,H4
2024-06-26 20:00:00,160.779,160.82,160.518,160.629,3639,MT5,H4
2024-06-27 00:00:00,160.628,160.715,160.377,160.429,8592,MT5,H4
2024-06-27 04:00:00,160.429,160.559,160.299,160.545,7088,MT5,H4
2024-06-27 08:00:00,160.545,160.606,160.391,160.544,5554,MT5,H4
2024-06-27 12:00:00,160.545,160.724,160.279,160.697,11754,MT5,H4
2024-06-27 16:00:00,160.696,160.821,160.663,160.811,4025,MT5,H4
2024-06-27 20:00:00,160.797,160.797,160.634,160.703,3208,MT5,H4
2024-06-28 00:00:00,160.702,161.284,160.649,160.983,14835,MT5,H4
2024-06-28 04:00:00,160.983,161.129,160.834,160.926,8062,MT5,H4
2024-06-28 08:00:00,160.929,160.96,160.433,160.647,9095,MT5,H4
2024-06-28 12:00:00,160.647,160.962,160.261,160.879,18381,MT5,H4
2024-06-28 16:00:00,160.879,160.903,160.704,160.854,6359,MT5,H4
2024-06-28 20:00:00,160.849,160.917,160.806,160.871,1026,MT5,H4
2024-06-30 20:00:00,160.646,160.934,160.646,160.923,3343,MT5,H4
2024-07-01 00:00:00,160.922,161.185,160.735,161.047,10260,MT5,H4
2024-07-01 04:00:00,161.047,161.119,160.867,161.01,7737,MT5,H4
2024-07-01 08:00:00,161.013,161.147,160.949,161.099,4970,MT5,H4
2024-07-01 12:00:00,161.099,161.727,160.969,161.556,12733,MT5,H4
2024-07-01 16:00:00,161.556,161.599,161.401,161.451,5091,MT5,H4
2024-07-01 20:00:00,161.439,161.513,161.357,161.508,2551,MT5,H4
2024-07-02 00:00:00,161.509,161.679,161.453,161.654,6571,MT5,H4
2024-07-02 04:00:00,161.655,161.743,161.588,161.654,6421,MT5,H4
2024-07-02 08:00:00,161.654,161.695,161.556,161.624,4627,MT5,H4
2024-07-02 12:00:00,161.621,161.622,161.264,161.533,10880,MT5,H4
2024-07-02 16:00:00,161.533,161.6,161.421,161.449,3142,MT5,H4
2024-07-02 20:00:00,161.416,161.521,161.351,161.486,2710,MT5,H4
2024-07-03 00:00:00,161.486,161.654,161.442,161.627,4329,MT5,H4
2024-07-03 04:00:00,161.627,161.938,161.608,161.767,6996,MT5,H4
2024-07-03 08:00:00,161.768,161.948,161.757,161.918,4998,MT5,H4
2024-07-03 12:00:00,161.917,161.933,160.767,161.48,19372,MT5,H4
2024-07-03 16:00:00,161.479,161.737,161.4,161.679,5328,MT5,H4
2024-07-03 20:00:00,161.672,161.736,161.42,161.588,2881,MT5,H4
2024-07-04 00:00:00,161.586,161.604,161.134,161.527,8665,MT5,H4
2024-07-04 04:00:00,161.527,161.573,161.264,161.281,5379,MT5,H4
2024-07-04 08:00:00,161.278,161.325,160.943,161.001,5961,MT5,H4
2024-07-04 12:00:00,161.001,161.193,160.944,161.14,6019,MT5,H4
2024-07-04 16:00:00,161.141,161.254,161.111,161.206,1710,MT5,H4
2024-07-04 20:00:00,161.201,161.394,161.125,161.356,3347,MT5,H4
2024-07-05 00:00:00,161.355,161.392,160.526,160.615,14824,MT5,H4
2024-07-05 04:00:00,160.615,160.853,160.529,160.768,7782,MT5,H4
2024-07-05 08:00:00,160.768,160.879,160.612,160.819,5851,MT5,H4
2024-07-05 12:00:00,160.818,161.33,160.335,160.731,25927,MT5,H4
2024-07-05 16:00:00,160.731,160.947,160.703,160.757,5755,MT5,H4
2024-07-05 20:00:00,160.76,160.826,160.7,160.777,797,MT5,H4
2024-07-07 20:00:00,160.679,160.815,160.573,160.635,3440,MT5,H4
2024-07-08 00:00:00,160.637,160.729,160.261,160.486,11789,MT5,H4
2024-07-08 04:00:00,160.484,160.952,160.469,160.895,8369,MT5,H4
2024-07-08 08:00:00,160.895,161.117,160.865,161.008,5557,MT5,H4
2024-07-08 12:00:00,161.009,161.017,160.471,160.776,11559,MT5,H4
2024-07-08 16:00:00,160.776,160.817,160.684,160.766,3896,MT5,H4
2024-07-08 20:00:00,160.754,160.872,160.679,160.857,2114,MT5,H4
2024-07-09 00:00:00,160.854,161.13,160.762,161.048,6728,MT5,H4
2024-07-09 04:00:00,161.048,161.059,160.734,160.919,6939,MT5,H4
2024-07-09 08:00:00,160.917,161.177,160.885,161.116,5378,MT5,H4
2024-07-09 12:00:00,161.117,161.514,160.885,161.397,13234,MT5,H4
2024-07-09 16:00:00,161.397,161.405,161.225,161.277,5383,MT5,H4
2024-07-09 20:00:00,161.273,161.366,161.159,161.326,2069,MT5,H4
2024-07-10 00:00:00,161.325,161.589,161.297,161.428,5393,MT5,H4
2024-07-10 04:00:00,161.429,161.557,161.335,161.493,5072,MT5,H4
2024-07-10 08:00:00,161.493,161.611,161.423,161.479,5022,MT5,H4
2024-07-10 12:00:00,161.476,161.754,161.422,161.734,7694,MT5,H4
2024-07-10 16:00:00,161.734,161.805,161.642,161.714,4173,MT5,H4
2024-07-10 20:00:00,161.705,161.732,161.415,161.593,2515,MT5,H4
2024-07-11 00:00:00,161.59,161.682,161.471,161.636,5867,MT5,H4
2024-07-11 04:00:00,161.636,161.758,161.539,161.63,4364,MT5,H4
2024-07-11 08:00:00,161.629,161.631,161.47,161.536,4430,MT5,H4
2024-07-11 12:00:00,161.534,161.62,157.416,158.578,118401,MT5,H4
2024-07-11 16:00:00,158.579,158.89,158.532,158.803,11268,MT5,H4
2024-07-11 20:00:00,158.796,159.444,157.739,158.283,37895,MT5,H4
2024-07-12 00:00:00,158.281,159.384,157.977,159.229,35899,MT5,H4
2024-07-12 04:00:00,159.23,159.319,158.865,159.217,14492,MT5,H4
2024-07-12 08:00:00,159.219,159.264,158.933,158.974,9600,MT5,H4
2024-07-12 12:00:00,158.97,159.149,157.361,157.9,64474,MT5,H4
2024-07-12 16:00:00,157.897,158.02,157.795,157.821,7014,MT5,H4
2024-07-12 20:00:00,157.819,157.91,157.752,157.89,1080,MT5,H4
2024-07-14 20:00:00,158.024,158.42,157.956,158.29,5124,MT5,H4
2024-07-15 00:00:00,158.286,158.365,157.91,157.97,12069,MT5,H4
2024-07-15 04:00:00,157.97,158.233,157.829,157.931,9311,MT5,H4
2024-07-15 08:00:00,157.928,158.173,157.749,158.112,8703,MT5,H4
2024-07-15 12:00:00,158.115,158.161,157.806,157.889,11432,MT5,H4
2024-07-15 16:00:00,157.888,158.022,157.161,157.905,13683,MT5,H4
2024-07-15 20:00:00,157.879,158.253,157.828,158.152,3660,MT5,H4
2024-07-16 00:00:00,158.152,158.726,158.105,158.634,8985,MT5,H4
2024-07-16 04:00:00,158.634,158.785,158.357,158.493,8578,MT5,H4
2024-07-16 08:00:00,158.494,158.591,158.317,158.342,6999,MT5,H4
2024-07-16 12:00:00,158.345,158.856,158.257,158.572,13833,MT5,H4
2024-07-16 16:00:00,158.572,158.631,158.319,158.379,5544,MT5,H4
2024-07-16 20:00:00,158.352,158.399,158.154,158.362,3384,MT5,H4
2024-07-17 00:00:00,158.362,158.625,158.303,158.375,7917,MT5,H4
2024-07-17 04:00:00,158.376,158.386,157.007,157.073,19407,MT5,H4
2024-07-17 08:00:00,157.072,157.101,156.098,156.508,29823,MT5,H4
2024-07-17 12:00:00,156.507,156.739,156.146,156.565,23894,MT5,H4
2024-07-17 16:00:00,156.563,156.593,156.051,156.168,11733,MT5,H4
2024-07-17 20:00:00,156.164,156.325,155.369,155.671,15325,MT5,H4
2024-07-18 00:00:00,155.669,156.57,155.456,156.435,19380,MT5,H4
2024-07-18 04:00:00,156.435,156.538,155.794,156.246,20120,MT5,H4
2024-07-18 08:00:00,156.244,156.586,156.17,156.492,12694,MT5,H4
2024-07-18 12:00:00,156.489,156.981,156.182,156.972,19718,MT5,H4
2024-07-18 16:00:00,156.972,157.397,156.871,157.352,7970,MT5,H4
2024-07-18 20:00:00,157.333,157.384,157.112,157.177,4199,MT5,H4
2024-07-19 00:00:00,157.174,157.532,157.061,157.374,12633,MT5,H4
2024-07-19 04:00:00,157.374,157.861,156.957,157.318,18386,MT5,H4
2024-07-19 08:00:00,157.314,157.577,157.143,157.465,11420,MT5,H4
2024-07-19 12:00:00,157.468,157.696,157.259,157.389,16052,MT5,H4
2024-07-19 16:00:00,157.389,157.525,157.339,157.48,4774,MT5,H4
2024-07-19 20:00:00,157.492,157.527,157.44,157.454,697,MT5,H4
2024-07-21 20:00:00,157.407,157.498,157.155,157.423,5150,MT5,H4
2024-07-22 00:00:00,157.423,157.611,157.333,157.48,8489,MT5,H4
2024-07-22 04:00:00,157.48,157.509,156.281,156.807,22266,MT5,H4
2024-07-22 08:00:00,156.805,156.961,156.554,156.853,14951,MT5,H4
2024-07-22 12:00:00,156.853,157.144,156.692,157.082,14322,MT5,H4
2024-07-22 16:00:00,157.083,157.171,157.03,157.059,4467,MT5,H4
2024-07-22 20:00:00,157.072,157.102,156.839,156.904,3222,MT5,H4
2024-07-23 00:00:00,156.902,156.926,156.193,156.276,16671,MT5,H4
2024-07-23 04:00:00,156.279,156.635,155.929,156.041,16288,MT5,H4
2024-07-23 08:00:00,156.038,156.189,155.817,156.151,15347,MT5,H4
2024-07-23 12:00:00,156.153,156.266,155.941,156.018,13219,MT5,H4
2024-07-23 16:00:00,156.018,156.054,155.575,155.619,8446,MT5,H4
2024-07-23 20:00:00,155.635,155.816,155.454,155.762,3682,MT5,H4
2024-07-24 00:00:00,155.765,155.989,155.042,155.054,21359,MT5,H4
2024-07-24 04:00:00,155.055,155.055,154.358,154.591,26706,MT5,H4
2024-07-24 08:00:00,154.59,154.943,154.053,154.19,18887,MT5,H4
2024-07-24 12:00:00,154.189,154.223,153.102,153.381,32325,MT5,H4
2024-07-24 16:00:00,153.381,154.096,153.338,154.008,11610,MT5,H4
2024-07-24 20:00:00,154.005,154.007,153.448,153.916,7298,MT5,H4
2024-07-25 00:00:00,153.914,153.968,152.226,152.316,37035,MT5,H4
2024-07-25 04:00:00,152.316,152.971,152.053,152.195,25730,MT5,H4
2024-07-25 08:00:00,152.191,152.747,151.94,152.722,23025,MT5,H4
2024-07-25 12:00:00,152.721,154.195,152.55,153.977,49531,MT5,H4
2024-07-25 16:00:00,153.979,154.317,153.743,153.906,18721,MT5,H4
2024-07-25 20:00:00,153.912,154.029,153.373,153.699,9855,MT5,H4
2024-07-26 00:00:00,153.696,154.14,153.393,153.752,22578,MT5,H4
2024-07-26 04:00:00,153.753,154.171,153.497,153.916,17924,MT5,H4
2024-07-26 08:00:00,153.917,154.737,153.862,154.609,17773,MT5,H4
2024-07-26 12:00:00,154.61,154.728,153.095,153.868,38863,MT5,H4
2024-07-26 16:00:00,153.866,153.872,153.672,153.749,8894,MT5,H4
2024-07-26 20:00:00,153.748,153.794,153.725,153.757,701,MT5,H4
2024-07-28 20:00:00,153.675,154.212,153.551,154.143,6433,MT5,H4
2024-07-29 00:00:00,154.145,154.349,153.012,153.513,25939,MT5,H4
2024-07-29 04:00:00,153.516,153.725,153.141,153.617,19996,MT5,H4
2024-07-29 08:00:00,153.615,153.916,153.582,153.827,15178,MT5,H4
2024-07-29 12:00:00,153.829,154.207,153.728,153.96,18728,MT5,H4
2024-07-29 16:00:00,153.961,154.09,153.885,153.984,6636,MT5,H4
2024-07-29 20:00:00,153.996,154.061,153.765,153.833,5466,MT5,H4
2024-07-30 00:00:00,153.831,154.25,153.615,154.068,14746,MT5,H4
2024-07-30 04:00:00,154.07,155.216,154.06,154.895,19924,MT5,H4
2024-07-30 08:00:00,154.894,154.933,154.603,154.884,12252,MT5,H4
2024-07-30 12:00:00,154.884,155.02,153.644,153.725,36681,MT5,H4
2024-07-30 16:00:00,153.724,153.854,152.977,153.258,22033,MT5,H4
2024-07-30 20:00:00,153.268,153.274,152.407,152.656,13357,MT5,H4
2024-07-31 00:00:00,152.654,153.853,151.612,153.588,40829,MT5,H4
2024-07-31 04:00:00,153.583,153.908,150.603,150.923,60770,MT5,H4
2024-07-31 08:00:00,150.923,150.983,150.047,150.184,47981,MT5,H4
2024-07-31 12:00:00,150.186,150.677,149.626,150.377,42922,MT5,H4
2024-07-31 16:00:00,150.378,151.26,149.607,149.786,34788,MT5,H4
2024-07-31 20:00:00,149.785,150.321,149.669,149.784,10017,MT5,H4
2024-08-01 00:00:00,149.786,149.894,148.507,149.565,46322,MT5,H4
2024-08-01 04:00:00,149.566,150.335,149.339,149.863,36068,MT5,H4
2024-08-01 08:00:00,149.862,150.621,149.427,150.524,27411,MT5,H4
2024-08-01 12:00:00,150.525,150.89,149.83,150.061,38358,MT5,H4
2024-08-01 16:00:00,150.06,150.136,149.471,149.76,18630,MT5,H4
2024-08-01 20:00:00,149.764,149.769,148.869,149.207,12122,MT5,H4
2024-08-02 00:00:00,149.205,149.776,148.94,149.487,28906,MT5,H4
2024-08-02 04:00:00,149.491,149.581,148.62,149.207,29029,MT5,H4
2024-08-02 08:00:00,149.208,149.32,148.73,149.009,20517,MT5,H4
2024-08-02 12:00:00,149.009,149.111,146.415,146.976,81039,MT5,H4
2024-08-02 16:00:00,146.978,147.457,146.438,146.565,28772,MT5,H4
2024-08-02 20:00:00,146.576,146.61,146.495,146.526,1749,MT5,H4
2024-08-04 20:00:00,146.425,146.555,145.28,145.591,21577,MT5,H4
2024-08-05 00:00:00,145.588,145.941,144.171,144.363,69833,MT5,H4
2024-08-05 04:00:00,144.363,144.432,141.681,143.48,118736,MT5,H4
2024-08-05 08:00:00,143.478,143.562,141.735,142.31,48402,MT5,H4
2024-08-05 12:00:00,142.308,143.993,141.837,143.958,74136,MT5,H4
2024-08-05 16:00:00,143.958,144.892,143.389,143.733,43708,MT5,H4
2024-08-05 20:00:00,143.736,145.834,143.604,145.802,29056,MT5,H4
2024-08-06 00:00:00,145.804,146.377,144.304,145.351,70284,MT5,H4
2024-08-06 04:00:00,145.351,146.289,145.104,145.292,61528,MT5,H4
2024-08-06 08:00:00,145.29,145.458,144.351,145.151,53524,MT5,H4
2024-08-06 12:00:00,145.148,145.205,144.044,145.108,60622,MT5,H4
2024-08-06 16:00:00,145.109,145.418,144.725,144.726,24221,MT5,H4
2024-08-06 20:00:00,144.739,144.807,144.147,144.736,12794,MT5,H4
2024-08-07 00:00:00,144.734,147.499,144.548,147.126,71715,MT5,H4
2024-08-07 04:00:00,147.13,147.906,146.084,146.685,66246,MT5,H4
2024-08-07 08:00:00,146.688,147.635,146.618,147.203,35267,MT5,H4
2024-08-07 12:00:00,147.205,147.688,146.648,147.414,36125,MT5,H4
2024-08-07 16:00:00,147.417,147.499,146.68,146.833,31808,MT5,H4
2024-08-07 20:00:00,146.845,146.904,145.567,146.276,20485,MT5,H4
2024-08-08 00:00:00,146.279,146.871,145.425,146.375,59847,MT5,H4
2024-08-08 04:00:00,146.378,146.403,145.627,145.869,47846,MT5,H4
2024-08-08 08:00:00,145.872,146.488,145.754,146.162,32400,MT5,H4
2024-08-08 12:00:00,146.164,147.546,145.949,147.094,43213,MT5,H4
2024-08-08 16:00:00,147.092,147.435,147.071,147.134,16321,MT5,H4
2024-08-08 20:00:00,147.138,147.815,147.096,147.693,12443,MT5,H4
2024-08-09 00:00:00,147.691,147.777,147.024,147.227,30416,MT5,H4
2024-08-09 04:00:00,147.229,147.253,146.717,147.201,26089,MT5,H4
2024-08-09 08:00:00,147.201,147.321,146.823,147.009,20674,MT5,H4
2024-08-09 12:00:00,147.01,147.031,146.263,146.495,28597,MT5,H4
2024-08-09 16:00:00,146.494,146.762,146.478,146.625,10381,MT5,H4
2024-08-09 20:00:00,146.64,146.693,146.59,146.617,1188,MT5,H4
2024-08-11 20:00:00,146.595,147.127,146.51,147.071,7204,MT5,H4
2024-08-12 00:00:00,147.072,147.223,146.699,147.197,12637,MT5,H4
2024-08-12 04:00:00,147.199,147.321,147.028,147.22,13088,MT5,H4
2024-08-12 08:00:00,147.217,147.663,147.19,147.569,11516,MT5,H4
2024-08-12 12:00:00,147.573,148.223,147.234,147.541,26133,MT5,H4
2024-08-12 16:00:00,147.541,147.575,147.039,147.173,15986,MT5,H4
2024-08-12 20:00:00,147.161,147.275,146.91,147.022,6787,MT5,H4
2024-08-13 00:00:00,147.024,147.511,147.002,147.478,15642,MT5,H4
2024-08-13 04:00:00,147.479,147.946,147.43,147.856,14720,MT5,H4
2024-08-13 08:00:00,147.854,147.919,147.31,147.348,14635,MT5,H4
2024-08-13 12:00:00,147.347,147.509,146.84,146.972,31904,MT5,H4
2024-08-13 16:00:00,146.968,146.971,146.594,146.812,11260,MT5,H4
2024-08-13 20:00:00,146.827,147.014,146.73,146.943,4657,MT5,H4
2024-08-14 00:00:00,146.946,147.182,146.067,146.779,22344,MT5,H4
2024-08-14 04:00:00,146.775,147.421,146.752,147.409,16195,MT5,H4
2024-08-14 08:00:00,147.405,147.499,146.828,146.891,9870,MT5,H4
2024-08-14 12:00:00,146.886,147.581,146.505,146.865,32802,MT5,H4
2024-08-14 16:00:00,146.862,147.376,146.817,147.329,7431,MT5,H4
2024-08-14 20:00:00,147.337,147.435,147.086,147.269,4066,MT5,H4
2024-08-15 00:00:00,147.273,147.615,147.151,147.401,12335,MT5,H4
2024-08-15 04:00:00,147.404,147.414,147.051,147.212,8617,MT5,H4
2024-08-15 08:00:00,147.213,147.446,147.178,147.219,7387,MT5,H4
2024-08-15 12:00:00,147.221,149.325,147.183,148.913,35045,MT5,H4
2024-08-15 16:00:00,148.91,149.183,148.847,149.038,5557,MT5,H4
2024-08-15 20:00:00,149.033,149.387,149.015,149.227,4533,MT5,H4
2024-08-16 00:00:00,149.23,149.273,148.737,148.929,13382,MT5,H4
2024-08-16 04:00:00,148.93,149.094,148.829,149.013,8207,MT5,H4
2024-08-16 08:00:00,149.014,149.048,147.956,148.045,13815,MT5,H4
2024-08-16 12:00:00,148.047,148.266,147.614,148.131,22457,MT5,H4
2024-08-16 16:00:00,148.132,148.193,147.628,147.683,7129,MT5,H4
2024-08-16 20:00:00,147.686,147.694,147.563,147.603,793,MT5,H4
2024-08-18 20:00:00,147.547,148.05,147.466,147.961,3539,MT5,H4
2024-08-19 00:00:00,147.964,148.004,146.312,146.459,20718,MT5,H4
2024-08-19 04:00:00,146.461,146.625,145.186,146.104,32840,MT5,H4
2024-08-19 08:00:00,146.103,146.524,145.902,146.04,17835,MT5,H4
2024-08-19 12:00:00,146.039,146.713,145.93,146.423,22570,MT5,H4
2024-08-19 16:00:00,146.424,146.69,146.385,146.617,6472,MT5,H4
2024-08-19 20:00:00,146.625,146.867,146.507,146.711,3912,MT5,H4
2024-08-20 00:00:00,146.713,147.162,145.845,147.067,24862,MT5,H4
2024-08-20 04:00:00,147.064,147.345,146.328,146.556,19208,MT5,H4
2024-08-20 08:00:00,146.553,146.585,146.231,146.373,16263,MT5,H4
2024-08-20 12:00:00,146.371,146.488,145.516,145.696,22440,MT5,H4
2024-08-20 16:00:00,145.699,145.744,145.32,145.325,7422,MT5,H4
2024-08-20 20:00:00,145.338,145.357,144.94,145.322,8514,MT5,H4
2024-08-21 00:00:00,145.319,145.588,144.927,145.475,20636,MT5,H4
2024-08-21 04:00:00,145.477,146.225,145.391,146.141,15860,MT5,H4
2024-08-21 08:00:00,146.144,146.226,145.878,146.057,11295,MT5,H4
2024-08-21 12:00:00,146.055,146.901,145.031,145.195,50020,MT5,H4
2024-08-21 16:00:00,145.197,145.241,144.452,144.991,16529,MT5,H4
2024-08-21 20:00:00,144.997,145.268,144.843,145.122,6281,MT5,H4
2024-08-22 00:00:00,145.12,145.64,144.939,145.265,15018,MT5,H4
2024-08-22 04:00:00,145.267,145.473,144.984,145.243,14680,MT5,H4
2024-08-22 08:00:00,145.245,146.15,145.245,145.99,12522,MT5,H4
2024-08-22 12:00:00,145.986,146.525,145.818,145.973,25299,MT5,H4
2024-08-22 16:00:00,145.975,146.491,145.962,146.289,10556,MT5,H4
2024-08-22 20:00:00,146.294,146.371,146.02,146.21,3770,MT5,H4
2024-08-23 00:00:00,146.213,146.335,145.291,145.669,22888,MT5,H4
2024-08-23 04:00:00,145.673,145.976,145.288,145.823,13437,MT5,H4
2024-08-23 08:00:00,145.827,146.176,145.746,146.028,10507,MT5,H4
2024-08-23 12:00:00,146.032,146.479,144.596,144.864,35398,MT5,H4
2024-08-23 16:00:00,144.862,144.977,144.043,144.215,13392,MT5,H4
2024-08-23 20:00:00,144.228,144.398,144.217,144.365,1229,MT5,H4
2024-08-25 20:00:00,144.2,144.336,143.555,143.92,11605,MT5,H4
2024-08-26 00:00:00,143.923,144.091,143.444,143.968,25845,MT5,H4
2024-08-26 04:00:00,143.97,144.216,143.598,143.885,16697,MT5,H4
2024-08-26 08:00:00,143.888,144.228,143.771,144.13,10344,MT5,H4
2024-08-26 12:00:00,144.134,144.606,143.854,144.509,21155,MT5,H4
2024-08-26 16:00:00,144.505,144.652,144.317,144.592,7115,MT5,H4
2024-08-26 20:00:00,144.593,144.605,144.229,144.503,4103,MT5,H4
2024-08-27 00:00:00,144.506,144.971,144.45,144.832,11642,MT5,H4
2024-08-27 04:00:00,144.829,145.172,144.572,144.998,12928,MT5,H4
2024-08-27 08:00:00,144.995,145.147,144.505,144.531,11961,MT5,H4
2024-08-27 12:00:00,144.528,144.603,144.151,144.265,18629,MT5,H4
2024-08-27 16:00:00,144.264,144.29,143.915,143.969,7223,MT5,H4
2024-08-27 20:00:00,143.971,144.003,143.678,143.961,4813,MT5,H4
2024-08-28 00:00:00,143.964,144.49,143.908,144.408,13671,MT5,H4
2024-08-28 04:00:00,144.409,144.601,144.288,144.559,11801,MT5,H4
2024-08-28 08:00:00,144.561,144.576,144.062,144.322,9421,MT5,H4
2024-08-28 12:00:00,144.319,145.039,144.307,144.472,18095,MT5,H4
2024-08-28 16:00:00,144.47,144.811,144.465,144.683,8017,MT5,H4
2024-08-28 20:00:00,144.696,144.764,144.217,144.436,7443,MT5,H4
2024-08-29 00:00:00,144.433,144.695,144.271,144.526,11301,MT5,H4
2024-08-29 04:00:00,144.524,144.859,144.459,144.727,11752,MT5,H4
2024-08-29 08:00:00,144.724,144.739,144.441,144.591,12934,MT5,H4
2024-08-29 12:00:00,144.588,145.555,144.538,144.986,23946,MT5,H4
2024-08-29 16:00:00,144.984,145.046,144.721,144.903,11177,MT5,H4
2024-08-29 20:00:00,144.902,145.071,144.834,144.888,6143,MT5,H4
2024-08-30 00:00:00,144.89,144.944,144.65,144.794,13161,MT5,H4
2024-08-30 04:00:00,144.793,145.09,144.77,144.93,9717,MT5,H4
2024-08-30 08:00:00,144.929,145.455,144.848,145.423,9864,MT5,H4
2024-08-30 12:00:00,145.42,145.97,145.25,145.953,25729,MT5,H4
2024-08-30 16:00:00,145.953,146.246,145.905,146.173,10680,MT5,H4
2024-08-30 20:00:00,146.181,146.212,146.086,146.18,1487,MT5,H4
2024-09-01 20:00:00,146.034,146.6,145.98,146.4,5468,MT5,H4
2024-09-02 00:00:00,146.399,146.546,145.825,145.946,16088,MT5,H4
2024-09-02 04:00:00,145.948,146.475,145.772,146.471,12100,MT5,H4
2024-09-02 08:00:00,146.47,146.987,146.429,146.984,11053,MT5,H4
2024-09-02 12:00:00,146.984,147.176,146.831,146.949,8816,MT5,H4
2024-09-02 16:00:00,146.952,146.989,146.806,146.873,2235,MT5,H4
2024-09-02 20:00:00,146.878,146.961,146.71,146.747,3313,MT5,H4
2024-09-03 00:00:00,146.749,147.207,146.445,146.542,20704,MT5,H4
2024-09-03 04:00:00,146.543,146.593,145.888,145.947,20939,MT5,H4
2024-09-03 08:00:00,145.949,146.237,145.608,146.172,16429,MT5,H4
2024-09-03 12:00:00,146.174,146.286,145.125,145.82,30659,MT5,H4
2024-09-03 16:00:00,145.823,145.923,145.562,145.618,10578,MT5,H4
2024-09-03 20:00:00,145.624,145.706,145.088,145.365,8989,MT5,H4
2024-09-04 00:00:00,145.367,145.552,144.886,145.312,25005,MT5,H4
2024-09-04 04:00:00,145.312,145.54,144.75,144.98,21058,MT5,H4
2024-09-04 08:00:00,144.983,145.27,144.858,144.884,13848,MT5,H4
2024-09-04 12:00:00,144.888,145.215,143.994,144.305,32701,MT5,H4
2024-09-04 16:00:00,144.305,144.37,143.79,143.806,14591,MT5,H4
2024-09-04 20:00:00,143.82,143.867,143.185,143.335,9317,MT5,H4
2024-09-05 00:00:00,143.331,143.903,143.297,143.761,20235,MT5,H4
2024-09-05 04:00:00,143.763,143.854,143.044,143.611,20372,MT5,H4
2024-09-05 08:00:00,143.611,143.75,143.412,143.451,14332,MT5,H4
2024-09-05 12:00:00,143.448,144.23,142.846,143.434,37732,MT5,H4
2024-09-05 16:00:00,143.431,143.544,143.19,143.443,15301,MT5,H4
2024-09-05 20:00:00,143.449,143.481,143.322,143.386,5391,MT5,H4
2024-09-06 00:00:00,143.383,143.418,142.982,143.032,14893,MT5,H4
2024-09-06 04:00:00,143.031,143.031,142.054,142.518,23943,MT5,H4
2024-09-06 08:00:00,142.52,143.126,142.479,143.058,15862,MT5,H4
2024-09-06 12:00:00,143.061,144.051,141.767,142.133,87533,MT5,H4
2024-09-06 16:00:00,142.136,142.691,142.071,142.404,25059,MT5,H4
2024-09-06 20:00:00,142.409,142.424,142.249,142.303,2247,MT5,H4
2024-09-08 20:00:00,142.252,142.528,141.956,142.489,9360,MT5,H4
2024-09-09 00:00:00,142.488,142.986,142.419,142.759,21566,MT5,H4
2024-09-09 04:00:00,142.758,143.359,142.737,143.157,20969,MT5,H4
2024-09-09 08:00:00,143.157,143.798,143.092,143.608,15830,MT5,H4
2024-09-09 12:00:00,143.605,143.698,142.649,142.923,24294,MT5,H4
2024-09-09 16:00:00,142.924,142.956,142.714,142.954,11782,MT5,H4
2024-09-09 20:00:00,142.946,143.297,142.848,143.182,6047,MT5,H4
2024-09-10 00:00:00,143.182,143.545,143.115,143.235,17190,MT5,H4
2024-09-10 04:00:00,143.235,143.612,143.025,143.601,13548,MT5,H4
2024-09-10 08:00:00,143.603,143.71,142.947,143.122,15512,MT5,H4
2024-09-10 12:00:00,143.122,143.189,142.257,142.287,24594,MT5,H4
2024-09-10 16:00:00,142.285,142.567,142.189,142.297,12249,MT5,H4
2024-09-10 20:00:00,142.309,142.486,142.208,142.231,5802,MT5,H4
2024-09-11 00:00:00,142.233,142.423,141.25,141.395,29726,MT5,H4
2024-09-11 04:00:00,141.395,141.545,140.707,141.387,27693,MT5,H4
2024-09-11 08:00:00,141.384,141.822,141.288,141.687,17305,MT5,H4
2024-09-11 12:00:00,141.69,142.547,141.243,141.726,45099,MT5,H4
2024-09-11 16:00:00,141.722,142.409,141.722,142.356,20469,MT5,H4
2024-09-11 20:00:00,142.356,142.676,142.143,142.634,6768,MT5,H4
2024-09-12 00:00:00,142.635,142.947,142.253,142.591,21560,MT5,H4
2024-09-12 04:00:00,142.593,143.042,142.466,142.763,19198,MT5,H4
2024-09-12 08:00:00,142.76,142.777,142.363,142.565,17173,MT5,H4
2024-09-12 12:00:00,142.561,142.663,141.908,142.24,38415,MT5,H4
2024-09-12 16:00:00,142.242,142.655,141.748,141.871,21881,MT5,H4
2024-09-12 20:00:00,141.868,141.916,141.425,141.508,8321,MT5,H4
2024-09-13 00:00:00,141.51,141.558,140.774,140.975,24083,MT5,H4
2024-09-13 04:00:00,140.977,141.411,140.64,140.913,21708,MT5,H4
2024-09-13 08:00:00,140.911,140.974,140.357,140.833,23127,MT5,H4
2024-09-13 12:00:00,140.831,141.02,140.279,140.661,31487,MT5,H4
2024-09-13 16:00:00,140.665,141.006,140.59,140.911,14098,MT5,H4
2024-09-13 20:00:00,140.927,140.935,140.807,140.811,1419,MT5,H4
2024-09-15 20:00:00,140.761,140.899,140.445,140.846,5697,MT5,H4
2024-09-16 00:00:00,140.846,140.846,140.045,140.123,18311,MT5,H4
2024-09-16 04:00:00,140.124,140.3,139.577,139.874,24038,MT5,H4
2024-09-16 08:00:00,139.872,140.272,139.732,139.886,18582,MT5,H4
2024-09-16 12:00:00,139.884,140.907,139.751,140.798,31646,MT5,H4
2024-09-16 16:00:00,140.796,140.881,140.601,140.694,11301,MT5,H4
2024-09-16 20:00:00,140.698,141.246,140.538,140.798,8718,MT5,H4
2024-09-17 00:00:00,140.798,140.844,140.319,140.597,21200,MT5,H4
2024-09-17 04:00:00,140.597,140.805,140.347,140.598,18805,MT5,H4
2024-09-17 08:00:00,140.598,140.74,140.438,140.601,14094,MT5,H4
2024-09-17 12:00:00,140.602,141.902,140.543,141.771,40702,MT5,H4
2024-09-17 16:00:00,141.773,142.296,141.689,142.207,19625,MT5,H4
2024-09-17 20:00:00,142.214,142.456,141.894,142.007,7617,MT5,H4
2024-09-18 00:00:00,142.007,142.021,141.289,141.396,20495,MT5,H4
2024-09-18 04:00:00,141.392,141.93,141.22,141.875,17175,MT5,H4
2024-09-18 08:00:00,141.878,141.995,141.548,141.845,15426,MT5,H4
2024-09-18 12:00:00,141.846,142.065,141.672,141.934,22477,MT5,H4
2024-09-18 16:00:00,141.933,142.712,140.435,142.438,67891,MT5,H4
2024-09-18 20:00:00,142.442,142.758,141.873,142.699,14049,MT5,H4
2024-09-19 00:00:00,142.701,143.943,142.7,143.168,38589,MT5,H4
2024-09-19 04:00:00,143.17,143.295,142.039,142.506,32092,MT5,H4
2024-09-19 08:00:00,142.508,143.251,142.454,142.919,28908,MT5,H4
2024-09-19 12:00:00,142.92,143.766,142.705,142.883,46008,MT5,H4
2024-09-19 16:00:00,142.88,143.133,142.527,142.611,17415,MT5,H4
2024-09-19 20:00:00,142.618,142.93,142.514,142.863,7727,MT5,H4
2024-09-20 00:00:00,142.861,142.897,141.952,142.289,32371,MT5,H4
2024-09-20 04:00:00,142.289,143.645,141.733,143.629,43280,MT5,H4
2024-09-20 08:00:00,143.631,144.427,143.475,144.215,29996,MT5,H4
2024-09-20 12:00:00,144.212,144.495,143.464,143.904,41111,MT5,H4
2024-09-20 16:00:00,143.907,144.155,143.647,143.913,21191,MT5,H4
2024-09-20 20:00:00,143.908,144.043,143.871,143.92,2482,MT5,H4
2024-09-22 20:00:00,143.854,144.09,143.683,144.08,6603,MT5,H4
2024-09-23 00:00:00,144.081,144.458,144.026,144.317,17544,MT5,H4
2024-09-23 04:00:00,144.317,144.35,143.541,143.667,21405,MT5,H4
2024-09-23 08:00:00,143.664,143.746,143.162,143.607,24511,MT5,H4
2024-09-23 12:00:00,143.61,144.345,143.453,143.593,33851,MT5,H4
2024-09-23 16:00:00,143.591,143.628,143.25,143.471,17485,MT5,H4
2024-09-23 20:00:00,143.484,143.778,143.471,143.634,6179,MT5,H4
2024-09-24 00:00:00,143.632,143.909,143.371,143.77,22342,MT5,H4
2024-09-24 04:00:00,143.771,144.677,143.747,144.45,21676,MT5,H4
2024-09-24 08:00:00,144.448,144.633,143.826,143.975,21733,MT5,H4
2024-09-24 12:00:00,143.976,144.205,143.425,143.773,33427,MT5,H4
2024-09-24 16:00:00,143.773,143.793,143.21,143.223,13709,MT5,H4
2024-09-24 20:00:00,143.23,143.252,142.889,142.947,6832,MT5,H4
2024-09-25 00:00:00,142.95,143.494,142.907,143.297,19891,MT5,H4
2024-09-25 04:00:00,143.296,143.907,143.174,143.877,18820,MT5,H4
2024-09-25 08:00:00,143.878,144.44,143.878,144.303,18252,MT5,H4
2024-09-25 12:00:00,144.303,144.603,143.855,144.401,25933,MT5,H4
2024-09-25 16:00:00,144.402,144.764,144.371,144.748,13492,MT5,H4
2024-09-25 20:00:00,144.753,144.839,144.518,144.71,6604,MT5,H4
2024-09-26 00:00:00,144.708,145.039,144.441,144.926,16446,MT5,H4
2024-09-26 04:00:00,144.926,145.167,144.613,145.026,19309,MT5,H4
2024-09-26 08:00:00,145.025,145.198,144.154,144.165,23660,MT5,H4
2024-09-26 12:00:00,144.162,145.212,144.106,144.677,36758,MT5,H4
2024-09-26 16:00:00,144.676,144.9,144.504,144.645,15824,MT5,H4
2024-09-26 20:00:00,144.662,145.143,144.657,145.082,6550,MT5,H4
2024-09-27 00:00:00,145.081,145.578,144.934,145.25,24547,MT5,H4
2024-09-27 04:00:00,145.252,146.498,142.771,143.193,79903,MT5,H4
2024-09-27 08:00:00,143.191,143.77,142.946,143.107,38206,MT5,H4
2024-09-27 12:00:00,143.105,143.239,142.382,142.599,45711,MT5,H4
2024-09-27 16:00:00,142.599,142.702,142.064,142.134,22149,MT5,H4
2024-09-27 20:00:00,142.14,142.264,142.127,142.207,2144,MT5,H4
2024-09-29 20:00:00,142.23,142.949,142.105,142.787,7491,MT5,H4
2024-09-30 00:00:00,142.791,142.845,142.268,142.452,24973,MT5,H4
2024-09-30 04:00:00,142.452,142.502,141.642,142.366,26651,MT5,H4
2024-09-30 08:00:00,142.367,142.798,142.339,142.558,19849,MT5,H4
2024-09-30 12:00:00,142.555,143.367,142.543,143.261,30243,MT5,H4
2024-09-30 16:00:00,143.259,143.916,142.924,143.714,26434,MT5,H4
2024-09-30 20:00:00,143.726,143.737,143.369,143.713,8273,MT5,H4
2024-10-01 00:00:00,143.711,144.33,143.656,144.275,22348,MT5,H4
2024-10-01 04:00:00,144.276,144.529,143.878,144.171,27959,MT5,H4
2024-10-01 08:00:00,144.169,144.225,143.557,143.752,26317,MT5,H4
2024-10-01 12:00:00,143.755,144.07,142.965,143.668,57551,MT5,H4
2024-10-01 16:00:00,143.667,143.92,143.272,143.547,28603,MT5,H4
2024-10-01 20:00:00,143.558,143.762,143.411,143.723,7416,MT5,H4
2024-10-02 00:00:00,143.721,144.187,143.561,144.131,17324,MT5,H4
2024-10-02 04:00:00,144.131,144.187,143.528,144.061,26746,MT5,H4
2024-10-02 08:00:00,144.06,144.89,143.946,144.695,24677,MT5,H4
2024-10-02 12:00:00,144.693,146.266,144.676,146.046,33610,MT5,H4
2024-10-02 16:00:00,146.045,146.477,145.909,146.425,14626,MT5,H4
2024-10-02 20:00:00,146.438,146.817,146.187,146.571,9783,MT5,H4
2024-10-03 00:00:00,146.569,147.242,146.46,146.851,22519,MT5,H4
2024-10-03 04:00:00,146.85,146.931,146.298,146.449,22567,MT5,H4
2024-10-03 08:00:00,146.451,146.992,146.388,146.665,19447,MT5,H4
2024-10-03 12:00:00,146.666,147.179,146.464,146.828,40930,MT5,H4
2024-10-03 16:00:00,146.83,146.929,146.575,146.84,13775,MT5,H4
2024-10-03 20:00:00,146.836,146.963,146.72,146.841,4832,MT5,H4
2024-10-04 00:00:00,146.839,146.93,146.354,146.375,15751,MT5,H4
2024-10-04 04:00:00,146.374,146.386,145.914,146.301,19679,MT5,H4
2024-10-04 08:00:00,146.303,146.629,146.245,146.588,14437,MT5,H4
2024-10-04 12:00:00,146.591,148.807,146.471,148.695,50582,MT5,H4
2024-10-04 16:00:00,148.692,149.005,148.666,148.761,14845,MT5,H4
2024-10-04 20:00:00,148.769,148.769,148.635,148.69,1785,MT5,H4
2024-10-06 20:00:00,148.678,149.116,148.601,148.797,7532,MT5,H4
2024-10-07 00:00:00,148.794,148.794,148.219,148.406,20475,MT5,H4
2024-10-07 04:00:00,148.405,148.616,148.15,148.269,19568,MT5,H4
2024-10-07 08:00:00,148.271,148.686,148.059,148.27,20460,MT5,H4
2024-10-07 12:00:00,148.266,148.274,147.839,148.121,30168,MT5,H4
2024-10-07 16:00:00,148.123,148.194,147.881,148.068,12124,MT5,H4
2024-10-07 20:00:00,148.071,148.203,147.569,148.127,8607,MT5,H4
2024-10-08 00:00:00,148.128,148.193,147.507,147.913,22985,MT5,H4
2024-10-08 04:00:00,147.913,148.162,147.34,147.591,22031,MT5,H4
2024-10-08 08:00:00,147.593,147.999,147.529,147.853,18341,MT5,H4
2024-10-08 12:00:00,147.853,148.361,147.853,148.226,23331,MT5,H4
2024-10-08 16:00:00,148.226,148.381,148.038,148.272,10769,MT5,H4
2024-10-08 20:00:00,148.279,148.321,148.106,148.142,4921,MT5,H4
2024-10-09 00:00:00,148.142,148.433,148.007,148.318,14200,MT5,H4
2024-10-09 04:00:00,148.317,148.653,148.26,148.542,15270,MT5,H4
2024-10-09 08:00:00,148.543,148.756,148.478,148.721,13726,MT5,H4
2024-10-09 12:00:00,148.719,149.265,148.668,149.196,16577,MT5,H4
2024-10-09 16:00:00,149.198,149.363,149.151,149.303,10712,MT5,H4
2024-10-09 20:00:00,149.311,149.354,148.963,149.163,5126,MT5,H4
2024-10-10 00:00:00,149.16,149.292,149.001,149.221,11502,MT5,H4
2024-10-10 04:00:00,149.221,149.545,148.899,149.016,15681,MT5,H4
2024-10-10 08:00:00,149.017,149.21,148.773,148.954,15498,MT5,H4
2024-10-10 12:00:00,148.955,149.601,148.246,148.565,55245,MT5,H4
2024-10-10 16:00:00,148.567,149.08,148.436,148.546,17632,MT5,H4
2024-10-10 20:00:00,148.565,148.745,148.478,148.706,4683,MT5,H4
2024-10-11 00:00:00,148.707,148.794,148.398,148.71,14057,MT5,H4
2024-10-11 04:00:00,148.707,148.857,148.603,148.774,11429,MT5,H4
2024-10-11 08:00:00,148.772,149.141,148.667,149.002,10349,MT5,H4
2024-10-11 12:00:00,148.998,149.284,148.782,149.119,24084,MT5,H4
2024-10-11 16:00:00,149.119,149.148,148.952,149.132,6913,MT5,H4
2024-10-11 20:00:00,149.134,149.171,149.092,149.097,1153,MT5,H4
2024-10-13 20:00:00,149.021,149.394,148.982,149.304,3931,MT5,H4
2024-10-14 00:00:00,149.304,149.368,149.142,149.324,8273,MT5,H4
2024-10-14 04:00:00,149.323,149.395,149.166,149.353,7519,MT5,H4
2024-10-14 08:00:00,149.354,149.727,149.324,149.638,10187,MT5,H4
2024-10-14 12:00:00,149.637,149.958,149.625,149.822,12818,MT5,H4
2024-10-14 16:00:00,149.823,149.98,149.707,149.755,6797,MT5,H4
2024-10-14 20:00:00,149.761,149.836,149.667,149.714,3856,MT5,H4
2024-10-15 00:00:00,149.714,149.743,149.44,149.708,10564,MT5,H4
2024-10-15 04:00:00,149.708,149.757,149.165,149.231,14508,MT5,H4
2024-10-15 08:00:00,149.234,149.369,148.847,149.349,15216,MT5,H4
2024-10-15 12:00:00,149.35,149.415,148.935,149.22,22810,MT5,H4
2024-10-15 16:00:00,149.221,149.321,149.162,149.221,3971,MT5,H4
2024-10-15 20:00:00,149.236,149.335,149.065,149.083,4401,MT5,H4
2024-10-16 00:00:00,149.086,149.298,148.856,149.171,15537,MT5,H4
2024-10-16 04:00:00,149.17,149.487,149.133,149.449,13308,MT5,H4
2024-10-16 08:00:00,149.446,149.487,149.143,149.171,12655,MT5,H4
2024-10-16 12:00:00,149.168,149.744,149.142,149.714,17213,MT5,H4
2024-10-16 16:00:00,149.714,149.804,149.692,149.7,5881,MT5,H4
2024-10-16 20:00:00,149.708,149.715,149.393,149.563,4357,MT5,H4
2024-10-17 00:00:00,149.561,149.617,149.235,149.553,13294,MT5,H4
2024-10-17 04:00:00,149.554,149.792,149.393,149.772,10910,MT5,H4
2024-10-17 08:00:00,149.771,149.871,149.483,149.526,8898,MT5,H4
2024-10-17 12:00:00,149.526,150.149,149.456,150.125,28442,MT5,H4
2024-10-17 16:00:00,150.122,150.322,150.116,150.212,9323,MT5,H4
2024-10-17 20:00:00,150.211,150.284,150.06,150.102,3218,MT5,H4
2024-10-18 00:00:00,150.104,150.147,149.851,149.892,13459,MT5,H4
2024-10-18 04:00:00,149.892,150.135,149.766,150.091,12341,MT5,H4
2024-10-18 08:00:00,150.091,150.153,149.579,150.002,13494,MT5,H4
2024-10-18 12:00:00,150.004,150.081,149.512,149.582,15467,MT5,H4
2024-10-18 16:00:00,149.581,149.65,149.363,149.505,7933,MT5,H4
2024-10-18 20:00:00,149.505,149.537,149.448,149.532,1338,MT5,H4
2024-10-20 20:00:00,149.466,149.635,149.369,149.602,3315,MT5,H4
2024-10-21 00:00:00,149.601,149.613,149.082,149.222,14559,MT5,H4
2024-10-21 04:00:00,149.221,149.855,149.196,149.832,12073,MT5,H4
2024-10-21 08:00:00,149.834,150.091,149.818,149.92,9637,MT5,H4
2024-10-21 12:00:00,149.92,150.484,149.745,150.468,15658,MT5,H4
2024-10-21 16:00:00,150.468,150.837,150.438,150.757,8156,MT5,H4
2024-10-21 20:00:00,150.763,150.88,150.595,150.62,5550,MT5,H4
2024-10-22 00:00:00,150.621,150.983,150.493,150.922,12054,MT5,H4
2024-10-22 04:00:00,150.922,151.105,150.659,150.999,15811,MT5,H4
2024-10-22 08:00:00,150.999,151.032,150.746,150.86,13778,MT5,H4
2024-10-22 12:00:00,150.86,151.145,150.602,151.105,17592,MT5,H4
2024-10-22 16:00:00,151.105,151.192,150.898,151.111,9048,MT5,H4
2024-10-22 20:00:00,151.109,151.158,150.966,151.151,3514,MT5,H4
2024-10-23 00:00:00,151.149,151.831,151.133,151.745,14046,MT5,H4
2024-10-23 04:00:00,151.743,152.553,151.727,152.369,18226,MT5,H4
2024-10-23 08:00:00,152.366,153.08,152.315,153.053,14474,MT5,H4
2024-10-23 12:00:00,153.054,153.185,152.759,152.817,19943,MT5,H4
2024-10-23 16:00:00,152.818,152.933,152.469,152.585,12445,MT5,H4
2024-10-23 20:00:00,152.585,152.824,152.521,152.772,5427,MT5,H4
2024-10-24 00:00:00,152.771,152.793,152.336,152.395,17894,MT5,H4
2024-10-24 04:00:00,152.395,152.397,152.025,152.131,18205,MT5,H4
2024-10-24 08:00:00,152.125,152.246,151.762,152.049,16339,MT5,H4
2024-10-24 12:00:00,152.051,152.326,151.78,151.868,29163,MT5,H4
2024-10-24 16:00:00,151.868,151.902,151.548,151.815,11042,MT5,H4
2024-10-24 20:00:00,151.825,151.865,151.58,151.787,5181,MT5,H4
2024-10-25 00:00:00,151.789,152.103,151.732,151.85,13249,MT5,H4
2024-10-25 04:00:00,151.849,152.04,151.447,151.951,16256,MT5,H4
2024-10-25 08:00:00,151.954,152.095,151.695,151.791,11594,MT5,H4
2024-10-25 12:00:00,151.792,152.164,151.79,152.08,20171,MT5,H4
2024-10-25 16:00:00,152.082,152.378,152.05,152.247,9748,MT5,H4
2024-10-25 20:00:00,152.254,152.344,152.172,152.304,1464,MT5,H4
2024-10-27 20:00:00,153.007,153.195,152.602,152.955,10022,MT5,H4
2024-10-28 00:00:00,152.956,153.881,152.768,153.632,23570,MT5,H4
2024-10-28 04:00:00,153.629,153.745,153.16,153.332,13867,MT5,H4
2024-10-28 08:00:00,153.334,153.428,152.457,152.729,17625,MT5,H4
2024-10-28 12:00:00,152.73,153.235,152.405,153.21,18225,MT5,H4
2024-10-28 16:00:00,153.212,153.373,153.128,153.216,8756,MT5,H4
2024-10-28 20:00:00,153.221,153.344,153.138,153.138,3643,MT5,H4
2024-10-29 00:00:00,153.141,153.244,152.848,153.041,15906,MT5,H4
2024-10-29 04:00:00,153.041,153.278,152.751,153.165,12693,MT5,H4
2024-10-29 08:00:00,153.167,153.676,153.155,153.676,14585,MT5,H4
2024-10-29 12:00:00,153.677,153.864,152.985,153.49,23976,MT5,H4
2024-10-29 16:00:00,153.493,153.598,153.307,153.415,11917,MT5,H4
2024-10-29 20:00:00,153.418,153.436,153.158,153.264,4799,MT5,H4
2024-10-30 00:00:00,153.267,153.438,153.07,153.34,13473,MT5,H4
2024-10-30 04:00:00,153.34,153.464,153.189,153.328,11692,MT5,H4
2024-10-30 08:00:00,153.329,153.36,152.775,153.028,18053,MT5,H4
2024-10-30 12:00:00,153.031,153.496,152.866,153.151,27130,MT5,H4
2024-10-30 16:00:00,153.149,153.43,153.001,153.282,11083,MT5,H4
2024-10-30 20:00:00,153.294,153.38,153.162,153.236,4457,MT5,H4
2024-10-31 00:00:00,153.237,153.617,152.943,153.049,14813,MT5,H4
2024-10-31 04:00:00,153.052,153.085,152.051,152.25,24893,MT5,H4
2024-10-31 08:00:00,152.248,152.845,151.919,152.719,19475,MT5,H4
2024-10-31 12:00:00,152.718,153.048,152.078,152.356,35463,MT5,H4
2024-10-31 16:00:00,152.352,152.511,151.833,151.92,18622,MT5,H4
2024-10-31 20:00:00,151.932,152.138,151.782,151.981,7915,MT5,H4
2024-11-01 00:00:00,151.978,152.423,151.871,152.413,17030,MT5,H4
2024-11-01 04:00:00,152.413,152.651,152.201,152.543,13455,MT5,H4
2024-11-01 08:00:00,152.542,152.846,152.52,152.672,14322,MT5,H4
2024-11-01 12:00:00,152.669,153.068,151.788,152.939,39129,MT5,H4
2024-11-01 16:00:00,152.942,153.068,152.826,152.955,11134,MT5,H4
2024-11-01 20:00:00,152.965,153.086,152.937,152.977,1448,MT5,H4
2024-11-03 20:00:00,152.295,152.5,152.169,152.289,4154,MT5,H4
2024-11-04 00:00:00,152.291,152.291,151.595,151.737,17604,MT5,H4
2024-11-04 04:00:00,151.736,152.275,151.688,152.175,12796,MT5,H4
2024-11-04 08:00:00,152.175,152.227,151.53,151.55,16750,MT5,H4
2024-11-04 12:00:00,151.553,152.1,151.542,151.99,18688,MT5,H4
2024-11-04 16:00:00,151.989,152.197,151.89,152.146,11443,MT5,H4
2024-11-04 20:00:00,152.147,152.287,152.044,152.276,4256,MT5,H4
2024-11-05 00:00:00,152.275,152.445,152.111,152.382,11892,MT5,H4
2024-11-05 04:00:00,152.382,152.542,152.178,152.271,10153,MT5,H4
2024-11-05 08:00:00,152.268,152.384,152.084,152.153,10215,MT5,H4
2024-11-05 12:00:00,152.152,152.337,151.77,152.042,17543,MT5,H4
2024-11-05 16:00:00,152.045,152.094,151.331,151.453,14207,MT5,H4
2024-11-05 20:00:00,151.45,151.901,151.388,151.439,8201,MT5,H4
2024-11-06 00:00:00,151.437,154.335,151.283,153.94,80335,MT5,H4
2024-11-06 04:00:00,153.937,154.38,153.128,153.935,63964,MT5,H4
2024-11-06 08:00:00,153.938,154.254,153.795,154.211,33852,MT5,H4
2024-11-06 12:00:00,154.215,154.477,153.98,154.35,34734,MT5,H4
2024-11-06 16:00:00,154.348,154.698,154.207,154.444,20153,MT5,H4
2024-11-06 20:00:00,154.441,154.643,154.208,154.307,6762,MT5,H4
2024-11-07 00:00:00,154.309,154.712,154.223,154.317,20743,MT5,H4
2024-11-07 04:00:00,154.319,154.373,153.647,153.998,20008,MT5,H4
2024-11-07 08:00:00,153.998,154.133,153.815,154.063,16315,MT5,H4
2024-11-07 12:00:00,154.063,154.107,152.848,152.961,27125,MT5,H4
2024-11-07 16:00:00,152.963,153.469,152.859,153.079,25224,MT5,H4
2024-11-07 20:00:00,153.083,153.186,152.688,153.172,11787,MT5,H4
2024-11-08 00:00:00,153.169,153.366,152.729,152.813,18615,MT5,H4
2024-11-08 04:00:00,152.813,152.953,152.548,152.64,15885,MT5,H4
2024-11-08 08:00:00,152.64,152.745,152.137,152.422,20185,MT5,H4
2024-11-08 12:00:00,152.42,152.856,152.328,152.42,22291,MT5,H4
2024-11-08 16:00:00,152.421,152.815,152.405,152.672,14438,MT5,H4
2024-11-08 20:00:00,152.675,152.751,152.435,152.587,4426,MT5,H4
2024-11-10 20:00:00,152.634,152.941,152.559,152.909,2978,MT5,H4
2024-11-11 00:00:00,152.912,153.461,152.869,153.446,12592,MT5,H4
2024-11-11 04:00:00,153.446,153.668,153.314,153.638,11987,MT5,H4
2024-11-11 08:00:00,153.639,153.853,153.552,153.753,12751,MT5,H4
2024-11-11 12:00:00,153.753,153.949,153.643,153.859,12986,MT5,H4
2024-11-11 16:00:00,153.857,153.911,153.723,153.765,6594,MT5,H4
2024-11-11 20:00:00,153.766,153.769,153.466,153.515,4230,MT5,H4
2024-11-12 00:00:00,153.524,154.06,153.483,153.655,13883,MT5,H4
2024-11-12 04:00:00,153.652,153.889,153.402,153.817,12625,MT5,H4
2024-11-12 08:00:00,153.82,154.165,153.702,154.069,14301,MT5,H4
2024-11-12 12:00:00,154.07,154.549,153.996,154.513,15532,MT5,H4
2024-11-12 16:00:00,154.516,154.923,154.459,154.749,12179,MT5,H4
2024-11-12 20:00:00,154.749,154.784,154.482,154.657,5441,MT5,H4
2024-11-13 00:00:00,154.66,154.937,154.536,154.803,13836,MT5,H4
2024-11-13 04:00:00,154.801,155.155,154.747,155.11,13236,MT5,H4
2024-11-13 08:00:00,155.113,155.236,154.789,154.818,12795,MT5,H4
2024-11-13 12:00:00,154.815,155.139,154.339,154.985,30699,MT5,H4
2024-11-13 16:00:00,154.985,155.622,154.979,155.544,13258,MT5,H4
2024-11-13 20:00:00,155.541,155.598,155.214,155.416,5730,MT5,H4
2024-11-14 00:00:00,155.417,156.062,155.404,155.944,13281,MT5,H4
2024-11-14 04:00:00,155.942,156.135,155.701,155.838,10558,MT5,H4
2024-11-14 08:00:00,155.835,156.239,155.739,155.921,12869,MT5,H4
2024-11-14 12:00:00,155.921,156.193,155.52,155.952,23877,MT5,H4
2024-11-14 16:00:00,155.952,156.041,155.671,155.919,11396,MT5,H4
2024-11-14 20:00:00,155.92,156.514,155.895,156.477,12228,MT5,H4
2024-11-15 00:00:00,156.478,156.748,156.275,156.499,16338,MT5,H4
2024-11-15 04:00:00,156.502,156.549,155.757,155.777,14029,MT5,H4
2024-11-15 08:00:00,155.778,155.779,155.216,155.491,18056,MT5,H4
2024-11-15 12:00:00,155.494,155.781,154.839,154.948,33519,MT5,H4
2024-11-15 16:00:00,154.95,155.016,153.86,154.212,24621,MT5,H4
2024-11-15 20:00:00,154.215,154.473,154.172,154.357,5664,MT5,H4
2024-11-17 20:00:00,154.324,154.742,154.19,154.636,3655,MT5,H4
2024-11-18 00:00:00,154.638,155.143,153.837,154.65,35337,MT5,H4
2024-11-18 04:00:00,154.651,154.766,154.291,154.567,20010,MT5,H4
2024-11-18 08:00:00,154.569,155.122,154.498,155.053,20046,MT5,H4
2024-11-18 12:00:00,155.053,155.356,154.583,154.989,24454,MT5,H4
2024-11-18 16:00:00,154.991,155.068,154.569,154.736,14463,MT5,H4
2024-11-18 20:00:00,154.739,154.741,154.425,154.612,5087,MT5,H4
2024-11-19 00:00:00,154.612,154.617,153.951,154.175,17417,MT5,H4
2024-11-19 04:00:00,154.172,154.655,154.112,154.524,14026,MT5,H4
2024-11-19 08:00:00,154.527,154.574,153.277,154.08,47674,MT5,H4
2024-11-19 12:00:00,154.078,154.235,153.405,153.959,39173,MT5,H4
2024-11-19 16:00:00,153.957,154.797,153.914,154.694,15981,MT5,H4
2024-11-19 20:00:00,154.694,154.74,154.503,154.719,5072,MT5,H4
2024-11-20 00:00:00,154.724,154.988,154.585,154.953,13687,MT5,H4
2024-11-20 04:00:00,154.952,155.68,154.942,155.654,12570,MT5,H4
2024-11-20 08:00:00,155.656,155.862,155.577,155.831,12637,MT5,H4
2024-11-20 12:00:00,155.831,155.887,155.054,155.528,21929,MT5,H4
2024-11-20 16:00:00,155.525,155.611,155.182,155.366,15315,MT5,H4
2024-11-20 20:00:00,155.367,155.531,155.154,155.275,5631,MT5,H4
2024-11-21 00:00:00,155.273,155.302,154.875,154.922,15890,MT5,H4
2024-11-21 04:00:00,154.923,155.263,154.557,154.911,24148,MT5,H4
2024-11-21 08:00:00,154.904,155.034,154.081,154.53,28411,MT5,H4
2024-11-21 12:00:00,154.527,154.714,153.904,154.317,33611,MT5,H4
2024-11-21 16:00:00,154.317,154.698,154.304,154.503,20314,MT5,H4
2024-11-21 20:00:00,154.503,154.589,154.105,154.151,6905,MT5,H4
2024-11-22 00:00:00,154.157,154.493,153.964,154.263,17722,MT5,H4
2024-11-22 04:00:00,154.265,154.954,154.265,154.725,14377,MT5,H4
2024-11-22 08:00:00,154.728,154.867,154.25,154.312,25984,MT5,H4
2024-11-22 12:00:00,154.31,155.024,154.189,154.895,29834,MT5,H4
2024-11-22 16:00:00,154.896,154.919,154.659,154.801,14172,MT5,H4
2024-11-22 20:00:00,154.802,154.889,154.741,154.747,3704,MT5,H4
2024-11-24 20:00:00,154.19,154.363,154.051,154.148,4220,MT5,H4
2024-11-25 00:00:00,154.148,154.235,153.547,153.941,20250,MT5,H4
2024-11-25 04:00:00,153.943,154.555,153.937,154.538,17867,MT5,H4
2024-11-25 08:00:00,154.54,154.722,154.314,154.504,18030,MT5,H4
2024-11-25 12:00:00,154.505,154.562,153.623,154.364,29463,MT5,H4
2024-11-25 16:00:00,154.368,154.52,153.991,154.131,16965,MT5,H4
2024-11-25 20:00:00,154.133,154.452,153.875,154.376,7659,MT5,H4
2024-11-26 00:00:00,154.384,154.416,153.723,153.741,25606,MT5,H4
2024-11-26 04:00:00,153.737,154.218,153.542,154.037,15740,MT5,H4
2024-11-26 08:00:00,154.034,154.12,153.704,153.775,14887,MT5,H4
2024-11-26 12:00:00,153.776,153.804,152.98,153.458,29949,MT5,H4
2024-11-26 16:00:00,153.457,153.68,153.079,153.11,19650,MT5,H4
2024-11-26 20:00:00,153.11,153.229,152.925,152.925,8006,MT5,H4
2024-11-27 00:00:00,152.929,153.031,152.38,152.451,19038,MT5,H4
2024-11-27 04:00:00,152.451,152.476,151.837,151.949,17707,MT5,H4
2024-11-27 08:00:00,151.949,151.956,151.221,151.485,25508,MT5,H4
2024-11-27 12:00:00,151.487,151.802,150.928,151.103,30346,MT5,H4
2024-11-27 16:00:00,151.105,151.373,150.45,151.023,23855,MT5,H4
2024-11-27 20:00:00,151.02,151.374,150.819,151.341,7793,MT5,H4
2024-11-28 00:00:00,151.341,151.745,151.279,151.625,16812,MT5,H4
2024-11-28 04:00:00,151.622,151.775,151.357,151.751,12307,MT5,H4
2024-11-28 08:00:00,151.753,151.95,151.691,151.833,13092,MT5,H4
2024-11-28 12:00:00,151.831,151.846,151.402,151.515,11063,MT5,H4
2024-11-28 16:00:00,151.515,151.569,151.452,151.481,3713,MT5,H4
2024-11-28 20:00:00,151.482,151.537,150.977,151.182,3691,MT5,H4
2024-11-29 00:00:00,151.183,151.205,149.848,150.102,35251,MT5,H4
2024-11-29 04:00:00,150.098,150.27,149.527,149.982,22135,MT5,H4
2024-11-29 08:00:00,149.988,150.362,149.827,150.038,18993,MT5,H4
2024-11-29 12:00:00,150.038,150.346,149.872,150.174,18154,MT5,H4
2024-11-29 16:00:00,150.172,150.528,149.462,149.598,20102,MT5,H4
2024-11-29 20:00:00,149.604,149.699,149.524,149.664,5249,MT5,H4
2024-12-01 20:00:00,149.59,150.065,149.413,149.857,4229,MT5,H4
2024-12-02 00:00:00,149.86,150.743,149.803,150.525,20638,MT5,H4
2024-12-02 04:00:00,150.524,150.75,149.988,150.245,19571,MT5,H4
2024-12-02 08:00:00,150.247,150.44,150.043,150.148,17221,MT5,H4
2024-12-02 12:00:00,150.148,150.35,149.718,149.872,27469,MT5,H4
2024-12-02 16:00:00,149.868,149.947,149.078,149.523,21974,MT5,H4
2024-12-02 20:00:00,149.522,149.81,149.225,149.509,11126,MT5,H4
2024-12-03 00:00:00,149.513,150.135,149.494,150.091,17496,MT5,H4
2024-12-03 04:00:00,150.091,150.237,149.87,150.004,12691,MT5,H4
2024-12-03 08:00:00,150.002,150.183,149.676,149.731,16149,MT5,H4
2024-12-03 12:00:00,149.731,149.871,148.64,149.147,33613,MT5,H4
2024-12-03 16:00:00,149.149,149.538,148.961,149.503,21443,MT5,H4
2024-12-03 20:00:00,149.505,149.695,149.402,149.608,5911,MT5,H4
2024-12-04 00:00:00,149.612,150.081,149.518,149.932,19333,MT5,H4
2024-12-04 04:00:00,149.934,150.436,149.856,150.379,19228,MT5,H4
2024-12-04 08:00:00,150.381,151.048,150.295,150.886,19830,MT5,H4
2024-12-04 12:00:00,150.888,151.23,150.279,150.391,29309,MT5,H4
2024-12-04 16:00:00,150.39,150.595,149.988,150.439,20490,MT5,H4
2024-12-04 20:00:00,150.436,150.761,150.33,150.546,7771,MT5,H4
2024-12-05 00:00:00,150.547,150.678,150.183,150.287,19284,MT5,H4
2024-12-05 04:00:00,150.287,150.425,149.658,149.783,18808,MT5,H4
2024-12-05 08:00:00,149.781,150.352,149.651,150.156,14497,MT5,H4
2024-12-05 12:00:00,150.155,150.696,150.142,150.246,25645,MT5,H4
2024-12-05 16:00:00,150.244,150.348,149.916,150.017,14416,MT5,H4
2024-12-05 20:00:00,150.016,150.229,149.95,150.118,5720,MT5,H4
2024-12-06 00:00:00,150.119,150.275,149.766,149.877,15944,MT5,H4
2024-12-06 04:00:00,149.877,150.169,149.769,150.09,11958,MT5,H4
2024-12-06 08:00:00,150.091,150.698,150.09,150.509,13118,MT5,H4
2024-12-06 12:00:00,150.509,150.655,149.357,149.867,39224,MT5,H4
2024-12-06 16:00:00,149.869,150.13,149.673,149.968,16355,MT5,H4
2024-12-06 20:00:00,149.965,150.053,149.939,150.043,3287,MT5,H4
2024-12-08 20:00:00,149.923,150.051,149.836,149.888,2634,MT5,H4
2024-12-09 00:00:00,149.889,150.051,149.688,149.976,14300,MT5,H4
2024-12-09 04:00:00,149.979,150.35,149.834,150.342,12172,MT5,H4
2024-12-09 08:00:00,150.343,150.52,150.312,150.487,13002,MT5,H4
2024-12-09 12:00:00,150.488,151.242,150.437,151.022,16609,MT5,H4
2024-12-09 16:00:00,151.023,151.346,150.966,151.238,9509,MT5,H4
2024-12-09 20:00:00,151.236,151.427,151.064,151.388,5752,MT5,H4
2024-12-10 00:00:00,151.39,151.547,151.031,151.07,15353,MT5,H4
2024-12-10 04:00:00,151.068,151.582,150.896,151.551,13506,MT5,H4
2024-12-10 08:00:00,151.554,151.785,151.411,151.702,15133,MT5,H4
2024-12-10 12:00:00,151.701,152.17,151.528,152.122,17402,MT5,H4
2024-12-10 16:00:00,152.121,152.181,151.841,151.93,11255,MT5,H4
2024-12-10 20:00:00,151.931,151.975,151.774,151.835,4960,MT5,H4
2024-12-11 00:00:00,151.841,151.871,151.413,151.544,12746,MT5,H4
2024-12-11 04:00:00,151.545,151.792,151.418,151.674,12424,MT5,H4
2024-12-11 08:00:00,151.653,152.794,151.0,152.551,32402,MT5,H4
2024-12-11 12:00:00,152.549,152.861,151.913,152.454,30783,MT5,H4
2024-12-11 16:00:00,152.454,152.717,152.239,152.641,15496,MT5,H4
2024-12-11 20:00:00,152.639,152.646,152.187,152.259,5092,MT5,H4
2024-12-12 00:00:00,152.259,152.411,151.948,152.352,14724,MT5,H4
2024-12-12 04:00:00,152.352,152.773,152.179,152.569,15834,MT5,H4
2024-12-12 08:00:00,152.571,152.658,152.16,152.185,16661,MT5,H4
2024-12-12 12:00:00,152.186,152.399,151.797,152.286,30017,MT5,H4
2024-12-12 16:00:00,152.285,152.545,152.036,152.537,14069,MT5,H4
2024-12-12 20:00:00,152.537,152.687,152.428,152.588,5442,MT5,H4
2024-12-13 00:00:00,152.589,153.048,152.551,152.901,15086,MT5,H4
2024-12-13 04:00:00,152.901,153.084,152.672,152.797,10547,MT5,H4
2024-12-13 08:00:00,152.793,153.623,152.793,153.623,12533,MT5,H4
2024-12-13 12:00:00,153.624,153.688,153.259,153.661,15807,MT5,H4
2024-12-13 16:00:00,153.66,153.8,153.557,153.686,8884,MT5,H4
2024-12-13 20:00:00,153.684,153.727,153.593,153.635,2191,MT5,H4
2024-12-15 20:00:00,153.633,153.683,153.391,153.453,2746,MT5,H4
2024-12-16 00:00:00,153.453,153.971,153.324,153.817,12360,MT5,H4
2024-12-16 04:00:00,153.817,153.891,153.477,153.526,9811,MT5,H4
2024-12-16 08:00:00,153.523,153.859,153.44,153.801,11214,MT5,H4
2024-12-16 12:00:00,153.8,154.476,153.779,154.235,13837,MT5,H4
2024-12-16 16:00:00,154.237,154.311,154.007,154.126,9526,MT5,H4
2024-12-16 20:00:00,154.125,154.26,154.047,154.091,3841,MT5,H4
2024-12-17 00:00:00,154.098,154.342,153.799,154.041,13872,MT5,H4
2024-12-17 04:00:00,154.041,154.258,153.92,154.066,12120,MT5,H4
2024-12-17 08:00:00,154.067,154.165,153.684,153.907,13453,MT5,H4
2024-12-17 12:00:00,153.909,154.001,153.42,153.51,18089,MT5,H4
2024-12-17 16:00:00,153.508,153.64,153.157,153.337,12038,MT5,H4
2024-12-17 20:00:00,153.338,153.593,153.325,153.564,5177,MT5,H4
2024-12-18 00:00:00,153.569,153.783,153.541,153.615,11217,MT5,H4
2024-12-18 04:00:00,153.618,153.653,153.333,153.579,10483,MT5,H4
2024-12-18 08:00:00,153.58,153.741,153.517,153.66,9435,MT5,H4
2024-12-18 12:00:00,153.659,154.053,153.632,154.019,13846,MT5,H4
2024-12-18 16:00:00,154.02,154.66,153.718,154.644,21239,MT5,H4
2024-12-18 20:00:00,154.648,154.817,154.326,154.662,15748,MT5,H4
2024-12-19 00:00:00,154.662,155.437,154.462,155.256,23383,MT5,H4
2024-12-19 04:00:00,155.254,156.779,154.913,156.476,33614,MT5,H4
2024-12-19 08:00:00,156.478,157.146,156.434,156.695,26932,MT5,H4
2024-12-19 12:00:00,156.695,157.734,156.394,157.71,29754,MT5,H4
2024-12-19 16:00:00,157.71,157.806,157.347,157.42,17223,MT5,H4
2024-12-19 20:00:00,157.416,157.666,157.306,157.645,7464,MT5,H4
2024-12-20 00:00:00,157.649,157.925,156.83,157.07,25471,MT5,H4
2024-12-20 04:00:00,157.068,157.315,156.763,156.828,17336,MT5,H4
2024-12-20 08:00:00,156.827,156.963,156.622,156.768,16469,MT5,H4
2024-12-20 12:00:00,156.771,156.816,156.316,156.503,24674,MT5,H4
2024-12-20 16:00:00,156.505,156.585,155.95,156.001,15322,MT5,H4
2024-12-20 20:00:00,156.004,156.46,155.996,156.428,4207,MT5,H4
2024-12-22 20:00:00,156.358,156.562,156.286,156.56,2426,MT5,H4
2024-12-23 00:00:00,156.567,156.69,156.335,156.517,12112,MT5,H4
2024-12-23 04:00:00,156.518,156.811,156.484,156.791,8553,MT5,H4
2024-12-23 08:00:00,156.794,156.88,156.459,156.847,11594,MT5,H4
2024-12-23 12:00:00,156.847,157.266,156.847,157.13,14754,MT5,H4
2024-12-23 16:00:00,157.13,157.211,156.981,157.099,8719,MT5,H4
2024-12-23 20:00:00,157.099,157.233,157.029,157.179,4955,MT5,H4
2024-12-24 00:00:00,157.183,157.39,157.048,157.085,9022,MT5,H4
2024-12-24 04:00:00,157.082,157.145,156.887,157.137,8788,MT5,H4
2024-12-24 08:00:00,157.137,157.178,156.984,157.141,6291,MT5,H4
2024-12-24 12:00:00,157.141,157.345,157.071,157.332,7396,MT5,H4
2024-12-24 16:00:00,157.332,157.377,157.22,157.295,5095,MT5,H4
2024-12-24 20:00:00,157.295,157.298,156.989,157.143,1293,MT5,H4
2024-12-25 20:00:00,157.044,157.264,156.99,157.119,2036,MT5,H4
2024-12-26 00:00:00,157.125,157.477,157.072,157.37,8338,MT5,H4
2024-12-26 04:00:00,157.37,157.464,157.305,157.371,5498,MT5,H4
2024-12-26 08:00:00,157.371,157.588,157.303,157.585,5283,MT5,H4
2024-12-26 12:00:00,157.588,158.071,157.581,158.068,8319,MT5,H4
2024-12-26 16:00:00,158.071,158.081,157.867,157.984,9595,MT5,H4
2024-12-26 20:00:00,157.982,158.025,157.67,157.765,5227,MT5,H4
2024-12-27 00:00:00,157.768,157.952,157.503,157.648,12388,MT5,H4
2024-12-27 04:00:00,157.648,157.854,157.548,157.813,7756,MT5,H4
2024-12-27 08:00:00,157.816,157.913,157.621,157.65,8007,MT5,H4
2024-12-27 12:00:00,157.653,157.894,157.53,157.569,12015,MT5,H4
2024-12-27 16:00:00,157.571,157.942,157.349,157.94,10069,MT5,H4
2024-12-27 20:00:00,157.94,157.943,157.83,157.877,2595,MT5,H4
2024-12-29 20:00:00,157.708,157.892,157.64,157.889,1707,MT5,H4
2024-12-30 00:00:00,157.9,157.985,157.697,157.812,6846,MT5,H4
2024-12-30 04:00:00,157.812,158.073,157.757,157.888,8140,MT5,H4
2024-12-30 08:00:00,157.887,157.984,157.56,157.635,7682,MT5,H4
2024-12-30 12:00:00,157.635,157.649,156.67,157.174,19962,MT5,H4
2024-12-30 16:00:00,157.175,157.352,156.917,157.09,10806,MT5,H4
2024-12-30 20:00:00,157.091,157.113,156.756,157.007,4890,MT5,H4
2024-12-31 00:00:00,157.008,157.046,156.327,156.44,10996,MT5,H4
2024-12-31 04:00:00,156.44,156.461,156.062,156.2,8720,MT5,H4
2024-12-31 08:00:00,156.201,156.959,156.02,156.798,13948,MT5,H4
2024-12-31 12:00:00,156.797,157.192,156.552,157.156,19372,MT5,H4
2024-12-31 16:00:00,157.158,157.547,157.1,157.309,13742,MT5,H4
2024-12-31 20:00:00,157.307,157.375,157.198,157.21,2388,MT5,H4
2025-01-01 20:00:00,157.057,157.772,157.028,157.689,2347,MT5,H4
2025-01-02 00:00:00,157.699,157.773,157.129,157.156,11258,MT5,H4
2025-01-02 04:00:00,157.156,157.21,156.435,156.67,11011,MT5,H4
2025-01-02 08:00:00,156.673,157.284,156.462,157.2,15226,MT5,H4
2025-01-02 12:00:00,157.2,157.238,156.631,157.146,24445,MT5,H4
2025-01-02 16:00:00,157.146,157.851,157.133,157.615,16342,MT5,H4
2025-01-02 20:00:00,157.616,157.654,157.35,157.354,3913,MT5,H4
2025-01-03 00:00:00,157.357,157.461,157.175,157.307,8283,MT5,H4
2025-01-03 04:00:00,157.306,157.388,157.036,157.136,7843,MT5,H4
2025-01-03 08:00:00,157.133,157.422,157.087,157.238,9665,MT5,H4
2025-01-03 12:00:00,157.154,157.492,157.019,157.393,12464,MT5,H4
2025-01-03 16:00:00,157.396,157.402,156.869,157.202,8867,MT5,H4
2025-01-03 20:00:00,157.202,157.373,157.138,157.304,2329,MT5,H4
2025-01-05 20:00:00,157.171,157.526,157.124,157.501,2071,MT5,H4
2025-01-06 00:00:00,157.506,157.827,157.485,157.712,12370,MT5,H4
2025-01-06 04:00:00,157.713,157.806,157.528,157.66,8050,MT5,H4
2025-01-06 08:00:00,157.661,157.961,157.163,157.2,16701,MT5,H4
2025-01-06 12:00:00,157.202,157.657,156.239,157.534,37446,MT5,H4
2025-01-06 16:00:00,157.531,157.67,157.346,157.542,11379,MT5,H4
2025-01-06 20:00:00,157.54,157.804,157.402,157.736,4088,MT5,H4
2025-01-07 00:00:00,157.737,158.413,157.734,158.121,15527,MT5,H4
2025-01-07 04:00:00,158.122,158.154,157.455,157.493,13026,MT5,H4
2025-01-07 08:00:00,157.496,157.85,157.363,157.714,14215,MT5,H4
2025-01-07 12:00:00,157.713,158.426,157.533,157.943,20124,MT5,H4
2025-01-07 16:00:00,157.94,158.042,157.584,157.778,19030,MT5,H4
2025-01-07 20:00:00,157.778,158.235,157.737,158.215,5135,MT5,H4
2025-01-08 00:00:00,158.228,158.233,157.903,158.196,10501,MT5,H4
2025-01-08 04:00:00,158.198,158.263,157.923,158.111,8302,MT5,H4
2025-01-08 08:00:00,158.114,158.553,158.052,158.371,11878,MT5,H4
2025-01-08 12:00:00,158.373,158.547,158.143,158.37,20336,MT5,H4
2025-01-08 16:00:00,158.373,158.497,158.27,158.466,10903,MT5,H4
2025-01-08 20:00:00,158.463,158.463,158.061,158.19,4698,MT5,H4
2025-01-09 00:00:00,158.193,158.324,157.913,157.973,9633,MT5,H4
2025-01-09 04:00:00,157.973,158.2,157.759,158.19,10759,MT5,H4
2025-01-09 08:00:00,158.189,158.283,157.82,157.903,10757,MT5,H4
2025-01-09 12:00:00,157.904,157.974,157.572,157.969,12285,MT5,H4
2025-01-09 16:00:00,157.967,158.162,157.921,158.111,5642,MT5,H4
2025-01-09 20:00:00,158.113,158.16,158.002,158.036,2884,MT5,H4
2025-01-10 00:00:00,158.042,158.282,157.932,158.233,12344,MT5,H4
2025-01-10 04:00:00,158.231,158.444,158.225,158.388,8178,MT5,H4
2025-01-10 08:00:00,158.386,158.424,157.618,157.993,18949,MT5,H4
2025-01-10 12:00:00,157.993,158.877,157.221,157.551,39261,MT5,H4
2025-01-10 16:00:00,157.553,157.983,157.539,157.871,15832,MT5,H4
2025-01-10 20:00:00,157.871,157.931,157.684,157.725,3322,MT5,H4
2025-01-12 20:00:00,157.72,157.915,157.649,157.905,2346,MT5,H4
2025-01-13 00:00:00,157.908,157.966,157.268,157.415,12425,MT5,H4
2025-01-13 04:00:00,157.416,157.595,157.243,157.46,11751,MT5,H4
2025-01-13 08:00:00,157.457,157.667,157.008,157.316,17510,MT5,H4
2025-01-13 12:00:00,157.313,157.585,156.91,157.514,19682,MT5,H4
2025-01-13 16:00:00,157.517,157.817,157.293,157.812,10739,MT5,H4
2025-01-13 20:00:00,157.811,157.811,157.062,157.306,6373,MT5,H4
2025-01-14 00:00:00,157.307,158.028,157.058,157.556,23170,MT5,H4
2025-01-14 04:00:00,157.553,157.721,157.292,157.522,14176,MT5,H4
2025-01-14 08:00:00,157.52,158.028,157.389,157.937,13393,MT5,H4
2025-01-14 12:00:00,157.936,158.151,157.403,157.963,24015,MT5,H4
2025-01-14 16:00:00,157.964,158.196,157.833,157.939,12727,MT5,H4
2025-01-14 20:00:00,157.936,158.066,157.848,158.042,5110,MT5,H4
2025-01-15 00:00:00,158.045,158.083,157.825,157.889,10719,MT5,H4
2025-01-15 04:00:00,157.888,157.935,156.839,156.883,16128,MT5,H4
2025-01-15 08:00:00,156.879,157.213,156.706,157.01,15368,MT5,H4
2025-01-15 12:00:00,157.01,157.087,155.933,156.292,30692,MT5,H4
2025-01-15 16:00:00,156.288,156.732,156.286,156.462,13855,MT5,H4
2025-01-15 20:00:00,156.462,156.548,156.167,156.22,5066,MT5,H4
2025-01-16 00:00:00,156.22,156.526,155.205,155.775,26796,MT5,H4
2025-01-16 04:00:00,155.774,156.31,155.603,156.181,13250,MT5,H4
2025-01-16 08:00:00,156.184,156.236,155.609,155.78,13099,MT5,H4
2025-01-16 12:00:00,155.781,156.36,155.388,155.425,30113,MT5,H4
2025-01-16 16:00:00,155.424,155.549,155.097,155.289,19672,MT5,H4
2025-01-16 20:00:00,155.289,155.396,155.021,155.363,5135,MT5,H4
2025-01-17 00:00:00,155.364,155.482,154.973,155.442,14950,MT5,H4
2025-01-17 04:00:00,155.445,155.772,155.36,155.612,10906,MT5,H4
2025-01-17 08:00:00,155.614,155.847,155.405,155.691,13368,MT5,H4
2025-01-17 12:00:00,155.691,156.193,155.555,156.103,19759,MT5,H4
2025-01-17 16:00:00,156.1,156.373,156.097,156.146,11396,MT5,H4
2025-01-17 20:00:00,156.146,156.308,156.097,156.289,2794,MT5,H4
2025-01-19 20:00:00,156.221,156.57,156.197,156.303,2629,MT5,H4
2025-01-20 00:00:00,156.308,156.361,155.705,155.741,12721,MT5,H4
2025-01-20 04:00:00,155.741,156.284,155.728,155.987,9360,MT5,H4
2025-01-20 08:00:00,155.989,156.459,155.944,156.343,10232,MT5,H4
2025-01-20 12:00:00,156.342,156.469,155.409,155.688,35455,MT5,H4
2025-01-20 16:00:00,155.691,156.063,155.593,155.631,15653,MT5,H4
2025-01-20 20:00:00,155.634,155.71,155.164,155.27,7746,MT5,H4
2025-01-21 00:00:00,155.272,156.236,154.772,155.183,42212,MT5,H4
2025-01-21 04:00:00,155.184,155.749,154.951,155.672,14515,MT5,H4
2025-01-21 08:00:00,155.675,156.053,155.611,155.91,13673,MT5,H4
2025-01-21 12:00:00,155.912,155.951,155.25,155.325,21955,MT5,H4
2025-01-21 16:00:00,155.328,155.593,155.303,155.554,11702,MT5,H4
2025-01-21 20:00:00,155.554,155.798,155.384,155.743,5405,MT5,H4
2025-01-22 00:00:00,155.745,155.957,155.351,155.923,14577,MT5,H4
2025-01-22 04:00:00,155.922,156.071,155.678,156.045,11660,MT5,H4
2025-01-22 08:00:00,156.043,156.114,155.545,155.871,13215,MT5,H4
2025-01-22 12:00:00,155.871,156.421,155.74,156.399,16304,MT5,H4
2025-01-22 16:00:00,156.397,156.706,156.373,156.517,10777,MT5,H4
2025-01-22 20:00:00,156.518,156.587,156.245,156.42,4332,MT5,H4
2025-01-23 00:00:00,156.433,156.61,156.282,156.497,10303,MT5,H4
2025-01-23 04:00:00,156.497,156.752,156.473,156.607,9670,MT5,H4
2025-01-23 08:00:00,156.604,156.631,156.2,156.546,11509,MT5,H4
2025-01-23 12:00:00,156.545,156.595,156.1,156.167,15994,MT5,H4
2025-01-23 16:00:00,156.167,156.391,155.739,155.803,18132,MT5,H4
2025-01-23 20:00:00,155.803,156.173,155.751,156.138,4851,MT5,H4
2025-01-24 00:00:00,156.135,156.416,155.427,155.481,24126,MT5,H4
2025-01-24 04:00:00,155.485,155.743,154.838,155.383,38447,MT5,H4
2025-01-24 08:00:00,155.381,156.106,154.935,156.094,23207,MT5,H4
2025-01-24 12:00:00,156.095,156.575,155.629,155.728,27224,MT5,H4
2025-01-24 16:00:00,155.728,156.023,155.512,155.818,12901,MT5,H4
2025-01-24 20:00:00,155.82,155.994,155.815,155.987,2673,MT5,H4
2025-01-26 20:00:00,155.656,155.813,155.57,155.715,3085,MT5,H4
2025-01-27 00:00:00,155.719,155.874,155.284,155.793,16842,MT5,H4
2025-01-27 04:00:00,155.794,156.247,155.681,155.882,14282,MT5,H4
2025-01-27 08:00:00,155.882,155.908,153.711,153.96,41414,MT5,H4
2025-01-27 12:00:00,153.958,154.681,153.861,154.344,37050,MT5,H4
2025-01-27 16:00:00,154.343,154.721,154.098,154.542,21497,MT5,H4
2025-01-27 20:00:00,154.542,154.974,154.388,154.913,9189,MT5,H4
2025-01-28 00:00:00,154.916,155.742,154.797,155.733,23711,MT5,H4
2025-01-28 04:00:00,155.734,155.979,155.516,155.86,14888,MT5,H4
2025-01-28 08:00:00,155.861,155.932,155.205,155.436,19460,MT5,H4
2025-01-28 12:00:00,155.436,155.742,155.044,155.712,21772,MT5,H4
2025-01-28 16:00:00,155.714,155.758,155.503,155.534,11271,MT5,H4
2025-01-28 20:00:00,155.533,155.609,155.462,155.56,4393,MT5,H4
2025-01-29 00:00:00,155.563,155.79,155.322,155.424,12114,MT5,H4
2025-01-29 04:00:00,155.424,155.434,154.998,155.284,13958,MT5,H4
2025-01-29 08:00:00,155.288,155.521,155.006,155.42,14675,MT5,H4
2025-01-29 12:00:00,155.418,155.496,154.937,155.008,17494,MT5,H4
2025-01-29 16:00:00,155.007,155.608,154.969,155.242,21968,MT5,H4
2025-01-29 20:00:00,155.244,155.385,154.981,155.179,11089,MT5,H4
2025-01-30 00:00:00,155.178,155.201,154.279,154.525,22122,MT5,H4
2025-01-30 04:00:00,154.53,154.732,154.355,154.496,14440,MT5,H4
2025-01-30 08:00:00,154.499,154.648,154.313,154.589,16485,MT5,H4
2025-01-30 12:00:00,154.586,154.594,153.788,154.132,27615,MT5,H4
2025-01-30 16:00:00,154.134,154.495,154.069,154.11,13710,MT5,H4
2025-01-30 20:00:00,154.108,154.494,153.993,154.087,12080,MT5,H4
2025-01-31 00:00:00,154.089,154.421,153.912,154.352,20816,MT5,H4
2025-01-31 04:00:00,154.355,154.932,154.312,154.65,17775,MT5,H4
2025-01-31 08:00:00,154.652,154.854,154.482,154.841,16093,MT5,H4
2025-01-31 12:00:00,154.841,155.019,154.526,154.815,22990,MT5,H4
2025-01-31 16:00:00,154.819,155.22,154.661,155.139,23430,MT5,H4
2025-01-31 20:00:00,155.137,155.21,155.019,155.202,5579,MT5,H4
2025-02-02 20:00:00,154.756,155.426,154.731,155.343,6490,MT5,H4
2025-02-03 00:00:00,155.347,155.885,155.347,155.649,29242,MT5,H4
2025-02-03 04:00:00,155.65,155.744,155.279,155.623,17706,MT5,H4
2025-02-03 08:00:00,155.625,155.715,154.593,154.607,19340,MT5,H4
2025-02-03 12:00:00,154.61,154.864,154.003,154.725,43362,MT5,H4
2025-02-03 16:00:00,154.726,155.01,154.513,154.893,24633,MT5,H4
2025-02-03 20:00:00,154.89,155.29,154.529,155.261,9309,MT5,H4
2025-02-04 00:00:00,155.265,155.403,155.038,155.21,15765,MT5,H4
2025-02-04 04:00:00,155.21,155.39,154.823,155.324,17090,MT5,H4
2025-02-04 08:00:00,155.322,155.52,155.063,155.311,15641,MT5,H4
2025-02-04 12:00:00,155.311,155.395,154.531,154.674,20160,MT5,H4
2025-02-04 16:00:00,154.673,154.673,154.17,154.287,14963,MT5,H4
2025-02-04 20:00:00,154.285,154.457,154.019,154.13,6000,MT5,H4
2025-02-05 00:00:00,154.13,154.357,153.078,153.219,26794,MT5,H4
2025-02-05 04:00:00,153.218,153.566,153.07,153.302,16196,MT5,H4
2025-02-05 08:00:00,153.301,153.393,152.548,152.87,18675,MT5,H4
2025-02-05 12:00:00,152.871,153.204,152.109,152.138,28216,MT5,H4
2025-02-05 16:00:00,152.139,152.54,152.112,152.521,14290,MT5,H4
2025-02-05 20:00:00,152.523,152.766,152.328,152.647,6663,MT5,H4
2025-02-06 00:00:00,152.649,152.687,151.809,152.234,20281,MT5,H4
2025-02-06 04:00:00,152.234,152.673,152.128,152.58,14305,MT5,H4
2025-02-06 08:00:00,152.581,152.895,152.355,152.431,15044,MT5,H4
2025-02-06 12:00:00,152.428,152.528,151.657,151.687,24525,MT5,H4
2025-02-06 16:00:00,151.689,152.057,151.235,151.383,17496,MT5,H4
2025-02-06 20:00:00,151.385,151.536,151.147,151.165,5990,MT5,H4
2025-02-07 00:00:00,151.169,151.738,150.955,151.581,18942,MT5,H4
2025-02-07 04:00:00,151.581,151.886,151.54,151.822,11550,MT5,H4
2025-02-07 08:00:00,151.822,152.182,151.665,152.152,13295,MT5,H4
2025-02-07 12:00:00,152.152,152.423,151.276,151.386,40286,MT5,H4
2025-02-07 16:00:00,151.389,151.852,150.928,151.381,32501,MT5,H4
2025-02-07 20:00:00,151.378,151.451,151.251,151.405,4242,MT5,H4
2025-02-09 20:00:00,151.206,151.878,151.13,151.867,4072,MT5,H4
2025-02-10 00:00:00,151.874,152.209,151.625,151.919,17389,MT5,H4
2025-02-10 04:00:00,151.919,152.19,151.766,152.165,11250,MT5,H4
2025-02-10 08:00:00,152.168,152.536,152.008,152.12,13780,MT5,H4
2025-02-10 12:00:00,152.12,152.242,151.566,151.607,16369,MT5,H4
2025-02-10 16:00:00,151.607,152.07,151.569,151.973,9323,MT5,H4
2025-02-10 20:00:00,151.975,152.033,151.744,151.784,4653,MT5,H4
2025-02-11 00:00:00,151.789,152.064,151.681,151.979,10244,MT5,H4
2025-02-11 04:00:00,151.979,152.046,151.83,151.948,7035,MT5,H4
2025-02-11 08:00:00,151.952,152.375,151.647,152.336,13148,MT5,H4
2025-02-11 12:00:00,152.338,152.594,152.218,152.491,17691,MT5,H4
2025-02-11 16:00:00,152.489,152.555,152.248,152.487,11742,MT5,H4
2025-02-11 20:00:00,152.488,152.758,152.29,152.757,6176,MT5,H4
2025-02-12 00:00:00,152.758,153.681,152.725,153.631,16023,MT5,H4
2025-02-12 04:00:00,153.631,153.733,153.413,153.676,12818,MT5,H4
2025-02-12 08:00:00,153.679,153.883,153.411,153.549,13389,MT5,H4
2025-02-12 12:00:00,153.55,154.615,153.31,154.437,27096,MT5,H4
2025-02-12 16:00:00,154.435,154.802,154.28,154.427,16171,MT5,H4
2025-02-12 20:00:00,154.425,154.462,154.133,154.234,5608,MT5,H4
2025-02-13 00:00:00,154.233,154.667,154.12,154.241,15692,MT5,H4
2025-02-13 04:00:00,154.241,154.488,153.952,154.277,14775,MT5,H4
2025-02-13 08:00:00,154.274,154.339,153.73,153.843,14692,MT5,H4
2025-02-13 12:00:00,153.843,154.012,153.074,153.134,25675,MT5,H4
2025-02-13 16:00:00,153.137,153.346,152.767,152.931,16402,MT5,H4
2025-02-13 20:00:00,152.931,153.146,152.694,152.986,6532,MT5,H4
2025-02-14 00:00:00,152.988,153.1,152.443,152.837,18289,MT5,H4
2025-02-14 04:00:00,152.838,152.893,152.383,152.725,13194,MT5,H4
2025-02-14 08:00:00,152.728,152.84,152.464,152.703,15015,MT5,H4
2025-02-14 12:00:00,152.703,152.824,152.061,152.138,22214,MT5,H4
2025-02-14 16:00:00,152.14,152.389,152.019,152.207,9832,MT5,H4
2025-02-14 20:00:00,152.21,152.352,152.21,152.299,2449,MT5,H4
2025-02-16 20:00:00,152.185,152.383,151.961,152.007,2417,MT5,H4
2025-02-17 00:00:00,152.006,152.115,151.505,151.616,15905,MT5,H4
2025-02-17 04:00:00,151.617,151.889,151.471,151.863,14466,MT5,H4
2025-02-17 08:00:00,151.863,151.942,151.493,151.504,11855,MT5,H4
2025-02-17 12:00:00,151.505,151.535,151.336,151.364,8792,MT5,H4
2025-02-17 16:00:00,151.365,151.451,151.338,151.4,4149,MT5,H4
2025-02-17 20:00:00,151.4,151.616,151.227,151.436,3736,MT5,H4
2025-02-18 00:00:00,151.436,152.091,151.415,152.078,15433,MT5,H4
2025-02-18 04:00:00,152.08,152.22,151.791,152.053,11831,MT5,H4
2025-02-18 08:00:00,152.053,152.101,151.675,151.783,10129,MT5,H4
2025-02-18 12:00:00,151.783,151.879,151.526,151.656,12744,MT5,H4
2025-02-18 16:00:00,151.653,152.044,151.644,151.922,8678,MT5,H4
2025-02-18 20:00:00,151.924,152.12,151.902,151.921,5060,MT5,H4
2025-02-19 00:00:00,151.921,152.31,151.743,151.894,15703,MT5,H4
2025-02-19 04:00:00,151.893,151.935,151.585,151.661,13069,MT5,H4
2025-02-19 08:00:00,151.659,151.953,151.546,151.842,12173,MT5,H4
2025-02-19 12:00:00,151.845,151.929,151.241,151.417,15316,MT5,H4
2025-02-19 16:00:00,151.419,151.827,151.391,151.521,11009,MT5,H4
2025-02-19 20:00:00,151.522,151.57,151.119,151.223,5266,MT5,H4
2025-02-20 00:00:00,151.222,151.235,150.387,150.43,22661,MT5,H4
2025-02-20 04:00:00,150.427,150.481,149.944,150.17,16070,MT5,H4
2025-02-20 08:00:00,150.167,150.434,149.983,150.222,12373,MT5,H4
2025-02-20 12:00:00,150.222,150.232,149.466,149.509,23836,MT5,H4
2025-02-20 16:00:00,149.511,149.812,149.394,149.774,12852,MT5,H4
2025-02-20 20:00:00,149.774,149.827,149.282,149.478,6342,MT5,H4
2025-02-21 00:00:00,149.48,150.736,149.466,150.308,24410,MT5,H4
2025-02-21 04:00:00,150.309,150.652,150.116,150.544,14953,MT5,H4
2025-02-21 08:00:00,150.546,150.614,150.185,150.27,14652,MT5,H4
2025-02-21 12:00:00,150.268,150.51,149.506,149.549,18724,MT5,H4
2025-02-21 16:00:00,149.548,149.62,148.92,149.07,18308,MT5,H4
2025-02-21 20:00:00,149.072,149.338,148.997,149.284,4900,MT5,H4
2025-02-23 20:00:00,149.162,149.397,149.087,149.397,3195,MT5,H4
2025-02-24 00:00:00,149.403,149.498,148.843,149.16,21083,MT5,H4
2025-02-24 04:00:00,149.161,149.546,149.129,149.454,13724,MT5,H4
2025-02-24 08:00:00,149.452,149.789,149.229,149.732,15053,MT5,H4
2025-02-24 12:00:00,149.73,149.874,149.185,149.294,21965,MT5,H4
2025-02-24 16:00:00,149.296,149.799,149.295,149.674,16365,MT5,H4
2025-02-24 20:00:00,149.675,149.908,149.524,149.908,6938,MT5,H4
2025-02-25 00:00:00,149.911,150.298,149.611,149.666,15006,MT5,H4
2025-02-25 04:00:00,149.665,149.866,149.19,149.281,15521,MT5,H4
2025-02-25 08:00:00,149.282,149.952,149.218,149.805,18823,MT5,H4
2025-02-25 12:00:00,149.807,149.817,148.558,149.064,28438,MT5,H4
2025-02-25 16:00:00,149.063,149.253,148.774,149.075,22006,MT5,H4
2025-02-25 20:00:00,149.073,149.18,148.844,149.049,8035,MT5,H4
2025-02-26 00:00:00,149.049,149.518,148.614,149.392,20039,MT5,H4
2025-02-26 04:00:00,149.39,149.63,149.28,149.525,15349,MT5,H4
2025-02-26 08:00:00,149.529,149.591,149.224,149.542,16483,MT5,H4
2025-02-26 12:00:00,149.543,149.887,149.287,149.485,23296,MT5,H4
2025-02-26 16:00:00,149.483,149.529,148.809,148.835,21781,MT5,H4
2025-02-26 20:00:00,148.836,149.184,148.735,148.872,7745,MT5,H4
2025-02-27 00:00:00,148.879,149.403,148.782,149.221,16618,MT5,H4
2025-02-27 04:00:00,149.218,149.423,149.075,149.265,13202,MT5,H4
2025-02-27 08:00:00,149.268,149.971,149.154,149.794,15706,MT5,H4
2025-02-27 12:00:00,149.794,150.138,149.356,149.943,39532,MT5,H4
2025-02-27 16:00:00,149.941,150.163,149.764,149.861,22120,MT5,H4
2025-02-27 20:00:00,149.863,150.098,149.537,150.083,9570,MT5,H4
2025-02-28 00:00:00,150.088,150.145,149.097,149.602,23518,MT5,H4
2025-02-28 04:00:00,149.602,150.567,149.513,150.434,18361,MT5,H4
2025-02-28 08:00:00,150.434,150.685,150.185,150.389,16840,MT5,H4
2025-02-28 12:00:00,150.386,150.984,150.28,150.682,35298,MT5,H4
2025-02-28 16:00:00,150.684,150.791,150.234,150.541,29980,MT5,H4
2025-02-28 20:00:00,150.543,150.622,150.439,150.619,6551,MT5,H4
2025-03-02 20:00:00,150.673,151.013,150.59,150.804,3558,MT5,H4
2025-03-03 00:00:00,150.808,150.949,150.241,150.451,21955,MT5,H4
2025-03-03 04:00:00,150.449,150.532,150.148,150.171,14489,MT5,H4
2025-03-03 08:00:00,150.169,151.235,149.944,151.205,20888,MT5,H4
2025-03-03 12:00:00,151.203,151.302,150.077,150.235,31423,MT5,H4
2025-03-03 16:00:00,150.238,150.373,150.044,150.247,27144,MT5,H4
2025-03-03 20:00:00,150.25,150.258,149.081,149.301,21673,MT5,H4
2025-03-04 00:00:00,149.305,149.532,148.597,149.163,30446,MT5,H4
2025-03-04 04:00:00,149.163,149.577,148.921,149.349,25235,MT5,H4
2025-03-04 08:00:00,149.346,149.455,148.287,148.362,33336,MT5,H4
2025-03-04 12:00:00,148.36,148.707,148.091,148.349,52096,MT5,H4
2025-03-04 16:00:00,148.349,149.369,148.302,149.316,37156,MT5,H4
2025-03-04 20:00:00,149.315,149.964,149.008,149.828,14984,MT5,H4
2025-03-05 00:00:00,149.823,150.182,149.572,149.97,29280,MT5,H4
2025-03-05 04:00:00,149.972,149.972,149.412,149.444,18572,MT5,H4
2025-03-05 08:00:00,149.447,149.641,149.096,149.392,24581,MT5,H4
2025-03-05 12:00:00,149.395,149.737,148.393,148.912,49297,MT5,H4
2025-03-05 16:00:00,148.91,149.141,148.472,148.785,39747,MT5,H4
2025-03-05 20:00:00,148.785,148.995,148.588,148.884,9117,MT5,H4
2025-03-06 00:00:00,148.882,149.334,148.857,149.233,17155,MT5,H4
2025-03-06 04:00:00,149.232,149.307,148.264,148.37,21079,MT5,H4
2025-03-06 08:00:00,148.368,148.413,147.698,147.828,32408,MT5,H4
2025-03-06 12:00:00,147.825,148.314,147.309,148.235,50036,MT5,H4
2025-03-06 16:00:00,148.238,148.392,147.568,147.688,39105,MT5,H4
2025-03-06 20:00:00,147.692,148.142,147.661,148.14,11196,MT5,H4
2025-03-07 00:00:00,148.142,148.164,147.44,147.607,21051,MT5,H4
2025-03-07 04:00:00,147.607,147.752,147.386,147.652,18958,MT5,H4
2025-03-07 08:00:00,147.654,147.754,147.2,147.692,26206,MT5,H4
2025-03-07 12:00:00,147.691,147.964,146.936,147.516,61465,MT5,H4
2025-03-07 16:00:00,147.515,148.202,146.957,148.034,42105,MT5,H4
2025-03-07 20:00:00,148.032,148.116,147.833,148.043,8252,MT5,H4
2025-03-09 20:00:00,147.902,147.936,147.384,147.59,9066,MT5,H4
2025-03-10 00:00:00,147.586,147.755,147.089,147.641,21396,MT5,H4
2025-03-10 04:00:00,147.64,147.791,147.495,147.565,15502,MT5,H4
2025-03-10 08:00:00,147.567,147.637,146.857,147.123,26959,MT5,H4
2025-03-10 12:00:00,147.125,147.304,146.627,147.149,43098,MT5,H4
2025-03-10 16:00:00,147.148,147.464,147.033,147.297,27161,MT5,H4
2025-03-10 20:00:00,147.298,147.357,146.777,147.076,9576,MT5,H4
2025-03-11 00:00:00,147.078,147.191,146.539,147.114,27795,MT5,H4
2025-03-11 04:00:00,147.112,147.401,146.757,146.939,20023,MT5,H4
2025-03-11 08:00:00,146.937,147.726,146.875,147.604,24134,MT5,H4
2025-03-11 12:00:00,147.602,148.118,147.265,147.496,60691,MT5,H4
2025-03-11 16:00:00,147.493,147.913,147.019,147.754,38602,MT5,H4
2025-03-11 20:00:00,147.751,148.066,147.698,148.047,6808,MT5,H4
2025-03-12 00:00:00,148.045,148.155,147.844,148.072,16998,MT5,H4
2025-03-12 04:00:00,148.07,148.599,147.957,148.589,16495,MT5,H4
2025-03-12 08:00:00,148.591,148.771,148.258,148.733,18665,MT5,H4
2025-03-12 12:00:00,148.732,149.194,148.125,148.315,43376,MT5,H4
2025-03-12 16:00:00,148.313,148.432,148.104,148.348,20255,MT5,H4
2025-03-12 20:00:00,148.35,148.364,148.006,148.291,5407,MT5,H4
2025-03-13 00:00:00,148.293,148.37,148.013,148.04,13993,MT5,H4
2025-03-13 04:00:00,148.042,148.114,147.572,147.785,17476,MT5,H4
2025-03-13 08:00:00,147.787,148.235,147.679,147.994,19138,MT5,H4
2025-03-13 12:00:00,147.991,148.354,147.64,147.708,32865,MT5,H4
2025-03-13 16:00:00,147.707,147.832,147.411,147.695,23110,MT5,H4
2025-03-13 20:00:00,147.684,147.974,147.676,147.937,5614,MT5,H4
2025-03-14 00:00:00,147.939,148.43,147.848,148.333,15305,MT5,H4
2025-03-14 04:00:00,148.331,149.021,148.323,148.751,16308,MT5,H4
2025-03-14 08:00:00,148.751,149.002,148.601,148.725,17502,MT5,H4
2025-03-14 12:00:00,148.725,148.893,148.346,148.515,27462,MT5,H4
2025-03-14 16:00:00,148.514,148.661,148.257,148.64,12893,MT5,H4
2025-03-14 20:00:00,148.638,148.653,148.556,148.633,1121,MT5,H4
2025-03-16 20:00:00,148.738,148.8,148.46,148.603,5588,MT5,H4
2025-03-17 00:00:00,148.606,148.895,148.463,148.729,14668,MT5,H4
2025-03-17 04:00:00,148.728,149.097,148.718,148.836,15098,MT5,H4
2025-03-17 08:00:00,148.838,148.979,148.412,148.453,16946,MT5,H4
2025-03-17 12:00:00,148.456,149.095,148.244,148.555,31277,MT5,H4
2025-03-17 16:00:00,148.554,149.283,148.519,149.155,14293,MT5,H4
2025-03-17 20:00:00,149.152,149.397,149.047,149.397,5575,MT5,H4
2025-03-18 00:00:00,149.394,149.725,149.253,149.686,12625,MT5,H4
2025-03-18 04:00:00,149.686,149.875,149.511,149.827,10144,MT5,H4
2025-03-18 08:00:00,149.83,149.901,149.561,149.743,12254,MT5,H4
2025-03-18 12:00:00,149.743,149.933,149.414,149.494,23719,MT5,H4
2025-03-18 16:00:00,149.491,149.648,149.095,149.274,16812,MT5,H4
2025-03-18 20:00:00,149.268,149.473,149.167,149.441,4704,MT5,H4
2025-03-19 00:00:00,149.439,149.643,149.205,149.321,12520,MT5,H4
2025-03-19 04:00:00,149.322,150.02,149.138,149.277,21577,MT5,H4
2025-03-19 08:00:00,149.274,149.884,149.274,149.826,13692,MT5,H4
2025-03-19 12:00:00,149.827,150.146,149.593,150.032,15065,MT5,H4
2025-03-19 16:00:00,150.029,150.032,148.659,148.841,27714,MT5,H4
2025-03-19 20:00:00,148.843,148.894,148.452,148.456,6973,MT5,H4
2025-03-20 00:00:00,148.46,148.518,148.179,148.365,12711,MT5,H4
2025-03-20 04:00:00,148.365,148.643,148.171,148.584,10183,MT5,H4
2025-03-20 08:00:00,148.586,148.78,148.392,148.455,16955,MT5,H4
2025-03-20 12:00:00,148.455,148.96,148.4,148.846,23161,MT5,H4
2025-03-20 16:00:00,148.845,148.957,148.711,148.784,14655,MT5,H4
2025-03-20 20:00:00,148.771,148.815,148.579,148.62,4365,MT5,H4
2025-03-21 00:00:00,148.622,149.249,148.589,149.209,12780,MT5,H4
2025-03-21 04:00:00,149.208,149.663,149.202,149.311,12054,MT5,H4
2025-03-21 08:00:00,149.31,149.532,148.853,148.886,14210,MT5,H4
2025-03-21 12:00:00,148.886,148.993,148.601,148.983,22915,MT5,H4
2025-03-21 16:00:00,148.984,149.343,148.932,149.331,14505,MT5,H4
2025-03-21 20:00:00,149.327,149.359,149.283,149.301,1091,MT5,H4
2025-03-23 20:00:00,149.333,149.69,149.315,149.662,5040,MT5,H4
2025-03-24 00:00:00,149.662,149.95,149.452,149.809,11589,MT5,H4
2025-03-24 04:00:00,149.809,149.865,149.532,149.645,10692,MT5,H4
2025-03-24 08:00:00,149.646,149.799,149.489,149.749,12831,MT5,H4
2025-03-24 12:00:00,149.752,150.754,149.7,150.737,17513,MT5,H4
2025-03-24 16:00:00,150.735,150.753,150.479,150.643,12430,MT5,H4
2025-03-24 20:00:00,150.638,150.86,150.558,150.776,5322,MT5,H4
2025-03-25 00:00:00,150.776,150.941,150.582,150.621,11360,MT5,H4
2025-03-25 04:00:00,150.619,150.741,150.415,150.72,9277,MT5,H4
2025-03-25 08:00:00,150.72,150.763,150.057,150.177,12955,MT5,H4
2025-03-25 12:00:00,150.171,150.173,149.544,149.763,18430,MT5,H4
2025-03-25 16:00:00,149.761,149.939,149.701,149.853,9761,MT5,H4
2025-03-25 20:00:00,149.856,150.007,149.812,149.939,3796,MT5,H4
2025-03-26 00:00:00,149.941,150.468,149.837,150.431,11736,MT5,H4
2025-03-26 04:00:00,150.429,150.623,150.363,150.393,10350,MT5,H4
2025-03-26 08:00:00,150.395,150.408,150.015,150.208,10685,MT5,H4
2025-03-26 12:00:00,150.208,150.744,150.111,150.679,18829,MT5,H4
2025-03-26 16:00:00,150.678,150.718,150.31,150.574,16480,MT5,H4
2025-03-26 20:00:00,150.568,150.595,150.285,150.471,7770,MT5,H4
2025-03-27 00:00:00,150.468,150.621,150.083,150.151,13061,MT5,H4
2025-03-27 04:00:00,150.151,150.545,150.057,150.532,11815,MT5,H4
2025-03-27 08:00:00,150.531,151.024,150.49,151.022,12360,MT5,H4
2025-03-27 12:00:00,151.024,151.091,150.579,150.966,22969,MT5,H4
2025-03-27 16:00:00,150.966,151.155,150.91,151.039,13134,MT5,H4
2025-03-27 20:00:00,151.034,151.113,150.765,150.85,5097,MT5,H4
2025-03-28 00:00:00,150.847,151.21,150.7,150.805,14101,MT5,H4
2025-03-28 04:00:00,150.803,150.942,150.381,150.394,10271,MT5,H4
2025-03-28 08:00:00,150.394,150.865,150.356,150.8,11009,MT5,H4
2025-03-28 12:00:00,150.803,150.934,149.904,150.256,30045,MT5,H4
2025-03-28 16:00:00,150.254,150.292,149.742,149.752,15677,MT5,H4
2025-03-28 20:00:00,149.749,149.88,149.677,149.823,1454,MT5,H4
2025-03-30 20:00:00,149.786,149.828,149.299,149.617,8128,MT5,H4
2025-03-31 00:00:00,149.614,149.635,148.722,148.923,23516,MT5,H4
