time,open,high,low,close,volume,source,timeframe
2018-07-03,110.879,111.128,110.385,110.413,48546,MT5,D1
2018-07-04,110.412,110.551,110.278,110.501,42212,MT5,D1
2018-07-05,110.5,110.719,110.289,110.561,47854,MT5,D1
2018-07-06,110.564,110.782,110.379,110.45,38230,MT5,D1
2018-07-08,110.41,110.466,110.381,110.438,3302,MT5,D1
2018-07-09,110.437,110.969,110.348,110.949,37993,MT5,D1
2018-07-10,110.952,111.349,110.785,110.852,43108,MT5,D1
2018-07-11,110.85,112.172,110.765,111.975,57144,MT5,D1
2018-07-12,111.974,112.694,111.962,112.664,45692,MT5,D1
2018-07-13,112.664,112.796,112.275,112.336,38380,MT5,D1
2018-07-15,112.194,112.453,112.194,112.397,3669,MT5,D1
2018-07-16,112.398,112.558,112.223,112.38,35461,MT5,D1
2018-07-17,112.38,113.066,112.223,113.023,46973,MT5,D1
2018-07-18,113.02,113.133,112.711,112.799,42965,MT5,D1
2018-07-19,112.797,113.168,112.058,112.361,51472,MT5,D1
2018-07-20,112.361,112.618,111.385,111.425,53632,MT5,D1
2018-07-22,111.369,111.492,111.04,111.056,4346,MT5,D1
2018-07-23,111.057,111.539,110.745,111.461,50270,MT5,D1
2018-07-24,111.462,111.462,110.958,111.278,46480,MT5,D1
2018-07-25,111.27,111.371,110.662,110.855,52930,MT5,D1
2018-07-26,110.855,111.244,110.582,111.154,44130,MT5,D1
2018-07-27,111.155,111.235,110.796,110.98,39578,MT5,D1
2018-07-29,110.927,110.996,110.896,110.939,3704,MT5,D1
2018-07-30,110.941,111.157,110.887,110.998,37350,MT5,D1
2018-07-31,110.996,111.953,110.74,111.83,53794,MT5,D1
2018-08-01,111.825,112.146,111.391,111.641,43999,MT5,D1
2018-08-02,111.639,111.73,111.315,111.698,44977,MT5,D1
2018-08-03,111.699,111.869,111.099,111.247,38124,MT5,D1
2018-08-05,111.224,111.245,111.154,111.235,3507,MT5,D1
2018-08-06,111.234,111.522,111.166,111.333,34208,MT5,D1
2018-08-07,111.332,111.474,110.992,111.347,32735,MT5,D1
2018-08-08,111.346,111.433,110.834,110.908,35239,MT5,D1
2018-08-09,110.907,111.18,110.705,111.079,38846,MT5,D1
2018-08-10,111.08,111.127,110.515,110.802,53371,MT5,D1
2018-08-12,110.689,110.71,110.418,110.628,5230,MT5,D1
2018-08-13,110.627,110.929,110.107,110.626,55730,MT5,D1
2018-08-14,110.626,111.31,110.585,111.253,45848,MT5,D1
2018-08-15,111.253,111.425,110.431,110.573,51250,MT5,D1
2018-08-16,110.571,111.113,110.456,111.012,48576,MT5,D1
2018-08-17,111.01,111.046,110.313,110.493,37304,MT5,D1
2018-08-19,110.553,110.553,110.452,110.479,3612,MT5,D1
2018-08-20,110.478,110.678,109.9,109.948,37896,MT5,D1
2018-08-21,109.947,110.543,109.772,110.115,42839,MT5,D1
2018-08-22,110.114,110.65,110.024,110.588,41683,MT5,D1
2018-08-23,110.585,111.381,110.546,111.363,42482,MT5,D1
2018-08-24,111.364,111.482,111.103,111.199,33842,MT5,D1
2018-08-26,111.227,111.327,111.212,111.289,3358,MT5,D1
2018-08-27,111.288,111.336,110.933,111.131,35042,MT5,D1
2018-08-28,111.13,111.352,110.953,111.149,38094,MT5,D1
2018-08-29,111.147,111.823,111.119,111.684,41377,MT5,D1
2018-08-30,111.681,111.749,110.946,111.008,43227,MT5,D1
2018-08-31,111.009,111.129,110.683,111.061,41779,MT5,D1
2018-09-02,111.06,111.176,111.057,111.141,3502,MT5,D1
2018-09-03,111.14,111.17,110.842,111.083,33215,MT5,D1
2018-09-04,111.082,111.529,110.898,111.463,45141,MT5,D1
2018-09-05,111.462,111.753,111.398,111.448,44025,MT5,D1
2018-09-06,111.448,111.45,110.456,110.487,46539,MT5,D1
2018-09-07,110.487,111.242,110.379,110.991,45687,MT5,D1
2018-09-09,111.009,111.061,110.871,110.922,3387,MT5,D1
2018-09-10,110.92,111.246,110.85,111.14,35805,MT5,D1
2018-09-11,111.14,111.638,111.139,111.63,37902,MT5,D1
2018-09-12,111.628,111.628,111.114,111.212,38521,MT5,D1
2018-09-13,111.21,112.032,111.166,112.024,39102,MT5,D1
2018-09-14,112.024,112.165,111.75,112.044,41409,MT5,D1
2018-09-16,112.016,112.024,111.932,111.964,2862,MT5,D1
2018-09-17,111.963,112.119,111.661,111.688,39463,MT5,D1
2018-09-18,111.688,112.385,111.661,112.28,52428,MT5,D1
2018-09-19,112.281,112.443,112.16,112.332,47884,MT5,D1
2018-09-20,112.332,112.58,112.041,112.49,46196,MT5,D1
2018-09-21,112.491,112.871,112.46,112.542,42831,MT5,D1
2018-09-23,112.473,112.554,112.426,112.53,2769,MT5,D1
2018-09-24,112.528,112.831,112.432,112.781,37458,MT5,D1
2018-09-25,112.779,112.99,112.738,112.98,39840,MT5,D1
2018-09-26,112.979,113.131,112.628,112.706,44989,MT5,D1
2018-09-27,112.708,113.462,112.558,113.39,46723,MT5,D1
2018-09-28,113.39,113.703,113.319,113.686,44046,MT5,D1
2018-09-30,113.693,113.84,113.691,113.795,1872,MT5,D1
2018-10-01,113.794,114.058,113.725,113.951,39845,MT5,D1
2018-10-02,113.952,114.009,113.527,113.563,46680,MT5,D1
2018-10-03,113.562,114.535,113.518,114.505,47092,MT5,D1
2018-10-04,114.506,114.518,113.633,113.889,56097,MT5,D1
2018-10-05,113.891,114.093,113.558,113.706,50216,MT5,D1
2018-10-07,113.723,113.772,113.648,113.708,2180,MT5,D1
2018-10-08,113.706,113.938,112.819,113.12,42639,MT5,D1
2018-10-09,113.118,113.388,112.869,113.019,58313,MT5,D1
2018-10-10,113.017,113.281,112.075,112.082,62284,MT5,D1
2018-10-11,112.083,112.529,111.833,112.089,80808,MT5,D1
2018-10-12,112.084,112.494,111.878,112.204,60947,MT5,D1
2018-10-14,112.163,112.225,112.12,112.204,3200,MT5,D1
2018-10-15,112.206,112.22,111.623,111.837,60919,MT5,D1
2018-10-16,111.836,112.361,111.806,112.342,54333,MT5,D1
2018-10-17,112.341,112.708,112.012,112.624,57482,MT5,D1
2018-10-18,112.623,112.726,111.947,112.195,62228,MT5,D1
2018-10-19,112.194,112.642,112.189,112.526,58574,MT5,D1
2018-10-21,112.564,112.576,112.414,112.46,3403,MT5,D1
2018-10-22,112.459,112.881,112.349,112.757,55596,MT5,D1
2018-10-23,112.756,112.794,111.951,112.45,65524,MT5,D1
2018-10-24,112.451,112.74,111.981,111.995,69353,MT5,D1
2018-10-25,111.997,112.669,111.817,112.341,66473,MT5,D1
2018-10-26,112.344,112.437,111.375,111.889,73007,MT5,D1
2018-10-28,111.861,111.965,111.803,111.921,3730,MT5,D1
2018-10-29,111.92,112.557,111.774,112.322,65411,MT5,D1
2018-10-30,112.321,113.134,112.302,113.064,65363,MT5,D1
2018-10-31,113.066,113.379,112.804,112.854,57261,MT5,D1
2018-11-01,112.853,112.998,112.559,112.732,54108,MT5,D1
2018-11-02,112.731,113.315,112.655,113.196,57540,MT5,D1
2018-11-04,113.171,113.218,113.12,113.135,2451,MT5,D1
2018-11-05,113.134,113.331,113.072,113.25,46743,MT5,D1
2018-11-06,113.25,113.498,113.098,113.341,47110,MT5,D1
2018-11-07,113.341,113.813,112.945,113.56,64805,MT5,D1
2018-11-08,113.56,114.083,113.545,113.953,51209,MT5,D1
2018-11-09,113.952,113.996,113.637,113.803,50260,MT5,D1
2018-11-11,113.767,113.874,113.759,113.845,3715,MT5,D1
2018-11-12,113.842,114.2,113.659,113.691,52022,MT5,D1
2018-11-13,113.688,114.142,113.581,113.789,59878,MT5,D1
2018-11-14,113.79,114.003,113.296,113.561,61942,MT5,D1
2018-11-15,113.561,113.703,113.097,113.56,63192,MT5,D1
2018-11-16,113.56,113.593,112.641,112.831,54145,MT5,D1
2018-11-18,112.791,112.836,112.611,112.725,3869,MT5,D1
2018-11-19,112.725,112.869,112.399,112.451,53599,MT5,D1
2018-11-20,112.452,112.837,112.302,112.698,60077,MT5,D1
2018-11-21,112.698,113.145,112.698,113.027,52996,MT5,D1
2018-11-22,113.027,113.125,112.881,112.982,36671,MT5,D1
2018-11-23,112.982,113.006,112.659,112.929,39492,MT5,D1
2018-11-25,112.863,112.931,112.861,112.911,4350,MT5,D1
2018-11-26,112.911,113.647,112.903,113.504,46225,MT5,D1
2018-11-27,113.503,113.84,113.411,113.776,48602,MT5,D1
2018-11-28,113.775,114.033,113.441,113.558,48174,MT5,D1
2018-11-29,113.558,113.602,113.191,113.411,47434,MT5,D1
2018-11-30,113.41,113.709,113.339,113.467,42238,MT5,D1
2018-12-02,113.74,113.815,113.594,113.764,3936,MT5,D1
2018-12-03,113.764,113.765,113.372,113.585,42297,MT5,D1
2018-12-04,113.584,113.611,112.573,112.687,58323,MT5,D1
2018-12-05,112.688,113.239,112.677,113.039,38941,MT5,D1
2018-12-06,113.04,113.152,112.233,112.699,69206,MT5,D1
2018-12-07,112.709,112.925,112.551,112.703,56912,MT5,D1
2018-12-09,112.548,112.668,112.423,112.503,3802,MT5,D1
2018-12-10,112.509,113.365,112.238,113.183,60878,MT5,D1
2018-12-11,113.188,113.463,113.005,113.375,56693,MT5,D1
2018-12-12,113.373,113.516,113.139,113.281,54123,MT5,D1
2018-12-13,113.281,113.705,113.281,113.565,50849,MT5,D1
2018-12-14,113.568,113.671,113.212,113.369,49212,MT5,D1
2018-12-16,113.288,113.391,113.271,113.391,3582,MT5,D1
2018-12-17,113.397,113.518,112.68,112.833,47845,MT5,D1
2018-12-18,112.834,112.834,112.247,112.517,55607,MT5,D1
2018-12-19,112.516,112.66,112.086,112.401,60034,MT5,D1
2018-12-20,112.402,112.6,110.813,111.171,71057,MT5,D1
2018-12-21,111.174,111.455,110.932,111.217,61391,MT5,D1
2018-12-23,110.867,111.177,110.856,111.067,3492,MT5,D1
2018-12-24,111.071,111.151,110.266,110.367,44255,MT5,D1
2018-12-26,110.399,111.405,110.278,111.219,49864,MT5,D1
2018-12-27,111.218,111.228,110.453,110.842,71536,MT5,D1
2018-12-28,110.841,110.936,110.143,110.275,57742,MT5,D1
2018-12-30,110.318,110.402,110.255,110.319,2284,MT5,D1
2018-12-31,110.32,110.472,109.556,109.56,39963,MT5,D1
2019-01-02,109.666,109.666,105.91,107.415,64634,MT5,D1
2019-01-03,107.42,108.3,106.741,107.845,78848,MT5,D1
2019-01-04,107.845,108.583,107.512,108.528,68880,MT5,D1
2019-01-06,108.604,108.611,108.352,108.54,4081,MT5,D1
2019-01-07,108.544,108.745,108.014,108.622,57449,MT5,D1
2019-01-08,108.626,109.084,108.44,108.752,58358,MT5,D1
2019-01-09,108.751,108.996,107.972,108.183,59407,MT5,D1
2019-01-10,108.183,108.515,107.767,108.288,60813,MT5,D1
2019-01-11,108.28,108.593,108.144,108.547,47970,MT5,D1
2019-01-13,108.489,108.521,108.397,108.45,1866,MT5,D1
2019-01-14,108.45,108.479,107.983,108.233,44002,MT5,D1
2019-01-15,108.234,108.759,108.195,108.647,57601,MT5,D1
2019-01-16,108.65,109.194,108.369,109.037,50288,MT5,D1
2019-01-17,109.038,109.395,108.684,109.142,55036,MT5,D1
2019-01-18,109.142,109.885,109.13,109.77,50814,MT5,D1
2019-01-20,109.626,109.748,109.626,109.673,3229,MT5,D1
2019-01-21,109.677,109.715,109.472,109.672,33523,MT5,D1
2019-01-22,109.672,109.691,109.143,109.358,48048,MT5,D1
2019-01-23,109.356,109.994,109.355,109.496,49865,MT5,D1
2019-01-24,109.498,109.795,109.419,109.589,51226,MT5,D1
2019-01-25,109.592,109.945,109.454,109.539,48565,MT5,D1
2019-01-27,109.486,109.564,109.4,109.413,3470,MT5,D1
2019-01-28,109.417,109.521,109.159,109.259,46662,MT5,D1
2019-01-29,109.254,109.538,109.127,109.426,44905,MT5,D1
2019-01-30,109.425,109.74,108.809,108.977,47845,MT5,D1
2019-01-31,108.976,108.998,108.497,108.844,48202,MT5,D1
2019-02-01,108.845,109.576,108.723,109.517,41316,MT5,D1
2019-02-03,109.5,109.529,109.432,109.443,3449,MT5,D1
2019-02-04,109.442,110.158,109.441,109.971,40320,MT5,D1
2019-02-05,109.973,110.038,109.771,109.936,37610,MT5,D1
2019-02-06,109.938,110.049,109.558,109.977,41594,MT5,D1
2019-02-07,109.982,110.083,109.602,109.756,47423,MT5,D1
2019-02-08,109.755,109.894,109.645,109.75,39886,MT5,D1
2019-02-10,109.677,109.859,109.677,109.815,3948,MT5,D1
2019-02-11,109.814,110.465,109.772,110.391,40853,MT5,D1
2019-02-12,110.393,110.648,110.342,110.507,41257,MT5,D1
2019-02-13,110.509,111.052,110.496,110.93,38508,MT5,D1
2019-02-14,110.931,111.12,110.424,110.532,46142,MT5,D1
2019-02-15,110.535,110.641,110.255,110.457,42255,MT5,D1
2019-02-17,110.388,110.563,110.388,110.563,4095,MT5,D1
2019-02-18,110.567,110.623,110.458,110.592,31855,MT5,D1
2019-02-19,110.593,110.818,110.451,110.579,41021,MT5,D1
2019-02-20,110.579,110.946,110.575,110.75,41145,MT5,D1
2019-02-21,110.749,110.852,110.562,110.704,44687,MT5,D1
2019-02-22,110.704,110.901,110.555,110.682,37309,MT5,D1
2019-02-24,110.646,110.784,110.603,110.771,4069,MT5,D1
2019-02-25,110.773,111.231,110.572,111.039,40432,MT5,D1
2019-02-26,111.039,111.073,110.422,110.553,40945,MT5,D1
2019-02-27,110.552,111.072,110.352,110.861,40818,MT5,D1
2019-02-28,110.864,111.491,110.659,111.355,41913,MT5,D1
2019-03-01,111.357,112.073,111.356,111.919,39225,MT5,D1
2019-03-03,111.831,111.953,111.753,111.934,4542,MT5,D1
2019-03-04,111.934,112.01,111.638,111.773,40515,MT5,D1
2019-03-05,111.776,112.132,111.759,111.867,38529,MT5,D1
2019-03-06,111.865,111.916,111.611,111.623,37886,MT5,D1
2019-03-07,111.623,111.853,111.479,111.636,39773,MT5,D1
2019-03-08,111.638,111.645,110.76,111.165,42452,MT5,D1
2019-03-10,110.99,111.157,110.99,111.083,2938,MT5,D1
2019-03-11,111.082,111.358,110.876,111.331,36893,MT5,D1
2019-03-12,111.331,111.462,111.108,111.313,36738,MT5,D1
2019-03-13,111.313,111.46,111.004,111.21,37553,MT5,D1
2019-03-14,111.209,111.83,111.145,111.752,41188,MT5,D1
2019-03-15,111.753,111.898,111.38,111.473,35467,MT5,D1
2019-03-17,111.448,111.565,111.448,111.551,2220,MT5,D1
2019-03-18,111.551,111.626,111.296,111.383,34086,MT5,D1
2019-03-19,111.382,111.473,111.157,111.416,34053,MT5,D1
2019-03-20,111.416,111.687,110.533,110.66,40774,MT5,D1
2019-03-21,110.661,110.955,110.295,110.814,41739,MT5,D1
2019-03-22,110.813,110.894,109.74,109.928,46839,MT5,D1
2019-03-24,109.905,110.136,109.905,110.092,2984,MT5,D1
2019-03-25,110.091,110.235,109.709,110.061,50395,MT5,D1
2019-03-26,110.059,110.686,109.993,110.568,47943,MT5,D1
2019-03-27,110.568,110.707,110.234,110.499,52472,MT5,D1
2019-03-28,110.498,110.828,110.017,110.63,50002,MT5,D1
2019-03-29,110.63,110.945,110.534,110.852,43571,MT5,D1
2019-03-31,110.938,111.028,110.87,110.986,3672,MT5,D1
2019-04-01,110.984,111.453,110.803,111.449,41455,MT5,D1
2019-04-02,111.447,111.447,111.246,111.308,37283,MT5,D1
2019-04-03,111.307,111.572,111.207,111.395,39452,MT5,D1
2019-04-04,111.394,111.664,111.334,111.654,36465,MT5,D1
2019-04-05,111.653,111.817,111.544,111.712,31124,MT5,D1
2019-04-07,111.688,111.727,111.668,111.711,2642,MT5,D1
2019-04-08,111.712,111.712,111.282,111.449,33394,MT5,D1
2019-04-09,111.448,111.573,110.98,111.089,33997,MT5,D1
2019-04-10,111.093,111.276,110.841,110.985,36215,MT5,D1
2019-04-11,110.986,111.695,110.986,111.643,35780,MT5,D1
2019-04-12,111.644,112.09,111.635,112.018,33726,MT5,D1
2019-04-14,111.938,112.052,111.938,112.034,2665,MT5,D1
2019-04-15,112.033,112.09,111.902,111.949,28341,MT5,D1
2019-04-16,111.948,112.041,111.844,111.992,32611,MT5,D1
2019-04-17,111.991,112.161,111.919,112.032,31131,MT5,D1
2019-04-18,112.032,112.044,111.765,111.986,37108,MT5,D1
2019-04-19,111.987,111.996,111.883,111.892,18283,MT5,D1
2019-04-21,111.838,111.936,111.827,111.908,2813,MT5,D1
2019-04-22,111.91,111.985,111.889,111.93,16587,MT5,D1
2019-04-23,111.93,112.029,111.647,111.88,23089,MT5,D1
2019-04-24,111.881,112.397,111.681,112.118,26669,MT5,D1
2019-04-25,112.119,112.235,111.368,111.54,28479,MT5,D1
2019-04-26,111.543,112.016,111.43,111.554,25807,MT5,D1
2019-04-28,111.533,111.61,111.533,111.597,2124,MT5,D1
2019-04-29,111.598,111.895,111.576,111.679,19031,MT5,D1
2019-04-30,111.68,111.686,111.234,111.396,25419,MT5,D1
2019-05-01,111.398,111.61,111.046,111.448,22699,MT5,D1
2019-05-02,111.447,111.662,111.371,111.496,24983,MT5,D1
2019-05-03,111.495,111.686,111.069,111.096,21122,MT5,D1
2019-05-05,110.657,110.843,110.544,110.633,4131,MT5,D1
2019-05-06,110.634,110.955,110.278,110.8,30513,MT5,D1
2019-05-07,110.8,110.848,110.169,110.265,34210,MT5,D1
2019-05-08,110.264,110.269,109.9,110.028,36156,MT5,D1
2019-05-09,110.028,110.081,109.471,109.827,38667,MT5,D1
2019-05-10,109.82,110.046,109.466,109.952,40332,MT5,D1
2019-05-12,109.76,109.81,109.634,109.643,3242,MT5,D1
2019-05-13,109.644,109.805,109.021,109.158,36785,MT5,D1
2019-05-14,109.157,109.769,109.152,109.675,31364,MT5,D1
2019-05-15,109.675,109.701,109.153,109.47,34298,MT5,D1
2019-05-16,109.469,109.964,109.334,109.88,31603,MT5,D1
2019-05-17,109.88,110.184,109.493,110.062,35366,MT5,D1
2019-05-19,110.103,110.21,110.003,110.168,2729,MT5,D1
2019-05-20,110.171,110.313,109.807,110.084,35048,MT5,D1
2019-05-21,110.084,110.669,110.041,110.564,31004,MT5,D1
2019-05-22,110.563,110.624,110.201,110.217,29324,MT5,D1
2019-05-23,110.218,110.357,109.458,109.552,36130,MT5,D1
2019-05-24,109.553,109.742,109.271,109.292,27026,MT5,D1
2019-05-26,109.295,109.418,109.277,109.397,2999,MT5,D1
2019-05-27,109.396,109.582,109.355,109.51,21471,MT5,D1
2019-05-28,109.512,109.627,109.209,109.355,33436,MT5,D1
2019-05-29,109.355,109.695,109.148,109.559,37582,MT5,D1
2019-05-30,109.559,109.921,109.318,109.333,33638,MT5,D1
2019-05-31,109.337,109.395,108.281,108.287,40073,MT5,D1
2019-06-02,108.278,108.323,108.168,108.222,4072,MT5,D1
2019-06-03,108.222,108.443,107.883,108.035,39714,MT5,D1
2019-06-04,108.033,108.354,107.844,108.256,37089,MT5,D1
2019-06-05,108.255,108.481,107.815,108.32,39322,MT5,D1
2019-06-06,108.32,108.56,108.023,108.452,36375,MT5,D1
2019-06-07,108.453,108.611,107.879,108.183,32171,MT5,D1
2019-06-09,108.412,108.535,108.41,108.45,2928,MT5,D1
2019-06-10,108.449,108.713,108.315,108.357,30049,MT5,D1
2019-06-11,108.359,108.796,108.355,108.475,31179,MT5,D1
2019-06-12,108.475,108.56,108.217,108.492,32335,MT5,D1
2019-06-13,108.491,108.534,108.164,108.323,32625,MT5,D1
2019-06-14,108.322,108.584,108.156,108.551,30132,MT5,D1
2019-06-16,108.47,108.586,108.444,108.573,2372,MT5,D1
2019-06-17,108.571,108.719,108.51,108.543,26206,MT5,D1
2019-06-18,108.542,108.672,108.06,108.579,39587,MT5,D1
2019-06-19,108.58,108.614,107.901,108.112,36401,MT5,D1
2019-06-20,108.112,108.116,107.212,107.297,48467,MT5,D1
2019-06-21,107.299,107.731,107.044,107.314,39391,MT5,D1
2019-06-23,107.304,107.375,107.272,107.301,2557,MT5,D1
2019-06-24,107.3,107.533,107.247,107.331,32680,MT5,D1
2019-06-25,107.332,107.407,106.778,107.171,43946,MT5,D1
2019-06-26,107.172,107.846,107.16,107.745,35259,MT5,D1
2019-06-27,107.744,108.157,107.65,107.751,33594,MT5,D1
2019-06-28,107.752,107.933,107.561,107.913,24129,MT5,D1
2019-06-30,108.169,108.487,108.156,108.376,2840,MT5,D1
2019-07-01,108.375,108.529,108.1,108.374,25791,MT5,D1
2019-07-02,108.373,108.471,107.765,107.831,22838,MT5,D1
2019-07-03,107.832,107.883,107.532,107.768,24145,MT5,D1
2019-07-04,107.766,107.837,107.705,107.817,10895,MT5,D1
2019-07-05,107.818,108.633,107.802,108.47,21198,MT5,D1
2019-07-07,108.426,108.568,108.396,108.486,1471,MT5,D1
2019-07-08,108.485,108.799,108.278,108.722,18180,MT5,D1
2019-07-09,108.723,108.96,108.715,108.93,18996,MT5,D1
2019-07-10,108.931,108.987,108.311,108.334,23254,MT5,D1
2019-07-11,108.333,108.606,107.857,108.592,25367,MT5,D1
2019-07-12,108.59,108.605,107.804,107.899,21501,MT5,D1
2019-07-14,107.895,107.918,107.796,107.829,1792,MT5,D1
2019-07-15,107.828,108.105,107.806,107.905,19756,MT5,D1
2019-07-16,107.904,108.371,107.876,108.195,23217,MT5,D1
2019-07-17,108.196,108.324,107.873,107.929,20774,MT5,D1
2019-07-18,107.931,108.011,107.21,107.401,29760,MT5,D1
2019-07-19,107.403,107.973,107.329,107.719,24251,MT5,D1
2019-07-21,107.751,107.825,107.689,107.821,2064,MT5,D1
2019-07-22,107.82,108.064,107.712,107.901,21923,MT5,D1
2019-07-23,107.9,108.284,107.825,108.23,21831,MT5,D1
2019-07-24,108.231,108.272,107.934,108.187,20263,MT5,D1
2019-07-25,108.189,108.75,108.042,108.672,22606,MT5,D1
2019-07-26,108.673,108.824,108.559,108.666,17146,MT5,D1
2019-07-28,108.654,108.672,108.589,108.635,1145,MT5,D1
2019-07-29,108.636,108.895,108.42,108.853,16097,MT5,D1
2019-07-30,108.854,108.944,108.451,108.563,24921,MT5,D1
2019-07-31,108.562,108.994,108.488,108.817,29123,MT5,D1
2019-08-01,108.818,109.312,107.226,107.44,40703,MT5,D1
2019-08-02,107.441,107.49,106.507,106.58,45563,MT5,D1
2019-08-04,106.557,106.664,106.521,106.569,2453,MT5,D1
2019-08-05,106.567,106.619,105.526,105.605,55369,MT5,D1
2019-08-06,105.606,107.085,105.566,106.322,50425,MT5,D1
2019-08-07,106.324,106.371,105.495,106.109,55806,MT5,D1
2019-08-08,106.11,106.298,105.73,105.884,41524,MT5,D1
2019-08-09,105.885,106.072,105.267,105.671,32383,MT5,D1
2019-08-11,105.577,105.669,105.313,105.384,2109,MT5,D1
2019-08-12,105.386,105.574,105.047,105.38,31752,MT5,D1
2019-08-13,105.381,106.972,105.065,106.601,47464,MT5,D1
2019-08-14,106.602,106.617,105.652,105.911,46724,MT5,D1
2019-08-15,105.912,106.768,105.702,106.091,55214,MT5,D1
2019-08-16,106.092,106.49,106.024,106.356,30764,MT5,D1
2019-08-18,106.251,106.466,106.248,106.43,1632,MT5,D1
2019-08-19,106.429,106.694,106.244,106.563,25463,MT5,D1
2019-08-20,106.564,106.688,106.163,106.27,26015,MT5,D1
2019-08-21,106.271,106.642,106.271,106.598,22678,MT5,D1
2019-08-22,106.597,106.649,106.252,106.477,26928,MT5,D1
2019-08-23,106.476,106.731,105.256,105.399,37877,MT5,D1
2019-08-25,104.976,104.982,104.51,104.847,4271,MT5,D1
2019-08-26,104.846,106.319,104.846,105.966,55038,MT5,D1
2019-08-27,105.965,106.066,105.589,105.747,34252,MT5,D1
2019-08-28,105.749,106.225,105.65,106.078,32799,MT5,D1
2019-08-29,106.077,106.678,105.827,106.451,31144,MT5,D1
2019-08-30,106.454,106.54,106.105,106.264,26880,MT5,D1
2019-09-01,106.065,106.15,105.935,106.134,2937,MT5,D1
2019-09-02,106.133,106.396,106.055,106.193,21679,MT5,D1
2019-09-03,106.194,106.383,105.738,105.848,32580,MT5,D1
2019-09-04,105.849,106.436,105.829,106.336,29901,MT5,D1
2019-09-05,106.337,107.225,106.328,107.07,32118,MT5,D1
2019-09-06,107.068,107.098,106.62,106.909,28144,MT5,D1
2019-09-08,106.833,106.968,106.819,106.943,2158,MT5,D1
2019-09-09,106.941,107.359,106.764,107.336,24813,MT5,D1
2019-09-10,107.334,107.618,107.189,107.599,28138,MT5,D1
2019-09-11,107.598,108.043,107.543,108.015,24735,MT5,D1
2019-09-12,108.014,108.189,107.521,108.183,35373,MT5,D1
2019-09-13,108.182,108.256,107.907,108.09,23752,MT5,D1
2019-09-15,107.588,107.881,107.574,107.757,4117,MT5,D1
2019-09-16,107.758,108.177,107.497,108.149,30561,MT5,D1
2019-09-17,108.147,108.355,108.021,108.094,26911,MT5,D1
2019-09-18,108.095,108.469,108.092,108.433,24021,MT5,D1
2019-09-19,108.434,108.467,107.786,108.062,30241,MT5,D1
2019-09-20,108.058,108.066,107.521,107.545,22560,MT5,D1
2019-09-22,107.688,107.731,107.602,107.649,2440,MT5,D1
2019-09-23,107.647,107.761,107.308,107.594,24454,MT5,D1
2019-09-24,107.595,107.78,106.961,107.164,31458,MT5,D1
2019-09-25,107.166,107.876,107.004,107.703,33363,MT5,D1
2019-09-26,107.704,107.953,107.422,107.748,26944,MT5,D1
2019-09-27,107.747,108.177,107.656,107.922,27992,MT5,D1
2019-09-29,107.95,107.996,107.848,107.946,1747,MT5,D1
2019-09-30,107.945,108.175,107.741,108.057,25177,MT5,D1
2019-10-01,108.058,108.463,107.625,107.747,31733,MT5,D1
2019-10-02,107.746,107.891,107.045,107.164,34321,MT5,D1
2019-10-03,107.163,107.292,106.486,106.827,34344,MT5,D1
2019-10-04,106.828,107.128,106.591,106.904,26689,MT5,D1
2019-10-06,106.683,106.848,106.655,106.757,2181,MT5,D1
2019-10-07,106.758,107.452,106.688,107.251,24596,MT5,D1
2019-10-08,107.252,107.441,106.813,106.94,34321,MT5,D1
2019-10-09,106.941,107.623,106.941,107.223,28114,MT5,D1
2019-10-10,107.225,107.97,107.17,107.865,37488,MT5,D1
2019-10-11,107.867,108.616,107.849,108.395,32128,MT5,D1
2019-10-13,108.352,108.519,108.319,108.474,2761,MT5,D1
2019-10-14,108.473,108.473,108.034,108.396,22005,MT5,D1
2019-10-15,108.394,108.895,108.154,108.797,26260,MT5,D1
2019-10-16,108.798,108.847,108.571,108.682,29011,MT5,D1
2019-10-17,108.681,108.928,108.457,108.588,29042,MT5,D1
2019-10-18,108.59,108.718,108.384,108.391,22320,MT5,D1
2019-10-20,108.453,108.483,108.313,108.405,2464,MT5,D1
2019-10-21,108.406,108.655,108.369,108.603,19537,MT5,D1
2019-10-22,108.602,108.722,108.431,108.485,19124,MT5,D1
2019-10-23,108.484,108.701,108.248,108.635,21176,MT5,D1
2019-10-24,108.634,108.747,108.495,108.61,20195,MT5,D1
2019-10-25,108.609,108.77,108.51,108.653,16057,MT5,D1
2019-10-27,108.726,108.741,108.666,108.735,1684,MT5,D1
2019-10-28,108.734,109.036,108.656,108.976,16602,MT5,D1
2019-10-29,108.975,109.064,108.761,108.873,17371,MT5,D1
2019-10-30,108.874,109.282,108.72,108.794,20944,MT5,D1
2019-10-31,108.795,108.86,107.925,107.998,26221,MT5,D1
2019-11-01,107.999,108.321,107.887,108.171,18882,MT5,D1
2019-11-03,108.223,108.234,108.189,108.211,2420,MT5,D1
2019-11-04,108.214,108.713,108.204,108.699,15993,MT5,D1
2019-11-05,108.701,109.239,108.646,109.14,21767,MT5,D1
2019-11-06,109.142,109.179,108.817,108.912,20896,MT5,D1
2019-11-07,108.913,109.483,108.647,109.265,27391,MT5,D1
2019-11-08,109.269,109.472,109.077,109.21,20927,MT5,D1
2019-11-10,109.201,109.244,109.188,109.199,2524,MT5,D1
2019-11-11,109.201,109.243,108.893,109.038,15331,MT5,D1
2019-11-12,109.04,109.289,108.923,108.989,20782,MT5,D1
2019-11-13,108.992,109.146,108.652,108.793,21664,MT5,D1
2019-11-14,108.795,108.859,108.243,108.49,23767,MT5,D1
2019-11-15,108.493,108.852,108.451,108.813,16011,MT5,D1
2019-11-17,108.794,108.799,108.663,108.695,1561,MT5,D1
2019-11-18,108.696,109.066,108.51,108.662,20650,MT5,D1
2019-11-19,108.663,108.833,108.381,108.463,20166,MT5,D1
2019-11-20,108.467,108.735,108.347,108.466,27086,MT5,D1
2019-11-21,108.468,108.692,108.277,108.572,26561,MT5,D1
2019-11-22,108.575,108.726,108.474,108.63,17647,MT5,D1
2019-11-24,108.654,108.739,108.652,108.719,2351,MT5,D1
2019-11-25,108.721,109.0,108.691,108.987,17203,MT5,D1
2019-11-26,108.991,109.203,108.872,109.092,20356,MT5,D1
2019-11-27,109.094,109.605,109.066,109.362,16242,MT5,D1
2019-11-28,109.366,109.544,109.337,109.51,13470,MT5,D1
2019-11-29,109.514,109.665,109.387,109.441,15622,MT5,D1
2019-12-01,109.517,109.554,109.479,109.529,2110,MT5,D1
2019-12-02,109.527,109.724,108.923,109.018,20877,MT5,D1
2019-12-03,109.02,109.204,108.483,108.653,25589,MT5,D1
2019-12-04,108.657,108.96,108.427,108.826,24294,MT5,D1
2019-12-05,108.827,108.992,108.654,108.721,20963,MT5,D1
2019-12-06,108.724,108.917,108.443,108.564,17761,MT5,D1
2019-12-08,108.627,108.647,108.575,108.63,2246,MT5,D1
2019-12-09,108.635,108.674,108.427,108.581,15727,MT5,D1
2019-12-10,108.582,108.809,108.512,108.763,18664,MT5,D1
2019-12-11,108.764,108.792,108.465,108.545,18151,MT5,D1
2019-12-12,108.549,109.527,108.455,109.402,27170,MT5,D1
2019-12-13,109.401,109.7,109.204,109.329,27067,MT5,D1
2019-12-15,109.291,109.431,109.284,109.376,1898,MT5,D1
2019-12-16,109.379,109.672,109.352,109.575,14830,MT5,D1
2019-12-17,109.578,109.63,109.441,109.511,15019,MT5,D1
2019-12-18,109.516,109.624,109.398,109.543,15342,MT5,D1
2019-12-19,109.544,109.68,109.179,109.377,15552,MT5,D1
2019-12-20,109.382,109.523,109.254,109.47,11569,MT5,D1
2019-12-22,109.44,109.528,109.394,109.492,1588,MT5,D1
2019-12-23,109.494,109.496,109.337,109.381,12171,MT5,D1
2019-12-24,109.386,109.438,109.326,109.403,8092,MT5,D1
2019-12-26,109.552,109.681,109.522,109.522,8426,MT5,D1
2019-12-27,109.524,109.588,109.387,109.424,12993,MT5,D1
2019-12-29,109.439,109.468,109.417,109.429,1614,MT5,D1
2019-12-30,109.431,109.447,108.766,108.866,15273,MT5,D1
2019-12-31,108.867,108.874,108.468,108.581,11306,MT5,D1
2020-01-02,108.698,108.861,108.21,108.537,15673,MT5,D1
2020-01-03,108.539,108.56,107.842,108.092,27490,MT5,D1
2020-01-05,107.889,107.954,107.767,107.951,2931,MT5,D1
2020-01-06,107.959,108.503,107.914,108.402,23025,MT5,D1
2020-01-07,108.407,108.625,107.834,107.99,24702,MT5,D1
2020-01-08,107.992,109.239,107.649,109.032,40009,MT5,D1
2020-01-09,109.034,109.576,109.029,109.491,22131,MT5,D1
2020-01-10,109.492,109.683,109.434,109.502,14618,MT5,D1
2020-01-12,109.527,109.58,109.502,109.545,2506,MT5,D1
2020-01-13,109.548,109.992,109.532,109.992,13117,MT5,D1
2020-01-14,110.0,110.207,109.808,109.846,22010,MT5,D1
2020-01-15,109.848,109.997,109.787,109.874,17782,MT5,D1
2020-01-16,109.878,110.218,109.873,110.174,14469,MT5,D1
2020-01-17,110.176,110.284,110.048,110.151,12844,MT5,D1
2020-01-19,110.088,110.184,110.088,110.182,1169,MT5,D1
2020-01-20,110.183,110.214,110.113,110.169,8962,MT5,D1
2020-01-21,110.171,110.218,109.758,109.907,20718,MT5,D1
2020-01-22,109.908,110.092,109.674,109.731,17000,MT5,D1
2020-01-23,109.732,109.761,109.265,109.554,21114,MT5,D1
2020-01-24,109.559,109.648,109.17,109.285,17856,MT5,D1
2020-01-26,108.949,109.006,108.729,108.795,3055,MT5,D1
2020-01-27,108.797,109.133,108.796,108.926,26369,MT5,D1
2020-01-28,108.928,109.233,108.757,109.131,22298,MT5,D1
2020-01-29,109.133,109.252,108.942,108.982,20450,MT5,D1
2020-01-30,108.984,109.043,108.582,108.879,28482,MT5,D1
2020-01-31,108.884,109.13,108.31,108.35,24774,MT5,D1
2020-02-02,108.427,108.43,108.312,108.368,2279,MT5,D1
2020-02-03,108.376,108.795,108.365,108.609,25912,MT5,D1
2020-02-04,108.613,109.54,108.547,109.438,22429,MT5,D1
2020-02-05,109.44,109.84,109.302,109.808,23893,MT5,D1
2020-02-06,109.812,110.002,109.779,109.958,18876,MT5,D1
2020-02-07,109.96,110.0,109.53,109.76,20912,MT5,D1
2020-02-09,109.672,109.761,109.559,109.612,2062,MT5,D1
2020-02-10,109.614,109.874,109.605,109.764,19306,MT5,D1
2020-02-11,109.765,109.958,109.725,109.838,15394,MT5,D1
2020-02-12,109.839,110.13,109.799,109.861,15758,MT5,D1
2020-02-13,109.864,109.983,109.617,109.758,22346,MT5,D1
2020-02-14,109.763,109.906,109.697,109.76,14399,MT5,D1
2020-02-16,109.804,109.821,109.75,109.79,1416,MT5,D1
2020-02-17,109.791,109.957,109.717,109.831,9840,MT5,D1
2020-02-18,109.832,109.944,109.657,109.91,17815,MT5,D1
2020-02-19,109.914,111.588,109.86,111.191,21153,MT5,D1
2020-02-20,111.193,112.221,111.11,111.965,35233,MT5,D1
2020-02-21,111.968,112.181,111.474,111.537,28111,MT5,D1
2020-02-23,111.396,111.58,111.381,111.54,2991,MT5,D1
2020-02-24,111.543,111.679,110.331,110.842,36784,MT5,D1
2020-02-25,110.846,111.038,109.889,110.276,43430,MT5,D1
2020-02-26,110.283,110.697,110.128,110.364,46552,MT5,D1
2020-02-27,110.372,110.398,109.364,109.613,53865,MT5,D1
2020-02-28,109.616,109.662,107.509,107.916,63241,MT5,D1
2020-03-01,107.565,107.723,107.402,107.668,3408,MT5,D1
2020-03-02,107.669,108.574,107.401,108.487,63051,MT5,D1
2020-03-03,108.506,108.523,106.847,107.038,66903,MT5,D1
2020-03-04,107.052,107.688,107.032,107.678,46726,MT5,D1
2020-03-05,107.695,107.712,105.989,106.246,45086,MT5,D1
2020-03-06,106.254,106.338,104.992,105.344,69174,MT5,D1
2020-03-08,104.277,104.531,103.673,103.934,9540,MT5,D1
2020-03-09,103.935,104.26,101.182,103.08,125895,MT5,D1
2020-03-10,103.079,105.915,102.704,105.043,114806,MT5,D1
2020-03-11,105.042,105.326,104.096,104.535,88010,MT5,D1
2020-03-12,104.533,106.098,103.081,104.667,126180,MT5,D1
2020-03-13,104.666,108.499,104.657,107.76,102490,MT5,D1
2020-03-15,107.167,107.169,105.734,106.497,15571,MT5,D1
2020-03-16,106.498,107.566,105.148,106.213,116065,MT5,D1
2020-03-17,106.215,107.857,106.074,107.382,117147,MT5,D1
2020-03-18,107.384,108.651,106.754,108.364,101016,MT5,D1
2020-03-19,108.362,111.361,108.197,111.311,129493,MT5,D1
2020-03-20,111.309,111.5,109.333,110.832,91022,MT5,D1
2020-03-22,110.767,111.23,110.289,110.387,8763,MT5,D1
2020-03-23,110.389,111.59,109.668,110.811,93825,MT5,D1
2020-03-24,110.812,111.71,110.083,111.126,72309,MT5,D1
2020-03-25,111.124,111.673,110.752,110.834,68405,MT5,D1
2020-03-26,110.833,110.948,109.089,109.129,82233,MT5,D1
2020-03-27,109.131,109.387,107.758,107.947,64438,MT5,D1
2020-03-29,107.674,107.96,107.364,107.452,6213,MT5,D1
2020-03-30,107.455,108.291,107.123,108.07,61426,MT5,D1
2020-03-31,108.072,108.723,107.402,107.508,74073,MT5,D1
2020-04-01,107.51,107.937,106.921,107.292,60093,MT5,D1
2020-04-02,107.291,108.197,107.015,108.029,54038,MT5,D1
2020-04-03,108.028,108.671,107.801,108.479,43862,MT5,D1
2020-04-05,108.354,108.738,108.341,108.715,4202,MT5,D1
2020-04-06,108.713,109.377,108.671,109.127,49691,MT5,D1
2020-04-07,109.126,109.143,108.614,108.671,51738,MT5,D1
2020-04-08,108.671,109.096,108.504,108.934,49369,MT5,D1
2020-04-09,108.933,109.059,108.206,108.542,47919,MT5,D1
2020-04-10,108.545,108.562,108.307,108.427,28369,MT5,D1
2020-04-12,108.401,108.507,108.243,108.34,3429,MT5,D1
2020-04-13,108.341,108.376,107.499,107.625,35075,MT5,D1
2020-04-14,107.624,107.755,106.978,107.11,36442,MT5,D1
2020-04-15,107.11,107.863,106.926,107.615,45381,MT5,D1
2020-04-16,107.616,108.081,107.163,107.931,67668,MT5,D1
2020-04-17,107.932,107.949,107.299,107.507,58962,MT5,D1
2020-04-19,107.51,107.702,107.455,107.695,2572,MT5,D1
2020-04-20,107.694,107.945,107.567,107.672,38742,MT5,D1
2020-04-21,107.673,107.889,107.279,107.716,50861,MT5,D1
2020-04-22,107.717,107.933,107.512,107.827,41138,MT5,D1
2020-04-23,107.826,108.039,107.344,107.654,54451,MT5,D1
2020-04-24,107.655,107.756,107.353,107.463,34202,MT5,D1
2020-04-26,107.575,107.592,107.404,107.506,2185,MT5,D1
2020-04-27,107.507,107.619,106.991,107.293,39216,MT5,D1
2020-04-28,107.294,107.336,106.558,106.755,41173,MT5,D1
2020-04-29,106.756,106.77,106.356,106.609,39802,MT5,D1
2020-04-30,106.608,107.496,106.405,107.281,60003,MT5,D1
2020-05-01,107.28,107.403,106.603,106.837,40483,MT5,D1
2020-05-03,106.824,106.925,106.71,106.729,2902,MT5,D1
2020-05-04,106.728,107.066,106.609,106.695,32506,MT5,D1
2020-05-05,106.694,106.891,106.413,106.447,34678,MT5,D1
2020-05-06,106.448,106.448,105.971,106.213,36536,MT5,D1
2020-05-07,106.212,106.652,106.135,106.367,41320,MT5,D1
2020-05-08,106.368,106.736,106.219,106.63,33294,MT5,D1
2020-05-10,106.547,106.954,106.509,106.92,2948,MT5,D1
2020-05-11,106.921,107.765,106.774,107.591,39304,MT5,D1
2020-05-12,107.593,107.682,107.086,107.167,34613,MT5,D1
2020-05-13,107.169,107.263,106.74,106.932,39433,MT5,D1
2020-05-14,106.93,107.371,106.772,107.355,34997,MT5,D1
2020-05-15,107.354,107.429,106.855,107.005,32153,MT5,D1
2020-05-17,107.076,107.27,107.045,107.21,2563,MT5,D1
2020-05-18,107.211,107.501,107.066,107.38,33784,MT5,D1
2020-05-19,107.382,108.082,107.302,107.821,40305,MT5,D1
2020-05-20,107.822,107.981,107.335,107.591,30805,MT5,D1
2020-05-21,107.593,107.845,107.541,107.64,32255,MT5,D1
2020-05-22,107.641,107.759,107.32,107.598,25720,MT5,D1
2020-05-24,107.55,107.778,107.534,107.746,2102,MT5,D1
2020-05-25,107.746,107.778,107.626,107.686,17262,MT5,D1
2020-05-26,107.685,107.92,107.399,107.494,31072,MT5,D1
2020-05-27,107.493,107.942,107.364,107.805,41254,MT5,D1
2020-05-28,107.806,107.898,107.562,107.641,36467,MT5,D1
2020-05-29,107.642,107.888,107.081,107.79,50206,MT5,D1
2020-05-31,107.656,107.801,107.646,107.707,2701,MT5,D1
2020-06-01,107.708,107.853,107.376,107.556,36612,MT5,D1
2020-06-02,107.557,108.833,107.517,108.828,45916,MT5,D1
2020-06-03,108.829,109.037,108.421,108.997,47880,MT5,D1
2020-06-04,108.997,109.198,108.613,109.144,51556,MT5,D1
2020-06-05,109.144,109.846,109.042,109.573,51012,MT5,D1
2020-06-07,109.567,109.679,109.53,109.62,2759,MT5,D1
2020-06-08,109.619,109.621,108.232,108.417,46882,MT5,D1
2020-06-09,108.416,108.416,107.619,107.795,57116,MT5,D1
2020-06-10,107.794,107.87,106.895,106.997,58639,MT5,D1
2020-06-11,106.998,107.231,106.57,106.802,61617,MT5,D1
2020-06-12,106.803,107.551,106.583,107.354,56945,MT5,D1
2020-06-14,107.324,107.556,107.286,107.32,4151,MT5,D1
2020-06-15,107.321,107.497,106.997,107.482,50768,MT5,D1
2020-06-16,107.482,107.635,107.211,107.396,55436,MT5,D1
2020-06-17,107.395,107.439,106.863,106.874,40129,MT5,D1
2020-06-18,106.873,107.127,106.664,107.0,47393,MT5,D1
2020-06-19,107.001,107.042,106.765,106.829,32259,MT5,D1
2020-06-21,106.763,106.883,106.731,106.834,3014,MT5,D1
2020-06-22,106.835,107.007,106.768,106.896,30119,MT5,D1
2020-06-23,106.896,107.217,106.071,106.421,52500,MT5,D1
2020-06-24,106.42,107.128,106.38,107.025,42431,MT5,D1
2020-06-25,107.026,107.449,107.017,107.157,41038,MT5,D1
2020-06-26,107.156,107.356,106.796,107.189,31401,MT5,D1
2020-06-28,107.083,107.231,107.083,107.227,2060,MT5,D1
2020-06-29,107.226,107.88,107.039,107.581,36263,MT5,D1
2020-06-30,107.582,107.991,107.52,107.989,39843,MT5,D1
2020-07-01,107.99,108.16,107.336,107.37,38028,MT5,D1
2020-07-02,107.369,107.72,107.33,107.494,30413,MT5,D1
2020-07-03,107.495,107.564,107.433,107.475,16552,MT5,D1
2020-07-05,107.442,107.593,107.442,107.583,1089,MT5,D1
2020-07-06,107.584,107.77,107.255,107.358,24964,MT5,D1
2020-07-07,107.357,107.787,107.243,107.571,28076,MT5,D1
2020-07-08,107.57,107.708,107.2,107.281,24298,MT5,D1
2020-07-09,107.28,107.395,107.095,107.233,34130,MT5,D1
2020-07-10,107.235,107.26,106.636,106.903,25403,MT5,D1
2020-07-12,106.886,106.92,106.85,106.913,1603,MT5,D1
2020-07-13,106.914,107.315,106.785,107.278,28678,MT5,D1
2020-07-14,107.279,107.431,107.116,107.244,28757,MT5,D1
2020-07-15,107.244,107.306,106.664,106.898,29531,MT5,D1
2020-07-16,106.899,107.398,106.831,107.282,30636,MT5,D1
2020-07-17,107.283,107.359,106.922,107.016,22297,MT5,D1
2020-07-19,107.1,107.101,106.99,107.1,1891,MT5,D1
2020-07-20,107.099,107.538,107.033,107.189,31939,MT5,D1
2020-07-21,107.188,107.363,106.68,106.824,31030,MT5,D1
2020-07-22,106.823,107.285,106.709,107.172,33580,MT5,D1
2020-07-23,107.172,107.226,106.708,106.841,28989,MT5,D1
2020-07-24,106.84,106.845,105.679,106.097,42577,MT5,D1
2020-07-26,106.023,106.075,105.855,105.99,3737,MT5,D1
2020-07-27,105.989,106.048,105.114,105.274,47962,MT5,D1
2020-07-28,105.275,105.683,104.953,105.107,48721,MT5,D1
2020-07-29,105.108,105.239,104.77,105.044,53078,MT5,D1
2020-07-30,105.043,105.291,104.655,104.686,53898,MT5,D1
2020-07-31,104.687,106.051,104.185,105.819,72719,MT5,D1
2020-08-02,105.761,105.899,105.68,105.866,4643,MT5,D1
2020-08-03,105.865,106.47,105.578,106.03,67300,MT5,D1
2020-08-04,106.031,106.191,105.613,105.626,43519,MT5,D1
2020-08-05,105.627,105.869,105.318,105.56,50213,MT5,D1
2020-08-06,105.559,105.694,105.298,105.579,49831,MT5,D1
2020-08-07,105.578,106.051,105.479,105.883,45463,MT5,D1
2020-08-09,105.827,105.932,105.785,105.854,2757,MT5,D1
2020-08-10,105.853,106.198,105.706,105.991,31311,MT5,D1
2020-08-11,105.99,106.68,105.928,106.489,48657,MT5,D1
2020-08-12,106.488,107.011,106.455,106.84,47959,MT5,D1
2020-08-13,106.841,107.046,106.563,106.978,43615,MT5,D1
2020-08-14,106.977,107.034,106.433,106.561,31331,MT5,D1
2020-08-16,106.593,106.629,106.532,106.556,1808,MT5,D1
2020-08-17,106.557,106.651,105.941,106.001,36385,MT5,D1
2020-08-18,106.002,106.002,105.202,105.231,43405,MT5,D1
2020-08-19,105.232,106.175,105.1,106.083,53809,MT5,D1
2020-08-20,106.082,106.213,105.652,105.675,51102,MT5,D1
2020-08-21,105.674,106.068,105.438,105.756,43024,MT5,D1
2020-08-23,105.752,105.91,105.71,105.874,2514,MT5,D1
2020-08-24,105.875,106.005,105.686,105.996,33137,MT5,D1
2020-08-25,105.997,106.575,105.87,106.393,40526,MT5,D1
2020-08-26,106.394,106.553,105.805,105.87,41056,MT5,D1
2020-08-27,105.869,106.697,105.603,106.652,60855,MT5,D1
2020-08-28,106.654,106.943,105.199,105.32,69091,MT5,D1
2020-08-30,105.384,105.783,105.338,105.536,4097,MT5,D1
2020-08-31,105.534,106.092,105.29,105.995,48935,MT5,D1
2020-09-01,105.995,106.158,105.589,105.895,56558,MT5,D1
2020-09-02,105.894,106.302,105.856,106.207,44335,MT5,D1
2020-09-03,106.206,106.546,106.001,106.087,46173,MT5,D1
2020-09-04,106.086,106.502,106.054,106.206,40525,MT5,D1
2020-09-06,106.213,106.316,106.19,106.312,1681,MT5,D1
2020-09-07,106.311,106.381,106.131,106.302,22705,MT5,D1
2020-09-08,106.302,106.379,105.805,105.97,42093,MT5,D1
2020-09-09,105.969,106.277,105.789,106.233,35060,MT5,D1
2020-09-10,106.233,106.299,105.981,106.145,31677,MT5,D1
2020-09-11,106.144,106.261,106.039,106.118,21104,MT5,D1
2020-09-13,106.093,106.239,106.056,106.147,1350,MT5,D1
2020-09-14,106.145,106.162,105.544,105.725,23975,MT5,D1
2020-09-15,105.727,105.812,105.291,105.398,27168,MT5,D1
2020-09-16,105.397,105.409,104.797,105.06,41101,MT5,D1
2020-09-17,105.059,105.174,104.514,104.694,35519,MT5,D1
2020-09-18,104.692,104.867,104.271,104.537,26672,MT5,D1
2020-09-20,104.492,104.542,104.41,104.53,1654,MT5,D1
2020-09-21,104.532,104.895,103.999,104.689,35460,MT5,D1
2020-09-22,104.691,105.074,104.403,105.054,29826,MT5,D1
2020-09-23,105.055,105.493,104.926,105.307,31718,MT5,D1
2020-09-24,105.308,105.527,105.203,105.436,31095,MT5,D1
2020-09-25,105.434,105.697,105.238,105.541,23744,MT5,D1
2020-09-27,105.483,105.64,105.482,105.58,1138,MT5,D1
2020-09-28,105.579,105.662,105.261,105.442,25595,MT5,D1
2020-09-29,105.441,105.73,105.34,105.674,26750,MT5,D1
2020-09-30,105.673,105.801,105.387,105.449,33189,MT5,D1
2020-10-01,105.449,105.725,105.415,105.547,28335,MT5,D1
2020-10-02,105.546,105.663,104.941,105.265,35033,MT5,D1
2020-10-04,105.267,105.59,105.245,105.513,3079,MT5,D1
2020-10-05,105.515,105.791,105.493,105.706,22267,MT5,D1
2020-10-06,105.707,105.742,105.469,105.64,26043,MT5,D1
2020-10-07,105.639,106.104,105.626,105.967,24490,MT5,D1
2020-10-08,105.967,106.104,105.922,106.025,20320,MT5,D1
2020-10-09,106.024,106.025,105.568,105.581,22002,MT5,D1
2020-10-11,105.74,105.772,105.595,105.621,1575,MT5,D1
2020-10-12,105.623,105.655,105.239,105.336,19530,MT5,D1
2020-10-13,105.338,105.624,105.28,105.465,22485,MT5,D1
2020-10-14,105.467,105.512,105.033,105.138,21185,MT5,D1
2020-10-15,105.138,105.49,105.116,105.355,22219,MT5,D1
2020-10-16,105.356,105.438,105.188,105.352,19924,MT5,D1
2020-10-18,105.374,105.466,105.314,105.428,1251,MT5,D1
2020-10-19,105.429,105.5,105.299,105.457,18864,MT5,D1
2020-10-20,105.456,105.744,105.418,105.475,20216,MT5,D1
2020-10-21,105.476,105.487,104.339,104.679,26366,MT5,D1
2020-10-22,104.677,104.934,104.475,104.902,22696,MT5,D1
2020-10-23,104.904,104.913,104.544,104.655,18996,MT5,D1
2020-10-25,104.679,104.751,104.629,104.69,1604,MT5,D1
2020-10-26,104.69,105.052,104.653,104.829,20851,MT5,D1
2020-10-27,104.83,104.835,104.377,104.544,18099,MT5,D1
2020-10-28,104.544,104.55,104.111,104.315,25944,MT5,D1
2020-10-29,104.313,104.724,104.022,104.555,26531,MT5,D1
2020-10-30,104.556,104.739,104.122,104.595,27770,MT5,D1
2020-11-01,104.536,104.674,104.532,104.564,2130,MT5,D1
2020-11-02,104.578,104.946,104.578,104.711,21815,MT5,D1
2020-11-03,104.721,104.797,104.43,104.533,29987,MT5,D1
2020-11-04,104.543,105.341,104.148,104.427,73962,MT5,D1
2020-11-05,104.437,104.47,103.437,103.593,53149,MT5,D1
2020-11-06,103.604,103.756,103.175,103.327,48368,MT5,D1
2020-11-08,103.319,103.326,103.161,103.244,2262,MT5,D1
2020-11-09,103.251,105.643,103.238,105.12,63424,MT5,D1
2020-11-10,105.135,105.484,104.818,105.252,45764,MT5,D1
2020-11-11,105.259,105.673,105.003,105.391,30244,MT5,D1
2020-11-12,105.412,105.475,105.046,105.086,30161,MT5,D1
2020-11-13,105.096,105.147,104.547,104.565,26434,MT5,D1
2020-11-15,104.679,104.697,104.577,104.655,1549,MT5,D1
2020-11-16,104.674,105.132,104.36,104.52,33995,MT5,D1
2020-11-17,104.53,104.564,104.068,104.163,27544,MT5,D1
2020-11-18,104.173,104.173,103.65,103.882,30396,MT5,D1
2020-11-19,103.892,104.213,103.702,103.791,31496,MT5,D1
2020-11-20,103.807,103.907,103.699,103.801,21347,MT5,D1
2020-11-22,103.781,103.847,103.768,103.806,1652,MT5,D1
2020-11-23,103.816,104.634,103.681,104.518,28597,MT5,D1
2020-11-24,104.527,104.759,104.144,104.499,33773,MT5,D1
2020-11-25,104.507,104.595,104.254,104.391,28743,MT5,D1
2020-11-26,104.401,104.402,104.202,104.243,20277,MT5,D1
2020-11-27,104.253,104.268,103.905,103.994,22308,MT5,D1
2020-11-29,104.014,104.131,103.987,104.062,1580,MT5,D1
2020-11-30,104.083,104.396,103.828,104.293,31272,MT5,D1
2020-12-01,104.303,104.574,104.18,104.288,30085,MT5,D1
2020-12-02,104.298,104.748,104.223,104.437,30872,MT5,D1
2020-12-03,104.447,104.533,103.669,103.821,29487,MT5,D1
2020-12-04,103.831,104.24,103.736,104.149,32390,MT5,D1
2020-12-06,104.102,104.224,104.092,104.194,1433,MT5,D1
2020-12-07,104.204,104.309,103.92,103.996,29804,MT5,D1
2020-12-08,104.005,104.203,103.952,104.127,26449,MT5,D1
2020-12-09,104.137,104.402,104.049,104.275,23748,MT5,D1
2020-12-10,104.283,104.576,104.156,104.167,29487,MT5,D1
2020-12-11,104.177,104.177,103.822,103.974,25602,MT5,D1
2020-12-13,103.904,103.998,103.827,103.953,2253,MT5,D1
2020-12-14,103.962,104.101,103.509,103.996,27653,MT5,D1
2020-12-15,104.006,104.148,103.592,103.635,24351,MT5,D1
2020-12-16,103.645,103.914,103.259,103.461,31909,MT5,D1
2020-12-17,103.472,103.557,102.871,103.135,30452,MT5,D1
2020-12-18,103.145,103.592,103.119,103.249,26779,MT5,D1
2020-12-20,103.493,103.496,103.304,103.467,1934,MT5,D1
2020-12-21,103.477,103.887,103.25,103.327,38330,MT5,D1
2020-12-22,103.337,103.731,103.278,103.492,28184,MT5,D1
2020-12-23,103.511,103.649,103.353,103.522,27514,MT5,D1
2020-12-24,103.532,103.764,103.5,103.589,19845,MT5,D1
2020-12-27,103.546,103.589,103.487,103.516,1078,MT5,D1
2020-12-28,103.526,103.895,103.401,103.679,23627,MT5,D1
2020-12-29,103.689,103.802,103.46,103.541,22335,MT5,D1
2020-12-30,103.551,103.58,102.959,103.115,26832,MT5,D1
2020-12-31,103.125,103.312,102.992,103.254,22332,MT5,D1
2021-01-03,103.179,103.302,103.165,103.233,1673,MT5,D1
2021-01-04,103.243,103.258,102.71,103.121,31921,MT5,D1
2021-01-05,103.131,103.188,102.603,102.674,30869,MT5,D1
2021-01-06,102.684,103.44,102.59,103.011,40711,MT5,D1
2021-01-07,103.021,103.953,102.948,103.789,37800,MT5,D1
2021-01-08,103.799,104.089,103.601,103.928,44483,MT5,D1
2021-01-10,103.88,104.082,103.838,104.074,1517,MT5,D1
2021-01-11,104.083,104.394,104.03,104.128,29294,MT5,D1
2021-01-12,104.138,104.328,103.693,103.736,29304,MT5,D1
2021-01-13,103.746,103.992,103.523,103.815,29141,MT5,D1
2021-01-14,103.825,104.194,103.561,103.827,33651,MT5,D1
2021-01-15,103.837,103.898,103.615,103.842,24239,MT5,D1
2021-01-17,103.83,103.91,103.795,103.905,1338,MT5,D1
2021-01-18,103.915,103.928,103.623,103.693,20819,MT5,D1
2021-01-19,103.703,104.082,103.65,103.887,24316,MT5,D1
2021-01-20,103.897,103.925,103.443,103.544,22381,MT5,D1
2021-01-21,103.555,103.664,103.325,103.498,26075,MT5,D1
2021-01-22,103.507,103.883,103.491,103.72,19353,MT5,D1
2021-01-24,103.783,103.817,103.756,103.778,1076,MT5,D1
2021-01-25,103.788,103.933,103.671,103.749,20700,MT5,D1
2021-01-26,103.76,103.825,103.553,103.589,17233,MT5,D1
2021-01-27,103.599,104.196,103.584,104.122,24272,MT5,D1
2021-01-28,104.139,104.46,104.132,104.291,26440,MT5,D1
2021-01-29,104.3,104.937,104.285,104.687,27041,MT5,D1
2021-01-31,104.721,104.8,104.66,104.705,1670,MT5,D1
2021-02-01,104.715,105.032,104.606,104.871,21160,MT5,D1
2021-02-02,104.881,105.17,104.826,105.019,22148,MT5,D1
2021-02-03,105.027,105.101,104.92,104.984,17131,MT5,D1
2021-02-04,104.994,105.583,104.973,105.554,20028,MT5,D1
2021-02-05,105.573,105.765,105.305,105.305,24472,MT5,D1
2021-02-07,105.324,105.42,105.314,105.383,2080,MT5,D1
2021-02-08,105.393,105.668,105.148,105.202,22120,MT5,D1
2021-02-09,105.212,105.225,104.495,104.571,25141,MT5,D1
2021-02-10,104.581,104.84,104.407,104.605,24186,MT5,D1
2021-02-11,104.615,104.802,104.547,104.738,16330,MT5,D1
2021-02-12,104.748,105.179,104.733,104.895,17732,MT5,D1
2021-02-14,104.916,105.065,104.914,105.055,1909,MT5,D1
2021-02-15,105.065,105.414,104.977,105.359,17003,MT5,D1
2021-02-16,105.369,106.205,105.177,106.097,27743,MT5,D1
2021-02-17,106.114,106.21,105.776,105.833,30181,MT5,D1
2021-02-18,105.85,105.92,105.596,105.642,23832,MT5,D1
2021-02-19,105.651,105.739,105.237,105.384,24745,MT5,D1
2021-02-21,105.398,105.608,105.386,105.512,1372,MT5,D1
2021-02-22,105.534,105.841,104.89,104.995,29804,MT5,D1
2021-02-23,105.005,105.426,104.919,105.283,25507,MT5,D1
2021-02-24,105.294,106.101,105.266,105.941,33385,MT5,D1
2021-02-25,105.952,106.4,105.841,106.369,47303,MT5,D1
2021-02-26,106.388,106.689,105.845,106.515,49236,MT5,D1
2021-02-28,106.494,106.569,106.454,106.47,1449,MT5,D1
2021-03-01,106.48,106.885,106.364,106.827,29945,MT5,D1
2021-03-02,106.844,106.953,106.653,106.748,25505,MT5,D1
2021-03-03,106.758,107.149,106.696,107.058,27848,MT5,D1
2021-03-04,107.067,107.992,106.965,107.93,31353,MT5,D1
2021-03-05,107.947,108.641,107.818,108.36,45203,MT5,D1
2021-03-07,108.308,108.461,108.268,108.385,1619,MT5,D1
2021-03-08,108.402,108.939,108.306,108.915,27416,MT5,D1
2021-03-09,108.925,109.231,108.413,108.563,36538,MT5,D1
2021-03-10,108.573,108.917,108.336,108.429,36286,MT5,D1
2021-03-11,108.437,108.809,108.354,108.561,34182,MT5,D1
2021-03-12,108.571,109.161,108.513,108.972,32620,MT5,D1
2021-03-14,109.009,109.143,108.96,109.114,1671,MT5,D1
2021-03-15,109.113,109.361,108.912,109.125,28107,MT5,D1
2021-03-16,109.126,109.285,108.769,109.028,28138,MT5,D1
2021-03-17,109.027,109.322,108.684,108.896,31530,MT5,D1
2021-03-18,108.895,109.3,108.623,108.931,39547,MT5,D1
2021-03-19,108.93,109.128,108.605,108.869,31520,MT5,D1
2021-03-21,108.61,108.928,108.555,108.873,2213,MT5,D1
2021-03-22,108.871,108.952,108.616,108.776,24727,MT5,D1
2021-03-23,108.777,108.869,108.404,108.52,26442,MT5,D1
2021-03-24,108.519,108.953,108.449,108.787,25039,MT5,D1
2021-03-25,108.786,109.233,108.786,109.176,24255,MT5,D1
2021-03-26,109.175,109.844,109.127,109.664,23072,MT5,D1
2021-03-28,109.687,109.799,109.611,109.789,1467,MT5,D1
2021-03-29,109.788,109.882,109.371,109.835,22990,MT5,D1
2021-03-30,109.835,110.423,109.784,110.304,26035,MT5,D1
2021-03-31,110.306,110.962,110.272,110.755,33288,MT5,D1
2021-04-01,110.754,110.844,110.545,110.605,26874,MT5,D1
2021-04-02,110.603,110.744,110.368,110.647,15176,MT5,D1
2021-04-04,110.632,110.746,110.591,110.675,1758,MT5,D1
2021-04-05,110.676,110.718,109.96,110.19,22809,MT5,D1
2021-04-06,110.191,110.549,109.667,109.793,37217,MT5,D1
2021-04-07,109.792,109.938,109.576,109.852,37000,MT5,D1
2021-04-08,109.854,109.901,108.998,109.327,36761,MT5,D1
2021-04-09,109.329,109.956,109.211,109.651,34176,MT5,D1
2021-04-11,109.667,109.751,109.591,109.718,1260,MT5,D1
2021-04-12,109.719,109.767,109.243,109.378,30830,MT5,D1
2021-04-13,109.38,109.75,108.886,108.92,44828,MT5,D1
2021-04-14,108.92,109.092,108.75,108.89,36085,MT5,D1
2021-04-15,108.892,108.956,108.61,108.688,35222,MT5,D1
2021-04-16,108.689,108.962,108.61,108.781,30109,MT5,D1
2021-04-18,108.746,108.821,108.666,108.719,1656,MT5,D1
2021-04-19,108.72,108.766,108.007,108.105,41683,MT5,D1
2021-04-20,108.107,108.546,107.97,108.13,39208,MT5,D1
2021-04-21,108.131,108.279,107.873,108.04,32611,MT5,D1
2021-04-22,108.041,108.229,107.81,107.984,36946,MT5,D1
2021-04-23,107.985,108.142,107.475,107.855,34000,MT5,D1
2021-04-25,107.897,107.93,107.842,107.88,1185,MT5,D1
2021-04-26,107.881,108.207,107.639,108.197,38347,MT5,D1
2021-04-27,108.198,108.774,108.097,108.747,34397,MT5,D1
2021-04-28,108.748,109.075,108.499,108.504,43131,MT5,D1
2021-04-29,108.504,109.22,108.432,108.903,36757,MT5,D1
2021-04-30,108.902,109.343,108.711,109.324,36446,MT5,D1
2021-05-02,109.262,109.339,109.232,109.284,951,MT5,D1
2021-05-03,109.284,109.696,108.892,109.084,33212,MT5,D1
2021-05-04,109.085,109.484,109.04,109.33,41467,MT5,D1
2021-05-05,109.331,109.476,109.141,109.218,31703,MT5,D1
2021-05-06,109.218,109.425,108.999,109.049,40141,MT5,D1
2021-05-07,109.05,109.286,108.337,108.576,47536,MT5,D1
2021-05-09,108.572,108.607,108.443,108.571,1776,MT5,D1
2021-05-10,108.571,109.053,108.556,108.845,40031,MT5,D1
2021-05-11,108.846,108.979,108.348,108.714,41898,MT5,D1
2021-05-12,108.714,109.693,108.658,109.66,50358,MT5,D1
2021-05-13,109.661,109.784,109.386,109.513,44188,MT5,D1
2021-05-14,109.515,109.653,109.184,109.332,33516,MT5,D1
2021-05-16,109.237,109.42,109.217,109.417,1173,MT5,D1
2021-05-17,109.418,109.499,109.072,109.238,31027,MT5,D1
2021-05-18,109.24,109.281,108.828,108.864,32832,MT5,D1
2021-05-19,108.865,109.333,108.57,109.261,49616,MT5,D1
2021-05-20,109.261,109.294,108.726,108.859,36983,MT5,D1
2021-05-21,108.857,109.001,108.61,108.943,30913,MT5,D1
2021-05-23,108.892,108.982,108.84,108.914,986,MT5,D1
2021-05-24,108.913,108.988,108.695,108.849,27983,MT5,D1
2021-05-25,108.847,109.067,108.556,108.789,35830,MT5,D1
2021-05-26,108.791,109.175,108.721,109.167,30845,MT5,D1
2021-05-27,109.168,109.92,109.034,109.806,37319,MT5,D1
2021-05-28,109.807,110.197,109.741,109.836,34020,MT5,D1
2021-05-30,109.812,109.93,109.755,109.907,949,MT5,D1
2021-05-31,109.908,109.933,109.35,109.491,22324,MT5,D1
2021-06-01,109.492,109.704,109.329,109.493,31143,MT5,D1
2021-06-02,109.492,109.882,109.479,109.593,28613,MT5,D1
2021-06-03,109.592,110.315,109.564,110.287,31296,MT5,D1
2021-06-04,110.288,110.326,109.363,109.511,33498,MT5,D1
2021-06-06,109.498,109.632,109.435,109.615,973,MT5,D1
2021-06-07,109.616,109.634,109.189,109.27,28836,MT5,D1
2021-06-08,109.271,109.554,109.196,109.467,29776,MT5,D1
2021-06-09,109.469,109.653,109.223,109.61,25345,MT5,D1
2021-06-10,109.609,109.793,109.279,109.392,35624,MT5,D1
2021-06-11,109.39,109.838,109.315,109.651,25793,MT5,D1
2021-06-13,109.609,109.732,109.574,109.714,1049,MT5,D1
2021-06-14,109.715,110.096,109.609,110.04,23597,MT5,D1
2021-06-15,110.041,110.164,109.985,110.08,25148,MT5,D1
2021-06-16,110.081,110.797,109.801,109.949,35745,MT5,D1
2021-06-17,110.77,110.82,110.165,110.322,42085,MT5,D1
2021-06-18,110.32,110.482,109.941,110.214,46173,MT5,D1
2021-06-20,110.187,110.236,110.141,110.2,1536,MT5,D1
2021-06-21,110.202,110.379,109.714,110.374,42674,MT5,D1
2021-06-22,110.376,110.789,110.209,110.652,28948,MT5,D1
2021-06-23,110.653,111.101,110.644,111.01,32358,MT5,D1
2021-06-24,111.011,111.113,110.684,110.918,28540,MT5,D1
2021-06-25,110.919,110.982,110.478,110.774,24984,MT5,D1
2021-06-27,110.788,110.834,110.743,110.809,1103,MT5,D1
2021-06-28,110.81,110.973,110.495,110.604,26768,MT5,D1
2021-06-29,110.605,110.755,110.428,110.532,28387,MT5,D1
2021-06-30,110.533,111.135,110.417,111.129,30945,MT5,D1
2021-07-01,111.131,111.635,111.025,111.569,29894,MT5,D1
2021-07-02,111.57,111.655,110.949,111.009,30986,MT5,D1
2021-07-04,110.964,111.155,110.933,111.138,1347,MT5,D1
2021-07-05,111.139,111.187,110.793,110.914,20692,MT5,D1
2021-07-06,110.915,110.928,110.516,110.599,33036,MT5,D1
2021-07-07,110.6,110.813,110.393,110.632,36246,MT5,D1
2021-07-08,110.634,110.647,109.531,109.798,52830,MT5,D1
2021-07-09,109.8,110.256,109.761,110.106,33931,MT5,D1
2021-07-11,110.086,110.234,110.075,110.215,1361,MT5,D1
2021-07-12,110.216,110.399,109.964,110.289,43160,MT5,D1
2021-07-13,110.327,110.644,110.196,110.595,34272,MT5,D1
2021-07-14,110.596,110.695,109.91,109.994,34391,MT5,D1
2021-07-15,109.995,110.087,109.711,109.777,34135,MT5,D1
2021-07-16,109.778,110.339,109.73,110.068,39113,MT5,D1
2021-07-18,110.028,110.086,109.847,109.874,3707,MT5,D1
2021-07-19,109.875,110.03,109.063,109.526,37879,MT5,D1
2021-07-20,109.526,109.953,109.327,109.916,40629,MT5,D1
2021-07-21,109.917,110.385,109.799,110.246,30647,MT5,D1
2021-07-22,110.246,110.355,110.012,110.139,29661,MT5,D1
2021-07-23,110.14,110.59,110.111,110.534,21954,MT5,D1
2021-07-25,110.506,110.565,110.457,110.545,1308,MT5,D1
2021-07-26,110.544,110.581,110.115,110.305,20060,MT5,D1
2021-07-27,110.306,110.326,109.58,109.805,23607,MT5,D1
2021-07-28,109.806,110.284,109.74,109.887,29705,MT5,D1
2021-07-29,109.888,109.908,109.4,109.409,22870,MT5,D1
2021-07-30,109.409,109.825,109.359,109.675,17641,MT5,D1
2021-08-01,109.661,109.768,109.607,109.712,1679,MT5,D1
2021-08-02,109.712,109.744,109.185,109.268,17387,MT5,D1
2021-08-03,109.27,109.331,108.875,108.991,17969,MT5,D1
2021-08-04,108.989,109.672,108.72,109.532,23933,MT5,D1
2021-08-05,109.532,109.785,109.401,109.751,19430,MT5,D1
2021-08-06,109.752,110.352,109.697,110.216,26296,MT5,D1
2021-08-08,110.191,110.289,110.188,110.26,2595,MT5,D1
2021-08-09,110.261,110.338,110.024,110.318,14531,MT5,D1
2021-08-10,110.32,110.596,110.299,110.596,13720,MT5,D1
2021-08-11,110.597,110.798,110.306,110.375,23187,MT5,D1
2021-08-12,110.375,110.544,110.315,110.399,13028,MT5,D1
2021-08-13,110.401,110.454,109.543,109.587,13001,MT5,D1
2021-08-15,109.583,109.735,109.524,109.625,2369,MT5,D1
2021-08-16,109.625,109.625,109.111,109.298,20368,MT5,D1
2021-08-17,109.299,109.651,109.114,109.537,21515,MT5,D1
2021-08-18,109.537,110.064,109.477,109.84,21157,MT5,D1
2021-08-19,109.839,110.226,109.481,109.767,28263,MT5,D1
2021-08-20,109.767,109.882,109.567,109.765,18212,MT5,D1
2021-08-22,109.721,109.879,109.705,109.838,1369,MT5,D1
2021-08-23,109.838,110.145,109.634,109.674,17377,MT5,D1
2021-08-24,109.676,109.877,109.41,109.729,17697,MT5,D1
2021-08-25,109.729,110.122,109.683,109.974,16128,MT5,D1
2021-08-26,109.976,110.226,109.925,110.047,19323,MT5,D1
2021-08-27,110.048,110.267,109.776,109.832,20624,MT5,D1
2021-08-29,109.843,109.872,109.74,109.861,681,MT5,D1
2021-08-30,109.861,109.98,109.701,109.942,9828,MT5,D1
2021-08-31,109.944,110.078,109.584,110.054,18170,MT5,D1
2021-09-01,110.055,110.416,109.877,110.092,18527,MT5,D1
2021-09-02,110.092,110.119,109.888,109.945,11030,MT5,D1
2021-09-03,109.946,110.071,109.59,109.68,21607,MT5,D1
2021-09-05,109.716,109.78,109.656,109.78,789,MT5,D1
2021-09-06,109.78,109.944,109.745,109.821,8120,MT5,D1
2021-09-07,109.821,110.32,109.682,110.293,15485,MT5,D1
2021-09-08,110.294,110.444,110.14,110.219,15333,MT5,D1
2021-09-09,110.22,110.27,109.619,109.771,16511,MT5,D1
2021-09-10,109.77,109.989,109.695,109.894,12909,MT5,D1
2021-09-12,109.871,109.925,109.811,109.916,990,MT5,D1
2021-09-13,109.916,110.156,109.89,109.991,11918,MT5,D1
2021-09-14,109.993,110.159,109.526,109.713,16057,MT5,D1
2021-09-15,109.713,109.74,109.11,109.379,16453,MT5,D1
2021-09-16,109.381,109.825,109.211,109.694,15741,MT5,D1
2021-09-17,109.696,110.077,109.666,109.967,13461,MT5,D1
2021-09-19,109.942,109.99,109.872,109.977,707,MT5,D1
2021-09-20,109.977,110.034,109.32,109.437,19425,MT5,D1
2021-09-21,109.435,109.703,109.133,109.151,19888,MT5,D1
2021-09-22,109.153,109.897,109.119,109.822,29357,MT5,D1
2021-09-23,109.821,110.339,109.756,110.325,16011,MT5,D1
2021-09-24,110.324,110.789,110.31,110.723,15478,MT5,D1
2021-09-26,110.688,110.794,110.665,110.768,713,MT5,D1
2021-09-27,110.766,111.062,110.533,110.962,18118,MT5,D1
2021-09-28,110.961,111.637,110.932,111.527,26704,MT5,D1
2021-09-29,111.526,112.046,111.202,111.935,24519,MT5,D1
2021-09-30,111.934,112.075,111.22,111.462,26736,MT5,D1
2021-10-01,111.46,111.485,110.904,111.052,30611,MT5,D1
2021-10-03,110.898,111.008,110.878,110.945,1245,MT5,D1
2021-10-04,110.947,111.298,110.82,110.966,25613,MT5,D1
2021-10-05,110.967,111.558,110.869,111.485,22447,MT5,D1
2021-10-06,111.485,111.784,111.196,111.405,28038,MT5,D1
2021-10-07,111.403,111.673,111.228,111.659,18678,MT5,D1
2021-10-08,111.661,112.244,111.509,112.218,27396,MT5,D1
2021-10-10,112.161,112.314,112.134,112.272,992,MT5,D1
2021-10-11,112.272,113.408,112.174,113.385,21310,MT5,D1
2021-10-12,113.387,113.785,113.0,113.535,31884,MT5,D1
2021-10-13,113.536,113.801,113.195,113.307,28414,MT5,D1
2021-10-14,113.305,113.881,113.275,113.83,21604,MT5,D1
2021-10-15,113.831,114.46,113.812,114.251,25654,MT5,D1
2021-10-17,114.192,114.351,114.157,114.329,1917,MT5,D1
2021-10-18,114.331,114.449,114.014,114.285,30591,MT5,D1
2021-10-19,114.284,114.58,113.878,114.543,23866,MT5,D1
2021-10-20,114.543,114.696,114.077,114.386,34343,MT5,D1
2021-10-21,114.386,114.404,113.649,113.846,30368,MT5,D1
2021-10-22,113.848,114.204,113.394,113.459,28461,MT5,D1
2021-10-24,113.516,113.69,113.444,113.665,1017,MT5,D1
2021-10-25,113.667,113.921,113.514,113.763,23553,MT5,D1
2021-10-26,113.763,114.309,113.718,114.183,20603,MT5,D1
2021-10-27,114.18,114.218,113.384,113.771,31455,MT5,D1
2021-10-28,113.772,113.863,113.253,113.613,33094,MT5,D1
2021-10-29,113.615,114.094,113.391,113.995,29976,MT5,D1
2021-10-31,114.033,114.252,114.02,114.234,1121,MT5,D1
2021-11-01,114.236,114.442,113.933,114.09,24269,MT5,D1
2021-11-02,114.09,114.131,113.46,113.964,25795,MT5,D1
2021-11-03,113.964,114.217,113.719,114.067,29636,MT5,D1
2021-11-04,114.067,114.274,113.506,113.832,29098,MT5,D1
2021-11-05,113.831,114.029,113.296,113.382,31756,MT5,D1
2021-11-07,113.348,113.513,113.332,113.453,664,MT5,D1
2021-11-08,113.474,113.664,113.078,113.242,21266,MT5,D1
2021-11-09,113.252,113.259,112.724,112.901,29534,MT5,D1
2021-11-10,112.91,114.012,112.773,113.891,34516,MT5,D1
2021-11-11,113.904,114.155,113.804,114.032,18533,MT5,D1
2021-11-12,114.042,114.298,113.759,113.9,22987,MT5,D1
2021-11-14,113.933,114.032,113.891,113.963,520,MT5,D1
2021-11-15,113.981,114.213,113.749,114.119,19802,MT5,D1
2021-11-16,114.129,114.955,114.099,114.885,25959,MT5,D1
2021-11-17,114.902,114.943,113.932,114.17,28688,MT5,D1
2021-11-18,114.188,114.483,113.875,114.272,27970,MT5,D1
2021-11-19,114.282,114.537,113.585,114.008,44212,MT5,D1
2021-11-21,113.927,114.12,113.909,114.12,1051,MT5,D1
2021-11-22,114.139,114.959,114.018,114.77,32308,MT5,D1
2021-11-23,114.788,115.205,114.483,115.118,40029,MT5,D1
2021-11-24,115.124,115.518,114.823,115.397,34101,MT5,D1
2021-11-25,115.406,115.443,115.008,115.055,12762,MT5,D1
2021-11-26,115.074,115.109,113.051,113.306,81903,MT5,D1
2021-11-28,113.533,113.852,113.327,113.711,2825,MT5,D1
2021-11-29,113.72,113.954,112.99,113.782,55816,MT5,D1
2021-11-30,113.802,113.888,112.53,113.29,82205,MT5,D1
2021-12-01,113.3,113.625,112.668,112.871,50850,MT5,D1
2021-12-02,112.881,113.328,112.703,113.008,48951,MT5,D1
2021-12-03,113.02,113.609,112.557,112.804,49931,MT5,D1
2021-12-05,112.843,113.062,112.827,113.03,1601,MT5,D1
2021-12-06,113.041,113.549,112.848,113.453,31689,MT5,D1
2021-12-07,113.464,113.777,113.398,113.514,25531,MT5,D1
2021-12-08,113.523,113.952,113.31,113.671,34671,MT5,D1
2021-12-09,113.681,113.809,113.269,113.428,25448,MT5,D1
2021-12-10,113.437,113.789,113.22,113.37,28744,MT5,D1
2021-12-12,113.337,113.505,113.323,113.498,1272,MT5,D1
2021-12-13,113.51,113.723,113.368,113.566,19375,MT5,D1
2021-12-14,113.576,113.754,113.426,113.729,23755,MT5,D1
2021-12-15,113.739,114.274,113.628,114.133,32399,MT5,D1
2021-12-16,114.142,114.244,113.558,113.654,30531,MT5,D1
2021-12-17,113.664,113.855,113.138,113.702,31635,MT5,D1
2021-12-19,113.613,113.697,113.492,113.506,1020,MT5,D1
2021-12-20,113.515,113.728,113.325,113.651,29401,MT5,D1
2021-12-21,113.662,114.218,113.551,113.981,18327,MT5,D1
2021-12-22,113.991,114.368,113.991,114.115,17278,MT5,D1
2021-12-23,114.125,114.463,114.104,114.449,14076,MT5,D1
2021-12-24,114.455,114.504,114.295,114.333,4857,MT5,D1
2021-12-26,114.351,114.385,114.293,114.327,823,MT5,D1
2021-12-27,114.337,114.911,114.317,114.781,11622,MT5,D1
2021-12-28,114.79,114.946,114.704,114.758,12310,MT5,D1
2021-12-29,114.768,115.035,114.666,114.937,15192,MT5,D1
2021-12-30,114.946,115.207,114.943,115.053,14298,MT5,D1
2021-12-31,115.063,115.196,115.002,115.089,11328,MT5,D1
2022-01-02,115.042,115.143,115.02,115.131,699,MT5,D1
2022-01-03,115.14,115.365,114.946,115.318,17445,MT5,D1
2022-01-04,115.329,116.349,115.289,116.163,26391,MT5,D1
2022-01-05,116.173,116.24,115.619,116.115,26369,MT5,D1
2022-01-06,116.125,116.183,115.622,115.854,29766,MT5,D1
2022-01-07,115.863,116.045,115.483,115.516,24710,MT5,D1
2022-01-09,115.571,115.653,115.532,115.609,1061,MT5,D1
2022-01-10,115.618,115.849,115.04,115.266,24735,MT5,D1
2022-01-11,115.277,115.678,115.121,115.32,23893,MT5,D1
2022-01-12,115.332,115.486,114.378,114.66,27525,MT5,D1
2022-01-13,114.671,114.697,113.997,114.094,25004,MT5,D1
2022-01-14,114.114,114.246,113.479,114.18,36784,MT5,D1
2022-01-16,114.117,114.327,114.115,114.296,1172,MT5,D1
2022-01-17,114.305,114.648,114.273,114.56,14408,MT5,D1
2022-01-18,114.572,115.056,114.446,114.538,35450,MT5,D1
2022-01-19,114.555,114.786,114.204,114.337,28536,MT5,D1
2022-01-20,114.346,114.545,113.828,113.98,28861,MT5,D1
2022-01-21,113.99,114.03,113.601,113.653,34220,MT5,D1
2022-01-23,113.669,113.786,113.62,113.777,1226,MT5,D1
2022-01-24,113.785,114.082,113.467,114.002,37005,MT5,D1
2022-01-25,114.012,114.154,113.668,113.882,33804,MT5,D1
2022-01-26,113.892,114.728,113.776,114.709,31552,MT5,D1
2022-01-27,114.72,115.486,114.473,115.33,37441,MT5,D1
2022-01-28,115.349,115.682,115.12,115.216,32424,MT5,D1
2022-01-30,115.279,115.362,115.221,115.25,808,MT5,D1
2022-01-31,115.26,115.589,114.922,115.109,29387,MT5,D1
2022-02-01,115.118,115.19,114.564,114.722,27701,MT5,D1
2022-02-02,114.732,114.8,114.157,114.368,23654,MT5,D1
2022-02-03,114.379,114.974,114.325,114.946,28505,MT5,D1
2022-02-04,114.956,115.426,114.772,115.188,31383,MT5,D1
2022-02-06,115.234,115.307,115.197,115.213,1128,MT5,D1
2022-02-07,115.224,115.374,114.912,115.052,22477,MT5,D1
2022-02-08,115.061,115.626,115.059,115.578,20068,MT5,D1
2022-02-09,115.423,115.588,115.32,115.588,16276,MT5,D1
2022-02-10,115.598,116.336,115.48,116.038,37358,MT5,D1
2022-02-11,116.049,116.172,115.012,115.437,41752,MT5,D1
2022-02-13,115.345,115.578,115.33,115.573,1477,MT5,D1
2022-02-14,115.584,115.744,115.008,115.525,43246,MT5,D1
2022-02-15,115.535,115.874,115.255,115.627,30321,MT5,D1
2022-02-16,115.637,115.787,115.317,115.379,25138,MT5,D1
2022-02-17,115.39,115.535,114.773,114.851,45675,MT5,D1
2022-02-18,114.86,115.295,114.788,115.013,28256,MT5,D1
2022-02-20,115.012,115.033,114.85,114.953,1069,MT5,D1
2022-02-21,114.963,115.122,114.477,114.595,21273,MT5,D1
2022-02-22,114.607,115.239,114.519,115.086,35854,MT5,D1
2022-02-23,115.096,115.198,114.839,114.887,19564,MT5,D1
2022-02-24,114.896,115.692,114.405,115.527,78741,MT5,D1
2022-02-25,115.547,115.759,115.145,115.508,39080,MT5,D1
2022-02-27,115.466,115.716,115.359,115.576,2833,MT5,D1
2022-02-28,115.586,115.69,114.859,115.056,37262,MT5,D1
2022-03-01,115.083,115.286,114.697,114.829,34735,MT5,D1
2022-03-02,114.838,115.684,114.79,115.504,34351,MT5,D1
2022-03-03,115.514,115.803,115.382,115.469,25355,MT5,D1
2022-03-04,115.478,115.554,114.647,114.818,39777,MT5,D1
2022-03-06,114.896,114.943,114.802,114.941,1970,MT5,D1
2022-03-07,114.95,115.47,114.831,115.346,36524,MT5,D1
2022-03-08,115.365,115.788,115.321,115.713,32854,MT5,D1
2022-03-09,115.723,115.94,115.554,115.896,26473,MT5,D1
2022-03-10,115.906,116.197,115.813,116.167,27558,MT5,D1
2022-03-11,116.178,117.354,116.142,117.275,28856,MT5,D1
2022-03-13,117.335,117.599,117.288,117.532,1588,MT5,D1
2022-03-14,117.53,118.293,117.455,118.215,26227,MT5,D1
2022-03-15,118.217,118.447,117.695,118.31,32765,MT5,D1
2022-03-16,118.311,119.118,118.172,118.868,36035,MT5,D1
2022-03-17,118.868,119.022,118.367,118.485,31297,MT5,D1
2022-03-18,118.485,119.396,118.47,119.137,22597,MT5,D1
2022-03-20,119.094,119.294,119.082,119.263,1290,MT5,D1
2022-03-21,119.264,119.624,119.103,119.59,18073,MT5,D1
2022-03-22,119.592,121.411,119.583,121.338,46149,MT5,D1
2022-03-23,121.337,121.341,120.59,121.119,36873,MT5,D1
2022-03-24,121.121,122.433,120.951,122.349,39381,MT5,D1
2022-03-25,122.35,122.358,121.178,122.081,53701,MT5,D1
2022-03-27,122.046,122.363,121.987,122.269,2259,MT5,D1
2022-03-28,122.269,125.101,122.14,123.602,126083,MT5,D1
2022-03-29,123.602,124.303,121.977,123.124,115615,MT5,D1
2022-03-30,123.124,123.124,121.31,122.019,103534,MT5,D1
2022-03-31,122.02,122.454,121.28,121.744,91081,MT5,D1
2022-04-01,121.745,123.033,121.745,122.535,61864,MT5,D1
2022-04-03,122.577,122.715,122.505,122.633,2611,MT5,D1
2022-04-04,122.634,122.955,122.263,122.798,41912,MT5,D1
2022-04-05,122.797,123.711,122.371,123.655,50418,MT5,D1
2022-04-06,123.656,124.049,123.458,123.724,58217,MT5,D1
2022-04-07,123.721,124.205,123.469,124.096,38872,MT5,D1
2022-04-08,124.096,124.675,123.666,124.271,37684,MT5,D1
2022-04-10,124.043,124.428,124.043,124.397,1853,MT5,D1
2022-04-11,124.397,125.768,124.282,125.481,53937,MT5,D1
2022-04-12,125.48,125.755,124.764,125.424,60613,MT5,D1
2022-04-13,125.427,126.313,125.347,125.363,61047,MT5,D1
2022-04-14,125.364,126.2,125.083,126.166,51595,MT5,D1
2022-04-15,126.165,126.666,126.05,126.372,15472,MT5,D1
2022-04-17,126.389,126.7,126.319,126.611,2938,MT5,D1
2022-04-18,126.612,127.221,126.237,127.143,34082,MT5,D1
2022-04-19,127.145,129.383,126.988,129.328,78412,MT5,D1
2022-04-20,129.329,129.402,127.451,127.981,107780,MT5,D1
2022-04-21,127.981,128.702,127.802,128.435,72012,MT5,D1
2022-04-22,128.438,129.101,127.735,128.518,79659,MT5,D1
2022-04-24,128.542,128.838,128.435,128.607,3067,MT5,D1
2022-04-25,128.607,128.858,127.52,127.772,85135,MT5,D1
2022-04-26,127.774,128.199,126.923,127.263,82906,MT5,D1
2022-04-27,127.261,128.589,127.245,128.442,66550,MT5,D1
2022-04-28,128.44,131.251,128.352,130.784,137090,MT5,D1
2022-04-29,130.785,130.82,129.315,129.799,91934,MT5,D1
2022-05-01,129.747,130.278,129.728,130.0,4950,MT5,D1
2022-05-02,130.0,130.476,129.611,130.102,59861,MT5,D1
2022-05-03,130.101,130.287,129.697,130.123,40813,MT5,D1
2022-05-04,130.122,130.383,128.623,129.234,75851,MT5,D1
2022-05-05,129.235,130.556,128.753,130.32,75439,MT5,D1
2022-05-06,130.323,130.806,130.145,130.53,65372,MT5,D1
2022-05-08,130.503,130.78,130.47,130.737,2902,MT5,D1
2022-05-09,130.735,131.344,130.111,130.378,61884,MT5,D1
2022-05-10,130.376,130.548,129.792,130.366,68157,MT5,D1
2022-05-11,130.365,130.811,129.443,129.846,81962,MT5,D1
2022-05-12,129.846,129.905,127.518,128.602,118981,MT5,D1
2022-05-13,128.603,129.45,128.346,129.234,74780,MT5,D1
2022-05-15,129.243,129.498,129.213,129.407,2521,MT5,D1
2022-05-16,129.408,129.634,128.699,128.949,58876,MT5,D1
2022-05-17,128.948,129.78,128.828,129.42,51504,MT5,D1
2022-05-18,129.423,129.456,127.907,127.927,55723,MT5,D1
2022-05-19,127.928,128.941,127.023,127.851,93055,MT5,D1
2022-05-20,127.851,128.295,127.526,127.881,69636,MT5,D1
2022-05-22,127.838,128.044,127.805,127.89,2341,MT5,D1
2022-05-23,127.892,127.954,127.152,127.819,54515,MT5,D1
2022-05-24,127.817,128.083,126.358,126.735,72727,MT5,D1
2022-05-25,126.735,127.493,126.653,127.15,60984,MT5,D1
2022-05-26,127.152,127.58,126.552,127.102,57776,MT5,D1
2022-05-27,127.1,127.251,126.675,127.099,43344,MT5,D1
2022-05-29,127.035,127.343,127.027,127.27,1605,MT5,D1
2022-05-30,127.272,127.873,126.858,127.779,28216,MT5,D1
2022-05-31,127.781,128.887,127.633,128.734,61875,MT5,D1
2022-06-01,128.735,130.236,128.735,130.123,53564,MT5,D1
2022-06-02,130.124,130.216,129.511,129.936,42951,MT5,D1
2022-06-03,129.934,130.977,129.684,130.811,38635,MT5,D1
2022-06-05,130.848,130.971,130.707,130.721,2276,MT5,D1
2022-06-06,130.72,132.298,130.43,132.174,38124,MT5,D1
2022-06-07,132.176,132.998,132.092,132.82,61912,MT5,D1
2022-06-08,132.818,134.527,132.719,134.456,69269,MT5,D1
2022-06-09,134.454,134.555,133.183,134.392,79016,MT5,D1
2022-06-10,134.39,134.464,133.362,134.368,79229,MT5,D1
2022-06-12,134.334,134.849,134.321,134.785,3883,MT5,D1
2022-06-13,134.784,135.198,133.59,134.237,97818,MT5,D1
2022-06-14,134.235,135.551,133.87,135.275,91534,MT5,D1
2022-06-15,135.273,135.304,133.475,134.048,117243,MT5,D1
2022-06-16,134.046,134.675,131.491,132.416,140678,MT5,D1
2022-06-17,132.413,135.421,132.176,134.952,159579,MT5,D1
2022-06-19,134.935,135.38,134.921,135.294,5407,MT5,D1
2022-06-20,135.295,135.44,134.53,135.096,54047,MT5,D1
2022-06-21,135.097,136.691,134.922,136.316,64024,MT5,D1
2022-06-22,136.315,136.622,135.681,135.99,76146,MT5,D1
2022-06-23,135.988,136.194,134.263,134.819,97239,MT5,D1
2022-06-24,134.816,135.396,134.35,135.163,68769,MT5,D1
2022-06-26,135.11,135.217,135.009,135.054,2840,MT5,D1
2022-06-27,135.052,135.549,134.519,135.438,57355,MT5,D1
2022-06-28,135.436,136.381,135.11,136.042,55851,MT5,D1
2022-06-29,136.045,136.998,135.769,136.62,65476,MT5,D1
2022-06-30,136.617,136.805,135.551,135.797,59847,MT5,D1
2022-07-01,135.796,135.982,134.743,135.241,75145,MT5,D1
2022-07-03,135.246,135.296,134.993,135.001,2929,MT5,D1
2022-07-04,135.003,135.973,134.781,135.864,31879,MT5,D1
2022-07-05,135.862,136.359,135.419,135.537,68199,MT5,D1
2022-07-06,135.539,136.128,134.948,135.953,78681,MT5,D1
2022-07-07,135.951,136.218,135.548,135.918,49609,MT5,D1
2022-07-08,135.917,136.563,135.326,136.036,76475,MT5,D1
2022-07-10,136.05,136.352,136.027,136.295,2103,MT5,D1
2022-07-11,136.296,137.748,136.227,137.412,55700,MT5,D1
2022-07-12,137.411,137.531,136.472,136.732,54434,MT5,D1
2022-07-13,136.733,137.862,136.69,137.631,66114,MT5,D1
2022-07-14,137.629,139.385,137.589,138.976,78247,MT5,D1
2022-07-15,138.974,139.085,138.384,138.451,51502,MT5,D1
2022-07-17,138.507,138.554,138.274,138.295,2335,MT5,D1
2022-07-18,138.297,138.452,137.89,138.256,34555,MT5,D1
2022-07-19,138.257,138.389,137.38,138.188,44207,MT5,D1
2022-07-20,138.185,138.47,137.901,138.415,34568,MT5,D1
2022-07-21,138.416,138.874,137.022,137.075,64514,MT5,D1
2022-07-22,137.078,137.951,135.566,136.047,70365,MT5,D1
2022-07-24,136.118,136.415,136.023,136.34,3216,MT5,D1
2022-07-25,136.338,136.786,135.888,136.409,46322,MT5,D1
2022-07-26,136.406,136.985,136.273,136.962,37289,MT5,D1
2022-07-27,136.96,137.46,136.079,136.115,62022,MT5,D1
2022-07-28,136.116,136.416,134.181,134.401,87325,MT5,D1
2022-07-29,134.4,134.673,132.503,133.21,113842,MT5,D1
2022-07-31,133.259,133.556,133.181,133.371,2801,MT5,D1
2022-08-01,133.369,133.408,131.373,131.404,95279,MT5,D1
2022-08-02,131.403,133.6,130.393,133.342,116659,MT5,D1
2022-08-03,133.34,134.546,132.284,133.93,106236,MT5,D1
2022-08-04,133.928,134.42,132.52,132.615,87244,MT5,D1
2022-08-05,132.617,135.5,132.571,134.999,90642,MT5,D1
2022-08-07,134.999,135.284,134.923,135.06,3774,MT5,D1
2022-08-08,135.062,135.58,134.35,134.836,63430,MT5,D1
2022-08-09,134.838,135.199,134.666,135.193,42499,MT5,D1
2022-08-10,135.194,135.301,132.027,132.812,91966,MT5,D1
2022-08-11,132.81,133.309,131.734,133.01,72657,MT5,D1
2022-08-12,133.011,133.889,132.901,133.485,62671,MT5,D1
2022-08-14,133.383,133.581,133.217,133.309,2461,MT5,D1
2022-08-15,133.31,133.539,132.553,133.134,51859,MT5,D1
2022-08-16,133.132,134.681,132.95,134.282,52015,MT5,D1
2022-08-17,134.284,135.495,133.905,134.953,63571,MT5,D1
2022-08-18,134.955,135.898,134.645,135.806,58309,MT5,D1
2022-08-19,135.807,137.227,135.807,136.887,50290,MT5,D1
2022-08-21,136.829,137.075,136.805,137.025,2595,MT5,D1
2022-08-22,137.023,137.645,136.687,137.574,50064,MT5,D1
2022-08-23,137.575,137.705,135.807,136.742,69684,MT5,D1
2022-08-24,136.743,137.241,136.172,137.095,56157,MT5,D1
2022-08-25,137.097,137.197,136.318,136.564,52603,MT5,D1
2022-08-26,136.562,137.521,136.205,137.511,69741,MT5,D1
2022-08-28,137.625,138.208,137.549,138.163,3723,MT5,D1
2022-08-29,138.165,138.998,138.083,138.644,51774,MT5,D1
2022-08-30,138.646,139.075,138.049,138.759,56027,MT5,D1
2022-08-31,138.761,139.441,138.269,139.33,53883,MT5,D1
2022-09-01,139.329,140.269,139.056,140.083,59144,MT5,D1
2022-09-02,140.084,140.798,139.87,140.171,55290,MT5,D1
2022-09-04,140.116,140.549,140.074,140.538,3014,MT5,D1
2022-09-05,140.54,140.659,140.116,140.432,31403,MT5,D1
2022-09-06,140.43,143.469,140.249,143.16,65356,MT5,D1
2022-09-07,143.159,144.988,142.925,144.092,96977,MT5,D1
2022-09-08,144.091,144.556,143.317,143.876,91680,MT5,D1
2022-09-09,143.874,143.958,141.501,142.569,98090,MT5,D1
2022-09-11,142.125,142.754,142.122,142.563,2617,MT5,D1
2022-09-12,142.565,143.492,142.158,142.582,73353,MT5,D1
2022-09-13,142.58,144.934,141.63,144.454,123833,MT5,D1
2022-09-14,144.453,144.849,142.549,142.92,117748,MT5,D1
2022-09-15,142.918,143.798,142.907,143.337,67652,MT5,D1
2022-09-16,143.335,143.69,142.827,142.912,55516,MT5,D1
2022-09-18,142.901,143.098,142.641,142.757,3695,MT5,D1
2022-09-19,142.755,143.642,142.681,143.181,38123,MT5,D1
2022-09-20,143.179,143.919,142.932,143.582,45895,MT5,D1
2022-09-21,143.58,144.689,143.341,144.24,93813,MT5,D1
2022-09-22,144.241,145.899,140.348,142.271,310554,MT5,D1
2022-09-23,142.269,143.458,141.763,143.337,113729,MT5,D1
2022-09-25,143.613,143.614,143.224,143.529,5046,MT5,D1
2022-09-26,143.526,144.785,143.42,144.468,119297,MT5,D1
2022-09-27,144.47,144.9,144.06,144.707,72866,MT5,D1
2022-09-28,144.705,144.848,143.906,144.415,88816,MT5,D1
2022-09-29,144.413,144.812,144.204,144.423,68867,MT5,D1
2022-09-30,144.424,144.95,144.202,144.728,57708,MT5,D1
2022-10-02,144.698,144.886,144.597,144.803,2785,MT5,D1
2022-10-03,144.805,145.316,144.149,144.524,61758,MT5,D1
2022-10-04,144.522,144.931,143.772,143.852,55701,MT5,D1
2022-10-05,143.85,144.843,143.525,144.437,60156,MT5,D1
2022-10-06,144.436,145.135,144.384,145.044,39817,MT5,D1
2022-10-07,145.042,145.44,144.717,145.366,42930,MT5,D1
2022-10-09,145.294,145.487,145.294,145.465,1730,MT5,D1
2022-10-10,145.462,145.801,145.234,145.668,30081,MT5,D1
2022-10-11,145.667,145.943,145.426,145.89,38880,MT5,D1
2022-10-12,145.888,146.967,145.815,146.772,60534,MT5,D1
2022-10-13,146.774,147.667,146.477,147.306,76374,MT5,D1
2022-10-14,147.307,148.859,147.09,148.733,59701,MT5,D1
2022-10-16,148.588,148.691,148.422,148.635,4000,MT5,D1
2022-10-17,148.637,149.087,148.426,148.969,39374,MT5,D1
2022-10-18,148.968,149.382,148.144,149.213,52896,MT5,D1
2022-10-19,149.211,149.897,149.097,149.825,35811,MT5,D1
2022-10-20,149.823,150.283,149.551,150.172,40648,MT5,D1
2022-10-21,150.17,151.939,146.205,147.621,333398,MT5,D1
2022-10-23,147.652,149.706,145.519,147.626,84301,MT5,D1
2022-10-24,147.624,149.455,147.367,148.887,120079,MT5,D1
2022-10-25,148.885,149.058,147.512,147.98,69222,MT5,D1
2022-10-26,147.978,148.408,146.071,146.078,89714,MT5,D1
2022-10-27,146.077,146.933,145.105,146.28,97663,MT5,D1
2022-10-28,146.278,147.858,145.987,147.456,89436,MT5,D1
2022-10-30,147.588,147.835,147.517,147.812,3342,MT5,D1
2022-10-31,147.81,148.848,147.733,148.735,50737,MT5,D1
2022-11-01,148.734,148.821,146.983,147.914,83863,MT5,D1
2022-11-02,147.916,147.998,145.671,147.891,112273,MT5,D1
2022-11-03,147.89,148.447,147.111,148.39,75142,MT5,D1
2022-11-04,148.388,148.4,146.527,146.636,82139,MT5,D1
2022-11-06,146.99,147.019,146.775,146.814,2113,MT5,D1
2022-11-07,146.842,147.565,146.081,146.606,67321,MT5,D1
2022-11-08,146.625,146.931,145.163,145.274,61472,MT5,D1
2022-11-09,145.295,146.792,145.169,146.181,80424,MT5,D1
2022-11-10,146.199,146.586,140.228,141.713,150011,MT5,D1
2022-11-11,141.736,142.479,138.463,138.75,171482,MT5,D1
2022-11-13,139.747,139.766,139.253,139.585,2643,MT5,D1
2022-11-14,139.613,140.796,138.799,140.077,125768,MT5,D1
2022-11-15,140.094,140.623,137.674,138.92,158214,MT5,D1
2022-11-16,138.965,140.288,138.866,139.303,111631,MT5,D1
2022-11-17,139.325,140.738,138.874,140.413,87801,MT5,D1
2022-11-18,140.423,140.496,139.633,140.346,63637,MT5,D1
2022-11-20,140.326,140.371,140.128,140.244,1428,MT5,D1
2022-11-21,140.263,142.251,140.192,142.074,64624,MT5,D1
2022-11-22,142.092,142.242,141.082,141.14,58291,MT5,D1
2022-11-23,141.158,141.61,139.163,139.231,73059,MT5,D1
2022-11-24,139.209,139.47,138.047,138.594,66105,MT5,D1
2022-11-25,138.58,139.591,138.371,139.144,64390,MT5,D1
2022-11-27,139.281,139.362,139.21,139.353,853,MT5,D1
2022-11-28,139.351,139.351,137.495,138.701,89751,MT5,D1
2022-11-29,138.69,139.35,137.866,138.74,88243,MT5,D1
2022-11-30,138.726,139.891,137.321,137.341,113317,MT5,D1
2022-12-01,137.33,137.48,135.035,135.121,122578,MT5,D1
2022-12-02,135.121,135.982,133.621,134.322,131796,MT5,D1
2022-12-04,134.483,134.535,134.273,134.466,1651,MT5,D1
2022-12-05,134.457,136.857,134.13,136.561,85637,MT5,D1
2022-12-06,136.549,137.424,135.961,136.87,83663,MT5,D1
2022-12-07,136.857,137.856,136.215,136.369,97892,MT5,D1
2022-12-08,136.359,137.242,136.237,136.603,71544,MT5,D1
2022-12-09,136.604,136.897,135.599,136.593,86378,MT5,D1
2022-12-11,136.527,136.77,136.474,136.7,1577,MT5,D1
2022-12-12,136.696,137.847,136.617,137.492,56792,MT5,D1
2022-12-13,137.491,137.967,134.654,135.559,113594,MT5,D1
2022-12-14,135.548,135.989,134.517,135.336,132688,MT5,D1
2022-12-15,135.328,138.171,135.283,137.739,88459,MT5,D1
2022-12-16,137.73,137.749,136.292,136.744,73669,MT5,D1
2022-12-18,135.932,136.561,135.931,136.546,2208,MT5,D1
2022-12-19,136.547,137.159,135.75,136.961,70281,MT5,D1
2022-12-20,136.953,137.473,130.565,131.891,268228,MT5,D1
2022-12-21,131.889,132.527,131.49,132.395,102123,MT5,D1
2022-12-22,132.394,132.718,131.642,132.377,74907,MT5,D1
2022-12-23,132.378,133.135,132.289,132.82,61379,MT5,D1
2022-12-25,132.747,132.834,132.704,132.775,512,MT5,D1
2022-12-26,132.777,133.21,132.312,132.742,32285,MT5,D1
2022-12-27,132.738,133.593,132.615,133.485,47947,MT5,D1
2022-12-28,133.486,134.497,133.398,134.031,65084,MT5,D1
2022-12-29,134.033,134.194,132.864,132.913,63107,MT5,D1
2022-12-30,132.918,132.955,130.773,131.108,96717,MT5,D1
2023-01-01,130.753,130.903,130.64,130.888,515,MT5,D1
2023-01-02,130.9,131.353,130.434,130.732,19517,MT5,D1
2023-01-03,130.766,131.418,129.502,131.293,126641,MT5,D1
2023-01-04,131.295,132.717,129.925,132.253,120797,MT5,D1
2023-01-05,132.251,134.052,131.681,133.315,113947,MT5,D1
2023-01-06,133.32,134.772,131.994,132.097,133434,MT5,D1
2023-01-08,131.927,132.281,131.786,131.803,3261,MT5,D1
2023-01-09,131.805,132.654,131.306,131.729,97794,MT5,D1
2023-01-10,131.73,132.476,131.383,132.096,95918,MT5,D1
2023-01-11,132.102,132.87,131.771,131.894,70177,MT5,D1
2023-01-12,131.901,132.032,128.859,129.171,170105,MT5,D1
2023-01-13,129.173,129.346,127.456,127.859,132660,MT5,D1
2023-01-15,127.776,128.137,127.708,128.055,2778,MT5,D1
2023-01-16,128.054,128.862,127.219,128.314,92619,MT5,D1
2023-01-17,128.313,129.157,127.991,128.279,107393,MT5,D1
2023-01-18,128.281,131.575,127.565,128.55,260873,MT5,D1
2023-01-19,128.551,128.815,127.759,128.371,98062,MT5,D1
2023-01-20,128.369,130.609,128.343,129.571,92973,MT5,D1
2023-01-22,129.451,129.637,129.31,129.382,2441,MT5,D1
2023-01-23,129.386,130.887,129.042,130.594,83151,MT5,D1
2023-01-24,130.592,131.115,129.724,130.207,75130,MT5,D1
2023-01-25,130.212,130.58,129.225,129.255,73659,MT5,D1
2023-01-26,129.257,130.615,129.022,129.803,88545,MT5,D1
2023-01-27,129.806,130.267,129.497,129.865,64915,MT5,D1
2023-01-29,129.641,129.883,129.634,129.836,1919,MT5,D1
2023-01-30,129.837,130.567,129.204,130.485,78305,MT5,D1
2023-01-31,130.484,130.503,129.743,130.112,70428,MT5,D1
2023-02-01,130.11,130.407,128.415,128.604,109804,MT5,D1
2023-02-02,128.602,129.132,128.081,128.761,97596,MT5,D1
2023-02-03,128.763,131.213,128.326,131.197,97148,MT5,D1
2023-02-05,132.207,132.207,131.507,132.057,4611,MT5,D1
2023-02-06,132.06,132.9,131.581,132.625,87917,MT5,D1
2023-02-07,132.623,132.623,130.474,131.05,119651,MT5,D1
2023-02-08,131.055,131.536,130.595,131.385,69143,MT5,D1
2023-02-09,131.387,131.823,130.341,131.515,86744,MT5,D1
2023-02-10,131.517,131.883,129.803,131.425,135364,MT5,D1
2023-02-12,131.336,131.641,131.336,131.554,1803,MT5,D1
2023-02-13,131.555,132.907,131.447,132.334,72811,MT5,D1
2023-02-14,132.336,133.312,131.491,132.99,127462,MT5,D1
2023-02-15,132.989,134.355,132.543,133.904,79178,MT5,D1
2023-02-16,133.902,134.46,133.602,134.073,73700,MT5,D1
2023-02-17,134.07,135.111,134.053,134.152,56730,MT5,D1
2023-02-19,134.242,134.326,134.193,134.308,1607,MT5,D1
2023-02-20,134.31,134.535,133.921,134.331,30900,MT5,D1
2023-02-21,134.335,135.225,134.149,134.988,60518,MT5,D1
2023-02-22,134.992,135.059,134.363,134.934,60587,MT5,D1
2023-02-23,134.935,135.361,134.28,134.621,50781,MT5,D1
2023-02-24,134.624,136.516,134.054,136.489,89276,MT5,D1
2023-02-26,136.46,136.478,136.236,136.426,1301,MT5,D1
2023-02-27,136.426,136.557,135.914,136.32,51876,MT5,D1
2023-02-28,136.321,136.916,135.735,136.346,53047,MT5,D1
2023-03-01,136.344,136.468,135.256,136.191,59268,MT5,D1
2023-03-02,136.193,137.102,136.051,136.718,63525,MT5,D1
2023-03-03,136.716,136.766,135.744,135.816,53124,MT5,D1
2023-03-05,135.945,136.032,135.852,136.02,2691,MT5,D1
2023-03-06,136.021,136.189,135.366,135.994,47560,MT5,D1
2023-03-07,135.996,137.42,135.539,137.39,67597,MT5,D1
2023-03-08,137.388,137.908,136.477,137.224,65983,MT5,D1
2023-03-09,137.227,137.252,135.94,136.367,54008,MT5,D1
2023-03-10,136.37,136.992,134.114,135.061,142074,MT5,D1
2023-03-12,134.405,135.051,133.557,134.965,19043,MT5,D1
2023-03-13,134.967,134.972,132.284,133.087,218131,MT5,D1
2023-03-14,133.089,134.899,133.026,134.435,144735,MT5,D1
2023-03-15,134.433,135.111,132.214,132.901,209029,MT5,D1
2023-03-16,132.903,133.823,131.717,133.366,189819,MT5,D1
2023-03-17,133.363,133.579,131.554,131.846,116280,MT5,D1
2023-03-19,131.832,132.36,131.674,132.276,6486,MT5,D1
2023-03-20,132.277,132.646,130.538,131.397,144596,MT5,D1
2023-03-21,131.395,132.628,131.032,132.399,80541,MT5,D1
2023-03-22,132.397,133.0,131.004,131.185,107367,MT5,D1
2023-03-23,131.183,131.661,130.321,130.864,111806,MT5,D1
2023-03-24,130.866,130.939,129.638,130.721,116344,MT5,D1
2023-03-26,130.578,130.962,130.5,130.847,4687,MT5,D1
2023-03-27,130.849,131.755,130.495,131.238,70028,MT5,D1
2023-03-28,131.237,131.294,130.404,131.047,71813,MT5,D1
2023-03-29,131.045,132.89,130.924,132.549,71413,MT5,D1
2023-03-30,132.547,133.268,132.199,133.199,66878,MT5,D1
2023-03-31,133.201,133.59,132.62,132.806,77463,MT5,D1
2023-04-02,133.26,133.379,133.059,133.356,5017,MT5,D1
2023-04-03,133.354,133.753,132.171,132.319,67933,MT5,D1
2023-04-04,132.321,133.167,131.363,131.434,72282,MT5,D1
2023-04-05,131.432,131.842,130.627,130.934,73121,MT5,D1
2023-04-06,130.936,131.902,130.776,131.656,52008,MT5,D1
2023-04-07,131.652,132.367,131.519,132.148,29177,MT5,D1
2023-04-09,132.124,132.164,131.822,132.099,2324,MT5,D1
2023-04-10,132.097,133.869,131.994,133.469,59576,MT5,D1
2023-04-11,133.466,133.803,132.971,133.598,47129,MT5,D1
2023-04-12,133.597,134.042,132.732,133.083,64288,MT5,D1
2023-04-13,133.086,133.39,132.017,132.484,53115,MT5,D1
2023-04-14,132.486,133.833,132.168,133.755,58035,MT5,D1
2023-04-16,133.798,133.992,133.747,133.986,2002,MT5,D1
2023-04-17,133.984,134.569,133.71,134.454,46888,MT5,D1
2023-04-18,134.452,134.702,133.858,134.041,42724,MT5,D1
2023-04-19,134.039,135.133,133.952,134.712,47143,MT5,D1
2023-04-20,134.71,134.971,133.953,133.997,46623,MT5,D1
2023-04-21,133.996,134.489,133.546,134.124,45035,MT5,D1
2023-04-23,134.053,134.115,133.934,133.962,1920,MT5,D1
2023-04-24,133.964,134.729,133.89,134.084,37575,MT5,D1
2023-04-25,134.082,134.476,133.364,133.709,51643,MT5,D1
2023-04-26,133.707,133.93,133.015,133.462,65325,MT5,D1
2023-04-27,133.46,134.196,133.189,133.803,54718,MT5,D1
2023-04-28,133.801,136.558,133.346,136.306,110447,MT5,D1
2023-04-30,136.152,136.432,136.147,136.402,3350,MT5,D1
2023-05-01,136.401,137.574,136.25,137.519,42687,MT5,D1
2023-05-02,137.517,137.77,136.313,136.47,60471,MT5,D1
2023-05-03,136.469,136.57,134.386,134.551,81096,MT5,D1
2023-05-04,134.549,134.876,133.497,134.16,97206,MT5,D1
2023-05-05,134.159,135.12,133.883,134.834,54701,MT5,D1
2023-05-07,134.859,135.297,134.818,135.192,2680,MT5,D1
2023-05-08,135.189,135.224,134.641,135.085,42112,MT5,D1
2023-05-09,135.083,135.356,134.721,135.29,42955,MT5,D1
2023-05-10,135.289,135.466,134.018,134.096,55972,MT5,D1
2023-05-11,134.098,134.842,133.742,134.491,62325,MT5,D1
2023-05-12,134.488,135.751,134.4,135.723,37881,MT5,D1
2023-05-14,135.633,135.896,135.618,135.822,1631,MT5,D1
2023-05-15,135.82,136.322,135.71,136.028,37992,MT5,D1
2023-05-16,136.031,136.68,135.665,136.425,36325,MT5,D1
2023-05-17,136.424,137.69,136.302,137.603,36219,MT5,D1
2023-05-18,137.601,138.743,137.287,138.625,44749,MT5,D1
2023-05-19,138.624,138.662,137.424,137.929,60416,MT5,D1
2023-05-21,137.955,137.992,137.573,137.695,1951,MT5,D1
2023-05-22,137.693,138.796,137.492,138.663,51010,MT5,D1
2023-05-23,138.661,138.907,138.241,138.609,53751,MT5,D1
2023-05-24,138.608,139.455,138.231,139.295,51784,MT5,D1
2023-05-25,139.297,140.226,139.18,140.021,57226,MT5,D1
2023-05-26,140.02,140.723,139.493,140.585,45257,MT5,D1
2023-05-28,140.586,140.888,140.497,140.882,2774,MT5,D1
2023-05-29,140.881,140.916,140.112,140.469,21657,MT5,D1
2023-05-30,140.472,140.929,139.569,139.793,65222,MT5,D1
2023-05-31,139.791,140.399,138.957,139.137,59629,MT5,D1
2023-06-01,139.135,139.947,138.422,138.74,49731,MT5,D1
2023-06-02,138.738,140.066,138.604,139.951,47449,MT5,D1
2023-06-04,139.963,140.242,139.921,140.211,1908,MT5,D1
2023-06-05,140.213,140.449,139.249,139.412,43308,MT5,D1
2023-06-06,139.413,139.991,139.095,139.521,40159,MT5,D1
2023-06-07,139.523,140.242,139.024,139.912,42769,MT5,D1
2023-06-08,139.911,140.092,138.757,138.882,44169,MT5,D1
2023-06-09,138.884,139.722,138.865,139.34,38018,MT5,D1
2023-06-11,139.332,139.478,139.301,139.372,2266,MT5,D1
2023-06-12,139.37,139.762,139.06,139.459,50715,MT5,D1
2023-06-13,139.457,140.305,139.009,140.148,63786,MT5,D1
2023-06-14,140.148,140.2,139.28,139.963,69550,MT5,D1
2023-06-15,139.964,141.501,139.94,140.264,78454,MT5,D1
2023-06-16,140.265,141.895,139.851,141.814,80139,MT5,D1
2023-06-18,141.733,141.951,141.702,141.862,3055,MT5,D1
2023-06-19,141.861,142.0,141.44,141.899,36468,MT5,D1
2023-06-20,141.9,142.249,141.212,141.339,62747,MT5,D1
2023-06-21,141.338,142.365,141.334,141.685,63558,MT5,D1
2023-06-22,141.685,143.224,141.608,143.027,61021,MT5,D1
2023-06-23,143.026,143.869,142.697,143.711,68323,MT5,D1
2023-06-25,143.517,143.687,143.424,143.536,3716,MT5,D1
2023-06-26,143.537,143.709,142.936,143.46,64567,MT5,D1
2023-06-27,143.464,144.174,143.281,143.875,184372,MT5,D1
2023-06-28,143.878,144.618,143.728,144.387,194598,MT5,D1
2023-06-29,144.393,144.9,144.131,144.793,194199,MT5,D1
2023-06-30,144.796,145.071,144.203,144.284,188610,MT5,D1
2023-07-02,144.318,144.404,144.243,144.396,2339,MT5,D1
2023-07-03,144.395,144.91,143.978,144.595,51405,MT5,D1
2023-07-04,144.596,144.673,144.205,144.405,28102,MT5,D1
2023-07-05,144.405,144.732,144.077,144.496,45672,MT5,D1
2023-07-06,144.496,144.651,143.554,143.974,71588,MT5,D1
2023-07-07,143.972,144.194,142.046,142.102,73151,MT5,D1
2023-07-09,142.141,142.286,142.081,142.21,3181,MT5,D1
2023-07-10,142.208,143.002,141.193,141.307,61779,MT5,D1
2023-07-11,141.307,141.457,140.071,140.12,62479,MT5,D1
2023-07-12,140.119,140.161,138.154,138.322,78751,MT5,D1
2023-07-13,138.32,138.953,137.891,138.064,71300,MT5,D1
2023-07-14,138.063,139.153,137.234,138.757,77149,MT5,D1
2023-07-16,138.708,138.808,138.654,138.685,2585,MT5,D1
2023-07-17,138.685,139.404,137.994,138.721,52309,MT5,D1
2023-07-18,138.72,139.187,137.681,139.02,80838,MT5,D1
2023-07-19,139.02,139.991,138.85,139.606,68202,MT5,D1
2023-07-20,139.606,140.494,139.11,139.852,62715,MT5,D1
2023-07-21,139.85,141.952,139.747,141.787,76066,MT5,D1
2023-07-23,141.681,141.765,141.628,141.753,2558,MT5,D1
2023-07-24,141.751,141.81,140.73,141.54,64462,MT5,D1
2023-07-25,141.54,141.734,140.718,140.911,52649,MT5,D1
2023-07-26,140.911,141.183,139.925,140.368,71119,MT5,D1
2023-07-27,140.366,141.318,138.703,138.869,117243,MT5,D1
2023-07-28,138.87,141.165,138.061,141.155,212912,MT5,D1
2023-07-30,140.992,141.121,140.749,140.754,4887,MT5,D1
2023-07-31,140.753,142.684,140.69,142.325,83749,MT5,D1
2023-08-01,142.325,143.542,142.256,142.96,68341,MT5,D1
2023-08-02,142.962,143.475,142.233,143.358,78477,MT5,D1
2023-08-03,143.354,143.889,142.064,142.603,99370,MT5,D1
2023-08-04,142.604,142.885,141.55,141.723,69988,MT5,D1
2023-08-06,141.635,141.94,141.631,141.871,2916,MT5,D1
2023-08-07,141.869,142.584,141.513,142.53,48258,MT5,D1
2023-08-08,142.536,143.49,142.527,143.26,62418,MT5,D1
2023-08-09,143.258,143.756,142.998,143.717,46432,MT5,D1
2023-08-10,143.716,144.87,143.282,144.852,65415,MT5,D1
2023-08-11,144.852,144.999,144.419,144.937,40407,MT5,D1
2023-08-13,144.923,144.973,144.821,144.851,2365,MT5,D1
2023-08-14,144.851,145.576,144.653,145.434,48279,MT5,D1
2023-08-15,145.433,145.862,145.103,145.622,55579,MT5,D1
2023-08-16,145.619,146.403,145.306,146.335,45972,MT5,D1
2023-08-17,146.335,146.557,145.575,145.71,51518,MT5,D1
2023-08-18,145.707,145.794,144.927,145.371,51464,MT5,D1
2023-08-20,145.326,145.42,145.242,145.326,1847,MT5,D1
2023-08-21,145.323,146.399,145.145,146.244,43791,MT5,D1
2023-08-22,146.245,146.396,145.494,145.777,43921,MT5,D1
2023-08-23,145.776,145.812,144.54,144.679,57387,MT5,D1
2023-08-24,144.679,146.074,144.615,146.051,45284,MT5,D1
2023-08-25,146.052,146.63,145.721,146.402,50966,MT5,D1
2023-08-27,146.414,146.613,146.379,146.543,2036,MT5,D1
2023-08-28,146.543,146.741,146.271,146.46,34683,MT5,D1
2023-08-29,146.459,147.365,145.666,145.98,54829,MT5,D1
2023-08-30,145.979,146.533,145.557,146.087,57142,MT5,D1
2023-08-31,146.085,146.225,145.348,145.483,56006,MT5,D1
2023-09-01,145.483,146.291,144.441,146.213,55152,MT5,D1
2023-09-03,146.181,146.236,146.022,146.066,1684,MT5,D1
2023-09-04,146.066,146.552,146.036,146.54,23313,MT5,D1
2023-09-05,146.538,147.798,146.485,147.457,46486,MT5,D1
2023-09-06,147.457,147.814,147.013,147.712,50348,MT5,D1
2023-09-07,147.714,147.87,147.042,147.334,42365,MT5,D1
2023-09-08,147.333,147.866,146.586,147.79,47374,MT5,D1
2023-09-10,147.012,147.259,146.645,147.126,4774,MT5,D1
2023-09-11,147.127,147.144,145.9,146.67,69274,MT5,D1
2023-09-12,146.67,147.231,146.436,147.158,45276,MT5,D1
2023-09-13,147.156,147.732,147.095,147.328,55840,MT5,D1
2023-09-14,147.329,147.562,147.014,147.46,50333,MT5,D1
2023-09-15,147.458,147.947,147.337,147.841,43311,MT5,D1
2023-09-17,147.704,147.877,147.681,147.865,1480,MT5,D1
2023-09-18,147.867,147.873,147.508,147.613,29582,MT5,D1
2023-09-19,147.613,147.919,147.505,147.76,33106,MT5,D1
2023-09-20,147.759,148.344,147.471,148.32,49737,MT5,D1
2023-09-21,148.318,148.459,147.318,147.645,49409,MT5,D1
2023-09-22,147.647,148.413,147.506,148.362,49322,MT5,D1
2023-09-24,148.28,148.444,148.223,148.432,2361,MT5,D1
2023-09-25,148.432,148.96,148.285,148.821,30022,MT5,D1
2023-09-26,148.821,149.183,148.703,149.052,37861,MT5,D1
2023-09-27,149.055,149.704,148.86,149.491,37783,MT5,D1
2023-09-28,149.492,149.555,149.144,149.336,40524,MT5,D1
2023-09-29,149.332,149.51,148.524,149.328,49093,MT5,D1
2023-10-01,149.563,149.63,149.398,149.53,3347,MT5,D1
2023-10-02,149.529,149.879,149.454,149.863,33990,MT5,D1
2023-10-03,149.862,150.155,147.289,149.178,80924,MT5,D1
2023-10-04,149.176,149.316,148.733,148.977,55650,MT5,D1
2023-10-05,148.98,149.113,148.258,148.468,52693,MT5,D1
2023-10-06,148.469,149.533,148.463,149.267,49431,MT5,D1
2023-10-08,149.063,149.219,148.953,149.15,4076,MT5,D1
2023-10-09,149.15,149.222,148.288,148.33,30549,MT5,D1
2023-10-10,148.33,149.095,148.16,148.627,52691,MT5,D1
2023-10-11,148.625,149.321,148.422,149.035,47186,MT5,D1
2023-10-12,149.033,149.826,148.953,149.785,40209,MT5,D1
2023-10-13,149.785,149.824,149.451,149.542,34753,MT5,D1
2023-10-15,149.334,149.629,149.33,149.56,2728,MT5,D1
2023-10-16,149.559,149.76,149.373,149.579,29122,MT5,D1
2023-10-17,149.577,149.847,148.742,149.76,37764,MT5,D1
2023-10-18,149.76,149.914,149.483,149.764,30081,MT5,D1
2023-10-19,149.769,149.961,149.666,149.804,36680,MT5,D1
2023-10-20,149.804,149.989,149.645,149.847,27913,MT5,D1
2023-10-22,149.849,149.892,149.76,149.884,1562,MT5,D1
2023-10-23,149.884,149.988,149.554,149.775,22960,MT5,D1
2023-10-24,149.774,149.928,149.319,149.854,30577,MT5,D1
2023-10-25,149.853,150.293,149.793,150.094,22962,MT5,D1
2023-10-26,150.095,150.774,149.868,150.365,43669,MT5,D1
2023-10-27,150.363,150.41,149.458,149.626,30700,MT5,D1
2023-10-29,149.478,149.766,149.464,149.735,1644,MT5,D1
2023-10-30,149.735,149.853,148.801,149.093,39235,MT5,D1
2023-10-31,149.093,151.708,149.086,151.322,73536,MT5,D1
2023-11-01,151.322,151.443,150.559,150.574,48588,MT5,D1
2023-11-02,150.575,150.591,149.845,150.497,44745,MT5,D1
2023-11-03,150.495,150.496,149.193,149.344,40120,MT5,D1
2023-11-05,149.328,149.469,149.28,149.443,1210,MT5,D1
2023-11-06,149.454,150.068,149.373,149.963,32523,MT5,D1
2023-11-07,149.985,150.69,149.959,150.389,33472,MT5,D1
2023-11-08,150.396,151.057,150.348,150.842,33279,MT5,D1
2023-11-09,150.854,151.385,150.771,151.307,37825,MT5,D1
2023-11-10,151.345,151.597,151.221,151.51,25520,MT5,D1
2023-11-12,151.441,151.502,151.419,151.431,1117,MT5,D1
2023-11-13,151.458,151.907,151.204,151.616,32362,MT5,D1
2023-11-14,151.645,151.793,150.151,150.471,41732,MT5,D1
2023-11-15,150.484,151.409,150.044,151.193,45645,MT5,D1
2023-11-16,151.208,151.431,150.284,150.7,37037,MT5,D1
2023-11-17,150.702,150.772,149.198,149.559,50917,MT5,D1
2023-11-19,149.595,149.936,149.494,149.934,1892,MT5,D1
2023-11-20,149.958,149.99,148.101,148.365,65841,MT5,D1
2023-11-21,148.383,148.593,147.151,148.125,78984,MT5,D1
2023-11-22,148.148,149.747,148.033,149.451,66421,MT5,D1
2023-11-23,149.463,149.687,148.886,149.579,37808,MT5,D1
2023-11-24,149.633,149.71,149.196,149.37,38472,MT5,D1
2023-11-26,149.427,149.565,149.396,149.557,1762,MT5,D1
2023-11-27,149.577,149.674,148.333,148.399,64842,MT5,D1
2023-11-28,148.415,148.828,146.974,147.052,77928,MT5,D1
2023-11-29,147.065,147.903,146.669,147.038,94777,MT5,D1
2023-11-30,147.058,148.515,146.863,147.981,86337,MT5,D1
2023-12-01,147.998,148.344,146.657,146.792,84657,MT5,D1
2023-12-03,146.703,146.759,146.185,146.327,3179,MT5,D1
2023-12-04,146.362,147.451,146.223,147.277,85500,MT5,D1
2023-12-05,147.301,147.389,146.558,147.163,80041,MT5,D1
2023-12-06,147.184,147.498,146.894,147.158,60341,MT5,D1
2023-12-07,147.184,147.188,141.628,144.175,152232,MT5,D1
2023-12-08,144.199,145.209,142.495,144.927,164421,MT5,D1
2023-12-10,144.932,145.046,144.77,144.95,2756,MT5,D1
2023-12-11,144.987,146.589,144.87,146.01,91794,MT5,D1
2023-12-12,146.046,146.125,144.729,145.281,88005,MT5,D1
2023-12-13,145.296,145.993,142.12,142.761,116029,MT5,D1
2023-12-14,142.789,142.913,140.952,142.24,161088,MT5,D1
2023-12-15,142.277,142.465,141.427,142.147,107204,MT5,D1
2023-12-17,142.064,142.338,142.051,142.317,1938,MT5,D1
2023-12-18,142.329,143.156,142.07,142.68,72785,MT5,D1
2023-12-19,142.693,144.956,142.245,143.885,135572,MT5,D1
2023-12-20,143.921,144.099,143.252,143.509,82404,MT5,D1
2023-12-21,143.53,143.561,141.972,142.06,86223,MT5,D1
2023-12-22,142.073,142.662,141.862,142.437,75856,MT5,D1
2023-12-25,142.258,142.406,141.96,142.096,2016,MT5,D1
2023-12-26,142.097,142.625,142.07,142.442,30565,MT5,D1
2023-12-27,142.482,142.837,141.341,141.42,46816,MT5,D1
2023-12-28,141.439,141.668,140.249,141.418,78978,MT5,D1
2023-12-29,141.439,141.913,140.792,141.005,69187,MT5,D1
2024-01-01,140.724,140.985,140.668,140.977,1674,MT5,D1
2024-01-02,141.084,142.215,141.067,142.154,63174,MT5,D1
2024-01-03,142.175,143.731,141.857,142.984,79867,MT5,D1
2024-01-04,142.996,144.85,142.852,144.754,80540,MT5,D1
2024-01-05,144.772,145.972,143.806,144.605,109620,MT5,D1
2024-01-07,144.524,144.893,144.418,144.702,2161,MT5,D1
2024-01-08,144.721,144.796,143.659,144.2,78198,MT5,D1
2024-01-09,144.201,144.622,143.419,144.412,82636,MT5,D1
2024-01-10,144.407,145.832,144.407,145.72,67743,MT5,D1
2024-01-11,145.726,146.415,144.903,145.086,104634,MT5,D1
2024-01-12,145.098,145.566,144.348,144.903,86777,MT5,D1
2024-01-14,144.89,145.154,144.835,145.126,1639,MT5,D1
2024-01-15,145.149,145.94,144.931,145.775,49729,MT5,D1
2024-01-16,145.793,147.311,145.582,147.223,88923,MT5,D1
2024-01-17,147.245,148.528,147.096,148.117,83930,MT5,D1
2024-01-18,148.135,148.3,147.653,148.102,76902,MT5,D1
2024-01-19,148.123,148.803,147.836,148.134,75807,MT5,D1
2024-01-21,148.146,148.231,148.05,148.103,2308,MT5,D1
2024-01-22,148.123,148.302,147.615,148.123,68987,MT5,D1
2024-01-23,148.144,148.693,146.979,148.218,99087,MT5,D1
2024-01-24,148.245,148.261,146.645,147.564,83453,MT5,D1
2024-01-25,147.587,147.95,147.08,147.706,77286,MT5,D1
2024-01-26,147.678,148.206,147.413,148.106,65498,MT5,D1
2024-01-28,148.082,148.166,147.989,148.165,2108,MT5,D1
2024-01-29,148.182,148.333,147.251,147.464,57690,MT5,D1
2024-01-30,147.486,147.926,147.095,147.284,62123,MT5,D1
2024-01-31,147.335,147.898,146.013,146.984,126230,MT5,D1
2024-02-01,147.006,147.112,145.892,146.436,102721,MT5,D1
2024-02-02,146.46,148.584,146.241,148.351,78807,MT5,D1
2024-02-04,148.383,148.642,148.301,148.456,2672,MT5,D1
2024-02-05,148.511,148.891,148.266,148.632,66614,MT5,D1
2024-02-06,148.662,148.788,147.714,147.805,62644,MT5,D1
2024-02-07,147.819,148.257,147.616,148.068,64723,MT5,D1
2024-02-08,148.086,149.476,147.93,149.257,65599,MT5,D1
2024-02-09,149.262,149.573,149.008,149.254,57698,MT5,D1
2024-02-11,149.259,149.275,149.058,149.162,1981,MT5,D1
2024-02-12,149.179,149.477,148.925,149.378,47200,MT5,D1
2024-02-13,149.403,150.884,149.208,150.71,63771,MT5,D1
2024-02-14,150.723,150.776,150.304,150.532,58513,MT5,D1
2024-02-15,150.556,150.556,149.532,149.928,63747,MT5,D1
2024-02-16,149.959,150.644,149.925,150.19,54709,MT5,D1
2024-02-18,150.177,150.192,150.0,150.117,2082,MT5,D1
2024-02-19,150.152,150.272,149.873,150.226,32116,MT5,D1
2024-02-20,150.269,150.437,149.68,149.941,50632,MT5,D1
2024-02-21,149.964,150.392,149.851,150.316,48677,MT5,D1
2024-02-22,150.339,150.686,150.014,150.459,55949,MT5,D1
2024-02-23,150.474,150.768,150.291,150.525,41599,MT5,D1
2024-02-25,150.369,150.536,150.274,150.475,2041,MT5,D1
2024-02-26,150.498,150.837,150.291,150.547,44588,MT5,D1
2024-02-27,150.573,150.608,150.073,150.478,43334,MT5,D1
2024-02-28,150.513,150.842,150.37,150.641,45584,MT5,D1
2024-02-29,150.658,150.658,149.206,150.066,69035,MT5,D1
2024-03-01,150.064,150.72,150.051,150.094,55846,MT5,D1
2024-03-03,150.018,150.139,149.959,150.126,1800,MT5,D1
2024-03-04,150.128,150.567,149.838,150.443,40855,MT5,D1
2024-03-05,150.453,150.543,149.7,150.01,48929,MT5,D1
2024-03-06,150.051,150.082,149.091,149.248,61554,MT5,D1
2024-03-07,149.263,149.263,147.58,147.846,79402,MT5,D1
2024-03-08,147.863,148.116,146.478,147.061,85998,MT5,D1
2024-03-10,146.989,147.112,146.706,146.801,4757,MT5,D1
2024-03-11,146.795,147.147,146.484,146.731,58475,MT5,D1
2024-03-12,146.733,148.17,146.617,147.644,72634,MT5,D1
2024-03-13,147.62,148.046,147.23,147.635,54950,MT5,D1
2024-03-14,147.588,148.356,147.431,148.299,62654,MT5,D1
2024-03-15,148.299,149.164,148.031,149.046,51027,MT5,D1
2024-03-17,148.966,149.066,148.897,148.955,3050,MT5,D1
2024-03-18,148.95,149.328,148.906,149.159,44062,MT5,D1
2024-03-19,149.151,151.064,148.998,151.047,81505,MT5,D1
2024-03-20,151.02,151.816,150.68,150.74,73039,MT5,D1
2024-03-21,150.739,151.753,150.263,151.643,67663,MT5,D1
2024-03-22,151.629,151.862,151.001,151.435,54227,MT5,D1
2024-03-24,151.373,151.421,151.083,151.32,3551,MT5,D1
2024-03-25,151.307,151.542,151.049,151.385,40738,MT5,D1
2024-03-26,151.379,151.601,151.201,151.535,32880,MT5,D1
2024-03-27,151.521,151.97,151.024,151.295,54485,MT5,D1
2024-03-28,151.293,151.542,151.148,151.443,39752,MT5,D1
2024-03-29,151.443,151.495,151.051,151.158,21080,MT5,D1
2024-03-31,151.182,151.427,151.159,151.421,3397,MT5,D1
2024-04-01,151.399,151.771,151.246,151.587,28256,MT5,D1
2024-04-02,151.595,151.803,151.453,151.549,30863,MT5,D1
2024-04-03,151.542,151.953,151.44,151.577,32095,MT5,D1
2024-04-04,151.58,151.767,151.116,151.294,33979,MT5,D1
2024-04-05,151.292,151.75,150.809,151.612,42434,MT5,D1
2024-04-07,151.555,151.693,151.496,151.691,2789,MT5,D1
2024-04-08,151.675,151.941,151.67,151.836,28836,MT5,D1
2024-04-09,151.831,151.933,151.568,151.781,29701,MT5,D1
2024-04-10,151.775,153.166,151.678,152.962,53963,MT5,D1
2024-04-11,152.949,153.317,152.757,153.206,50800,MT5,D1
2024-04-12,153.192,153.381,152.589,153.26,47214,MT5,D1
2024-04-14,152.949,153.319,152.834,153.3,4106,MT5,D1
2024-04-15,153.304,154.442,153.277,154.225,56832,MT5,D1
2024-04-16,154.213,154.784,153.895,154.709,54604,MT5,D1
2024-04-17,154.696,154.731,154.14,154.357,41192,MT5,D1
2024-04-18,154.334,154.677,153.953,154.606,41528,MT5,D1
2024-04-19,154.611,154.669,153.587,154.63,61573,MT5,D1
2024-04-21,154.586,154.659,154.278,154.634,3245,MT5,D1
2024-04-22,154.634,154.849,154.585,154.81,26727,MT5,D1
2024-04-23,154.813,154.873,154.548,154.746,31851,MT5,D1
2024-04-24,154.746,155.372,154.739,155.266,35721,MT5,D1
2024-04-25,155.266,155.744,155.242,155.62,43459,MT5,D1
2024-04-26,155.622,158.341,154.965,158.326,93703,MT5,D1
2024-04-28,157.818,158.391,157.727,158.199,5404,MT5,D1
2024-04-29,158.198,160.225,154.517,156.327,287759,MT5,D1
2024-04-30,156.32,157.798,156.156,157.737,46464,MT5,D1
2024-05-01,157.735,157.983,152.843,155.724,49041,MT5,D1
2024-05-02,155.72,156.281,152.866,153.131,79842,MT5,D1
2024-05-03,153.127,153.436,151.854,152.919,56645,MT5,D1
2024-05-05,152.861,153.703,152.625,153.654,4447,MT5,D1
2024-05-06,153.656,154.281,153.316,154.242,39319,MT5,D1
2024-05-07,154.24,154.841,153.871,154.771,50832,MT5,D1
2024-05-08,154.774,155.683,154.686,155.376,43594,MT5,D1
2024-05-09,155.378,155.948,155.152,155.392,40280,MT5,D1
2024-05-10,155.395,155.902,155.36,155.748,32433,MT5,D1
2024-05-12,155.688,155.833,155.632,155.83,2154,MT5,D1
2024-05-13,155.83,156.248,155.5,156.225,33588,MT5,D1
2024-05-14,156.228,156.778,156.224,156.519,33144,MT5,D1
2024-05-15,156.519,156.559,154.152,154.299,66199,MT5,D1
2024-05-16,154.295,155.535,153.597,155.399,68895,MT5,D1
2024-05-17,155.397,155.975,155.245,155.634,38480,MT5,D1
2024-05-19,155.578,155.82,155.399,155.765,2832,MT5,D1
2024-05-20,155.767,156.401,155.492,156.399,35326,MT5,D1
2024-05-21,156.399,156.546,155.84,156.267,43700,MT5,D1
2024-05-22,156.27,156.774,156.141,156.733,36304,MT5,D1
2024-05-23,156.732,157.193,156.524,156.99,48311,MT5,D1
2024-05-24,156.992,157.144,156.819,156.958,28524,MT5,D1
2024-05-26,156.954,156.992,156.728,156.867,2934,MT5,D1
2024-05-27,156.867,156.957,156.661,156.836,22419,MT5,D1
2024-05-28,156.836,157.287,156.575,157.269,35101,MT5,D1
2024-05-29,157.27,157.706,156.891,157.627,36900,MT5,D1
2024-05-30,157.625,157.625,156.368,156.987,56713,MT5,D1
2024-05-31,156.985,157.364,156.554,157.244,53791,MT5,D1
2024-06-02,157.119,157.304,157.068,157.18,3077,MT5,D1
2024-06-03,157.18,157.471,155.946,156.091,52718,MT5,D1
2024-06-04,156.091,156.484,154.546,155.115,79738,MT5,D1
2024-06-05,155.115,156.483,155.093,155.914,63720,MT5,D1
2024-06-06,155.911,156.445,155.35,155.677,60395,MT5,D1
2024-06-07,155.678,157.072,155.116,156.74,65433,MT5,D1
2024-06-09,156.658,156.913,156.557,156.824,4067,MT5,D1
2024-06-10,156.822,157.191,156.717,157.042,45470,MT5,D1
2024-06-11,157.041,157.402,156.803,157.108,42295,MT5,D1
2024-06-12,157.105,157.37,155.716,156.801,75584,MT5,D1
2024-06-13,156.799,157.309,156.578,157.123,54763,MT5,D1
2024-06-14,157.121,158.254,156.803,157.371,103980,MT5,D1
2024-06-16,157.353,157.662,157.1,157.555,3547,MT5,D1
2024-06-17,157.555,157.957,157.153,157.694,41762,MT5,D1
2024-06-18,157.694,158.227,157.513,157.863,45705,MT5,D1
2024-06-19,157.864,158.074,157.6,157.953,22152,MT5,D1
2024-06-20,157.952,158.949,157.952,158.934,35705,MT5,D1
2024-06-21,158.933,159.813,158.666,159.785,37840,MT5,D1
2024-06-23,159.718,159.905,159.545,159.895,3645,MT5,D1
2024-06-24,159.895,159.928,158.739,159.697,51103,MT5,D1
2024-06-25,159.697,159.753,159.185,159.699,39152,MT5,D1
2024-06-26,159.701,160.843,159.663,160.629,48644,MT5,D1
2024-06-27,160.628,160.821,160.279,160.703,40221,MT5,D1
2024-06-28,160.702,161.284,160.261,160.871,57758,MT5,D1
2024-06-30,160.646,160.934,160.646,160.923,3343,MT5,D1
2024-07-01,160.922,161.727,160.735,161.508,43342,MT5,D1
2024-07-02,161.509,161.743,161.264,161.486,34351,MT5,D1
2024-07-03,161.486,161.948,160.767,161.588,43904,MT5,D1
2024-07-04,161.586,161.604,160.943,161.356,31081,MT5,D1
2024-07-05,161.355,161.392,160.335,160.777,60936,MT5,D1
2024-07-07,160.679,160.815,160.573,160.635,3440,MT5,D1
2024-07-08,160.637,161.117,160.261,160.857,43284,MT5,D1
2024-07-09,160.854,161.514,160.734,161.326,39731,MT5,D1
2024-07-10,161.325,161.805,161.297,161.593,29869,MT5,D1
2024-07-11,161.59,161.758,157.416,158.283,182225,MT5,D1
2024-07-12,158.281,159.384,157.361,157.89,132559,MT5,D1
2024-07-14,158.024,158.42,157.956,158.29,5124,MT5,D1
2024-07-15,158.286,158.365,157.161,158.152,58858,MT5,D1
2024-07-16,158.152,158.856,158.105,158.362,47323,MT5,D1
2024-07-17,158.362,158.625,155.369,155.671,108099,MT5,D1
2024-07-18,155.669,157.397,155.456,157.177,84081,MT5,D1
2024-07-19,157.174,157.861,156.957,157.454,63962,MT5,D1
2024-07-21,157.407,157.498,157.155,157.423,5150,MT5,D1
2024-07-22,157.423,157.611,156.281,156.904,67717,MT5,D1
2024-07-23,156.902,156.926,155.454,155.762,73653,MT5,D1
2024-07-24,155.765,155.989,153.102,153.916,118185,MT5,D1
2024-07-25,153.914,154.317,151.94,153.699,163897,MT5,D1
2024-07-26,153.696,154.737,153.095,153.757,106733,MT5,D1
2024-07-28,153.675,154.212,153.551,154.143,6433,MT5,D1
2024-07-29,154.145,154.349,153.012,153.833,91943,MT5,D1
2024-07-30,153.831,155.216,152.407,152.656,118993,MT5,D1
2024-07-31,152.654,153.908,149.607,149.784,237307,MT5,D1
2024-08-01,149.786,150.89,148.507,149.207,178911,MT5,D1
2024-08-02,149.205,149.776,146.415,146.526,190012,MT5,D1
2024-08-04,146.425,146.555,145.28,145.591,21577,MT5,D1
2024-08-05,145.588,145.941,141.681,145.802,383871,MT5,D1
2024-08-06,145.804,146.377,144.044,144.736,282973,MT5,D1
2024-08-07,144.734,147.906,144.548,146.276,261646,MT5,D1
2024-08-08,146.279,147.815,145.425,147.693,212070,MT5,D1
2024-08-09,147.691,147.777,146.263,146.617,117345,MT5,D1
2024-08-11,146.595,147.127,146.51,147.071,7204,MT5,D1
2024-08-12,147.072,148.223,146.699,147.022,86147,MT5,D1
2024-08-13,147.024,147.946,146.594,146.943,92818,MT5,D1
2024-08-14,146.946,147.581,146.067,147.269,92708,MT5,D1
2024-08-15,147.273,149.387,147.051,149.227,73474,MT5,D1
2024-08-16,149.23,149.273,147.563,147.603,65783,MT5,D1
2024-08-18,147.547,148.05,147.466,147.961,3539,MT5,D1
2024-08-19,147.964,148.004,145.186,146.711,104347,MT5,D1
2024-08-20,146.713,147.345,144.94,145.322,98709,MT5,D1
2024-08-21,145.319,146.901,144.452,145.122,120621,MT5,D1
2024-08-22,145.12,146.525,144.939,146.21,81845,MT5,D1
2024-08-23,146.213,146.479,144.043,144.365,96851,MT5,D1
2024-08-25,144.2,144.336,143.555,143.92,11605,MT5,D1
2024-08-26,143.923,144.652,143.444,144.503,85259,MT5,D1
2024-08-27,144.506,145.172,143.678,143.961,67196,MT5,D1
2024-08-28,143.964,145.039,143.908,144.436,68448,MT5,D1
2024-08-29,144.433,145.555,144.271,144.888,77253,MT5,D1
2024-08-30,144.89,146.246,144.65,146.18,70638,MT5,D1
2024-09-01,146.034,146.6,145.98,146.4,5468,MT5,D1
2024-09-02,146.399,147.176,145.772,146.747,53605,MT5,D1
2024-09-03,146.749,147.207,145.088,145.365,108298,MT5,D1
2024-09-04,145.367,145.552,143.185,143.335,116520,MT5,D1
2024-09-05,143.331,144.23,142.846,143.386,113363,MT5,D1
2024-09-06,143.383,144.051,141.767,142.303,169537,MT5,D1
2024-09-08,142.252,142.528,141.956,142.489,9360,MT5,D1
2024-09-09,142.488,143.798,142.419,143.182,100488,MT5,D1
2024-09-10,143.182,143.71,142.189,142.231,88895,MT5,D1
2024-09-11,142.233,142.676,140.707,142.634,147060,MT5,D1
2024-09-12,142.635,143.042,141.425,141.508,126548,MT5,D1
2024-09-13,141.51,141.558,140.279,140.811,115922,MT5,D1
2024-09-15,140.761,140.899,140.445,140.846,5697,MT5,D1
2024-09-16,140.846,141.246,139.577,140.798,112596,MT5,D1
2024-09-17,140.798,142.456,140.319,142.007,122043,MT5,D1
2024-09-18,142.007,142.758,140.435,142.699,157513,MT5,D1
2024-09-19,142.701,143.943,142.039,142.863,170739,MT5,D1
2024-09-20,142.861,144.495,141.733,143.92,170431,MT5,D1
2024-09-22,143.854,144.09,143.683,144.08,6603,MT5,D1
2024-09-23,144.081,144.458,143.162,143.634,120975,MT5,D1
2024-09-24,143.632,144.677,142.889,142.947,119719,MT5,D1
2024-09-25,142.95,144.839,142.907,144.71,102992,MT5,D1
2024-09-26,144.708,145.212,144.106,145.082,118547,MT5,D1
2024-09-27,145.081,146.498,142.064,142.207,212660,MT5,D1
2024-09-29,142.23,142.949,142.105,142.787,7491,MT5,D1
2024-09-30,142.791,143.916,141.642,143.713,136423,MT5,D1
2024-10-01,143.711,144.529,142.965,143.723,170194,MT5,D1
2024-10-02,143.721,146.817,143.528,146.571,126766,MT5,D1
2024-10-03,146.569,147.242,146.298,146.841,124070,MT5,D1
2024-10-04,146.839,149.005,145.914,148.69,117079,MT5,D1
2024-10-06,148.678,149.116,148.601,148.797,7532,MT5,D1
2024-10-07,148.794,148.794,147.569,148.127,111402,MT5,D1
2024-10-08,148.128,148.381,147.34,148.142,102378,MT5,D1
2024-10-09,148.142,149.363,148.007,149.163,75611,MT5,D1
2024-10-10,149.16,149.601,148.246,148.706,120241,MT5,D1
2024-10-11,148.707,149.284,148.398,149.097,67985,MT5,D1
2024-10-13,149.021,149.394,148.982,149.304,3931,MT5,D1
2024-10-14,149.304,149.98,149.142,149.714,49450,MT5,D1
2024-10-15,149.714,149.757,148.847,149.083,71470,MT5,D1
2024-10-16,149.086,149.804,148.856,149.563,68951,MT5,D1
2024-10-17,149.561,150.322,149.235,150.102,74085,MT5,D1
2024-10-18,150.104,150.153,149.363,149.532,64032,MT5,D1
2024-10-20,149.466,149.635,149.369,149.602,3315,MT5,D1
2024-10-21,149.601,150.88,149.082,150.62,65633,MT5,D1
2024-10-22,150.621,151.192,150.493,151.151,71797,MT5,D1
2024-10-23,151.149,153.185,151.133,152.772,84561,MT5,D1
2024-10-24,152.771,152.793,151.548,151.787,97824,MT5,D1
2024-10-25,151.789,152.378,151.447,152.304,72482,MT5,D1
2024-10-27,153.007,153.195,152.602,152.955,10022,MT5,D1
2024-10-28,152.956,153.881,152.405,153.138,85686,MT5,D1
2024-10-29,153.141,153.864,152.751,153.264,83876,MT5,D1
2024-10-30,153.267,153.496,152.775,153.236,85888,MT5,D1
2024-10-31,153.237,153.617,151.782,151.981,121181,MT5,D1
2024-11-01,151.978,153.086,151.788,152.977,96518,MT5,D1
2024-11-03,152.295,152.5,152.169,152.289,4154,MT5,D1
2024-11-04,152.291,152.291,151.53,152.276,81537,MT5,D1
2024-11-05,152.275,152.542,151.331,151.439,72211,MT5,D1
2024-11-06,151.437,154.698,151.283,154.307,239800,MT5,D1
2024-11-07,154.309,154.712,152.688,153.172,121202,MT5,D1
2024-11-08,153.169,153.366,152.137,152.587,95840,MT5,D1
2024-11-10,152.634,152.941,152.559,152.909,2978,MT5,D1
2024-11-11,152.912,153.949,152.869,153.515,61140,MT5,D1
2024-11-12,153.524,154.923,153.402,154.657,73961,MT5,D1
2024-11-13,154.66,155.622,154.339,155.416,89554,MT5,D1
2024-11-14,155.417,156.514,155.404,156.477,84209,MT5,D1
2024-11-15,156.478,156.748,153.86,154.357,112227,MT5,D1
2024-11-17,154.324,154.742,154.19,154.636,3655,MT5,D1
2024-11-18,154.638,155.356,153.837,154.612,119397,MT5,D1
2024-11-19,154.612,154.797,153.277,154.719,139343,MT5,D1
2024-11-20,154.724,155.887,154.585,155.275,81769,MT5,D1
2024-11-21,155.273,155.302,153.904,154.151,129279,MT5,D1
2024-11-22,154.157,155.024,153.964,154.747,105793,MT5,D1
2024-11-24,154.19,154.363,154.051,154.148,4220,MT5,D1
2024-11-25,154.148,154.722,153.547,154.376,110234,MT5,D1
2024-11-26,154.384,154.416,152.925,152.925,113838,MT5,D1
2024-11-27,152.929,153.031,150.45,151.341,124247,MT5,D1
2024-11-28,151.341,151.95,150.977,151.182,60678,MT5,D1
2024-11-29,151.183,151.205,149.462,149.664,119884,MT5,D1
2024-12-01,149.59,150.065,149.413,149.857,4229,MT5,D1
2024-12-02,149.86,150.75,149.078,149.509,117999,MT5,D1
2024-12-03,149.513,150.237,148.64,149.608,107303,MT5,D1
2024-12-04,149.612,151.23,149.518,150.546,115961,MT5,D1
2024-12-05,150.547,150.696,149.651,150.118,98370,MT5,D1
2024-12-06,150.119,150.698,149.357,150.043,99886,MT5,D1
2024-12-08,149.923,150.051,149.836,149.888,2634,MT5,D1
2024-12-09,149.889,151.427,149.688,151.388,71344,MT5,D1
2024-12-10,151.39,152.181,150.896,151.835,77609,MT5,D1
2024-12-11,151.841,152.861,151.0,152.259,108943,MT5,D1
2024-12-12,152.259,152.773,151.797,152.588,96747,MT5,D1
2024-12-13,152.589,153.8,152.551,153.635,65048,MT5,D1
2024-12-15,153.633,153.683,153.391,153.453,2746,MT5,D1
2024-12-16,153.453,154.476,153.324,154.091,60589,MT5,D1
2024-12-17,154.098,154.342,153.157,153.564,74749,MT5,D1
2024-12-18,153.569,154.817,153.333,154.662,81968,MT5,D1
2024-12-19,154.662,157.806,154.462,157.645,138370,MT5,D1
2024-12-20,157.649,157.925,155.95,156.428,103479,MT5,D1
2024-12-22,156.358,156.562,156.286,156.56,2426,MT5,D1
2024-12-23,156.567,157.266,156.335,157.179,60687,MT5,D1
2024-12-24,157.183,157.39,156.887,157.143,37885,MT5,D1
2024-12-25,157.044,157.264,156.99,157.119,2036,MT5,D1
2024-12-26,157.125,158.081,157.072,157.765,42260,MT5,D1
2024-12-27,157.768,157.952,157.349,157.877,52830,MT5,D1
2024-12-29,157.708,157.892,157.64,157.889,1707,MT5,D1
2024-12-30,157.9,158.073,156.67,157.007,58326,MT5,D1
2024-12-31,157.008,157.547,156.02,157.21,69166,MT5,D1
2025-01-01,157.057,157.772,157.028,157.689,2347,MT5,D1
2025-01-02,157.699,157.851,156.435,157.354,82195,MT5,D1
2025-01-03,157.357,157.492,156.869,157.304,49451,MT5,D1
2025-01-05,157.171,157.526,157.124,157.501,2071,MT5,D1
2025-01-06,157.506,157.961,156.239,157.736,90034,MT5,D1
2025-01-07,157.737,158.426,157.363,158.215,87057,MT5,D1
2025-01-08,158.228,158.553,157.903,158.19,66618,MT5,D1
2025-01-09,158.193,158.324,157.572,158.036,51960,MT5,D1
2025-01-10,158.042,158.877,157.221,157.725,97886,MT5,D1
2025-01-12,157.72,157.915,157.649,157.905,2346,MT5,D1
2025-01-13,157.908,157.966,156.91,157.306,78480,MT5,D1
2025-01-14,157.307,158.196,157.058,158.042,92591,MT5,D1
2025-01-15,158.045,158.083,155.933,156.22,91828,MT5,D1
2025-01-16,156.22,156.526,155.021,155.363,108065,MT5,D1
2025-01-17,155.364,156.373,154.973,156.289,73173,MT5,D1
2025-01-19,156.221,156.57,156.197,156.303,2629,MT5,D1
2025-01-20,156.308,156.469,155.164,155.27,91167,MT5,D1
2025-01-21,155.272,156.236,154.772,155.743,109462,MT5,D1
2025-01-22,155.745,156.706,155.351,156.42,70865,MT5,D1
2025-01-23,156.433,156.752,155.739,156.138,70459,MT5,D1
2025-01-24,156.135,156.575,154.838,155.987,128578,MT5,D1
2025-01-26,155.656,155.813,155.57,155.715,3085,MT5,D1
2025-01-27,155.719,156.247,153.711,154.913,140274,MT5,D1
2025-01-28,154.916,155.979,154.797,155.56,95495,MT5,D1
2025-01-29,155.563,155.79,154.937,155.179,91298,MT5,D1
2025-01-30,155.178,155.201,153.788,154.087,106452,MT5,D1
2025-01-31,154.089,155.22,153.912,155.202,106683,MT5,D1
2025-02-02,154.756,155.426,154.731,155.343,6490,MT5,D1
2025-02-03,155.347,155.885,154.003,155.261,143592,MT5,D1
2025-02-04,155.265,155.52,154.019,154.13,89619,MT5,D1
2025-02-05,154.13,154.357,152.109,152.647,110834,MT5,D1
2025-02-06,152.649,152.895,151.147,151.165,97641,MT5,D1
2025-02-07,151.169,152.423,150.928,151.405,120816,MT5,D1
2025-02-09,151.206,151.878,151.13,151.867,4072,MT5,D1
2025-02-10,151.874,152.536,151.566,151.784,72764,MT5,D1
2025-02-11,151.789,152.758,151.647,152.757,66036,MT5,D1
2025-02-12,152.758,154.802,152.725,154.234,91105,MT5,D1
2025-02-13,154.233,154.667,152.694,152.986,93768,MT5,D1
2025-02-14,152.988,153.1,152.019,152.299,80993,MT5,D1
2025-02-16,152.185,152.383,151.961,152.007,2417,MT5,D1
2025-02-17,152.006,152.115,151.227,151.436,58903,MT5,D1
2025-02-18,151.436,152.22,151.415,151.921,63875,MT5,D1
2025-02-19,151.921,152.31,151.119,151.223,72536,MT5,D1
2025-02-20,151.222,151.235,149.282,149.478,94134,MT5,D1
2025-02-21,149.48,150.736,148.92,149.284,95947,MT5,D1
2025-02-23,149.162,149.397,149.087,149.397,3195,MT5,D1
2025-02-24,149.403,149.908,148.843,149.908,95128,MT5,D1
2025-02-25,149.911,150.298,148.558,149.049,107829,MT5,D1
2025-02-26,149.049,149.887,148.614,148.872,104693,MT5,D1
2025-02-27,148.879,150.163,148.782,150.083,116748,MT5,D1
2025-02-28,150.088,150.984,149.097,150.619,130548,MT5,D1
2025-03-02,150.673,151.013,150.59,150.804,3558,MT5,D1
2025-03-03,150.808,151.302,149.081,149.301,137572,MT5,D1
2025-03-04,149.305,149.964,148.091,149.828,193253,MT5,D1
2025-03-05,149.823,150.182,148.393,148.884,170594,MT5,D1
2025-03-06,148.882,149.334,147.309,148.14,170979,MT5,D1
2025-03-07,148.142,148.202,146.936,148.043,178037,MT5,D1
2025-03-09,147.902,147.936,147.384,147.59,9066,MT5,D1
2025-03-10,147.586,147.791,146.627,147.076,143692,MT5,D1
2025-03-11,147.078,148.118,146.539,148.047,178053,MT5,D1
2025-03-12,148.045,149.194,147.844,148.291,121196,MT5,D1
2025-03-13,148.293,148.37,147.411,147.937,112196,MT5,D1
2025-03-14,147.939,149.021,147.848,148.633,90591,MT5,D1
2025-03-16,148.738,148.8,148.46,148.603,5588,MT5,D1
2025-03-17,148.606,149.397,148.244,149.397,97857,MT5,D1
2025-03-18,149.394,149.933,149.095,149.441,80258,MT5,D1
2025-03-19,149.439,150.146,148.452,148.456,97541,MT5,D1
2025-03-20,148.46,148.96,148.171,148.62,82030,MT5,D1
2025-03-21,148.622,149.663,148.589,149.301,77555,MT5,D1
2025-03-23,149.333,149.69,149.315,149.662,5040,MT5,D1
2025-03-24,149.662,150.86,149.452,150.776,70377,MT5,D1
2025-03-25,150.776,150.941,149.544,149.939,65579,MT5,D1
2025-03-26,149.941,150.744,149.837,150.471,75850,MT5,D1
2025-03-27,150.468,151.155,150.057,150.85,78436,MT5,D1
2025-03-28,150.847,151.21,149.677,149.823,82557,MT5,D1
2025-03-30,149.786,149.828,149.299,149.617,8128,MT5,D1
2025-03-31,149.614,150.265,148.697,149.945,116887,MT5,D1
