Date,Open,High,Low,Close,Volume,spread,real_volume
2018-07-03 00:00:00,1.16413,1.1672500000000001,1.16202,1.16589,53715,50,0
2018-07-04 00:00:00,1.16586,1.1681,1.16304,1.16599,42922,50,0
2018-07-05 00:00:00,1.16601,1.17196,1.16493,1.16917,57047,50,0
2018-07-06 00:00:00,1.16916,1.17672,1.1679599999999999,1.17438,49513,50,0
2018-07-08 00:00:00,1.17387,1.17534,1.17387,1.17516,2777,50,0
2018-07-09 00:00:00,1.17514,1.17903,1.17324,1.17558,49310,50,0
2018-07-10 00:00:00,1.17557,1.1762,1.16902,1.1728,51654,50,0
2018-07-11 00:00:00,1.17279,1.17578,1.16653,1.16747,61092,50,0
2018-07-12 00:00:00,1.16748,1.16952,1.16495,1.16635,52433,50,0
2018-07-13 00:00:00,1.16636,1.16863,1.16128,1.16839,47663,50,0
2018-07-15 00:00:00,1.16885,1.16907,1.16763,1.1678,2434,50,0
2018-07-16 00:00:00,1.16781,1.1724999999999999,1.16753,1.1709,46434,50,0
2018-07-17 00:00:00,1.17088,1.17443,1.16471,1.16527,53421,50,0
2018-07-18 00:00:00,1.16531,1.16642,1.16018,1.16446,51801,50,0
2018-07-19 00:00:00,1.16446,1.16782,1.15743,1.16534,61627,50,0
2018-07-20 00:00:00,1.16533,1.17383,1.16257,1.1718600000000001,60345,50,0
2018-07-22 00:00:00,1.17246,1.17445,1.17224,1.17403,3517,50,0
2018-07-23 00:00:00,1.17401,1.17495,1.16833,1.16933,51178,50,0
2018-07-24 00:00:00,1.16931,1.17166,1.16543,1.16842,52953,50,0
2018-07-25 00:00:00,1.16845,1.17381,1.16641,1.17375,55721,50,0
2018-07-26 00:00:00,1.17376,1.17431,1.16363,1.16433,53949,50,0
2018-07-27 00:00:00,1.16434,1.16639,1.1620300000000001,1.16545,45950,50,0
2018-07-29 00:00:00,1.16547,1.16599,1.16529,1.1659,2539,50,0
2018-07-30 00:00:00,1.16589,1.17183,1.16476,1.17069,41153,50,0
2018-07-31 00:00:00,1.1707,1.17454,1.16821,1.16887,51348,50,0
2018-08-01 00:00:00,1.16886,1.16991,1.1656900000000001,1.16628,48049,50,0
2018-08-02 00:00:00,1.16629,1.16672,1.1580300000000001,1.1584699999999999,50163,50,0
2018-08-03 00:00:00,1.15846,1.16101,1.156,1.15665,47515,50,0
2018-08-05 00:00:00,1.15687,1.15697,1.15591,1.15611,2983,50,0
2018-08-06 00:00:00,1.1561,1.15699,1.15298,1.15577,43875,50,0
2018-08-07 00:00:00,1.15576,1.16079,1.15512,1.16027,43246,50,0
2018-08-08 00:00:00,1.16027,1.1627399999999999,1.15729,1.16088,43440,50,0
2018-08-09 00:00:00,1.16089,1.16188,1.15156,1.15238,49345,50,0
2018-08-10 00:00:00,1.15237,1.15361,1.13878,1.14094,66724,50,0
2018-08-12 00:00:00,1.13958,1.14076,1.13703,1.13943,3422,50,0
2018-08-13 00:00:00,1.13943,1.14324,1.13646,1.14002,64980,50,0
2018-08-14 00:00:00,1.14001,1.14291,1.13299,1.13464,57930,50,0
2018-08-15 00:00:00,1.13463,1.13544,1.13007,1.13415,58516,50,0
2018-08-16 00:00:00,1.13413,1.14087,1.1335600000000001,1.13715,60196,50,0
2018-08-17 00:00:00,1.13715,1.14444,1.1366,1.14375,50069,50,0
2018-08-19 00:00:00,1.14396,1.14396,1.14344,1.14375,2863,50,0
2018-08-20 00:00:00,1.14374,1.14918,1.13941,1.1491500000000001,49120,50,0
2018-08-21 00:00:00,1.14914,1.16006,1.1485,1.15755,60150,50,0
2018-08-22 00:00:00,1.15756,1.16225,1.15531,1.15856,54426,50,0
2018-08-23 00:00:00,1.15854,1.15903,1.15297,1.15416,54892,50,0
2018-08-24 00:00:00,1.15415,1.16393,1.15379,1.16205,51418,50,0
2018-08-26 00:00:00,1.16171,1.16471,1.16166,1.16448,3280,50,0
2018-08-27 00:00:00,1.1644700000000001,1.1693,1.1594,1.16837,49031,50,0
2018-08-28 00:00:00,1.16838,1.1733,1.16623,1.16931,54260,50,0
2018-08-29 00:00:00,1.16931,1.17096,1.16517,1.17092,55953,50,0
2018-08-30 00:00:00,1.1709100000000001,1.17178,1.16414,1.16652,57445,50,0
2018-08-31 00:00:00,1.16651,1.16896,1.15843,1.16007,57835,50,0
2018-09-02 00:00:00,1.15974,1.16015,1.1592,1.15981,3136,50,0
2018-09-03 00:00:00,1.15978,1.1627,1.15885,1.16137,40415,50,0
2018-09-04 00:00:00,1.16136,1.16138,1.15299,1.15868,54837,50,0
2018-09-05 00:00:00,1.15867,1.16391,1.15408,1.16343,58000,50,0
2018-09-06 00:00:00,1.16342,1.16582,1.16051,1.16194,56718,50,0
2018-09-07 00:00:00,1.16196,1.1649,1.15503,1.15531,55717,50,0
2018-09-09 00:00:00,1.15505,1.15606,1.1547,1.15604,2900,50,0
2018-09-10 00:00:00,1.15603,1.16156,1.15255,1.15933,46760,50,0
2018-09-11 00:00:00,1.15932,1.16438,1.15653,1.15955,50478,50,0
2018-09-12 00:00:00,1.15952,1.16491,1.1569,1.16252,51795,50,0
2018-09-13 00:00:00,1.16249,1.1700599999999999,1.16088,1.1691,51321,50,0
2018-09-14 00:00:00,1.16909,1.17212,1.1620300000000001,1.16217,52953,50,0
2018-09-16 00:00:00,1.16211,1.16297,1.16211,1.16232,2699,50,0
2018-09-17 00:00:00,1.16232,1.16978,1.16178,1.16686,51150,50,0
2018-09-18 00:00:00,1.16684,1.17238,1.16522,1.16774,62195,50,0
2018-09-19 00:00:00,1.16774,1.17145,1.165,1.16738,60893,50,0
2018-09-20 00:00:00,1.16738,1.17842,1.16717,1.17754,59622,50,0
2018-09-21 00:00:00,1.17753,1.18021,1.17327,1.17477,55612,50,0
2018-09-23 00:00:00,1.17459,1.17492,1.17397,1.17483,2346,50,0
2018-09-24 00:00:00,1.17481,1.18147,1.17239,1.17522,54851,50,0
2018-09-25 00:00:00,1.17522,1.1792,1.17307,1.17626,57425,50,0
2018-09-26 00:00:00,1.17625,1.17972,1.17258,1.17468,60619,50,0
2018-09-27 00:00:00,1.17466,1.17567,1.16334,1.16358,64212,50,0
2018-09-28 00:00:00,1.16357,1.1651,1.15696,1.16039,58309,50,0
2018-09-30 00:00:00,1.16067,1.16162,1.1604,1.1605,1937,50,0
2018-10-01 00:00:00,1.16049,1.16245,1.15631,1.15768,54741,50,0
2018-10-02 00:00:00,1.15768,1.15798,1.15046,1.15501,59405,50,0
2018-10-03 00:00:00,1.155,1.15924,1.1464,1.14762,66575,50,0
2018-10-04 00:00:00,1.14761,1.15424,1.14627,1.15172,60674,50,0
2018-10-05 00:00:00,1.15171,1.15492,1.14836,1.15196,60084,50,0
2018-10-07 00:00:00,1.15204,1.15263,1.15202,1.15237,1859,50,0
2018-10-08 00:00:00,1.15236,1.15292,1.14597,1.14939,51505,50,0
2018-10-09 00:00:00,1.14938,1.15075,1.14319,1.15045,63015,50,0
2018-10-10 00:00:00,1.15044,1.15448,1.14796,1.15329,62552,50,0
2018-10-11 00:00:00,1.15328,1.15987,1.15308,1.15897,74624,50,0
2018-10-12 00:00:00,1.15895,1.16101,1.15339,1.1559300000000001,60978,50,0
2018-10-14 00:00:00,1.1553499999999999,1.1553499999999999,1.15427,1.15502,2680,50,0
2018-10-15 00:00:00,1.15501,1.1605699999999999,1.15427,1.15828,57344,50,0
2018-10-16 00:00:00,1.15825,1.16207,1.1565699999999999,1.15761,58172,50,0
2018-10-17 00:00:00,1.15761,1.15801,1.14956,1.1501000000000001,63367,50,0
2018-10-18 00:00:00,1.15009,1.15269,1.14492,1.14539,64661,50,0
2018-10-19 00:00:00,1.14538,1.1534,1.14329,1.15135,61833,50,0
2018-10-21 00:00:00,1.15137,1.15164,1.15083,1.15102,2464,50,0
2018-10-22 00:00:00,1.15103,1.15497,1.14556,1.14642,56977,50,0
2018-10-23 00:00:00,1.14643,1.1493,1.14392,1.14705,63322,50,0
2018-10-24 00:00:00,1.14704,1.1476,1.13782,1.13987,65867,50,0
2018-10-25 00:00:00,1.13986,1.1432,1.13558,1.1375,63983,50,0
2018-10-26 00:00:00,1.1375,1.14204,1.13353,1.1403,64947,50,0
2018-10-28 00:00:00,1.13955,1.1403,1.13923,1.13977,2862,50,0
2018-10-29 00:00:00,1.13977,1.14161,1.13603,1.13754,61581,50,0
2018-10-30 00:00:00,1.13753,1.13875,1.13401,1.13451,58005,50,0
2018-10-31 00:00:00,1.1345,1.13598,1.13009,1.13145,60893,50,0
2018-11-01 00:00:00,1.13144,1.14237,1.13124,1.14026,63940,50,0
2018-11-02 00:00:00,1.14026,1.14554,1.13723,1.13875,62427,50,0
2018-11-04 00:00:00,1.13871,1.13991,1.1387,1.13974,2056,50,0
2018-11-05 00:00:00,1.13972,1.14237,1.1353,1.14082,57176,50,0
2018-11-06 00:00:00,1.14083,1.14374,1.13913,1.14364,57530,50,0
2018-11-07 00:00:00,1.14365,1.14993,1.13943,1.14326,75473,50,0
2018-11-08 00:00:00,1.14325,1.1446,1.13516,1.13679,65300,50,0
2018-11-09 00:00:00,1.13678,1.13681,1.1316,1.13351,62438,50,0
2018-11-11 00:00:00,1.1317599999999999,1.1326,1.13136,1.13236,3076,50,0
2018-11-12 00:00:00,1.13236,1.13301,1.12143,1.12234,62401,50,0
2018-11-13 00:00:00,1.12232,1.13162,1.1221700000000001,1.13119,70097,50,0
2018-11-14 00:00:00,1.13119,1.13462,1.12629,1.13121,74220,50,0
2018-11-15 00:00:00,1.13122,1.13616,1.12702,1.13243,73666,50,0
2018-11-16 00:00:00,1.13244,1.14198,1.13214,1.14174,62832,50,0
2018-11-18 00:00:00,1.14025,1.14196,1.1401,1.14135,2630,50,0
2018-11-19 00:00:00,1.14134,1.1464,1.13938,1.14541,56935,50,0
2018-11-20 00:00:00,1.1454,1.1472,1.13585,1.13717,61761,50,0
2018-11-21 00:00:00,1.13718,1.14242,1.13653,1.13877,61771,50,0
2018-11-22 00:00:00,1.13877,1.14334,1.13851,1.14025,46369,50,0
2018-11-23 00:00:00,1.14024,1.14206,1.13275,1.13345,51284,50,0
2018-11-25 00:00:00,1.13394,1.13412,1.1331,1.13368,2982,50,0
2018-11-26 00:00:00,1.13368,1.13832,1.13247,1.13328,59171,50,0
2018-11-27 00:00:00,1.13328,1.13435,1.12772,1.12971,62223,50,0
2018-11-28 00:00:00,1.12971,1.13869,1.12669,1.13674,65417,50,0
2018-11-29 00:00:00,1.13673,1.14011,1.13485,1.1392,65099,50,0
2018-11-30 00:00:00,1.13921,1.13999,1.13048,1.13181,61020,50,0
2018-12-02 00:00:00,1.13545,1.13586,1.13281,1.13416,2777,50,0
2018-12-03 00:00:00,1.13416,1.13794,1.13192,1.13541,60255,50,0
2018-12-04 00:00:00,1.13542,1.14179,1.13184,1.13424,68815,50,0
2018-12-05 00:00:00,1.13423,1.13609,1.13109,1.13482,51954,50,0
2018-12-06 00:00:00,1.13485,1.14121,1.13207,1.1374900000000001,69795,50,0
2018-12-07 00:00:00,1.13755,1.14231,1.1360000000000001,1.13908,62599,50,0
2018-12-09 00:00:00,1.13866,1.14053,1.13866,1.13994,2754,50,0
2018-12-10 00:00:00,1.13995,1.14424,1.135,1.13557,66429,50,0
2018-12-11 00:00:00,1.13557,1.13997,1.13057,1.13215,63703,50,0
2018-12-12 00:00:00,1.13215,1.13869,1.1314899999999999,1.13725,65073,50,0
2018-12-13 00:00:00,1.13725,1.13923,1.13308,1.13626,61455,50,0
2018-12-14 00:00:00,1.13628,1.13646,1.12696,1.13043,57920,50,0
2018-12-16 00:00:00,1.13029,1.13075,1.13004,1.1304,2868,50,0
2018-12-17 00:00:00,1.13042,1.13575,1.13022,1.13492,54950,50,0
2018-12-18 00:00:00,1.13491,1.14019,1.13366,1.1375,61205,50,0
2018-12-19 00:00:00,1.13754,1.14389,1.13635,1.13863,67383,50,0
2018-12-20 00:00:00,1.13864,1.14851,1.1377,1.14565,69527,50,0
2018-12-21 00:00:00,1.14564,1.14735,1.13557,1.13674,62221,50,0
2018-12-23 00:00:00,1.13632,1.1373199999999999,1.13606,1.13721,1793,50,0
2018-12-24 00:00:00,1.1372,1.1438,1.13702,1.14092,43259,50,0
2018-12-26 00:00:00,1.14123,1.14156,1.13428,1.13603,42261,50,0
2018-12-27 00:00:00,1.13602,1.14536,1.1358,1.14303,70067,50,0
2018-12-28 00:00:00,1.14303,1.14722,1.14299,1.14419,62185,50,0
2018-12-30 00:00:00,1.14416,1.14419,1.1434199999999999,1.1439,2174,50,0
2018-12-31 00:00:00,1.14389,1.1466,1.14214,1.14635,46953,50,0
2019-01-02 00:00:00,1.14609,1.14964,1.13118,1.13123,65151,50,0
2019-01-03 00:00:00,1.13117,1.14105,1.131,1.139,72488,50,0
2019-01-04 00:00:00,1.13899,1.14186,1.13455,1.13959,63337,50,0
2019-01-06 00:00:00,1.13945,1.14114,1.13945,1.14101,2521,50,0
2019-01-07 00:00:00,1.141,1.14822,1.14045,1.14787,55371,50,0
2019-01-08 00:00:00,1.14787,1.14844,1.14216,1.14555,57937,50,0
2019-01-09 00:00:00,1.14566,1.15576,1.14388,1.15534,65916,50,0
2019-01-10 00:00:00,1.15538,1.15695,1.14842,1.1507,63155,50,0
2019-01-11 00:00:00,1.15076,1.15398,1.14578,1.14664,57212,50,0
2019-01-13 00:00:00,1.14552,1.14673,1.14542,1.14597,2299,50,0
2019-01-14 00:00:00,1.14596,1.14815,1.14499,1.14723,53278,50,0
2019-01-15 00:00:00,1.14725,1.14892,1.13816,1.14138,63789,50,0
2019-01-16 00:00:00,1.14139,1.14243,1.13776,1.13984,56597,50,0
2019-01-17 00:00:00,1.13991,1.14057,1.137,1.13918,56327,50,0
2019-01-18 00:00:00,1.1392,1.14099,1.13529,1.13634,53711,50,0
2019-01-20 00:00:00,1.13609,1.13672,1.13596,1.1365,1486,50,0
2019-01-21 00:00:00,1.1365,1.13908,1.13564,1.13687,40047,50,0
2019-01-22 00:00:00,1.13686,1.13737,1.1335899999999999,1.13632,51556,50,0
2019-01-23 00:00:00,1.13632,1.13939,1.1350500000000001,1.13853,52827,50,0
2019-01-24 00:00:00,1.13857,1.13909,1.12887,1.13121,65136,50,0
2019-01-25 00:00:00,1.13123,1.14173,1.13048,1.1406399999999999,58616,50,0
2019-01-27 00:00:00,1.14036,1.14123,1.14005,1.14123,2223,50,0
2019-01-28 00:00:00,1.1412499999999999,1.14434,1.13897,1.14294,49288,50,0
2019-01-29 00:00:00,1.14294,1.1449799999999999,1.14109,1.14348,53793,50,0
2019-01-30 00:00:00,1.14347,1.15012,1.14059,1.14851,56514,50,0
2019-01-31 00:00:00,1.14852,1.15138,1.14355,1.14477,57241,50,0
2019-02-01 00:00:00,1.1448,1.1488,1.14344,1.14555,51098,50,0
2019-02-03 00:00:00,1.14512,1.1457600000000001,1.14475,1.14545,1875,50,0
2019-02-04 00:00:00,1.14545,1.14599,1.14242,1.14351,47478,50,0
2019-02-05 00:00:00,1.14351,1.14401,1.14006,1.1408800000000001,46322,50,0
2019-02-06 00:00:00,1.1408800000000001,1.14089,1.13602,1.13657,48170,50,0
2019-02-07 00:00:00,1.13656,1.13675,1.13231,1.13382,48957,50,0
2019-02-08 00:00:00,1.13382,1.1350500000000001,1.13208,1.13218,43083,50,0
2019-02-10 00:00:00,1.1322,1.13245,1.13148,1.13238,2714,50,0
2019-02-11 00:00:00,1.13238,1.1329799999999999,1.12671,1.12786,45530,50,0
2019-02-12 00:00:00,1.1278299999999999,1.1339299999999999,1.12575,1.13336,48225,50,0
2019-02-13 00:00:00,1.13337,1.13413,1.12498,1.12644,48592,50,0
2019-02-14 00:00:00,1.12646,1.13092,1.12498,1.12947,52372,50,0
2019-02-15 00:00:00,1.12944,1.13059,1.12338,1.12937,48331,50,0
2019-02-17 00:00:00,1.1296,1.12965,1.12891,1.12951,2265,50,0
2019-02-18 00:00:00,1.12951,1.13337,1.12939,1.13114,37138,50,0
2019-02-19 00:00:00,1.13112,1.1357,1.12752,1.13397,48916,50,0
2019-02-20 00:00:00,1.13396,1.13708,1.13247,1.13458,49345,50,0
2019-02-21 00:00:00,1.1346,1.1366,1.13194,1.13392,52674,50,0
2019-02-22 00:00:00,1.13392,1.13554,1.13159,1.13334,45060,50,0
2019-02-24 00:00:00,1.1341,1.13419,1.13289,1.13415,2128,50,0
2019-02-25 00:00:00,1.1341700000000001,1.13673,1.13364,1.13643,45939,50,0
2019-02-26 00:00:00,1.13646,1.14021,1.13448,1.13928,48588,50,0
2019-02-27 00:00:00,1.13929,1.1403,1.13621,1.13794,49806,50,0
2019-02-28 00:00:00,1.13795,1.14192,1.13595,1.13729,52560,50,0
2019-03-01 00:00:00,1.13728,1.14081,1.1353,1.13646,47794,50,0
2019-03-03 00:00:00,1.13816,1.13848,1.1372200000000001,1.1374900000000001,2126,50,0
2019-03-04 00:00:00,1.13748,1.13748,1.13087,1.13363,45509,50,0
2019-03-05 00:00:00,1.13362,1.13381,1.12893,1.13055,46974,50,0
2019-03-06 00:00:00,1.13057,1.13242,1.12837,1.13128,44396,50,0
2019-03-07 00:00:00,1.13129,1.13198,1.11753,1.11981,50302,50,0
2019-03-08 00:00:00,1.11979,1.12457,1.11849,1.1233,49022,50,0
2019-03-10 00:00:00,1.12301,1.12374,1.12301,1.12316,2192,50,0
2019-03-11 00:00:00,1.12314,1.12681,1.12215,1.12589,43819,50,0
2019-03-12 00:00:00,1.1259000000000001,1.13046,1.12489,1.12864,44249,50,0
2019-03-13 00:00:00,1.12863,1.13381,1.12771,1.13302,42205,50,0
2019-03-14 00:00:00,1.13302,1.13357,1.12938,1.13063,45200,50,0
2019-03-15 00:00:00,1.13064,1.13439,1.12998,1.13251,39237,50,0
2019-03-17 00:00:00,1.13206,1.1327,1.13188,1.13192,1835,50,0
2019-03-18 00:00:00,1.13191,1.13585,1.1319,1.13358,39128,50,0
2019-03-19 00:00:00,1.13358,1.13612,1.13334,1.13541,40349,50,0
2019-03-20 00:00:00,1.13542,1.14475,1.13352,1.14283,48605,50,0
2019-03-21 00:00:00,1.14282,1.14372,1.13422,1.13736,50512,50,0
2019-03-22 00:00:00,1.13737,1.13901,1.12727,1.12999,49406,50,0
2019-03-24 00:00:00,1.1293199999999999,1.1298,1.12909,1.1295600000000001,1719,50,0
2019-03-25 00:00:00,1.12955,1.13308,1.12885,1.13148,47237,50,0
2019-03-26 00:00:00,1.13146,1.13256,1.12625,1.1273900000000001,47146,50,0
2019-03-27 00:00:00,1.12738,1.12851,1.12418,1.12518,52084,50,0
2019-03-28 00:00:00,1.12519,1.12611,1.12134,1.12297,50024,50,0
2019-03-29 00:00:00,1.12293,1.12463,1.12096,1.12177,47634,50,0
2019-03-31 00:00:00,1.12262,1.12292,1.1219999999999999,1.12231,1544,50,0
2019-04-01 00:00:00,1.1223,1.12494,1.11981,1.12049,46496,50,0
2019-04-02 00:00:00,1.12048,1.12154,1.11834,1.1203,46510,50,0
2019-04-03 00:00:00,1.12031,1.12543,1.1201699999999999,1.12446,46605,50,0
2019-04-04 00:00:00,1.1244399999999999,1.12476,1.12057,1.12222,42862,50,0
2019-04-05 00:00:00,1.1222,1.12461,1.12097,1.12157,39556,50,0
2019-04-07 00:00:00,1.12148,1.12195,1.12127,1.12181,2081,50,0
2019-04-08 00:00:00,1.12181,1.1274,1.12146,1.1255600000000001,41555,50,0
2019-04-09 00:00:00,1.12555,1.12838,1.12552,1.12655,41765,50,0
2019-04-10 00:00:00,1.12654,1.12869,1.12292,1.12757,44611,50,0
2019-04-11 00:00:00,1.12757,1.1287,1.12497,1.12601,42187,50,0
2019-04-12 00:00:00,1.126,1.13235,1.1257,1.12991,41978,50,0
2019-04-14 00:00:00,1.1302,1.1307,1.12986,1.1302699999999999,1757,50,0
2019-04-15 00:00:00,1.13026,1.13205,1.12975,1.1304,37495,50,0
2019-04-16 00:00:00,1.1304,1.13135,1.12786,1.12842,43081,50,0
2019-04-17 00:00:00,1.12843,1.13233,1.1280999999999999,1.12962,40408,50,0
2019-04-18 00:00:00,1.12962,1.13036,1.12258,1.12347,44846,50,0
2019-04-19 00:00:00,1.12345,1.1247,1.12316,1.12431,18989,50,0
2019-04-21 00:00:00,1.12419,1.12443,1.12376,1.12436,2226,50,0
2019-04-22 00:00:00,1.12437,1.12616,1.12356,1.12585,15871,50,0
2019-04-23 00:00:00,1.12587,1.12608,1.1192,1.12238,24823,50,0
2019-04-24 00:00:00,1.12239,1.12241,1.11406,1.11533,32631,50,0
2019-04-25 00:00:00,1.11532,1.11623,1.11177,1.11354,28183,50,0
2019-04-26 00:00:00,1.11352,1.11735,1.11114,1.11456,27052,50,0
2019-04-28 00:00:00,1.11446,1.11515,1.11446,1.11489,1828,50,0
2019-04-29 00:00:00,1.1149,1.11866,1.11449,1.11847,20718,50,0
2019-04-30 00:00:00,1.11846,1.12286,1.11756,1.12154,27896,50,0
2019-05-01 00:00:00,1.12154,1.12643,1.11873,1.12022,25838,50,0
2019-05-02 00:00:00,1.12022,1.12187,1.11707,1.11728,28802,50,0
2019-05-03 00:00:00,1.11727,1.12047,1.11352,1.12015,25261,50,0
2019-05-05 00:00:00,1.11756,1.11991,1.11727,1.11846,2656,50,0
2019-05-06 00:00:00,1.11845,1.12088,1.11789,1.12008,25522,50,0
2019-05-07 00:00:00,1.12007,1.12173,1.11662,1.11895,28456,50,0
2019-05-08 00:00:00,1.11894,1.12133,1.11826,1.11979,30811,50,0
2019-05-09 00:00:00,1.11978,1.12506,1.11732,1.12182,32765,50,0
2019-05-10 00:00:00,1.12183,1.12531,1.12177,1.1234,27901,50,0
2019-05-12 00:00:00,1.12336,1.12388,1.12335,1.12357,2311,50,0
2019-05-13 00:00:00,1.12355,1.1263,1.12199,1.1232,26884,50,0
2019-05-14 00:00:00,1.12321,1.12436,1.12011,1.12028,25084,50,0
2019-05-15 00:00:00,1.12029,1.12234,1.11773,1.12071,27186,50,0
2019-05-16 00:00:00,1.12069,1.12236,1.11663,1.11732,24828,50,0
2019-05-17 00:00:00,1.11731,1.11837,1.11548,1.1157,24570,50,0
2019-05-19 00:00:00,1.11579,1.11663,1.11579,1.11646,2073,50,0
2019-05-20 00:00:00,1.11648,1.11745,1.11505,1.11672,23314,50,0
2019-05-21 00:00:00,1.11671,1.11855,1.11415,1.11642,24395,50,0
2019-05-22 00:00:00,1.11642,1.11797,1.11484,1.11552,22662,50,0
2019-05-23 00:00:00,1.11552,1.11871,1.11067,1.1184,27056,50,0
2019-05-24 00:00:00,1.11838,1.12118,1.11771,1.12048,21084,50,0
2019-05-26 00:00:00,1.12079,1.12113,1.12069,1.12069,1608,50,0
2019-05-27 00:00:00,1.12067,1.12149,1.11864,1.11931,17404,50,0
2019-05-28 00:00:00,1.11933,1.1198,1.11592,1.1167799999999999,24363,50,0
2019-05-29 00:00:00,1.11676,1.11723,1.11239,1.11366,25317,50,0
2019-05-30 00:00:00,1.11365,1.11429,1.1116,1.11296,22532,50,0
2019-05-31 00:00:00,1.11295,1.11794,1.11247,1.11684,27580,50,0
2019-06-02 00:00:00,1.11636,1.1174,1.11614,1.11734,2155,50,0
2019-06-03 00:00:00,1.11733,1.12616,1.11601,1.12454,29439,50,0
2019-06-04 00:00:00,1.12455,1.1277,1.12264,1.12535,31781,50,0
2019-06-05 00:00:00,1.12536,1.1304,1.12198,1.12284,32899,50,0
2019-06-06 00:00:00,1.12283,1.13081,1.12047,1.12754,31482,50,0
2019-06-07 00:00:00,1.12755,1.13471,1.12511,1.13327,27117,50,0
2019-06-09 00:00:00,1.13228,1.13285,1.13141,1.13188,1757,50,0
2019-06-10 00:00:00,1.13189,1.13239,1.12896,1.13178,23952,50,0
2019-06-11 00:00:00,1.1318,1.13372,1.13014,1.13291,27574,50,0
2019-06-12 00:00:00,1.13292,1.1343,1.12827,1.12924,28202,50,0
2019-06-13 00:00:00,1.12924,1.13035,1.12681,1.12794,25761,50,0
2019-06-14 00:00:00,1.12792,1.12888,1.12019,1.1209,27905,50,0
2019-06-16 00:00:00,1.12094,1.1217,1.12088,1.12154,2007,50,0
2019-06-17 00:00:00,1.12153,1.12464,1.12035,1.12236,22056,50,0
2019-06-18 00:00:00,1.12237,1.12425,1.11812,1.11978,34291,50,0
2019-06-19 00:00:00,1.11979,1.12538,1.1187,1.12356,31992,50,0
2019-06-20 00:00:00,1.12355,1.13167,1.1235,1.12942,36820,50,0
2019-06-21 00:00:00,1.12941,1.13774,1.12829,1.13691,34513,50,0
2019-06-23 00:00:00,1.13691,1.13848,1.1366,1.13848,2534,50,0
2019-06-24 00:00:00,1.13847,1.14031,1.13723,1.13991,29666,50,0
2019-06-25 00:00:00,1.13992,1.14117,1.13442,1.1368,39285,50,0
2019-06-26 00:00:00,1.13678,1.13906,1.13474,1.13731,34457,50,0
2019-06-27 00:00:00,1.1373199999999999,1.13811,1.13477,1.13709,28812,50,0
2019-06-28 00:00:00,1.13711,1.13931,1.13506,1.13699,24122,50,0
2019-06-30 00:00:00,1.13594,1.13708,1.13594,1.13599,1440,50,0
2019-07-01 00:00:00,1.13597,1.1363699999999999,1.12802,1.12867,27510,50,0
2019-07-02 00:00:00,1.12868,1.13192,1.12746,1.12904,24140,50,0
2019-07-03 00:00:00,1.12903,1.13105,1.12684,1.1287099999999999,22761,50,0
2019-07-04 00:00:00,1.1287,1.12948,1.1273,1.12851,11025,50,0
2019-07-05 00:00:00,1.12852,1.12859,1.12072,1.12253,21500,50,0
2019-07-07 00:00:00,1.12224,1.12285,1.12224,1.12265,781,50,0
2019-07-08 00:00:00,1.12267,1.12341,1.1207,1.12149,16590,50,0
2019-07-09 00:00:00,1.1215,1.12185,1.11933,1.12042,17099,50,0
2019-07-10 00:00:00,1.12041,1.12636,1.12016,1.12581,24399,50,0
2019-07-11 00:00:00,1.12582,1.12856,1.12451,1.12494,24840,50,0
2019-07-12 00:00:00,1.1249500000000001,1.12746,1.12381,1.12704,20169,50,0
2019-07-14 00:00:00,1.12669,1.12742,1.12636,1.12709,931,50,0
2019-07-15 00:00:00,1.12711,1.12836,1.12536,1.12596,16402,50,0
2019-07-16 00:00:00,1.12597,1.12632,1.1201699999999999,1.12118,20187,50,0
2019-07-17 00:00:00,1.12116,1.12333,1.11993,1.1227,17158,50,0
2019-07-18 00:00:00,1.12271,1.12812,1.12051,1.12608,27020,50,0
2019-07-19 00:00:00,1.12607,1.1268,1.12033,1.12203,22690,50,0
2019-07-21 00:00:00,1.12129,1.12186,1.12128,1.12174,909,50,0
2019-07-22 00:00:00,1.12175,1.12248,1.12038,1.12043,17440,50,0
2019-07-23 00:00:00,1.12042,1.12079,1.11457,1.11507,18323,50,0
2019-07-24 00:00:00,1.11508,1.11555,1.1127,1.11418,19541,50,0
2019-07-25 00:00:00,1.11417,1.11875,1.11013,1.11448,28602,50,0
2019-07-26 00:00:00,1.11447,1.11506,1.11119,1.11273,18403,50,0
2019-07-28 00:00:00,1.11231,1.11323,1.11227,1.11294,574,50,0
2019-07-29 00:00:00,1.11292,1.11506,1.11129,1.11421,15617,50,0
2019-07-30 00:00:00,1.1142,1.11606,1.1132,1.11567,19982,50,0
2019-07-31 00:00:00,1.11566,1.1161699999999999,1.106,1.10714,32942,50,0
2019-08-01 00:00:00,1.10715,1.10952,1.1026799999999999,1.10788,36460,50,0
2019-08-02 00:00:00,1.10787,1.11161,1.10698,1.1107,34613,50,0
2019-08-04 00:00:00,1.11052,1.11107,1.11043,1.11075,983,50,0
2019-08-05 00:00:00,1.11074,1.12448,1.11064,1.12418,36133,50,0
2019-08-06 00:00:00,1.12416,1.12492,1.11674,1.12051,32766,50,0
2019-08-07 00:00:00,1.12053,1.12414,1.11792,1.12039,38915,50,0
2019-08-08 00:00:00,1.12038,1.12292,1.1177,1.1186,33137,50,0
2019-08-09 00:00:00,1.1186099999999999,1.12226,1.11832,1.12001,23612,50,0
2019-08-11 00:00:00,1.11984,1.1207799999999999,1.11974,1.12072,799,50,0
2019-08-12 00:00:00,1.12071,1.12302,1.11619,1.12159,23773,50,0
2019-08-13 00:00:00,1.12161,1.12281,1.11696,1.11763,31304,50,0
2019-08-14 00:00:00,1.11762,1.11905,1.11306,1.11427,28385,50,0
2019-08-15 00:00:00,1.11429,1.11582,1.10913,1.11102,32406,50,0
2019-08-16 00:00:00,1.11104,1.11111,1.10662,1.10898,22980,50,0
2019-08-18 00:00:00,1.10911,1.11001,1.10895,1.1092,1183,50,0
2019-08-19 00:00:00,1.10919,1.11133,1.1076,1.10814,18287,50,0
2019-08-20 00:00:00,1.10815,1.11064,1.10658,1.10969,20264,50,0
2019-08-21 00:00:00,1.1097,1.11068,1.10808,1.1090200000000001,17849,50,0
2019-08-22 00:00:00,1.109,1.11128,1.10634,1.10835,24228,50,0
2019-08-23 00:00:00,1.10834,1.11527,1.10516,1.11397,29171,50,0
2019-08-25 00:00:00,1.11462,1.11615,1.11404,1.11431,2414,50,0
2019-08-26 00:00:00,1.11432,1.11526,1.10941,1.11013,30102,50,0
2019-08-27 00:00:00,1.11011,1.11156,1.10857,1.10893,22240,50,0
2019-08-28 00:00:00,1.10894,1.10976,1.10731,1.10854,21912,50,0
2019-08-29 00:00:00,1.10853,1.10873,1.10419,1.10589,22007,50,0
2019-08-30 00:00:00,1.10588,1.10597,1.09631,1.09904,24357,50,0
2019-09-01 00:00:00,1.09871,1.09948,1.09831,1.09903,1414,50,0
2019-09-02 00:00:00,1.09901,1.09929,1.09578,1.09641,15055,50,0
2019-09-03 00:00:00,1.0964,1.09784,1.09261,1.09725,28324,50,0
2019-09-04 00:00:00,1.09724,1.1038000000000001,1.09715,1.10346,24806,50,0
2019-09-05 00:00:00,1.10345,1.10836,1.10161,1.10338,27582,50,0
2019-09-06 00:00:00,1.1034,1.10565,1.10201,1.10272,25304,50,0
2019-09-08 00:00:00,1.1025,1.10274,1.10182,1.10201,644,50,0
2019-09-09 00:00:00,1.102,1.10678,1.10145,1.10469,21584,50,0
2019-09-10 00:00:00,1.10468,1.10592,1.10305,1.10498,21304,50,0
2019-09-11 00:00:00,1.10499,1.10552,1.09851,1.10133,21293,50,0
2019-09-12 00:00:00,1.10134,1.10859,1.09259,1.10559,41790,50,0
2019-09-13 00:00:00,1.10561,1.11091,1.10561,1.10742,26150,50,0
2019-09-15 00:00:00,1.10735,1.1086,1.10693,1.10829,1841,50,0
2019-09-16 00:00:00,1.10828,1.1084100000000001,1.09936,1.1003,24692,50,0
2019-09-17 00:00:00,1.10029,1.1075,1.09903,1.10736,26762,50,0
2019-09-18 00:00:00,1.10737,1.10744,1.10141,1.10285,28226,50,0
2019-09-19 00:00:00,1.10289,1.10732,1.10228,1.10446,26916,50,0
2019-09-20 00:00:00,1.10444,1.10672,1.0996299999999999,1.10193,23630,50,0
2019-09-22 00:00:00,1.10116,1.1019700000000001,1.10115,1.10184,920,50,0
2019-09-23 00:00:00,1.10183,1.10249,1.09665,1.09937,24070,50,0
2019-09-24 00:00:00,1.09936,1.10238,1.09831,1.1013,24289,50,0
2019-09-25 00:00:00,1.10129,1.10163,1.09373,1.09512,25116,50,0
2019-09-26 00:00:00,1.0951,1.09667,1.09088,1.09221,24317,50,0
2019-09-27 00:00:00,1.09223,1.09581,1.09048,1.09413,22572,50,0
2019-09-29 00:00:00,1.09394,1.09454,1.09376,1.09421,886,50,0
2019-09-30 00:00:00,1.0942,1.09472,1.08853,1.08991,21751,50,0
2019-10-01 00:00:00,1.0899,1.09422,1.08789,1.09337,27582,50,0
2019-10-02 00:00:00,1.09338,1.09632,1.09038,1.09602,23253,50,0
2019-10-03 00:00:00,1.096,1.09989,1.09409,1.09742,26814,50,0
2019-10-04 00:00:00,1.09743,1.09972,1.0957,1.09783,23837,50,0
2019-10-06 00:00:00,1.09794,1.09836,1.09745,1.09831,763,50,0
2019-10-07 00:00:00,1.0983,1.09998,1.09618,1.09713,19926,50,0
2019-10-08 00:00:00,1.09714,1.09955,1.0941,1.09596,26153,50,0
2019-10-09 00:00:00,1.09595,1.09898,1.09546,1.0984099999999999,20938,50,0
2019-10-10 00:00:00,1.0984,1.10335,1.09796,1.10105,28169,50,0
2019-10-11 00:00:00,1.10106,1.10623,1.10009,1.10371,31109,50,0
2019-10-13 00:00:00,1.10305,1.10362,1.1025,1.10278,1237,50,0
2019-10-14 00:00:00,1.10279,1.10422,1.10127,1.10257,19256,50,0
2019-10-15 00:00:00,1.10256,1.10458,1.09911,1.10343,27914,50,0
2019-10-16 00:00:00,1.10342,1.1085099999999999,1.10228,1.10736,28857,50,0
2019-10-17 00:00:00,1.10737,1.11377,1.10651,1.11245,29045,50,0
2019-10-18 00:00:00,1.11246,1.11707,1.11145,1.11698,19918,50,0
2019-10-20 00:00:00,1.11627,1.11637,1.11493,1.1155599999999999,1300,50,0
2019-10-21 00:00:00,1.11554,1.11787,1.11387,1.11514,17278,50,0
2019-10-22 00:00:00,1.11513,1.11565,1.1118,1.11287,20493,50,0
2019-10-23 00:00:00,1.11288,1.11397,1.1106,1.11319,16446,50,0
2019-10-24 00:00:00,1.11317,1.11624,1.10929,1.11033,22230,50,0
2019-10-25 00:00:00,1.11036,1.11227,1.10728,1.10799,14665,50,0
2019-10-27 00:00:00,1.10772,1.10838,1.10769,1.10838,1167,50,0
2019-10-28 00:00:00,1.10839,1.11062,1.1076,1.10984,15045,50,0
2019-10-29 00:00:00,1.10983,1.11181,1.10733,1.11119,17612,50,0
2019-10-30 00:00:00,1.11118,1.11551,1.10801,1.1152,24200,50,0
2019-10-31 00:00:00,1.11521,1.11751,1.11314,1.11559,24342,50,0
2019-11-01 00:00:00,1.11558,1.11715,1.11282,1.11651,20346,50,0
2019-11-03 00:00:00,1.1166800000000001,1.11669,1.11627,1.11659,576,50,0
2019-11-04 00:00:00,1.11657,1.1175,1.1120700000000001,1.11277,17983,50,0
2019-11-05 00:00:00,1.11278,1.11397,1.10633,1.10738,23157,50,0
2019-11-06 00:00:00,1.10739,1.10925,1.10647,1.10698,18277,50,0
2019-11-07 00:00:00,1.10697,1.1091199999999999,1.10359,1.10521,24959,50,0
2019-11-08 00:00:00,1.10522,1.10551,1.10165,1.10212,17399,50,0
2019-11-10 00:00:00,1.1019,1.10223,1.10176,1.10218,313,50,0
2019-11-11 00:00:00,1.10216,1.10426,1.10163,1.10345,13381,50,0
2019-11-12 00:00:00,1.10344,1.10383,1.1002399999999999,1.10118,17918,50,0
2019-11-13 00:00:00,1.10117,1.10199,1.09952,1.10094,18902,50,0
2019-11-14 00:00:00,1.10092,1.1027,1.0989,1.10195,17369,50,0
2019-11-15 00:00:00,1.10196,1.10565,1.10144,1.10544,13800,50,0
2019-11-17 00:00:00,1.10477,1.10542,1.10477,1.10538,531,50,0
2019-11-18 00:00:00,1.10537,1.10896,1.10533,1.1072,14429,50,0
2019-11-19 00:00:00,1.10719,1.10836,1.10625,1.10778,14087,50,0
2019-11-20 00:00:00,1.10779,1.1081,1.10529,1.10775,16952,50,0
2019-11-21 00:00:00,1.10776,1.10966,1.10522,1.10654,16194,50,0
2019-11-22 00:00:00,1.10653,1.10861,1.10144,1.10224,16825,50,0
2019-11-24 00:00:00,1.10152,1.10223,1.10152,1.10223,589,50,0
2019-11-25 00:00:00,1.10224,1.1031900000000001,1.10035,1.10103,15958,50,0
2019-11-26 00:00:00,1.10104,1.10253,1.1007,1.10219,15628,50,0
2019-11-27 00:00:00,1.10218,1.10218,1.09921,1.10046,15554,50,0
2019-11-28 00:00:00,1.10048,1.10174,1.10003,1.10109,10459,50,0
2019-11-29 00:00:00,1.1011,1.10279,1.09809,1.1016,14069,50,0
2019-12-01 00:00:00,1.10222,1.10222,1.10165,1.10181,455,50,0
2019-12-02 00:00:00,1.1018,1.10895,1.10028,1.10758,17221,50,0
2019-12-03 00:00:00,1.10756,1.10929,1.10657,1.10817,16561,50,0
2019-12-04 00:00:00,1.10816,1.11157,1.10666,1.10824,19605,50,0
2019-12-05 00:00:00,1.10822,1.11077,1.10793,1.1104,15751,50,0
2019-12-06 00:00:00,1.11038,1.11092,1.10397,1.10596,15007,50,0
2019-12-08 00:00:00,1.10562,1.10597,1.10548,1.10582,827,50,0
2019-12-09 00:00:00,1.1058,1.10776,1.10532,1.10641,11928,50,0
2019-12-10 00:00:00,1.1064,1.1097299999999999,1.10628,1.10922,14504,50,0
2019-12-11 00:00:00,1.10921,1.11446,1.107,1.11324,19085,50,0
2019-12-12 00:00:00,1.11324,1.11951,1.11029,1.11833,25758,50,0
2019-12-13 00:00:00,1.11832,1.11856,1.11118,1.11164,28344,50,0
2019-12-15 00:00:00,1.11264,1.11285,1.11224,1.11239,805,50,0
2019-12-16 00:00:00,1.1124,1.11578,1.11228,1.11353,17273,50,0
2019-12-17 00:00:00,1.11354,1.11741,1.11292,1.1151,18350,50,0
2019-12-18 00:00:00,1.11511,1.11511,1.11103,1.11152,16226,50,0
2019-12-19 00:00:00,1.11151,1.11437,1.11072,1.1123,17990,50,0
2019-12-20 00:00:00,1.11228,1.11233,1.10662,1.10769,14801,50,0
2019-12-22 00:00:00,1.10799,1.10799,1.10758,1.10794,557,50,0
2019-12-23 00:00:00,1.10799,1.10955,1.10698,1.10917,14195,50,0
2019-12-24 00:00:00,1.10918,1.10936,1.10691,1.10874,10377,50,0
2019-12-26 00:00:00,1.10898,1.11088,1.10821,1.11001,6046,50,0
2019-12-27 00:00:00,1.11007,1.11879,1.10986,1.11759,18241,50,0
2019-12-29 00:00:00,1.11751,1.11831,1.11721,1.11812,1159,50,0
2019-12-30 00:00:00,1.11811,1.12204,1.11804,1.12013,19235,50,0
2019-12-31 00:00:00,1.12012,1.12387,1.11985,1.12288,15030,50,0
2020-01-02 00:00:00,1.12181,1.12243,1.11634,1.11706,18897,50,0
2020-01-03 00:00:00,1.11705,1.11795,1.11248,1.11612,21296,50,0
2020-01-05 00:00:00,1.11631,1.11666,1.11577,1.11602,707,50,0
2020-01-06 00:00:00,1.11603,1.12052,1.1157,1.11952,17646,50,0
2020-01-07 00:00:00,1.11951,1.11968,1.11334,1.11529,21442,50,0
2020-01-08 00:00:00,1.11536,1.11679,1.11021,1.11126,25919,50,0
2020-01-09 00:00:00,1.11127,1.11202,1.10927,1.11088,18005,50,0
2020-01-10 00:00:00,1.1109,1.11288,1.1085,1.1121,17035,50,0
2020-01-12 00:00:00,1.1116,1.11186,1.11134,1.1116,393,50,0
2020-01-13 00:00:00,1.11159,1.11466,1.11124,1.11344,15104,50,0
2020-01-14 00:00:00,1.11343,1.11442,1.11042,1.11274,17740,50,0
2020-01-15 00:00:00,1.11273,1.1163,1.11184,1.11521,15915,50,0
2020-01-16 00:00:00,1.11522,1.11721,1.11278,1.11368,16476,50,0
2020-01-17 00:00:00,1.11367,1.11423,1.10861,1.10925,14891,50,0
2020-01-19 00:00:00,1.10907,1.10942,1.1088,1.10942,489,50,0
2020-01-20 00:00:00,1.10943,1.1102,1.10766,1.1096,10185,50,0
2020-01-21 00:00:00,1.10958,1.11176,1.108,1.10849,16133,50,0
2020-01-22 00:00:00,1.1085,1.1098,1.10699,1.10954,15824,50,0
2020-01-23 00:00:00,1.10955,1.11083,1.10362,1.10543,20099,50,0
2020-01-24 00:00:00,1.10548,1.10611,1.10196,1.10276,16110,50,0
2020-01-26 00:00:00,1.10294,1.10334,1.10243,1.10243,1215,50,0
2020-01-27 00:00:00,1.10243,1.10373,1.10095,1.10192,14381,50,0
2020-01-28 00:00:00,1.10191,1.10248,1.09978,1.10219,13124,50,0
2020-01-29 00:00:00,1.1022,1.10274,1.09922,1.1013600000000001,14183,50,0
2020-01-30 00:00:00,1.10135,1.10389,1.10067,1.10286,15522,50,0
2020-01-31 00:00:00,1.10285,1.10913,1.10167,1.10905,16293,50,0
2020-02-02 00:00:00,1.1091,1.1091199999999999,1.10815,1.10889,868,50,0
2020-02-03 00:00:00,1.10887,1.10887,1.10359,1.1062,16264,50,0
2020-02-04 00:00:00,1.10621,1.10638,1.10327,1.10445,15057,50,0
2020-02-05 00:00:00,1.10444,1.10475,1.09934,1.1,15142,50,0
2020-02-06 00:00:00,1.10001,1.10135,1.09643,1.09806,13894,50,0
2020-02-07 00:00:00,1.09805,1.09847,1.09418,1.09448,16817,50,0
2020-02-09 00:00:00,1.09413,1.095,1.09412,1.0949,487,50,0
2020-02-10 00:00:00,1.09489,1.09572,1.0907499999999999,1.091,13162,50,0
2020-02-11 00:00:00,1.09101,1.09244,1.08911,1.09187,14821,50,0
2020-02-12 00:00:00,1.09188,1.09253,1.08653,1.08745,15979,50,0
2020-02-13 00:00:00,1.08751,1.08884,1.08339,1.08413,15999,50,0
2020-02-14 00:00:00,1.08412,1.08609,1.08273,1.08306,14475,50,0
2020-02-16 00:00:00,1.08396,1.08413,1.08351,1.0841,702,50,0
2020-02-17 00:00:00,1.08408,1.08506,1.08291,1.08365,10108,50,0
2020-02-18 00:00:00,1.08364,1.0836999999999999,1.07855,1.07947,17836,50,0
2020-02-19 00:00:00,1.07945,1.08115,1.07821,1.08095,16374,50,0
2020-02-20 00:00:00,1.08094,1.08206,1.07776,1.07875,20882,50,0
2020-02-21 00:00:00,1.07874,1.08631,1.0787,1.08467,19881,50,0
2020-02-23 00:00:00,1.08229,1.08403,1.08229,1.08382,1207,50,0
2020-02-24 00:00:00,1.08383,1.08717,1.08051,1.08487,25905,50,0
2020-02-25 00:00:00,1.08485,1.08898,1.08302,1.08788,26577,50,0
2020-02-26 00:00:00,1.08793,1.09083,1.08549,1.08852,29362,50,0
2020-02-27 00:00:00,1.08859,1.10059,1.08847,1.0996,35477,50,0
2020-02-28 00:00:00,1.09961,1.10526,1.09508,1.10227,42856,50,0
2020-03-01 00:00:00,1.10426,1.10714,1.10385,1.10517,1726,50,0
2020-03-02 00:00:00,1.10515,1.11841,1.10361,1.1143399999999999,50033,50,0
2020-03-03 00:00:00,1.11438,1.12126,1.10952,1.11765,53539,50,0
2020-03-04 00:00:00,1.11764,1.11871,1.10955,1.11379,37996,50,0
2020-03-05 00:00:00,1.1138,1.12445,1.11194,1.12222,37203,50,0
2020-03-06 00:00:00,1.12223,1.13544,1.12115,1.12847,65535,50,0
2020-03-08 00:00:00,1.13438,1.13961,1.13348,1.13875,5722,50,0
2020-03-09 00:00:00,1.13873,1.14963,1.13559,1.1399,121944,50,0
2020-03-10 00:00:00,1.13989,1.14249,1.1274899999999999,1.13138,93806,50,0
2020-03-11 00:00:00,1.13137,1.13664,1.12511,1.12611,64954,50,0
2020-03-12 00:00:00,1.12609,1.13331,1.10552,1.11824,122820,50,0
2020-03-13 00:00:00,1.11826,1.1221,1.1055,1.11033,89439,50,0
2020-03-15 00:00:00,1.11236,1.11938,1.11236,1.11574,22986,50,0
2020-03-16 00:00:00,1.11573,1.12364,1.10854,1.11634,116557,50,0
2020-03-17 00:00:00,1.11633,1.11889,1.09549,1.10161,92203,50,0
2020-03-18 00:00:00,1.10163,1.10449,1.08019,1.09438,109962,50,0
2020-03-19 00:00:00,1.09437,1.0949,1.06542,1.06547,159494,50,0
2020-03-20 00:00:00,1.06546,1.08306,1.06376,1.06902,136267,50,0
2020-03-22 00:00:00,1.0703,1.07038,1.06346,1.0688900000000001,6802,50,0
2020-03-23 00:00:00,1.06887,1.08278,1.06582,1.07636,117620,50,0
2020-03-24 00:00:00,1.07634,1.08876,1.07458,1.07981,94506,50,0
2020-03-25 00:00:00,1.07982,1.08936,1.07599,1.08885,79245,50,0
2020-03-26 00:00:00,1.08884,1.10584,1.08745,1.10474,82133,50,0
2020-03-27 00:00:00,1.10475,1.1147,1.09533,1.11375,78601,50,0
2020-03-29 00:00:00,1.11179,1.1144,1.11051,1.11364,3252,50,0
2020-03-30 00:00:00,1.11363,1.11382,1.10099,1.10288,66088,50,0
2020-03-31 00:00:00,1.10287,1.10425,1.09265,1.10257,74970,50,0
2020-04-01 00:00:00,1.10259,1.10359,1.09027,1.09512,57245,50,0
2020-04-02 00:00:00,1.09513,1.09641,1.08205,1.08459,58353,50,0
2020-04-03 00:00:00,1.08457,1.0855,1.07727,1.08019,47654,50,0
2020-04-05 00:00:00,1.08121,1.08197,1.08014,1.08053,3383,50,0
2020-04-06 00:00:00,1.08052,1.08349,1.07682,1.07987,46430,50,0
2020-04-07 00:00:00,1.07988,1.09257,1.07903,1.08934,46136,50,0
2020-04-08 00:00:00,1.08933,1.08965,1.08298,1.08595,43574,50,0
2020-04-09 00:00:00,1.08596,1.09514,1.08408,1.09219,47551,50,0
2020-04-10 00:00:00,1.09223,1.09509,1.09182,1.09318,32041,50,0
2020-04-12 00:00:00,1.09381,1.09398,1.09303,1.09313,1922,50,0
2020-04-13 00:00:00,1.09311,1.09676,1.08925,1.09196,29190,50,0
2020-04-14 00:00:00,1.09194,1.09889,1.09149,1.09834,38168,50,0
2020-04-15 00:00:00,1.09832,1.09869,1.08566,1.09034,38290,50,0
2020-04-16 00:00:00,1.09035,1.09069,1.08164,1.08585,67452,50,0
2020-04-17 00:00:00,1.08586,1.08922,1.08118,1.08713,58714,50,0
2020-04-19 00:00:00,1.08682,1.0873,1.08634,1.08636,2226,50,0
2020-04-20 00:00:00,1.08635,1.08963,1.0841,1.08636,57849,50,0
2020-04-21 00:00:00,1.08636,1.08799,1.08164,1.08562,67009,50,0
2020-04-22 00:00:00,1.08561,1.0884800000000001,1.0803,1.08059,52403,50,0
2020-04-23 00:00:00,1.0806,1.08463,1.07558,1.07743,77638,50,0
2020-04-24 00:00:00,1.07742,1.08286,1.07269,1.08223,61765,50,0
2020-04-26 00:00:00,1.08193,1.0822,1.08129,1.08206,1698,50,0
2020-04-27 00:00:00,1.08207,1.08597,1.08111,1.08241,53967,50,0
2020-04-28 00:00:00,1.08241,1.08882,1.08095,1.08324,56534,50,0
2020-04-29 00:00:00,1.08323,1.08852,1.08307,1.08771,57933,50,0
2020-04-30 00:00:00,1.0877,1.09723,1.08328,1.09447,83978,50,0
2020-05-01 00:00:00,1.09447,1.10184,1.09343,1.09793,52369,50,0
2020-05-03 00:00:00,1.09695,1.09709,1.09514,1.09605,2639,50,0
2020-05-04 00:00:00,1.09606,1.09607,1.08955,1.0903,53954,50,0
2020-05-05 00:00:00,1.09032,1.09256,1.08257,1.08383,62449,50,0
2020-05-06 00:00:00,1.08383,1.08435,1.07817,1.07978,56249,50,0
2020-05-07 00:00:00,1.07979,1.08401,1.07664,1.08362,64024,50,0
2020-05-08 00:00:00,1.08361,1.08753,1.0815,1.08375,47739,50,0
2020-05-10 00:00:00,1.08249,1.08393,1.08236,1.08376,2208,50,0
2020-05-11 00:00:00,1.08375,1.08502,1.08003,1.08091,50364,50,0
2020-05-12 00:00:00,1.0809,1.08849,1.07842,1.08453,54175,50,0
2020-05-13 00:00:00,1.08453,1.08961,1.08115,1.08209,60824,50,0
2020-05-14 00:00:00,1.08208,1.08237,1.07747,1.08059,56039,50,0
2020-05-15 00:00:00,1.08059,1.08508,1.07887,1.08191,52855,50,0
2020-05-17 00:00:00,1.08081,1.08229,1.08071,1.08186,1785,50,0
2020-05-18 00:00:00,1.08185,1.09267,1.07996,1.09138,56211,50,0
2020-05-19 00:00:00,1.09137,1.09757,1.0902,1.09257,57527,50,0
2020-05-20 00:00:00,1.0925799999999999,1.09987,1.0925799999999999,1.09795,50969,50,0
2020-05-21 00:00:00,1.09794,1.1008,1.09372,1.09489,55188,50,0
2020-05-22 00:00:00,1.09489,1.09534,1.08851,1.08985,45325,50,0
2020-05-24 00:00:00,1.08961,1.0908,1.08931,1.09079,1459,50,0
2020-05-25 00:00:00,1.09078,1.09142,1.08704,1.0901399999999999,27451,50,0
2020-05-26 00:00:00,1.09015,1.09955,1.08966,1.09782,50155,50,0
2020-05-27 00:00:00,1.09782,1.10304,1.09337,1.10164,86668,50,0
2020-05-28 00:00:00,1.10164,1.10932,1.09915,1.10779,73962,50,0
2020-05-29 00:00:00,1.10778,1.11449,1.10698,1.10976,87180,50,0
2020-05-31 00:00:00,1.11131,1.11193,1.11,1.11155,2798,50,0
2020-06-01 00:00:00,1.11155,1.11536,1.11002,1.1125099999999999,66418,50,0
2020-06-02 00:00:00,1.11252,1.11957,1.11149,1.11849,77908,50,0
2020-06-03 00:00:00,1.11848,1.12575,1.11796,1.12348,87464,50,0
2020-06-04 00:00:00,1.12349,1.1362,1.11945,1.13353,104642,50,0
2020-06-05 00:00:00,1.13354,1.13834,1.1278299999999999,1.12913,93375,50,0
2020-06-07 00:00:00,1.12943,1.13194,1.12907,1.13159,2433,50,0
2020-06-08 00:00:00,1.13158,1.13182,1.12681,1.1304,66624,50,0
2020-06-09 00:00:00,1.13039,1.13635,1.12408,1.1332,77611,50,0
2020-06-10 00:00:00,1.1332,1.1421999999999999,1.13223,1.13666,103124,50,0
2020-06-11 00:00:00,1.13667,1.14033,1.12855,1.12877,118379,50,0
2020-06-12 00:00:00,1.12878,1.13402,1.12203,1.12553,93869,50,0
2020-06-14 00:00:00,1.12338,1.1258,1.12249,1.12515,4509,50,0
2020-06-15 00:00:00,1.12515,1.13378,1.12266,1.13374,95031,50,0
2020-06-16 00:00:00,1.13374,1.1353,1.12275,1.12648,97981,50,0
2020-06-17 00:00:00,1.12647,1.12937,1.12068,1.12417,84086,50,0
2020-06-18 00:00:00,1.12418,1.12611,1.11855,1.12075,77488,50,0
2020-06-19 00:00:00,1.12075,1.12541,1.1168,1.11769,68999,50,0
2020-06-21 00:00:00,1.11786,1.11859,1.11684,1.11764,2901,50,0
2020-06-22 00:00:00,1.11765,1.12807,1.11736,1.12775,61261,50,0
2020-06-23 00:00:00,1.12775,1.13482,1.12329,1.13124,77758,50,0
2020-06-24 00:00:00,1.13123,1.13255,1.12469,1.12497,71821,50,0
2020-06-25 00:00:00,1.12498,1.12595,1.11902,1.12178,67651,50,0
2020-06-26 00:00:00,1.12177,1.1239,1.11951,1.12186,49120,50,0
2020-06-28 00:00:00,1.12208,1.12265,1.12155,1.12218,1687,50,0
2020-06-29 00:00:00,1.12218,1.12875,1.12192,1.12465,52877,50,0
2020-06-30 00:00:00,1.12465,1.12616,1.11909,1.12334,62881,50,0
2020-07-01 00:00:00,1.12333,1.12748,1.11847,1.1251,58192,50,0
2020-07-02 00:00:00,1.12509,1.13024,1.12232,1.12372,57761,50,0
2020-07-03 00:00:00,1.1237300000000001,1.12523,1.12192,1.1244,43770,50,0
2020-07-05 00:00:00,1.12432,1.12493,1.12412,1.12465,1277,50,0
2020-07-06 00:00:00,1.12466,1.13451,1.12465,1.13123,54291,50,0
2020-07-07 00:00:00,1.13122,1.1332200000000001,1.12587,1.12742,59989,50,0
2020-07-08 00:00:00,1.12743,1.13514,1.12621,1.13371,57493,50,0
2020-07-09 00:00:00,1.13372,1.13704,1.1280000000000001,1.12877,68867,50,0
2020-07-10 00:00:00,1.12878,1.13244,1.12547,1.12995,50818,50,0
2020-07-12 00:00:00,1.1302,1.1317,1.12997,1.13084,2084,50,0
2020-07-13 00:00:00,1.13085,1.13746,1.13007,1.13446,53734,50,0
2020-07-14 00:00:00,1.13447,1.14115,1.1325,1.141,61512,50,0
2020-07-15 00:00:00,1.14099,1.14516,1.13909,1.14167,57217,50,0
2020-07-16 00:00:00,1.14166,1.14414,1.13703,1.13877,61630,50,0
2020-07-17 00:00:00,1.13876,1.14434,1.13774,1.14274,42727,50,0
2020-07-19 00:00:00,1.14146,1.1445400000000001,1.14132,1.1442,2694,50,0
2020-07-20 00:00:00,1.14419,1.14675,1.14024,1.14556,64167,50,0
2020-07-21 00:00:00,1.14557,1.15419,1.14227,1.1535,72297,50,0
2020-07-22 00:00:00,1.15349,1.16009,1.15066,1.15645,81367,50,0
2020-07-23 00:00:00,1.15644,1.1626400000000001,1.15402,1.1595,70843,50,0
2020-07-24 00:00:00,1.15951,1.16577,1.1581,1.16523,71320,50,0
2020-07-26 00:00:00,1.16424,1.16552,1.16389,1.16496,4481,50,0
2020-07-27 00:00:00,1.16495,1.1781,1.16494,1.17679,77280,50,0
2020-07-28 00:00:00,1.17678,1.17733,1.16985,1.17183,76740,50,0
2020-07-29 00:00:00,1.17184,1.1806,1.17139,1.1780599999999999,78468,50,0
2020-07-30 00:00:00,1.17805,1.18761,1.17306,1.18717,82826,50,0
2020-07-31 00:00:00,1.1871800000000001,1.19085,1.17615,1.17746,100804,50,0
2020-08-02 00:00:00,1.1770100000000001,1.17964,1.1768,1.1781,3108,50,0
2020-08-03 00:00:00,1.17811,1.17885,1.16957,1.176,76347,50,0
2020-08-04 00:00:00,1.17599,1.18146,1.17211,1.18134,71250,50,0
2020-08-05 00:00:00,1.18134,1.19046,1.17992,1.1872,71283,50,0
2020-08-06 00:00:00,1.18719,1.19158,1.18178,1.18751,92728,50,0
2020-08-07 00:00:00,1.18751,1.1881599999999999,1.1755200000000001,1.17824,87249,50,0
2020-08-09 00:00:00,1.1787,1.17872,1.17717,1.1781,2099,50,0
2020-08-10 00:00:00,1.17811,1.18003,1.17325,1.17359,56208,50,0
2020-08-11 00:00:00,1.17359,1.1807400000000001,1.1722,1.17347,82302,50,0
2020-08-12 00:00:00,1.17348,1.18163,1.17109,1.17938,77129,50,0
2020-08-13 00:00:00,1.17937,1.18638,1.17933,1.18153,70701,50,0
2020-08-14 00:00:00,1.18154,1.1850100000000001,1.17816,1.18386,58659,50,0
2020-08-16 00:00:00,1.18387,1.18527,1.18295,1.18518,1690,50,0
2020-08-17 00:00:00,1.18517,1.1880600000000001,1.18285,1.1874500000000001,51147,50,0
2020-08-18 00:00:00,1.18744,1.19653,1.1874,1.19461,68049,50,0
2020-08-19 00:00:00,1.1945999999999999,1.19524,1.18301,1.18435,77500,50,0
2020-08-20 00:00:00,1.18436,1.18708,1.1802,1.1869399999999999,77646,50,0
2020-08-21 00:00:00,1.18695,1.18826,1.17539,1.17923,68926,50,0
2020-08-23 00:00:00,1.17922,1.18063,1.17913,1.17981,2048,50,0
2020-08-24 00:00:00,1.1798,1.18493,1.17835,1.17934,52880,50,0
2020-08-25 00:00:00,1.17933,1.18431,1.1784,1.18339,64489,50,0
2020-08-26 00:00:00,1.18338,1.18402,1.17722,1.18397,59370,50,0
2020-08-27 00:00:00,1.18398,1.18965,1.1762299999999999,1.18202,102352,50,0
2020-08-28 00:00:00,1.18203,1.19195,1.18108,1.18955,72600,50,0
2020-08-30 00:00:00,1.19006,1.19199,1.18973,1.19171,2837,50,0
2020-08-31 00:00:00,1.1917,1.19657,1.18838,1.1936499999999999,59591,50,0
2020-09-01 00:00:00,1.19366,1.20107,1.19012,1.19223,88799,50,0
2020-09-02 00:00:00,1.19224,1.19236,1.1822,1.18455,75401,50,0
2020-09-03 00:00:00,1.18456,1.18642,1.17888,1.18411,78800,50,0
2020-09-04 00:00:00,1.18412,1.1865,1.17807,1.18363,78091,50,0
2020-09-06 00:00:00,1.18418,1.18434,1.18333,1.18342,1782,50,0
2020-09-07 00:00:00,1.18344,1.18484,1.18105,1.18185,39108,50,0
2020-09-08 00:00:00,1.18185,1.18271,1.17553,1.17666,80230,50,0
2020-09-09 00:00:00,1.17665,1.18336,1.17526,1.18034,70128,50,0
2020-09-10 00:00:00,1.18033,1.19171,1.18004,1.18232,71988,50,0
2020-09-11 00:00:00,1.1823299999999999,1.18738,1.1823299999999999,1.18432,42713,50,0
2020-09-13 00:00:00,1.18338,1.18463,1.18319,1.18403,1460,50,0
2020-09-14 00:00:00,1.18402,1.18876,1.18319,1.18668,35552,50,0
2020-09-15 00:00:00,1.18669,1.19001,1.18393,1.18418,40840,50,0
2020-09-16 00:00:00,1.18418,1.18821,1.17877,1.18041,61954,50,0
2020-09-17 00:00:00,1.18043,1.18558,1.17374,1.18468,60721,50,0
2020-09-18 00:00:00,1.18469,1.187,1.18259,1.1836,42440,50,0
2020-09-20 00:00:00,1.18433,1.18496,1.1837,1.18453,1596,50,0
2020-09-21 00:00:00,1.18452,1.18714,1.17316,1.17626,54896,50,0
2020-09-22 00:00:00,1.17624,1.17712,1.16921,1.17061,56910,50,0
2020-09-23 00:00:00,1.1706,1.1718600000000001,1.16512,1.16566,57925,50,0
2020-09-24 00:00:00,1.16567,1.16865,1.16263,1.16734,56221,50,0
2020-09-25 00:00:00,1.16733,1.16846,1.16121,1.16263,47909,50,0
2020-09-27 00:00:00,1.16198,1.16361,1.1619,1.1634,1684,50,0
2020-09-28 00:00:00,1.1634,1.16797,1.16149,1.16767,42521,50,0
2020-09-29 00:00:00,1.16766,1.17454,1.16651,1.17414,44364,50,0
2020-09-30 00:00:00,1.17413,1.17545,1.16844,1.17231,62827,50,0
2020-10-01 00:00:00,1.17233,1.17694,1.1717,1.17438,60465,50,0
2020-10-02 00:00:00,1.17437,1.17443,1.16956,1.17147,64418,50,0
2020-10-04 00:00:00,1.1711,1.17197,1.1705,1.17193,2197,50,0
2020-10-05 00:00:00,1.17195,1.17972,1.17176,1.17888,40402,50,0
2020-10-06 00:00:00,1.17887,1.1807400000000001,1.17286,1.1736900000000001,53156,50,0
2020-10-07 00:00:00,1.1737,1.17816,1.17249,1.17655,44286,50,0
2020-10-08 00:00:00,1.17654,1.17814,1.17327,1.17666,37805,50,0
2020-10-09 00:00:00,1.17666,1.18304,1.17576,1.18217,36620,50,0
2020-10-11 00:00:00,1.18121,1.18214,1.18073,1.18156,1845,50,0
2020-10-12 00:00:00,1.18154,1.18264,1.17865,1.18127,31820,50,0
2020-10-13 00:00:00,1.18129,1.18137,1.17306,1.17418,39771,50,0
2020-10-14 00:00:00,1.17418,1.17707,1.17197,1.17444,38305,50,0
2020-10-15 00:00:00,1.17443,1.17575,1.16882,1.17063,42123,50,0
2020-10-16 00:00:00,1.17062,1.17458,1.16939,1.17134,36642,50,0
2020-10-18 00:00:00,1.17156,1.17184,1.17106,1.17153,1387,50,0
2020-10-19 00:00:00,1.17151,1.17934,1.1703000000000001,1.17682,35493,50,0
2020-10-20 00:00:00,1.17681,1.18404,1.17598,1.18288,35981,50,0
2020-10-21 00:00:00,1.18287,1.18805,1.18278,1.18515,43208,50,0
2020-10-22 00:00:00,1.18513,1.18665,1.18113,1.18144,37963,50,0
2020-10-23 00:00:00,1.18142,1.18645,1.17866,1.18575,36789,50,0
2020-10-25 00:00:00,1.18519,1.18581,1.18392,1.18479,2400,50,0
2020-10-26 00:00:00,1.18478,1.18502,1.18031,1.18088,36511,50,0
2020-10-27 00:00:00,1.18088,1.18385,1.1768,1.17813,34033,50,0
2020-10-28 00:00:00,1.17815,1.17878,1.17176,1.1748,44611,50,0
2020-10-29 00:00:00,1.17481,1.17584,1.165,1.16781,50379,50,0
2020-10-30 00:00:00,1.16779,1.17039,1.16398,1.1643,44991,50,0
2020-11-01 00:00:00,1.16467,1.16475,1.1637,1.16409,1387,50,0
2020-11-02 00:00:00,1.16413,1.16554,1.16221,1.16397,38302,50,0
2020-11-03 00:00:00,1.16402,1.17629,1.16371,1.17611,37808,50,0
2020-11-04 00:00:00,1.17615,1.17703,1.16024,1.17316,126046,50,0
2020-11-05 00:00:00,1.1732,1.18594,1.17106,1.18148,69574,50,0
2020-11-06 00:00:00,1.18166,1.18906,1.1795200000000001,1.18717,63968,50,0
2020-11-08 00:00:00,1.1883,1.18931,1.18811,1.18907,1370,50,0
2020-11-09 00:00:00,1.18923,1.19197,1.1795200000000001,1.18235,86823,50,0
2020-11-10 00:00:00,1.1824,1.1843,1.17795,1.18178,68980,50,0
2020-11-11 00:00:00,1.18182,1.18325,1.17453,1.17786,42700,50,0
2020-11-12 00:00:00,1.17791,1.18228,1.17585,1.18034,44308,50,0
2020-11-13 00:00:00,1.18038,1.1837,1.17993,1.18323,32581,50,0
2020-11-15 00:00:00,1.18305,1.18469,1.18283,1.1843,1104,50,0
2020-11-16 00:00:00,1.18445,1.18685,1.1814,1.18586,42750,50,0
2020-11-17 00:00:00,1.18591,1.18935,1.18423,1.18629,34040,50,0
2020-11-18 00:00:00,1.18634,1.18907,1.18435,1.18446,36650,50,0
2020-11-19 00:00:00,1.18451,1.18822,1.18161,1.18646,38695,50,0
2020-11-20 00:00:00,1.18652,1.18905,1.18496,1.1852800000000001,33268,50,0
2020-11-22 00:00:00,1.18513,1.18642,1.18498,1.18638,1067,50,0
2020-11-23 00:00:00,1.18653,1.19057,1.17999,1.1841599999999999,38899,50,0
2020-11-24 00:00:00,1.18421,1.1897,1.18383,1.18968,39829,50,0
2020-11-25 00:00:00,1.18973,1.1929400000000001,1.1881599999999999,1.19157,45289,50,0
2020-11-26 00:00:00,1.19161,1.19406,1.18851,1.19103,26484,50,0
2020-11-27 00:00:00,1.19108,1.19624,1.19093,1.19588,29312,50,0
2020-11-29 00:00:00,1.19585,1.1972,1.19585,1.1969400000000001,897,50,0
2020-11-30 00:00:00,1.19712,1.20029,1.19212,1.19367,41927,50,0
2020-12-01 00:00:00,1.19371,1.20764,1.19352,1.207,46867,50,0
2020-12-02 00:00:00,1.20705,1.21182,1.20398,1.21133,48941,50,0
2020-12-03 00:00:00,1.2113800000000001,1.21743,1.21009,1.21431,45850,50,0
2020-12-04 00:00:00,1.21449,1.21771,1.21099,1.2117,48014,50,0
2020-12-06 00:00:00,1.21219,1.213,1.2115,1.21183,1165,50,0
2020-12-07 00:00:00,1.2119900000000001,1.2166,1.20783,1.21088,44754,50,0
2020-12-08 00:00:00,1.21093,1.21338,1.20953,1.21088,44685,50,0
2020-12-09 00:00:00,1.21093,1.21472,1.20585,1.20777,43778,50,0
2020-12-10 00:00:00,1.20782,1.21587,1.20782,1.21427,55839,50,0
2020-12-11 00:00:00,1.21432,1.2162600000000001,1.21051,1.21064,42532,50,0
2020-12-13 00:00:00,1.213,1.21366,1.2128,1.21314,1262,50,0
2020-12-14 00:00:00,1.2133,1.21764,1.21154,1.2147999999999999,38083,50,0
2020-12-15 00:00:00,1.21485,1.21685,1.21214,1.21536,38639,50,0
2020-12-16 00:00:00,1.2154099999999999,1.22119,1.21249,1.21955,50338,50,0
2020-12-17 00:00:00,1.21959,1.22724,1.21896,1.22608,41908,50,0
2020-12-18 00:00:00,1.2261199999999999,1.22683,1.22253,1.22527,36601,50,0
2020-12-20 00:00:00,1.22226,1.22315,1.2209,1.221,1262,50,0
2020-12-21 00:00:00,1.22116,1.22527,1.21294,1.22342,67100,50,0
2020-12-22 00:00:00,1.22347,1.22569,1.2152,1.21859,47100,50,0
2020-12-23 00:00:00,1.21871,1.22208,1.21537,1.21933,47590,50,0
2020-12-24 00:00:00,1.21938,1.22154,1.21772,1.2183,27463,50,0
2020-12-27 00:00:00,1.21862,1.22047,1.21769,1.22022,1081,50,0
2020-12-28 00:00:00,1.22038,1.22502,1.2180900000000001,1.22189,40555,50,0
2020-12-29 00:00:00,1.22194,1.22749,1.22193,1.22516,37478,50,0
2020-12-30 00:00:00,1.2252,1.23096,1.22511,1.22969,43678,50,0
2020-12-31 00:00:00,1.22984,1.2309,1.22085,1.22166,39796,50,0
2021-01-03 00:00:00,1.22287,1.22509,1.22266,1.22482,1660,50,0
2021-01-04 00:00:00,1.22497,1.23095,1.22385,1.2252,55565,50,0
2021-01-05 00:00:00,1.2252399999999999,1.23054,1.2247,1.22968,48995,50,0
2021-01-06 00:00:00,1.22984,1.23492,1.22654,1.23376,76085,50,0
2021-01-07 00:00:00,1.23381,1.23441,1.22448,1.2267299999999999,58729,50,0
2021-01-08 00:00:00,1.22688,1.22843,1.21928,1.2217,69242,50,0
2021-01-10 00:00:00,1.22128,1.2221899999999999,1.21804,1.21853,1573,50,0
2021-01-11 00:00:00,1.21869,1.21994,1.2132100000000001,1.21598,51913,50,0
2021-01-12 00:00:00,1.21603,1.22094,1.2137,1.2208,48979,50,0
2021-01-13 00:00:00,1.22085,1.22225,1.21396,1.21612,45875,50,0
2021-01-14 00:00:00,1.21617,1.21781,1.21108,1.2149,53184,50,0
2021-01-15 00:00:00,1.21505,1.21622,1.20718,1.20718,43506,50,0
2021-01-17 00:00:00,1.20743,1.20847,1.20644,1.20645,1311,50,0
2021-01-18 00:00:00,1.20661,1.20865,1.20534,1.2077,31656,50,0
2021-01-19 00:00:00,1.2077499999999999,1.21446,1.20772,1.21386,37193,50,0
2021-01-20 00:00:00,1.21391,1.21579,1.2076500000000001,1.21139,40578,50,0
2021-01-21 00:00:00,1.21144,1.21726,1.21092,1.21649,44790,50,0
2021-01-22 00:00:00,1.21654,1.21892,1.21513,1.21689,37879,50,0
2021-01-24 00:00:00,1.21621,1.21689,1.21571,1.21652,895,50,0
2021-01-25 00:00:00,1.21667,1.2183,1.21158,1.21412,41196,50,0
2021-01-26 00:00:00,1.21427,1.21756,1.21076,1.2162600000000001,39754,50,0
2021-01-27 00:00:00,1.21631,1.21695,1.2058200000000001,1.21011,56608,50,0
2021-01-28 00:00:00,1.21026,1.21418,1.20806,1.21204,55429,50,0
2021-01-29 00:00:00,1.21208,1.21556,1.20942,1.21344,56034,50,0
2021-01-31 00:00:00,1.21268,1.21294,1.21189,1.21211,1636,50,0
2021-02-01 00:00:00,1.2122600000000001,1.21362,1.20558,1.2067,45852,50,0
2021-02-02 00:00:00,1.20675,1.20875,1.20114,1.20359,43887,50,0
2021-02-03 00:00:00,1.20364,1.20498,1.20039,1.20406,35796,50,0
2021-02-04 00:00:00,1.20411,1.20425,1.19555,1.19656,38252,50,0
2021-02-05 00:00:00,1.19661,1.20496,1.1952099999999999,1.20463,37269,50,0
2021-02-07 00:00:00,1.20367,1.20498,1.20318,1.20467,1354,50,0
2021-02-08 00:00:00,1.20482,1.20655,1.20195,1.20515,32751,50,0
2021-02-09 00:00:00,1.2052,1.21215,1.20491,1.21155,37275,50,0
2021-02-10 00:00:00,1.2116,1.21437,1.21087,1.21183,36334,50,0
2021-02-11 00:00:00,1.21188,1.21491,1.21133,1.21299,27632,50,0
2021-02-12 00:00:00,1.21304,1.21329,1.20814,1.21168,28527,50,0
2021-02-14 00:00:00,1.21189,1.21234,1.2115,1.21197,1009,50,0
2021-02-15 00:00:00,1.21201,1.21448,1.21166,1.21314,22256,50,0
2021-02-16 00:00:00,1.21319,1.21691,1.20842,1.20873,37325,50,0
2021-02-17 00:00:00,1.20877,1.20981,1.2023,1.20447,40057,50,0
2021-02-18 00:00:00,1.20452,1.2095,1.20354,1.20911,35844,50,0
2021-02-19 00:00:00,1.20916,1.21442,1.20822,1.21156,33738,50,0
2021-02-21 00:00:00,1.21151,1.21273,1.21132,1.2123,1085,50,0
2021-02-22 00:00:00,1.21244,1.2169,1.20909,1.21633,41404,50,0
2021-02-23 00:00:00,1.21637,1.21796,1.21351,1.21492,40787,50,0
2021-02-24 00:00:00,1.21505,1.21744,1.21089,1.21688,49252,50,0
2021-02-25 00:00:00,1.21692,1.22427,1.21558,1.2156,63209,50,0
2021-02-26 00:00:00,1.21576,1.21823,1.2062,1.20695,74438,50,0
2021-02-28 00:00:00,1.20699,1.20911,1.20676,1.2089699999999999,1648,50,0
2021-03-01 00:00:00,1.20902,1.21008,1.20274,1.20479,47206,50,0
2021-03-02 00:00:00,1.20484,1.20941,1.19915,1.20832,46637,50,0
2021-03-03 00:00:00,1.20847,1.21129,1.20419,1.20448,48286,50,0
2021-03-04 00:00:00,1.20463,1.20628,1.19591,1.19665,62750,50,0
2021-03-05 00:00:00,1.19669,1.19683,1.1893,1.19088,69990,50,0
2021-03-07 00:00:00,1.19132,1.19303,1.19122,1.19244,1350,50,0
2021-03-08 00:00:00,1.1926,1.1932,1.18438,1.18502,51673,50,0
2021-03-09 00:00:00,1.18506,1.19154,1.18354,1.18954,49525,50,0
2021-03-10 00:00:00,1.18968,1.1929400000000001,1.18686,1.19237,46829,50,0
2021-03-11 00:00:00,1.19242,1.19895,1.19152,1.19801,46651,50,0
2021-03-12 00:00:00,1.19806,1.19882,1.19098,1.19501,41472,50,0
2021-03-14 00:00:00,1.19453,1.19527,1.19413,1.19499,1770,50,0
2021-03-15 00:00:00,1.19499,1.19672,1.19102,1.1926,35519,50,0
2021-03-16 00:00:00,1.19261,1.19515,1.18821,1.19019,35946,50,0
2021-03-17 00:00:00,1.19017,1.19856,1.1886,1.19823,42738,50,0
2021-03-18 00:00:00,1.19824,1.19884,1.1905999999999999,1.19173,49306,50,0
2021-03-19 00:00:00,1.19174,1.19369,1.18736,1.19043,39042,50,0
2021-03-21 00:00:00,1.1874500000000001,1.18898,1.18693,1.18835,1611,50,0
2021-03-22 00:00:00,1.18835,1.19465,1.1874500000000001,1.19321,34422,50,0
2021-03-23 00:00:00,1.1932,1.19404,1.18359,1.18393,36527,50,0
2021-03-24 00:00:00,1.18394,1.18506,1.18069,1.18126,37885,50,0
2021-03-25 00:00:00,1.18128,1.18274,1.17585,1.17754,39693,50,0
2021-03-26 00:00:00,1.17754,1.18047,1.17715,1.17938,29011,50,0
2021-03-28 00:00:00,1.17911,1.17919,1.17854,1.17872,1361,50,0
2021-03-29 00:00:00,1.17872,1.17935,1.17605,1.17683,33119,50,0
2021-03-30 00:00:00,1.17682,1.1773500000000001,1.17109,1.17229,31648,50,0
2021-03-31 00:00:00,1.17229,1.17595,1.17039,1.17269,34622,50,0
2021-04-01 00:00:00,1.17268,1.17817,1.1712500000000001,1.17765,38969,50,0
2021-04-02 00:00:00,1.17769,1.17858,1.17484,1.17543,12290,50,0
2021-04-04 00:00:00,1.17538,1.17676,1.17526,1.1767400000000001,2040,50,0
2021-04-05 00:00:00,1.1767400000000001,1.18193,1.17375,1.18167,24206,50,0
2021-04-06 00:00:00,1.18167,1.18775,1.1795,1.18736,41806,50,0
2021-04-07 00:00:00,1.18737,1.19144,1.18607,1.18722,43911,50,0
2021-04-08 00:00:00,1.18723,1.1927,1.18605,1.19151,40829,50,0
2021-04-09 00:00:00,1.1915,1.19199,1.18668,1.18995,40704,50,0
2021-04-11 00:00:00,1.18885,1.1903299999999999,1.18878,1.18958,1410,50,0
2021-04-12 00:00:00,1.18958,1.19188,1.18709,1.19115,39386,50,0
2021-04-13 00:00:00,1.19116,1.19557,1.18778,1.19535,50153,50,0
2021-04-14 00:00:00,1.19537,1.1987,1.19508,1.19829,42558,50,0
2021-04-15 00:00:00,1.1983,1.1993,1.19559,1.19691,43454,50,0
2021-04-16 00:00:00,1.19691,1.19944,1.19503,1.19818,38001,50,0
2021-04-18 00:00:00,1.19695,1.19736,1.19678,1.19686,1453,50,0
2021-04-19 00:00:00,1.19686,1.20477,1.1942300000000001,1.20422,45774,50,0
2021-04-20 00:00:00,1.20423,1.20795,1.20223,1.20322,47303,50,0
2021-04-21 00:00:00,1.2032,1.20434,1.19983,1.20371,38679,50,0
2021-04-22 00:00:00,1.2037,1.20693,1.19934,1.20142,51179,50,0
2021-04-23 00:00:00,1.20142,1.20997,1.20127,1.2097,40065,50,0
2021-04-25 00:00:00,1.2089699999999999,1.20955,1.2088,1.20891,1236,50,0
2021-04-26 00:00:00,1.20892,1.21166,1.20609,1.20793,40671,50,0
2021-04-27 00:00:00,1.20793,1.20926,1.2056499999999999,1.2089,38432,50,0
2021-04-28 00:00:00,1.2089,1.21351,1.2056,1.21346,55312,50,0
2021-04-29 00:00:00,1.21346,1.21496,1.2101899999999999,1.21244,46009,50,0
2021-04-30 00:00:00,1.21243,1.21262,1.20163,1.20199,47414,50,0
2021-05-02 00:00:00,1.20236,1.20299,1.20224,1.2027,1111,50,0
2021-05-03 00:00:00,1.20271,1.20759,1.20129,1.20587,37501,50,0
2021-05-04 00:00:00,1.20588,1.20598,1.19988,1.20143,50526,50,0
2021-05-05 00:00:00,1.20143,1.20263,1.19857,1.20072,41236,50,0
2021-05-06 00:00:00,1.20073,1.20713,1.1993,1.20649,43341,50,0
2021-05-07 00:00:00,1.2065,1.21712,1.20527,1.21634,57557,50,0
2021-05-09 00:00:00,1.216,1.21766,1.21595,1.21703,1514,50,0
2021-05-10 00:00:00,1.21704,1.21779,1.2126000000000001,1.21401,49452,50,0
2021-05-11 00:00:00,1.21402,1.21813,1.21229,1.2144,53838,50,0
2021-05-12 00:00:00,1.21439,1.21518,1.20654,1.20774,70014,50,0
2021-05-13 00:00:00,1.2077499999999999,1.21058,1.20511,1.2076500000000001,62279,50,0
2021-05-14 00:00:00,1.20766,1.21474,1.20706,1.21454,48865,50,0
2021-05-16 00:00:00,1.21371,1.21508,1.21369,1.21497,1006,50,0
2021-05-17 00:00:00,1.21496,1.21686,1.21259,1.21562,42854,50,0
2021-05-18 00:00:00,1.21561,1.22338,1.21534,1.22222,44128,50,0
2021-05-19 00:00:00,1.22222,1.2245,1.21598,1.21703,67164,50,0
2021-05-20 00:00:00,1.21704,1.22288,1.21688,1.22247,46930,50,0
2021-05-21 00:00:00,1.22249,1.22395,1.21606,1.21804,51151,50,0
2021-05-23 00:00:00,1.21774,1.2184,1.21694,1.21804,1198,50,0
2021-05-24 00:00:00,1.21804,1.2229700000000001,1.21746,1.22139,42722,50,0
2021-05-25 00:00:00,1.2214,1.22661,1.22113,1.22467,49134,50,0
2021-05-26 00:00:00,1.22468,1.22626,1.21811,1.21918,46402,50,0
2021-05-27 00:00:00,1.21916,1.22147,1.21749,1.21926,48671,50,0
2021-05-28 00:00:00,1.21925,1.22047,1.21324,1.21921,46832,50,0
2021-05-30 00:00:00,1.21949,1.21958,1.2189,1.21892,1022,50,0
2021-05-31 00:00:00,1.21893,1.2234,1.21831,1.22323,28264,50,0
2021-06-01 00:00:00,1.22323,1.22541,1.22105,1.22172,41687,50,0
2021-06-02 00:00:00,1.22172,1.22262,1.21639,1.22092,40672,50,0
2021-06-03 00:00:00,1.22093,1.22139,1.2118,1.21298,47302,50,0
2021-06-04 00:00:00,1.21298,1.21853,1.21037,1.21666,46449,50,0
2021-06-06 00:00:00,1.2159,1.21674,1.2157,1.21664,856,50,0
2021-06-07 00:00:00,1.21665,1.22015,1.21447,1.2190400000000001,32659,50,0
2021-06-08 00:00:00,1.21903,1.21939,1.2164,1.21722,38655,50,0
2021-06-09 00:00:00,1.21722,1.22177,1.21711,1.2178200000000001,31046,50,0
2021-06-10 00:00:00,1.21783,1.21944,1.21431,1.2172399999999999,54428,50,0
2021-06-11 00:00:00,1.21723,1.21927,1.20926,1.2107700000000001,37497,50,0
2021-06-13 00:00:00,1.21038,1.21111,1.20998,1.21094,1395,50,0
2021-06-14 00:00:00,1.21095,1.21302,1.2094,1.21216,32534,50,0
2021-06-15 00:00:00,1.21217,1.2147000000000001,1.21011,1.21243,36332,50,0
2021-06-16 00:00:00,1.21244,1.21345,1.19865,1.1994799999999999,60051,50,0
2021-06-16 16:00:00,1.2124,1.21253,1.2123,1.21252,87,30,0
2021-06-17 00:00:00,1.19949,1.2006000000000001,1.18916,1.19127,70565,50,0
2021-06-18 00:00:00,1.19129,1.19247,1.18469,1.18621,70760,50,0
2021-06-20 00:00:00,1.18544,1.18752,1.18537,1.18703,1680,50,0
2021-06-21 00:00:00,1.18703,1.19211,1.18474,1.19117,59837,50,0
2021-06-22 00:00:00,1.19118,1.19524,1.18807,1.19361,51600,50,0
2021-06-23 00:00:00,1.19361,1.19698,1.19113,1.19295,48018,50,0
2021-06-24 00:00:00,1.1929400000000001,1.1956,1.19174,1.1927699999999999,44446,50,0
2021-06-25 00:00:00,1.1927699999999999,1.19749,1.1926,1.19352,39987,50,0
2021-06-27 00:00:00,1.19324,1.19417,1.19307,1.19414,1059,50,0
2021-06-28 00:00:00,1.19414,1.19443,1.19021,1.19284,42486,50,0
2021-06-29 00:00:00,1.19285,1.19295,1.18775,1.19001,42858,50,0
2021-06-30 00:00:00,1.19002,1.19088,1.18449,1.18557,47975,50,0
2021-07-01 00:00:00,1.18558,1.1884000000000001,1.18372,1.18454,46994,50,0
2021-07-02 00:00:00,1.18453,1.1874,1.1807,1.18647,50904,50,0
2021-07-04 00:00:00,1.18586,1.18655,1.18555,1.18555,1209,50,0
2021-07-05 00:00:00,1.18556,1.18802,1.1851099999999999,1.18624,28677,50,0
2021-07-06 00:00:00,1.18624,1.18949,1.1807,1.18221,56791,50,0
2021-07-07 00:00:00,1.18221,1.18359,1.17811,1.1792799999999999,53369,50,0
2021-07-08 00:00:00,1.17929,1.18676,1.17834,1.18461,63910,50,0
2021-07-09 00:00:00,1.18462,1.18809,1.18248,1.18772,44005,50,0
2021-07-11 00:00:00,1.18724,1.18759,1.18659,1.1872099999999999,1725,50,0
2021-07-12 00:00:00,1.18722,1.188,1.18359,1.18626,39694,50,0
2021-07-12 04:00:00,1.1873,1.18778,1.18708,1.1876,821,30,0
2021-07-12 08:00:00,1.18759,1.18786,1.18347,1.18364,13573,30,0
2021-07-12 12:00:00,1.18365,1.18641,1.18361,1.18632,6939,0,0
2021-07-13 00:00:00,1.18626,1.18749,1.17703,1.17747,51968,50,0
2021-07-14 00:00:00,1.1774499999999999,1.18385,1.17717,1.1832799999999999,46324,50,0
2021-07-15 00:00:00,1.18329,1.18503,1.1796,1.18113,46438,50,0
2021-07-16 00:00:00,1.18113,1.18221,1.17919,1.18051,43975,50,0
2021-07-16 12:00:00,1.17991,1.18134,1.17956,1.1809,8783,5,0
2021-07-16 16:00:00,1.1809,1.18185,1.18031,1.18134,2766,5,0
2021-07-18 00:00:00,1.18044,1.18136,1.1801300000000001,1.18122,1192,50,0
2021-07-18 20:00:00,1.18044,1.18136,1.1801300000000001,1.18122,1115,6,0
2021-07-19 00:00:00,1.18123,1.18134,1.17978,1.18043,3790,5,0
2021-07-19 04:00:00,1.18043,1.18083,1.17779,1.17807,5975,5,0
2021-07-19 08:00:00,1.17807,1.1783299999999999,1.17651,1.1771,10281,5,0
2021-07-19 12:00:00,1.1771,1.18241,1.17636,1.18052,16129,5,0
2021-07-19 16:00:00,1.18052,1.18067,1.17908,1.17973,6443,5,0
2021-07-19 20:00:00,1.17974,1.18005,1.17915,1.17919,1705,5,0
2021-07-20 00:00:00,1.17917,1.18019,1.17897,1.17931,4369,5,0
2021-07-20 04:00:00,1.17931,1.17931,1.1772,1.1783299999999999,7717,5,0
2021-07-20 08:00:00,1.17831,1.18022,1.17757,1.17875,10946,5,0
2021-07-20 12:00:00,1.17875,1.1788,1.17554,1.17742,14193,5,0
2021-07-20 16:00:00,1.17744,1.17858,1.17712,1.17821,5228,5,0
2021-07-20 20:00:00,1.1782,1.17828,1.17763,1.17811,1360,5,0
2021-07-21 00:00:00,1.17812,1.17827,1.17699,1.17747,3229,5,0
2021-07-21 04:00:00,1.17747,1.17759,1.17516,1.17609,6004,5,0
2021-07-21 08:00:00,1.1761,1.1782,1.17538,1.17703,8044,5,0
2021-07-21 12:00:00,1.1770100000000001,1.18034,1.17595,1.17978,11214,5,0
2021-07-21 16:00:00,1.1797900000000001,1.18045,1.17893,1.18001,4993,5,0
2021-07-21 20:00:00,1.18,1.18,1.17881,1.1792,1550,5,0
2021-07-22 00:00:00,1.17921,1.17968,1.17865,1.17957,1790,5,0
2021-07-22 04:00:00,1.17957,1.1801599999999999,1.17903,1.17933,5281,5,0
2021-07-22 08:00:00,1.17935,1.18132,1.17789,1.17935,10963,5,0
2021-07-22 12:00:00,1.17934,1.18301,1.17636,1.17669,21160,5,0
2021-07-22 16:00:00,1.17668,1.1776,1.17572,1.17699,4937,5,0
2021-07-22 20:00:00,1.17698,1.17752,1.17626,1.17722,1737,5,0
2021-07-23 00:00:00,1.17722,1.17802,1.17694,1.17695,2355,5,0
2021-07-23 04:00:00,1.17695,1.1779,1.17626,1.17771,6457,5,0
2021-07-23 08:00:00,1.17771,1.17861,1.17543,1.17612,8364,5,0
2021-07-23 12:00:00,1.17612,1.17807,1.17546,1.17597,9411,5,0
2021-07-23 16:00:00,1.17597,1.17756,1.17597,1.17718,3532,5,0
2021-07-23 20:00:00,1.17716,1.17756,1.17689,1.17716,567,5,0
2021-07-25 00:00:00,1.17687,1.17741,1.1764999999999999,1.17727,477,50,0
2021-07-25 20:00:00,1.17687,1.17741,1.1764999999999999,1.17727,461,6,0
2021-07-26 00:00:00,1.17729,1.17784,1.17632,1.17784,2062,5,0
2021-07-26 04:00:00,1.17785,1.18,1.17706,1.1783,4607,5,0
2021-07-26 08:00:00,1.17832,1.1799,1.17668,1.17924,6105,5,0
2021-07-26 12:00:00,1.17926,1.18169,1.17791,1.1810100000000001,7430,5,0
2021-07-26 16:00:00,1.18099,1.18129,1.1798899999999999,1.18049,1867,5,0
2021-07-26 20:00:00,1.18047,1.18069,1.17974,1.18046,1013,5,0
2021-07-27 00:00:00,1.18044,1.18118,1.18007,1.1804999999999999,1866,5,0
2021-07-27 04:00:00,1.18052,1.1806,1.17749,1.17828,4639,5,0
2021-07-27 08:00:00,1.17827,1.17996,1.17698,1.17982,4925,5,0
2021-07-27 12:00:00,1.17984,1.18368,1.17984,1.18298,8901,5,0
2021-07-27 16:00:00,1.18301,1.18409,1.18186,1.18214,2933,5,0
2021-07-27 20:00:00,1.18212,1.1822300000000001,1.18106,1.18203,1193,5,0
2021-07-28 00:00:00,1.18203,1.18272,1.18123,1.18211,1941,5,0
2021-07-28 04:00:00,1.18213,1.18228,1.1803,1.18066,2773,5,0
2021-07-28 08:00:00,1.18069,1.18301,1.17994,1.18098,5222,5,0
2021-07-28 12:00:00,1.181,1.1811099999999999,1.17829,1.18091,7818,5,0
2021-07-28 16:00:00,1.1809,1.18489,1.17721,1.18473,23909,5,0
2021-07-28 20:00:00,1.18471,1.18494,1.1837,1.18454,1087,5,0
2021-07-29 00:00:00,1.18454,1.18577,1.1840600000000001,1.18542,2506,5,0
2021-07-29 04:00:00,1.18541,1.18697,1.185,1.18682,4051,5,0
2021-07-29 08:00:00,1.18683,1.18797,1.18646,1.18713,4314,5,0
2021-07-29 12:00:00,1.18712,1.18907,1.18707,1.18853,6974,5,0
2021-07-29 16:00:00,1.18856,1.18925,1.1878199999999999,1.1887699999999999,2240,5,0
2021-07-29 20:00:00,1.18878,1.1894,1.18818,1.189,937,5,0
2021-07-30 00:00:00,1.18902,1.18915,1.18774,1.18781,2446,5,0
2021-07-30 04:00:00,1.18783,1.18954,1.18749,1.18949,2840,5,0
2021-07-30 08:00:00,1.18951,1.19085,1.1882,1.18832,5303,5,0
2021-07-30 12:00:00,1.18833,1.1897,1.18514,1.18637,9271,5,0
2021-07-30 16:00:00,1.18635,1.18638,1.18536,1.1862,2806,5,0
2021-07-30 20:00:00,1.18617,1.18763,1.18602,1.18676,659,5,0
2021-08-01 00:00:00,1.18631,1.1868,1.18598,1.18658,653,50,0
2021-08-01 20:00:00,1.18631,1.1868,1.18598,1.18658,642,6,0
2021-08-02 00:00:00,1.18659,1.18726,1.18588,1.18711,2243,5,0
2021-08-02 04:00:00,1.18712,1.18871,1.18641,1.18812,3586,5,0
2021-08-02 08:00:00,1.18813,1.18966,1.1878199999999999,1.18896,3737,5,0
2021-08-02 12:00:00,1.18897,1.189,1.18713,1.18723,8123,5,0
2021-08-02 16:00:00,1.18726,1.18748,1.18651,1.18708,2379,5,0
2021-08-02 20:00:00,1.18706,1.18752,1.18648,1.18737,760,5,0
2021-08-03 00:00:00,1.18739,1.18784,1.18679,1.18744,1911,5,0
2021-08-03 04:00:00,1.18743,1.18835,1.1871,1.18781,4095,5,0
2021-08-03 08:00:00,1.1877900000000001,1.18931,1.18737,1.18923,3575,5,0
2021-08-03 12:00:00,1.18921,1.18921,1.18536,1.18584,7339,5,0
2021-08-03 16:00:00,1.18582,1.18695,1.18576,1.1865700000000001,1867,5,0
2021-08-03 20:00:00,1.1865999999999999,1.18699,1.18573,1.18691,638,5,0
2021-08-04 00:00:00,1.18689,1.18752,1.18604,1.18732,1733,5,0
2021-08-04 04:00:00,1.18731,1.18796,1.18687,1.18766,2220,5,0
2021-08-04 08:00:00,1.18768,1.18771,1.18418,1.1863299999999999,3548,5,0
2021-08-04 12:00:00,1.18631,1.18995,1.18324,1.18418,11527,5,0
2021-08-04 16:00:00,1.1842,1.18423,1.1835,1.18378,2436,5,0
2021-08-04 20:00:00,1.18376,1.1839,1.18322,1.1837,587,5,0
2021-08-05 00:00:00,1.18372,1.1838899999999999,1.18313,1.18338,1550,5,0
2021-08-05 04:00:00,1.18339,1.18494,1.183,1.18488,2954,5,0
2021-08-05 08:00:00,1.18487,1.18565,1.1828,1.18551,5005,5,0
2021-08-05 12:00:00,1.18549,1.1857,1.18319,1.1837,8260,5,0
2021-08-05 16:00:00,1.18372,1.18415,1.18308,1.18356,1919,5,0
2021-08-05 20:00:00,1.18358,1.18359,1.18283,1.18329,671,5,0
2021-08-06 00:00:00,1.1833,1.1833,1.18183,1.1823,1249,5,0
2021-08-06 04:00:00,1.18228,1.18296,1.18188,1.1824,2617,5,0
2021-08-06 08:00:00,1.18239,1.18243,1.18003,1.18067,3575,5,0
2021-08-06 12:00:00,1.18068,1.18083,1.17547,1.176,30264,5,0
2021-08-06 16:00:00,1.17601,1.17632,1.17542,1.17591,1570,5,0
2021-08-06 20:00:00,1.17593,1.17642,1.1756199999999999,1.1761,516,5,0
2021-08-08 00:00:00,1.17571,1.17596,1.17423,1.17473,1881,50,0
2021-08-08 20:00:00,1.17571,1.17596,1.17423,1.17473,1878,6,0
2021-08-09 00:00:00,1.17474,1.17606,1.17423,1.1758899999999999,2213,5,0
2021-08-09 04:00:00,1.17588,1.17663,1.17546,1.17573,3580,5,0
2021-08-09 08:00:00,1.17574,1.17653,1.17499,1.17627,4880,5,0
2021-08-09 12:00:00,1.17625,1.17686,1.17404,1.17481,6383,5,0
2021-08-09 16:00:00,1.1748,1.17483,1.17347,1.17349,1985,5,0
2021-08-09 20:00:00,1.17348,1.17383,1.1733500000000001,1.17359,705,5,0
2021-08-10 00:00:00,1.17357,1.17398,1.17318,1.17387,1422,5,0
2021-08-10 04:00:00,1.17387,1.17425,1.17259,1.17313,2941,5,0
2021-08-10 08:00:00,1.17313,1.17386,1.17159,1.17219,4155,5,0
2021-08-10 12:00:00,1.17222,1.1724700000000001,1.17094,1.17202,5895,5,0
2021-08-10 16:00:00,1.17202,1.17234,1.17141,1.17184,1837,5,0
2021-08-10 20:00:00,1.17184,1.17218,1.17167,1.17194,607,5,0
2021-08-11 00:00:00,1.17197,1.17252,1.17116,1.17183,1159,5,0
2021-08-11 04:00:00,1.17181,1.1721,1.17058,1.1712500000000001,2738,5,0
2021-08-11 08:00:00,1.1712500000000001,1.17182,1.17083,1.17155,2816,5,0
2021-08-11 12:00:00,1.17157,1.1749,1.17129,1.17365,16218,5,0
2021-08-11 16:00:00,1.17363,1.17533,1.17339,1.1742,3141,5,0
2021-08-11 20:00:00,1.17417,1.17421,1.17365,1.17415,661,5,0
2021-08-12 00:00:00,1.17414,1.17447,1.17344,1.17442,1165,5,0
2021-08-12 04:00:00,1.17441,1.17455,1.17326,1.17415,2509,5,0
2021-08-12 08:00:00,1.17417,1.17479,1.17319,1.17382,2846,5,0
2021-08-12 12:00:00,1.17381,1.17411,1.17234,1.17347,5690,5,0
2021-08-12 16:00:00,1.17347,1.17422,1.17297,1.1735,1860,5,0
2021-08-12 20:00:00,1.17348,1.17384,1.17264,1.17354,720,5,0
2021-08-13 00:00:00,1.17355,1.17422,1.17325,1.17394,993,5,0
2021-08-13 04:00:00,1.17395,1.17408,1.17302,1.17343,1833,5,0
2021-08-13 08:00:00,1.17343,1.17626,1.1734,1.17593,2645,5,0
2021-08-13 12:00:00,1.17595,1.18007,1.17594,1.17953,5777,5,0
2021-08-13 16:00:00,1.17954,1.18045,1.17921,1.1797900000000001,1838,5,0
2021-08-13 20:00:00,1.17977,1.1797900000000001,1.17945,1.1795200000000001,330,5,0
2021-08-15 00:00:00,1.1795499999999999,1.18006,1.17913,1.1794,491,50,0
2021-08-15 20:00:00,1.1795499999999999,1.18006,1.17913,1.1794,491,6,0
2021-08-16 00:00:00,1.17939,1.18005,1.17898,1.17899,1339,5,0
2021-08-16 04:00:00,1.17898,1.17938,1.17785,1.17805,2458,5,0
2021-08-16 08:00:00,1.17807,1.17905,1.17671,1.17679,3101,5,0
2021-08-16 12:00:00,1.17681,1.17902,1.1768,1.1775,5749,5,0
2021-08-16 16:00:00,1.17752,1.17803,1.17738,1.17778,1307,5,0
2021-08-16 20:00:00,1.1778,1.17801,1.17727,1.17775,604,5,0
2021-08-17 00:00:00,1.17775,1.17775,1.17666,1.17682,1582,5,0
2021-08-17 04:00:00,1.1768399999999999,1.17742,1.17601,1.17719,3575,5,0
2021-08-17 08:00:00,1.17721,1.17843,1.1761300000000001,1.1762299999999999,3712,5,0
2021-08-17 12:00:00,1.17624,1.17703,1.17097,1.1712799999999999,8704,5,0
2021-08-17 16:00:00,1.17126,1.17193,1.17081,1.17116,2435,5,0
2021-08-17 20:00:00,1.17115,1.1712799999999999,1.17016,1.17089,909,5,0
2021-08-18 00:00:00,1.1709100000000001,1.17228,1.17074,1.17164,1940,5,0
2021-08-18 04:00:00,1.17166,1.17292,1.17126,1.17235,2420,5,0
2021-08-18 08:00:00,1.17237,1.17255,1.17059,1.17218,3466,5,0
2021-08-18 12:00:00,1.17217,1.17258,1.16929,1.17012,6274,5,0
2021-08-18 16:00:00,1.17013,1.17426,1.1694,1.17124,9764,5,0
2021-08-18 20:00:00,1.17122,1.1715200000000001,1.17025,1.17025,1036,5,0
2021-08-19 00:00:00,1.17026,1.17035,1.1665,1.1675200000000001,2938,5,0
2021-08-19 04:00:00,1.1675,1.16839,1.16686,1.16825,5262,5,0
2021-08-19 08:00:00,1.16828,1.17035,1.16799,1.16991,5283,5,0
2021-08-19 12:00:00,1.1699,1.17039,1.1678600000000001,1.16926,7465,5,0
2021-08-19 16:00:00,1.16926,1.16931,1.16724,1.16763,2624,5,0
2021-08-19 20:00:00,1.1676199999999999,1.16791,1.1673499999999999,1.16761,507,5,0
2021-08-20 00:00:00,1.1676199999999999,1.16871,1.16757,1.16851,1592,5,0
2021-08-20 04:00:00,1.16853,1.1689,1.16775,1.16794,3528,5,0
2021-08-20 08:00:00,1.16793,1.16843,1.16672,1.16678,3290,5,0
2021-08-20 12:00:00,1.1668,1.16904,1.16639,1.16903,6709,5,0
2021-08-20 16:00:00,1.16902,1.17043,1.1689,1.17019,2019,5,0
2021-08-20 20:00:00,1.17017,1.17043,1.16991,1.16999,357,5,0
2021-08-22 20:00:00,1.16952,1.17004,1.16928,1.16967,1127,6,0
2021-08-23 00:00:00,1.16967,1.17235,1.1695,1.17198,2114,5,0
2021-08-23 04:00:00,1.17199,1.17259,1.17063,1.17224,3457,5,0
2021-08-23 08:00:00,1.17222,1.17323,1.17149,1.1718,3886,5,0
2021-08-23 12:00:00,1.17181,1.17432,1.17158,1.17312,6652,5,0
2021-08-23 16:00:00,1.17311,1.175,1.17307,1.17464,1639,5,0
2021-08-23 20:00:00,1.17463,1.17483,1.17419,1.17439,765,5,0
2021-08-24 00:00:00,1.17438,1.17472,1.1734,1.17375,1102,5,0
2021-08-24 04:00:00,1.17376,1.17466,1.17328,1.17381,2749,5,0
2021-08-24 08:00:00,1.1738,1.1742,1.1727,1.17359,3512,5,0
2021-08-24 12:00:00,1.17359,1.17649,1.1735,1.17464,7105,5,0
2021-08-24 16:00:00,1.17462,1.17574,1.17426,1.17573,1685,5,0
2021-08-24 20:00:00,1.17571,1.17588,1.1752,1.17525,1261,5,0
2021-08-25 00:00:00,1.17527,1.17574,1.17331,1.1738,1578,5,0
2021-08-25 04:00:00,1.17378,1.1745,1.17321,1.17375,2219,5,0
2021-08-25 08:00:00,1.17376,1.17592,1.17332,1.17404,4231,5,0
2021-08-25 12:00:00,1.17405,1.17595,1.1726,1.17564,7674,5,0
2021-08-25 16:00:00,1.17561,1.17738,1.17532,1.1771,2812,5,0
2021-08-25 20:00:00,1.17708,1.17743,1.17676,1.17716,614,5,0
2021-08-26 00:00:00,1.17714,1.17734,1.1761,1.17626,1418,5,0
2021-08-26 04:00:00,1.17625,1.17744,1.17563,1.17694,3328,5,0
2021-08-26 08:00:00,1.17695,1.17787,1.17582,1.17693,3779,5,0
2021-08-26 12:00:00,1.17692,1.17755,1.17459,1.17617,9618,5,0
2021-08-26 16:00:00,1.17618,1.17632,1.17488,1.17546,2482,5,0
2021-08-26 20:00:00,1.17546,1.17573,1.17498,1.17533,1084,5,0
2021-08-27 00:00:00,1.17534,1.17594,1.17419,1.17594,1580,5,0
2021-08-27 04:00:00,1.17594,1.1771,1.17571,1.17612,2347,5,0
2021-08-27 08:00:00,1.1761,1.17659,1.17496,1.1762299999999999,3372,5,0
2021-08-27 12:00:00,1.17625,1.18019,1.17347,1.1793,19894,5,0
2021-08-27 16:00:00,1.17931,1.18017,1.17892,1.17961,2546,5,0
2021-08-27 20:00:00,1.1796,1.17975,1.17937,1.1796,400,5,0
2021-08-29 20:00:00,1.17942,1.18003,1.17923,1.1798,532,6,0
2021-08-30 00:00:00,1.1798,1.18096,1.17951,1.18038,1721,5,0
2021-08-30 04:00:00,1.18036,1.18069,1.17934,1.18022,2125,5,0
2021-08-30 08:00:00,1.1802,1.18051,1.17908,1.17993,2950,5,0
2021-08-30 12:00:00,1.17992,1.18032,1.17824,1.17945,5172,5,0
2021-08-30 16:00:00,1.17944,1.18039,1.1793,1.17997,1274,5,0
2021-08-30 20:00:00,1.17995,1.17999,1.17947,1.17962,471,5,0
2021-08-31 00:00:00,1.1796,1.18195,1.17951,1.18192,2019,5,0
2021-08-31 04:00:00,1.18192,1.18313,1.18165,1.18275,2872,5,0
2021-08-31 08:00:00,1.18273,1.18448,1.18198,1.18394,5302,5,0
2021-08-31 12:00:00,1.18396,1.18396,1.17964,1.17999,10940,5,0
2021-08-31 16:00:00,1.17996,1.18128,1.17977,1.18068,2830,5,0
2021-08-31 20:00:00,1.18066,1.18114,1.18061,1.18097,711,5,0
2021-09-01 00:00:00,1.18096,1.18108,1.18,1.18042,1768,5,0
2021-09-01 04:00:00,1.1804000000000001,1.18133,1.17935,1.18054,4056,5,0
2021-09-01 08:00:00,1.18054,1.18232,1.18024,1.18137,3874,5,0
2021-09-01 12:00:00,1.1814,1.18569,1.18134,1.18496,8359,5,0
2021-09-01 16:00:00,1.18499,1.1856,1.1838,1.1838,2121,5,0
2021-09-01 20:00:00,1.18381,1.18417,1.18373,1.18404,575,5,0
2021-09-02 00:00:00,1.1840600000000001,1.18457,1.18366,1.18376,1329,5,0
2021-09-02 04:00:00,1.18376,1.18513,1.18342,1.18473,2502,5,0
2021-09-02 08:00:00,1.18471,1.18555,1.18428,1.1846700000000001,3613,5,0
2021-09-02 12:00:00,1.18468,1.18707,1.18363,1.18569,5708,5,0
2021-09-02 16:00:00,1.1857,1.18757,1.18568,1.18739,1780,5,0
2021-09-02 20:00:00,1.18739,1.18758,1.1871,1.18735,392,5,0
2021-09-03 00:00:00,1.18737,1.1884000000000001,1.18732,1.18786,1630,5,0
2021-09-03 04:00:00,1.18787,1.18818,1.18712,1.18746,2402,5,0
2021-09-03 08:00:00,1.1874500000000001,1.18825,1.18661,1.1873,3589,5,0
2021-09-03 12:00:00,1.18731,1.19088,1.18656,1.18832,17170,5,0
2021-09-03 16:00:00,1.1883,1.18977,1.18799,1.18799,1728,5,0
2021-09-03 20:00:00,1.188,1.1880600000000001,1.18748,1.18784,327,5,0
2021-09-05 20:00:00,1.18794,1.1886,1.18781,1.18853,559,6,0
2021-09-06 00:00:00,1.18854,1.18855,1.18648,1.18677,1461,5,0
2021-09-06 04:00:00,1.18677,1.18748,1.186,1.18626,1940,5,0
2021-09-06 08:00:00,1.18628,1.1868400000000001,1.18556,1.18613,3274,5,0
2021-09-06 12:00:00,1.18615,1.18708,1.18575,1.18655,2757,5,0
2021-09-06 16:00:00,1.18655,1.18709,1.1865,1.1868,418,5,0
2021-09-06 20:00:00,1.18669,1.18737,1.18669,1.18731,394,6,0
2021-09-07 00:00:00,1.18731,1.1885,1.18727,1.1878199999999999,1304,5,0
2021-09-07 04:00:00,1.1878199999999999,1.18821,1.18627,1.18761,3795,5,0
2021-09-07 08:00:00,1.18759,1.188,1.18578,1.18611,6119,5,0
2021-09-07 12:00:00,1.18612,1.18647,1.18372,1.18484,7422,5,0
2021-09-07 16:00:00,1.18485,1.18531,1.18378,1.18396,2465,5,0
2021-09-07 20:00:00,1.18395,1.1844999999999999,1.18384,1.18429,867,5,0
2021-09-08 00:00:00,1.18428,1.18509,1.18403,1.18419,1280,5,0
2021-09-08 04:00:00,1.18419,1.18446,1.1828400000000001,1.18303,3596,5,0
2021-09-08 08:00:00,1.18301,1.18301,1.1812,1.18221,5230,5,0
2021-09-08 12:00:00,1.1822300000000001,1.18292,1.18019,1.18178,8066,5,0
2021-09-08 16:00:00,1.1818,1.18297,1.18153,1.18174,3020,5,0
2021-09-08 20:00:00,1.18174,1.1819600000000001,1.18137,1.18186,614,5,0
2021-09-09 00:00:00,1.18183,1.1825,1.18121,1.18179,1349,5,0
2021-09-09 04:00:00,1.1818,1.18272,1.1811099999999999,1.1822,3159,5,0
2021-09-09 08:00:00,1.18222,1.1841,1.18221,1.18395,5968,5,0
2021-09-09 12:00:00,1.18397,1.1841,1.1804999999999999,1.1827,11971,5,0
2021-09-09 16:00:00,1.1826699999999999,1.18394,1.18247,1.18255,2693,5,0
2021-09-09 20:00:00,1.18256,1.18264,1.18217,1.1823,649,5,0
2021-09-10 00:00:00,1.1823,1.18326,1.18186,1.183,1518,5,0
2021-09-10 04:00:00,1.18301,1.18438,1.18244,1.1842,2749,5,0
2021-09-10 08:00:00,1.1842,1.18508,1.1826699999999999,1.18332,4125,5,0
2021-09-10 12:00:00,1.18334,1.18417,1.18181,1.18214,7424,5,0
2021-09-10 16:00:00,1.18213,1.18228,1.18119,1.18124,2375,5,0
2021-09-10 20:00:00,1.18126,1.18132,1.18093,1.18105,300,5,0
2021-09-12 20:00:00,1.18119,1.18148,1.18086,1.18112,601,6,0
2021-09-13 00:00:00,1.18114,1.18127,1.1802,1.18045,1318,5,0
2021-09-13 04:00:00,1.18047,1.18056,1.17744,1.17863,3593,5,0
2021-09-13 08:00:00,1.17862,1.17927,1.17699,1.17737,3777,5,0
2021-09-13 12:00:00,1.17736,1.18168,1.17712,1.18085,6623,5,0
2021-09-13 16:00:00,1.18086,1.18095,1.18011,1.18072,2060,5,0
2021-09-13 20:00:00,1.1807400000000001,1.18118,1.1807,1.18093,493,5,0
2021-09-14 00:00:00,1.18094,1.18187,1.18055,1.18154,1669,5,0
2021-09-14 04:00:00,1.18156,1.18298,1.18064,1.18244,2988,5,0
2021-09-14 08:00:00,1.18243,1.18264,1.18001,1.18094,3476,5,0
2021-09-14 12:00:00,1.18095,1.18455,1.18073,1.18224,10288,5,0
2021-09-14 16:00:00,1.18225,1.18274,1.17999,1.18043,2471,5,0
2021-09-14 20:00:00,1.18045,1.18069,1.18004,1.18022,754,5,0
2021-09-15 00:00:00,1.18021,1.18117,1.18006,1.18059,1620,5,0
2021-09-15 04:00:00,1.18058,1.18182,1.1798899999999999,1.18165,3358,5,0
2021-09-15 08:00:00,1.18165,1.18316,1.1814,1.18213,3918,5,0
2021-09-15 12:00:00,1.18215,1.18315,1.18071,1.1811099999999999,8806,5,0
2021-09-15 16:00:00,1.1811,1.1817199999999999,1.18032,1.1817,2014,5,0
2021-09-15 20:00:00,1.18168,1.18202,1.1813500000000001,1.18187,535,5,0
2021-09-16 00:00:00,1.18185,1.18203,1.18119,1.1812,1406,5,0
2021-09-16 04:00:00,1.18119,1.18125,1.1777199999999999,1.17809,3523,5,0
2021-09-16 08:00:00,1.1781,1.17843,1.17617,1.17687,4502,5,0
2021-09-16 12:00:00,1.17685,1.17694,1.17503,1.1763,8420,5,0
2021-09-16 16:00:00,1.17631,1.1771099999999999,1.17531,1.17686,3115,5,0
2021-09-16 20:00:00,1.17685,1.17709,1.17635,1.17647,1110,5,0
2021-09-17 00:00:00,1.17645,1.17698,1.17586,1.17687,1793,5,0
2021-09-17 04:00:00,1.17687,1.17846,1.17677,1.17726,2814,5,0
2021-09-17 08:00:00,1.17726,1.17881,1.17683,1.17881,5546,5,0
2021-09-17 12:00:00,1.17882,1.17887,1.17286,1.17331,7867,5,0
2021-09-17 16:00:00,1.17332,1.17363,1.17245,1.17304,2278,5,0
2021-09-17 20:00:00,1.17302,1.1730800000000001,1.17246,1.17251,336,5,0
2021-09-19 20:00:00,1.17273,1.17291,1.17231,1.1729,580,6,0
2021-09-20 00:00:00,1.17291,1.17293,1.17095,1.17104,1413,5,0
2021-09-20 04:00:00,1.17104,1.17181,1.17056,1.17108,3091,5,0
2021-09-20 08:00:00,1.17108,1.17161,1.16999,1.1705,4491,5,0
2021-09-20 12:00:00,1.17052,1.17362,1.17052,1.17283,7025,5,0
2021-09-20 16:00:00,1.1728399999999999,1.1734,1.17219,1.17297,2760,5,0
2021-09-20 20:00:00,1.17297,1.17301,1.17244,1.17266,748,5,0
2021-09-21 00:00:00,1.17267,1.17397,1.17232,1.17317,1630,5,0
2021-09-21 04:00:00,1.17319,1.17372,1.17181,1.17265,3395,5,0
2021-09-21 08:00:00,1.17264,1.17455,1.17227,1.17443,4121,5,0
2021-09-21 12:00:00,1.17444,1.17483,1.17146,1.17242,8158,5,0
2021-09-21 16:00:00,1.17241,1.1732,1.17184,1.17289,2774,5,0
2021-09-21 20:00:00,1.1729,1.17293,1.17217,1.17226,663,5,0
2021-09-22 00:00:00,1.17228,1.17301,1.17164,1.17197,2180,5,0
2021-09-22 04:00:00,1.17197,1.17372,1.17166,1.17283,3325,5,0
2021-09-22 08:00:00,1.17285,1.17366,1.17238,1.1726,3191,5,0
2021-09-22 12:00:00,1.17261,1.17446,1.1724,1.17378,5638,5,0
2021-09-22 16:00:00,1.1738,1.17553,1.16842,1.16948,26511,5,0
2021-09-22 20:00:00,1.16949,1.16961,1.16846,1.1687,988,5,0
2021-09-23 00:00:00,1.1687,1.1709100000000001,1.16832,1.17066,1746,5,0
2021-09-23 04:00:00,1.17066,1.17243,1.1705,1.17149,4407,5,0
2021-09-23 08:00:00,1.1715,1.17322,1.17099,1.1715,7678,5,0
2021-09-23 12:00:00,1.17151,1.17499,1.1714,1.17338,8144,5,0
2021-09-23 16:00:00,1.1734,1.17489,1.17303,1.17419,2203,5,0
2021-09-23 20:00:00,1.17418,1.17456,1.17356,1.1739600000000001,825,5,0
2021-09-24 00:00:00,1.17397,1.17473,1.17376,1.17409,1577,5,0
2021-09-24 04:00:00,1.17408,1.17417,1.17309,1.17381,2907,5,0
2021-09-24 08:00:00,1.17382,1.17403,1.1712500000000001,1.17134,3708,5,0
2021-09-24 12:00:00,1.17135,1.17194,1.17005,1.17135,5923,5,0
2021-09-24 16:00:00,1.17134,1.17251,1.17127,1.1716,1983,5,0
2021-09-24 20:00:00,1.17161,1.17222,1.17155,1.17204,336,5,0
2021-09-26 20:00:00,1.17237,1.1724,1.1712500000000001,1.17222,915,6,0
2021-09-27 00:00:00,1.17225,1.17249,1.17165,1.17221,1667,5,0
2021-09-27 04:00:00,1.1722299999999999,1.17245,1.1694,1.16943,3748,5,0
2021-09-27 08:00:00,1.16941,1.17103,1.16842,1.16915,5556,5,0
2021-09-27 12:00:00,1.16917,1.17094,1.16905,1.1701,9359,5,0
2021-09-27 16:00:00,1.17012,1.17081,1.16966,1.16983,2031,5,0
2021-09-27 20:00:00,1.16981,1.16998,1.1693,1.16954,526,5,0
2021-09-28 00:00:00,1.16952,1.16964,1.16848,1.16914,1288,5,0
2021-09-28 04:00:00,1.16913,1.17029,1.1672,1.16868,3928,5,0
2021-09-28 08:00:00,1.16867,1.16931,1.16729,1.16869,6112,5,0
2021-09-28 12:00:00,1.16871,1.17008,1.1668,1.16805,14477,5,0
2021-09-28 16:00:00,1.16804,1.16899,1.16751,1.16851,4281,5,0
2021-09-28 20:00:00,1.16849,1.16889,1.16802,1.1685699999999999,748,5,0
2021-09-29 00:00:00,1.16858,1.16898,1.16778,1.16846,2321,5,0
2021-09-29 04:00:00,1.16844,1.16876,1.16557,1.16617,5413,5,0
2021-09-29 08:00:00,1.1662,1.16717,1.16399,1.1649,6616,5,0
2021-09-29 12:00:00,1.16489,1.16585,1.16095,1.16114,9292,5,0
2021-09-29 16:00:00,1.16112,1.16153,1.15891,1.1593499999999999,3557,5,0
2021-09-29 20:00:00,1.15934,1.16021,1.1591,1.16011,825,5,0
2021-09-30 00:00:00,1.16012,1.16084,1.15976,1.16037,1739,5,0
2021-09-30 04:00:00,1.16039,1.16083,1.15914,1.16044,4780,5,0
2021-09-30 08:00:00,1.16043,1.16094,1.15678,1.15754,6303,5,0
2021-09-30 12:00:00,1.15753,1.1598,1.15706,1.1577600000000001,14347,5,0
2021-09-30 16:00:00,1.1577600000000001,1.15885,1.15624,1.15828,5282,5,0
2021-09-30 20:00:00,1.1583,1.15857,1.15729,1.15736,964,5,0
2021-10-01 00:00:00,1.15735,1.1579,1.15628,1.15756,2571,5,0
2021-10-01 04:00:00,1.15757,1.1591,1.15744,1.15785,4623,5,0
2021-10-01 08:00:00,1.15783,1.1602999999999999,1.15723,1.15977,5436,5,0
2021-10-01 12:00:00,1.15974,1.1607,1.15836,1.15965,11648,5,0
2021-10-01 16:00:00,1.15967,1.16022,1.15924,1.15979,2780,5,0
2021-10-01 20:00:00,1.1598,1.15992,1.15914,1.1593,353,5,0
2021-10-03 20:00:00,1.15966,1.1610800000000001,1.15939,1.16064,780,6,0
2021-10-04 00:00:00,1.16065,1.16134,1.15875,1.15891,1687,5,0
2021-10-04 04:00:00,1.15891,1.1609,1.15891,1.16086,3395,5,0
2021-10-04 08:00:00,1.16089,1.16334,1.16054,1.16331,4158,5,0
2021-10-04 12:00:00,1.16332,1.16397,1.16148,1.16204,7308,5,0
2021-10-04 16:00:00,1.16204,1.16276,1.16156,1.16208,2569,5,0
2021-10-04 20:00:00,1.16207,1.16225,1.16156,1.1616,713,5,0
2021-10-05 00:00:00,1.16162,1.16197,1.15979,1.1598600000000001,1855,5,0
2021-10-05 04:00:00,1.1598600000000001,1.1604700000000001,1.15897,1.15972,3536,5,0
2021-10-05 08:00:00,1.15973,1.16049,1.15899,1.15975,4189,5,0
2021-10-05 12:00:00,1.15977,1.16129,1.1580300000000001,1.16085,8285,5,0
2021-10-05 16:00:00,1.16084,1.1612,1.15933,1.15962,2245,5,0
2021-10-05 20:00:00,1.1596,1.16003,1.15939,1.15955,688,5,0
2021-10-06 00:00:00,1.15955,1.15976,1.15878,1.15933,1895,5,0
2021-10-06 04:00:00,1.1593499999999999,1.1593499999999999,1.1555900000000001,1.1555900000000001,4462,5,0
2021-10-06 08:00:00,1.1556,1.15603,1.15289,1.15378,6244,5,0
2021-10-06 12:00:00,1.15379,1.15551,1.15322,1.15439,8965,5,0
2021-10-06 16:00:00,1.15441,1.15589,1.15415,1.15585,3921,5,0
2021-10-06 20:00:00,1.15583,1.1559300000000001,1.15521,1.15549,812,5,0
2021-10-07 00:00:00,1.15548,1.15608,1.1551,1.15552,1609,5,0
2021-10-07 04:00:00,1.15551,1.15704,1.15488,1.15685,3223,5,0
2021-10-07 08:00:00,1.15686,1.15717,1.15549,1.15646,3971,5,0
2021-10-07 12:00:00,1.15647,1.15685,1.15472,1.15599,6614,5,0
2021-10-07 16:00:00,1.156,1.15644,1.1549,1.15536,2291,5,0
2021-10-07 20:00:00,1.15534,1.15597,1.1551,1.1559,760,5,0
2021-10-08 00:00:00,1.15589,1.15595,1.15495,1.15519,1775,5,0
2021-10-08 04:00:00,1.1552,1.15538,1.15411,1.15473,3063,5,0
2021-10-08 08:00:00,1.15475,1.15689,1.15432,1.1562000000000001,3123,5,0
2021-10-08 12:00:00,1.15622,1.15857,1.15554,1.1571799999999999,13921,5,0
2021-10-08 16:00:00,1.15716,1.15779,1.15595,1.1571,2142,5,0
2021-10-08 20:00:00,1.15709,1.15748,1.15694,1.15741,463,5,0
2021-10-10 20:00:00,1.15686,1.1576,1.15635,1.15652,654,6,0
2021-10-11 00:00:00,1.15652,1.1579,1.15647,1.15723,2269,5,0
2021-10-11 04:00:00,1.1572,1.15865,1.15695,1.15736,3686,5,0
2021-10-11 08:00:00,1.15738,1.15756,1.1552,1.15684,4159,5,0
2021-10-11 12:00:00,1.15685,1.15835,1.15598,1.1572,4528,5,0
2021-10-11 16:00:00,1.15721,1.15723,1.15502,1.15502,1537,5,0
2021-10-11 20:00:00,1.155,1.15548,1.15475,1.15531,878,5,0
2021-10-12 00:00:00,1.15533,1.15605,1.1547,1.1559300000000001,1791,5,0
2021-10-12 04:00:00,1.15595,1.157,1.15552,1.15558,2874,5,0
2021-10-12 08:00:00,1.15556,1.15667,1.1549800000000001,1.1556,3567,5,0
2021-10-12 12:00:00,1.15562,1.15583,1.1533,1.154,7875,5,0
2021-10-12 16:00:00,1.15399,1.15416,1.15242,1.15326,2799,5,0
2021-10-12 20:00:00,1.15324,1.15328,1.1528100000000001,1.15303,684,5,0
2021-10-13 00:00:00,1.15305,1.15554,1.15298,1.15511,1652,5,0
2021-10-13 04:00:00,1.15512,1.1555900000000001,1.15453,1.15507,3076,5,0
2021-10-13 08:00:00,1.15509,1.15665,1.1547399999999999,1.15641,4407,5,0
2021-10-13 12:00:00,1.15642,1.15785,1.15359,1.15675,11494,5,0
2021-10-13 16:00:00,1.15676,1.15971,1.15666,1.15934,3908,5,0
2021-10-13 20:00:00,1.15933,1.15991,1.15905,1.15967,687,5,0
2021-10-14 00:00:00,1.15966,1.16008,1.15886,1.15938,1470,5,0
2021-10-14 04:00:00,1.15937,1.16113,1.15876,1.16073,3171,5,0
2021-10-14 08:00:00,1.16075,1.1623999999999999,1.16029,1.1602999999999999,3918,5,0
2021-10-14 12:00:00,1.16031,1.1608100000000001,1.15838,1.15904,6327,5,0
2021-10-14 16:00:00,1.15902,1.1602000000000001,1.15843,1.15972,1887,5,0
2021-10-14 20:00:00,1.1597,1.15991,1.1589800000000001,1.15902,651,5,0
2021-10-15 00:00:00,1.15904,1.16115,1.15879,1.16077,1650,5,0
2021-10-15 04:00:00,1.16078,1.16148,1.16039,1.16119,2938,5,0
2021-10-15 08:00:00,1.16117,1.16184,1.1598600000000001,1.16028,4475,5,0
2021-10-15 12:00:00,1.16026,1.16099,1.15886,1.15932,8377,5,0
2021-10-15 16:00:00,1.15931,1.16056,1.15909,1.16028,2011,5,0
2021-10-15 20:00:00,1.1602999999999999,1.16054,1.15977,1.15992,364,5,0
2021-10-17 20:00:00,1.1596899999999999,1.16051,1.15958,1.15963,1063,6,0
2021-10-18 00:00:00,1.15963,1.15974,1.15812,1.15815,2006,5,0
2021-10-18 04:00:00,1.15818,1.1593,1.15716,1.15924,2921,5,0
2021-10-18 08:00:00,1.1592500000000001,1.15976,1.15764,1.1597,4486,5,0
2021-10-18 12:00:00,1.1597,1.16129,1.15923,1.16084,8190,5,0
2021-10-18 16:00:00,1.16086,1.16222,1.1608100000000001,1.1610800000000001,2074,5,0
2021-10-18 20:00:00,1.16106,1.16134,1.16082,1.1613,749,5,0
2021-10-19 00:00:00,1.16131,1.16464,1.1613,1.16464,2147,5,0
2021-10-19 04:00:00,1.16464,1.16574,1.16446,1.16534,4096,5,0
2021-10-19 08:00:00,1.16533,1.1669100000000001,1.16492,1.16565,4835,5,0
2021-10-19 12:00:00,1.16566,1.16583,1.16299,1.16316,5823,5,0
2021-10-19 16:00:00,1.16316,1.16443,1.16293,1.16358,2023,5,0
2021-10-19 20:00:00,1.16358,1.1635900000000001,1.163,1.16311,659,5,0
2021-10-20 00:00:00,1.16313,1.16473,1.16275,1.16436,2214,5,0
2021-10-20 04:00:00,1.16438,1.16519,1.16166,1.16241,3695,5,0
2021-10-20 08:00:00,1.16242,1.16361,1.1621,1.16225,3482,5,0
2021-10-20 12:00:00,1.16226,1.16515,1.16216,1.16428,6460,5,0
2021-10-20 16:00:00,1.16426,1.16583,1.1642000000000001,1.16519,2934,5,0
2021-10-20 20:00:00,1.1652,1.16563,1.1646,1.16522,667,5,0
2021-10-21 00:00:00,1.1652,1.16671,1.16509,1.16644,1857,5,0
2021-10-21 04:00:00,1.16646,1.16649,1.1635900000000001,1.1641,3674,5,0
2021-10-21 08:00:00,1.16409,1.1645,1.16339,1.16419,3492,5,0
2021-10-21 12:00:00,1.16417,1.16513,1.1631,1.16414,7937,5,0
2021-10-21 16:00:00,1.16415,1.16433,1.1620300000000001,1.1622,2525,5,0
2021-10-21 20:00:00,1.16218,1.16259,1.16194,1.16246,774,5,0
2021-10-22 00:00:00,1.16246,1.16316,1.1621,1.16269,1904,5,0
2021-10-22 04:00:00,1.16267,1.16465,1.16231,1.1642000000000001,3389,5,0
2021-10-22 08:00:00,1.1642299999999999,1.16463,1.1631,1.1631,3959,5,0
2021-10-22 12:00:00,1.1631,1.16554,1.16244,1.16318,9514,5,0
2021-10-22 16:00:00,1.16317,1.16435,1.16217,1.16429,3296,5,0
2021-10-22 20:00:00,1.16431,1.16444,1.16398,1.16444,257,5,0
2021-10-24 20:00:00,1.16415,1.16449,1.16356,1.16388,596,6,0
2021-10-25 00:00:00,1.16391,1.16646,1.16388,1.16637,2437,5,0
2021-10-25 04:00:00,1.16637,1.16647,1.16409,1.1657899999999999,3330,5,0
2021-10-25 08:00:00,1.16581,1.16596,1.16031,1.16074,5588,5,0
2021-10-25 12:00:00,1.16076,1.16149,1.15904,1.161,6497,5,0
2021-10-25 16:00:00,1.16098,1.16167,1.16046,1.16123,1777,5,0
2021-10-25 20:00:00,1.16124,1.16124,1.16059,1.16085,450,5,0
2021-10-26 00:00:00,1.16086,1.16099,1.15967,1.16006,1724,5,0
2021-10-26 04:00:00,1.16004,1.16062,1.15939,1.15978,3027,5,0
2021-10-26 08:00:00,1.15977,1.16254,1.15968,1.16158,4327,5,0
2021-10-26 12:00:00,1.16159,1.16222,1.15846,1.15899,6782,5,0
2021-10-26 16:00:00,1.15899,1.16,1.15853,1.15981,1797,5,0
2021-10-26 20:00:00,1.15981,1.16006,1.15884,1.1595900000000001,893,5,0
2021-10-27 00:00:00,1.15961,1.1604,1.15956,1.16012,1501,5,0
2021-10-27 04:00:00,1.1601,1.16128,1.15951,1.16049,2977,5,0
2021-10-27 08:00:00,1.1605,1.16074,1.1584699999999999,1.16046,5510,5,0
2021-10-27 12:00:00,1.16045,1.16258,1.1588,1.15999,10337,5,0
2021-10-27 16:00:00,1.15999,1.16159,1.15983,1.15998,3539,5,0
2021-10-27 20:00:00,1.15997,1.1604700000000001,1.15982,1.15982,616,5,0
2021-10-28 00:00:00,1.15983,1.16094,1.1589,1.16054,2511,5,0
2021-10-28 04:00:00,1.16054,1.16135,1.15952,1.1608100000000001,3558,5,0
2021-10-28 08:00:00,1.16084,1.16173,1.1582,1.15963,7404,5,0
2021-10-28 12:00:00,1.15965,1.1691799999999999,1.15821,1.16841,21075,5,0
2021-10-28 16:00:00,1.16838,1.16888,1.1671,1.16803,3784,5,0
2021-10-28 20:00:00,1.16801,1.16866,1.16778,1.16819,1142,5,0
2021-10-29 00:00:00,1.16821,1.16897,1.16728,1.16764,2346,5,0
2021-10-29 04:00:00,1.1676199999999999,1.1677,1.1658,1.16702,3868,5,0
2021-10-29 08:00:00,1.16704,1.1671,1.16448,1.16469,5413,5,0
2021-10-29 12:00:00,1.16467,1.16478,1.15445,1.15496,14393,5,0
2021-10-29 16:00:00,1.15495,1.15624,1.15349,1.1559300000000001,3885,5,0
2021-10-29 20:00:00,1.1559,1.15651,1.15562,1.15616,550,5,0
2021-10-31 20:00:00,1.15583,1.15642,1.15552,1.1555900000000001,1001,6,0
2021-11-01 00:00:00,1.1556,1.15602,1.155,1.15503,2044,5,0
2021-11-01 04:00:00,1.15502,1.15642,1.15459,1.15634,3563,5,0
2021-11-01 08:00:00,1.15635,1.15767,1.15595,1.15713,5421,5,0
2021-11-01 12:00:00,1.1571500000000001,1.15936,1.15652,1.1591,6489,5,0
2021-11-01 16:00:00,1.1591,1.16085,1.15855,1.16062,2770,5,0
2021-11-01 20:00:00,1.1606,1.16089,1.15976,1.15991,1001,5,0
2021-11-02 00:00:00,1.15993,1.16014,1.15949,1.15989,1700,5,0
2021-11-02 04:00:00,1.15989,1.16132,1.15985,1.16083,3074,5,0
2021-11-02 08:00:00,1.16085,1.16105,1.15857,1.16026,5748,5,0
2021-11-02 12:00:00,1.16027,1.16075,1.15777,1.15804,7756,5,0
2021-11-02 16:00:00,1.15805,1.15852,1.15749,1.15829,2948,5,0
2021-11-02 20:00:00,1.15828,1.15828,1.1576,1.15787,632,5,0
2021-11-03 00:00:00,1.15789,1.15868,1.15748,1.1583,1033,5,0
2021-11-03 04:00:00,1.15828,1.15875,1.15785,1.15806,1520,5,0
2021-11-03 08:00:00,1.15809,1.15974,1.15783,1.1587,4848,5,0
2021-11-03 12:00:00,1.15872,1.15892,1.15621,1.15845,8249,5,0
2021-11-03 16:00:00,1.15843,1.16161,1.15719,1.16072,21276,5,0
2021-11-03 20:00:00,1.16071,1.16161,1.16041,1.16151,1231,5,0
2021-11-04 00:00:00,1.16149,1.16158,1.15927,1.1593,1630,5,0
2021-11-04 04:00:00,1.15931,1.15956,1.15696,1.1571,2448,5,0
2021-11-04 08:00:00,1.15711,1.15713,1.15424,1.15543,6373,5,0
2021-11-04 12:00:00,1.15542,1.15728,1.1528,1.1545,11436,5,0
2021-11-04 16:00:00,1.15452,1.15571,1.15399,1.1557,3894,5,0
2021-11-04 20:00:00,1.1556899999999999,1.15576,1.15487,1.1555,923,5,0
2021-11-05 00:00:00,1.15552,1.15557,1.15408,1.15462,2047,5,0
2021-11-05 04:00:00,1.15465,1.15627,1.15465,1.15602,2035,5,0
2021-11-05 08:00:00,1.15603,1.1561,1.15299,1.15332,5972,5,0
2021-11-05 12:00:00,1.15334,1.15561,1.1513200000000001,1.15522,13881,5,0
2021-11-05 16:00:00,1.15521,1.15686,1.15481,1.15677,3868,5,0
2021-11-05 20:00:00,1.15676,1.15731,1.15655,1.15678,560,5,0
2021-11-07 20:00:00,1.15612,1.15696,1.15547,1.1568,1139,6,0
2021-11-08 00:00:00,1.15679,1.15679,1.1553,1.15577,1653,5,0
2021-11-08 04:00:00,1.15577,1.15686,1.15509,1.15594,2083,5,0
2021-11-08 08:00:00,1.1559599999999999,1.15758,1.15503,1.1571500000000001,5319,5,0
2021-11-08 12:00:00,1.15713,1.15945,1.1564,1.15887,6881,5,0
2021-11-08 16:00:00,1.15887,1.15946,1.15834,1.15889,2574,5,0
2021-11-08 20:00:00,1.15888,1.15912,1.15825,1.15876,1282,5,0
2021-11-09 00:00:00,1.1587399999999999,1.15905,1.1577,1.15849,2233,5,0
2021-11-09 04:00:00,1.1585,1.16062,1.1585,1.1595900000000001,2787,5,0
2021-11-09 08:00:00,1.1596,1.15982,1.15781,1.15797,5037,5,0
2021-11-09 12:00:00,1.15795,1.16085,1.15697,1.15848,9507,5,0
2021-11-09 16:00:00,1.15846,1.15945,1.15712,1.1594,4398,5,0
2021-11-09 20:00:00,1.15943,1.15981,1.15916,1.15937,1153,5,0
2021-11-10 00:00:00,1.15939,1.1595,1.15825,1.15839,1675,5,0
2021-11-10 04:00:00,1.1584,1.15848,1.15576,1.15684,2381,5,0
2021-11-10 08:00:00,1.15682,1.15819,1.15455,1.15489,5867,5,0
2021-11-10 12:00:00,1.15491,1.15741,1.1511,1.15184,15701,5,0
2021-11-10 16:00:00,1.15183,1.15345,1.14819,1.14832,10190,5,0
2021-11-10 20:00:00,1.14834,1.14866,1.14749,1.14855,2096,5,0
2021-11-11 00:00:00,1.14853,1.14873,1.14646,1.1476,2502,5,0
2021-11-11 04:00:00,1.14761,1.14846,1.14595,1.14595,2330,5,0
2021-11-11 08:00:00,1.14601,1.14764,1.14538,1.14697,7307,5,0
2021-11-11 12:00:00,1.14698,1.1476899999999999,1.14556,1.14702,6674,5,0
2021-11-11 16:00:00,1.14703,1.14706,1.14445,1.1445,3034,5,0
2021-11-11 20:00:00,1.14452,1.1449799999999999,1.1443,1.14474,1001,5,0
2021-11-12 00:00:00,1.14475,1.14479,1.14359,1.14389,1717,5,0
2021-11-12 04:00:00,1.1439,1.14557,1.14372,1.14505,1942,5,0
2021-11-12 08:00:00,1.14506,1.1454900000000001,1.14371,1.14496,5113,5,0
2021-11-12 12:00:00,1.14496,1.14617,1.14323,1.14439,8579,5,0
2021-11-12 16:00:00,1.1443699999999999,1.14517,1.14409,1.14428,3779,5,0
2021-11-12 20:00:00,1.14429,1.14468,1.14414,1.14431,697,5,0
2021-11-14 20:00:00,1.14448,1.14448,1.14411,1.14411,172,6,0
2021-11-15 00:00:00,1.14412,1.1463700000000001,1.14412,1.1457600000000001,1597,5,0
2021-11-15 04:00:00,1.14574,1.14627,1.14487,1.14499,2000,5,0
2021-11-15 08:00:00,1.14499,1.14562,1.1436600000000001,1.14499,5525,5,0
2021-11-15 12:00:00,1.1449799999999999,1.14541,1.14177,1.14199,7546,5,0
2021-11-15 16:00:00,1.14201,1.14239,1.13778,1.1385399999999999,6498,5,0
2021-11-15 20:00:00,1.13853,1.13864,1.1356,1.13667,2416,5,0
2021-11-16 00:00:00,1.13669,1.1385399999999999,1.13659,1.13819,2421,5,0
2021-11-16 04:00:00,1.13821,1.13843,1.1368,1.13794,2690,5,0
2021-11-16 08:00:00,1.13795,1.13795,1.13512,1.1367,6019,5,0
2021-11-16 12:00:00,1.13669,1.13746,1.13296,1.135,12027,5,0
2021-11-16 16:00:00,1.13498,1.13553,1.1316,1.13165,5326,5,0
2021-11-16 20:00:00,1.13165,1.13226,1.1308799999999999,1.13178,2130,5,0
2021-11-17 00:00:00,1.1318,1.13264,1.12623,1.12886,4669,5,0
2021-11-17 04:00:00,1.12887,1.13171,1.12886,1.13024,5035,5,0
2021-11-17 08:00:00,1.13024,1.13244,1.12989,1.13244,6478,5,0
2021-11-17 12:00:00,1.13242,1.13319,1.12931,1.13076,8440,5,0
2021-11-17 16:00:00,1.13075,1.13264,1.12995,1.13143,5528,5,0
2021-11-17 20:00:00,1.13141,1.13231,1.13109,1.13175,1523,5,0
2021-11-18 00:00:00,1.13177,1.13377,1.13163,1.13279,2647,5,0
2021-11-18 04:00:00,1.13278,1.13382,1.13136,1.13345,2996,5,0
2021-11-18 08:00:00,1.13343,1.13474,1.13239,1.13441,5920,5,0
2021-11-18 12:00:00,1.13442,1.13589,1.13267,1.1348,9384,5,0
2021-11-18 16:00:00,1.1347800000000001,1.13738,1.13462,1.13703,3732,5,0
2021-11-18 20:00:00,1.13704,1.13738,1.13676,1.13676,1067,5,0
2021-11-19 00:00:00,1.13677,1.13689,1.13518,1.13551,1884,5,0
2021-11-19 04:00:00,1.13548,1.13602,1.13434,1.13436,1985,5,0
2021-11-19 08:00:00,1.13436,1.1345,1.12827,1.12894,13702,5,0
2021-11-19 12:00:00,1.1289500000000001,1.13211,1.12498,1.13175,16085,5,0
2021-11-19 16:00:00,1.1317300000000001,1.1322,1.12853,1.12892,6664,5,0
2021-11-19 20:00:00,1.12891,1.12915,1.12803,1.1280999999999999,1303,5,0
2021-11-21 20:00:00,1.12877,1.12878,1.12716,1.12752,797,6,0
2021-11-22 00:00:00,1.12753,1.1289500000000001,1.12647,1.12707,3976,5,0
2021-11-22 04:00:00,1.12706,1.12785,1.12598,1.12598,4144,5,0
2021-11-22 08:00:00,1.12601,1.12902,1.12601,1.12766,8807,5,0
2021-11-22 12:00:00,1.12764,1.12823,1.12359,1.12464,15080,5,0
2021-11-22 16:00:00,1.12464,1.12653,1.12309,1.12314,5510,5,0
2021-11-22 20:00:00,1.12312,1.12413,1.12305,1.12413,1611,5,0
2021-11-23 00:00:00,1.12412,1.12436,1.12259,1.1237,1875,5,0
2021-11-23 04:00:00,1.12369,1.1264,1.12314,1.1252900000000001,4944,5,0
2021-11-23 08:00:00,1.12528,1.12747,1.12392,1.12429,12392,5,0
2021-11-23 12:00:00,1.12432,1.1265,1.12341,1.1264,11047,5,0
2021-11-23 16:00:00,1.1264,1.1271,1.1246,1.125,5182,5,0
2021-11-23 20:00:00,1.125,1.12535,1.12421,1.1244399999999999,1262,5,0
2021-11-24 00:00:00,1.12442,1.12468,1.12325,1.12353,2629,5,0
2021-11-24 04:00:00,1.12351,1.1247,1.12331,1.12452,3416,5,0
2021-11-24 08:00:00,1.12453,1.1255,1.12031,1.12172,9456,5,0
2021-11-24 12:00:00,1.1217,1.12194,1.11859,1.11962,17475,5,0
2021-11-24 16:00:00,1.1196,1.12032,1.11873,1.11983,5688,5,0
2021-11-24 20:00:00,1.11986,1.12052,1.11975,1.12023,1156,5,0
2021-11-25 00:00:00,1.12025,1.12178,1.12025,1.12136,1594,5,0
2021-11-25 04:00:00,1.12135,1.12199,1.12098,1.12153,1680,5,0
2021-11-25 08:00:00,1.12154,1.12289,1.12145,1.12187,4795,5,0
2021-11-25 12:00:00,1.12188,1.12293,1.12074,1.12097,4849,5,0
2021-11-25 16:00:00,1.12094,1.12149,1.12053,1.12076,2002,5,0
2021-11-25 20:00:00,1.12075,1.12121,1.12044,1.12088,895,6,0
2021-11-26 00:00:00,1.12086,1.12269,1.12067,1.12187,4659,5,0
2021-11-26 04:00:00,1.12188,1.12437,1.12174,1.12337,6604,5,0
2021-11-26 08:00:00,1.12335,1.12951,1.123,1.12777,17614,5,0
2021-11-26 12:00:00,1.12777,1.13208,1.12738,1.13165,15086,5,0
2021-11-26 16:00:00,1.13164,1.13207,1.1290499999999999,1.13131,6922,5,0
2021-11-26 20:00:00,1.13135,1.13287,1.13082,1.13131,1023,37,0
2021-11-28 20:00:00,1.13058,1.13112,1.12804,1.12923,2348,6,0
2021-11-29 00:00:00,1.12921,1.1296599999999999,1.12768,1.12807,4069,5,0
2021-11-29 04:00:00,1.12805,1.12848,1.12613,1.12636,4857,5,0
2021-11-29 08:00:00,1.12638,1.12945,1.12601,1.12919,6811,5,0
2021-11-29 12:00:00,1.1292,1.12936,1.12582,1.1266,10422,5,0
2021-11-29 16:00:00,1.12662,1.12752,1.12585,1.12731,3542,5,0
2021-11-29 20:00:00,1.12732,1.13001,1.12732,1.12924,1762,5,0
2021-11-30 00:00:00,1.12926,1.1304400000000001,1.12847,1.12986,2268,5,0
2021-11-30 04:00:00,1.12985,1.13318,1.12952,1.13284,6778,5,0
2021-11-30 08:00:00,1.13286,1.13725,1.13282,1.13472,9255,5,0
2021-11-30 12:00:00,1.13473,1.13826,1.12496,1.12589,20652,5,0
2021-11-30 16:00:00,1.12588,1.13246,1.12348,1.13244,20230,5,0
2021-11-30 20:00:00,1.13242,1.13452,1.13188,1.1329799999999999,2939,5,0
2021-12-01 00:00:00,1.13299,1.1336,1.13163,1.13279,3314,5,0
2021-12-01 04:00:00,1.13277,1.13435,1.13169,1.13403,4572,5,0
2021-12-01 08:00:00,1.13404,1.13594,1.13025,1.1320999999999999,11556,5,0
2021-12-01 12:00:00,1.13207,1.13575,1.13107,1.13342,12995,5,0
2021-12-01 16:00:00,1.13341,1.1335,1.13151,1.13172,7282,5,0
2021-12-01 20:00:00,1.13174,1.13212,1.1309,1.13188,2080,5,0
2021-12-02 00:00:00,1.13189,1.13389,1.13148,1.13304,2089,5,0
2021-12-02 04:00:00,1.13303,1.13334,1.1307,1.13096,2954,5,0
2021-12-02 08:00:00,1.13097,1.13436,1.13097,1.13397,7396,5,0
2021-12-02 12:00:00,1.13398,1.13474,1.13127,1.13174,11275,5,0
2021-12-02 16:00:00,1.13172,1.13201,1.12951,1.1296599999999999,6186,5,0
2021-12-02 20:00:00,1.12965,1.1306,1.12964,1.1305399999999999,1504,5,0
2021-12-03 00:00:00,1.13056,1.13072,1.12904,1.12938,1944,5,0
2021-12-03 04:00:00,1.12936,1.1302,1.12815,1.12919,2886,5,0
2021-12-03 08:00:00,1.12921,1.13158,1.12849,1.13083,6471,5,0
2021-12-03 12:00:00,1.13084,1.13333,1.12664,1.12789,23212,5,0
2021-12-03 16:00:00,1.12787,1.13269,1.12764,1.1311499999999999,9105,5,0
2021-12-03 20:00:00,1.13117,1.13146,1.1301,1.13093,1632,5,0
2021-12-05 20:00:00,1.13034,1.13116,1.13014,1.13039,936,6,0
2021-12-06 00:00:00,1.13038,1.13038,1.12881,1.12924,2459,5,0
2021-12-06 04:00:00,1.12923,1.12931,1.12746,1.1275,2702,5,0
2021-12-06 08:00:00,1.12751,1.13098,1.12746,1.12924,5906,5,0
2021-12-06 12:00:00,1.12925,1.13076,1.12662,1.12719,8371,5,0
2021-12-06 16:00:00,1.12718,1.12879,1.12694,1.12786,3589,5,0
2021-12-06 20:00:00,1.1278299999999999,1.12867,1.12778,1.12833,1375,5,0
2021-12-07 00:00:00,1.1283400000000001,1.12925,1.12756,1.12904,1868,5,0
2021-12-07 04:00:00,1.12906,1.12982,1.12863,1.12884,2616,5,0
2021-12-07 08:00:00,1.12886,1.12946,1.1253199999999999,1.12572,7628,5,0
2021-12-07 12:00:00,1.12574,1.12596,1.12274,1.12457,9241,5,0
2021-12-07 16:00:00,1.12456,1.1261,1.12363,1.1261,3758,5,0
2021-12-07 20:00:00,1.12611,1.12735,1.12589,1.12721,1419,5,0
2021-12-08 00:00:00,1.12724,1.12933,1.12724,1.12915,1671,5,0
2021-12-08 04:00:00,1.12914,1.12955,1.12836,1.12858,2276,5,0
2021-12-08 08:00:00,1.1286,1.12999,1.12681,1.12762,8360,5,0
2021-12-08 12:00:00,1.12762,1.13344,1.12667,1.13324,13212,5,0
2021-12-08 16:00:00,1.13325,1.1350500000000001,1.13248,1.13492,4342,5,0
2021-12-08 20:00:00,1.13489,1.13545,1.1339,1.13439,1559,5,0
2021-12-09 00:00:00,1.1344,1.1344,1.13291,1.13343,1522,5,0
2021-12-09 04:00:00,1.13345,1.13365,1.13169,1.13197,2688,5,0
2021-12-09 08:00:00,1.13199,1.13266,1.13104,1.13167,5815,5,0
2021-12-09 12:00:00,1.13165,1.13204,1.12784,1.12838,9007,5,0
2021-12-09 16:00:00,1.12836,1.12941,1.12782,1.12869,4076,5,0
2021-12-09 20:00:00,1.1287,1.12979,1.1287,1.12935,1101,5,0
2021-12-10 00:00:00,1.12933,1.13014,1.12869,1.12982,1670,5,0
2021-12-10 04:00:00,1.1298,1.13025,1.12862,1.12937,2288,5,0
2021-12-10 08:00:00,1.12938,1.12969,1.12648,1.12675,5182,5,0
2021-12-10 12:00:00,1.12674,1.13086,1.12666,1.13013,14361,5,0
2021-12-10 16:00:00,1.13013,1.1323699999999999,1.13001,1.1311,3804,5,0
2021-12-10 20:00:00,1.13111,1.13191,1.13104,1.13164,649,5,0
2021-12-12 20:00:00,1.13128,1.1319,1.1307800000000001,1.13106,466,6,0
2021-12-13 00:00:00,1.13104,1.13138,1.12934,1.12978,1611,5,0
2021-12-13 04:00:00,1.12976,1.12995,1.12837,1.12902,1923,5,0
2021-12-13 08:00:00,1.12903,1.12926,1.12599,1.1274,5147,5,0
2021-12-13 12:00:00,1.12738,1.12974,1.12724,1.12753,8598,5,0
2021-12-13 16:00:00,1.12753,1.13069,1.12741,1.1287099999999999,3166,5,0
2021-12-13 20:00:00,1.12869,1.12907,1.1280999999999999,1.12831,1634,5,0
2021-12-14 00:00:00,1.12829,1.12845,1.1271200000000001,1.12733,1852,5,0
2021-12-14 04:00:00,1.12732,1.12831,1.12703,1.12705,1845,5,0
2021-12-14 08:00:00,1.12703,1.13236,1.12661,1.13184,6461,5,0
2021-12-14 12:00:00,1.13183,1.13199,1.1271,1.12727,7992,5,0
2021-12-14 16:00:00,1.12725,1.12765,1.12555,1.12557,3310,5,0
2021-12-14 20:00:00,1.12559,1.12591,1.12535,1.12573,982,5,0
2021-12-15 00:00:00,1.12571,1.12696,1.12568,1.12595,1511,5,0
2021-12-15 04:00:00,1.12595,1.12763,1.12595,1.12638,2046,5,0
2021-12-15 08:00:00,1.12641,1.12769,1.12623,1.12696,4283,5,0
2021-12-15 12:00:00,1.12697,1.12756,1.12479,1.12519,9417,5,0
2021-12-15 16:00:00,1.12517,1.1275,1.12216,1.12724,20531,5,0
2021-12-15 20:00:00,1.12723,1.1299,1.12633,1.129,5964,5,0
2021-12-16 00:00:00,1.12901,1.12919,1.12811,1.12853,2246,5,0
2021-12-16 04:00:00,1.12855,1.1312,1.1283400000000001,1.13051,2582,5,0
2021-12-16 08:00:00,1.13052,1.13189,1.12902,1.12957,6635,5,0
2021-12-16 12:00:00,1.1295600000000001,1.1360000000000001,1.12921,1.13067,19543,5,0
2021-12-16 16:00:00,1.13069,1.13258,1.13011,1.13245,3260,5,0
2021-12-16 20:00:00,1.13245,1.13363,1.13188,1.13334,1939,5,0
2021-12-17 00:00:00,1.13336,1.13348,1.13202,1.13265,1937,5,0
2021-12-17 04:00:00,1.13266,1.13487,1.13171,1.1318,2923,5,0
2021-12-17 08:00:00,1.13179,1.13394,1.1311499999999999,1.13179,7084,5,0
2021-12-17 12:00:00,1.13181,1.13325,1.12734,1.12737,8483,5,0
2021-12-17 16:00:00,1.12737,1.12791,1.12509,1.12519,4320,5,0
2021-12-17 20:00:00,1.12518,1.12525,1.1235,1.12361,1684,5,0
2021-12-19 20:00:00,1.12375,1.12439,1.12345,1.12426,596,6,0
2021-12-20 00:00:00,1.12424,1.125,1.12363,1.12481,2209,5,0
2021-12-20 04:00:00,1.1248,1.1261,1.12442,1.12547,3672,5,0
2021-12-20 08:00:00,1.12549,1.12765,1.1249500000000001,1.12701,7376,5,0
2021-12-20 12:00:00,1.12703,1.13035,1.1268,1.12885,9093,5,0
2021-12-20 16:00:00,1.12887,1.13034,1.1273900000000001,1.1273900000000001,4235,5,0
2021-12-20 20:00:00,1.12738,1.12803,1.12717,1.12769,1341,5,0
2021-12-21 00:00:00,1.12771,1.12867,1.12729,1.12822,1622,5,0
2021-12-21 04:00:00,1.12821,1.12954,1.12759,1.12876,2629,5,0
2021-12-21 08:00:00,1.12877,1.13024,1.12756,1.12853,6884,5,0
2021-12-21 12:00:00,1.12851,1.13011,1.12608,1.12638,8630,5,0
2021-12-21 16:00:00,1.12637,1.12816,1.12606,1.12811,4750,5,0
2021-12-21 20:00:00,1.1280999999999999,1.12869,1.12743,1.12869,1410,5,0
2021-12-22 00:00:00,1.1287099999999999,1.12937,1.12733,1.12761,1566,5,0
2021-12-22 04:00:00,1.12759,1.12759,1.12641,1.12673,2358,5,0
2021-12-22 08:00:00,1.12671,1.13103,1.12655,1.1301,6285,5,0
2021-12-22 12:00:00,1.13011,1.13238,1.12978,1.13207,7985,5,0
2021-12-22 16:00:00,1.1320999999999999,1.1342,1.13186,1.13323,4459,5,0
2021-12-22 20:00:00,1.1332200000000001,1.13385,1.13162,1.13264,1757,5,0
2021-12-23 00:00:00,1.13262,1.13418,1.1326,1.13386,1272,5,0
2021-12-23 04:00:00,1.13385,1.13416,1.13262,1.13281,1202,5,0
2021-12-23 08:00:00,1.13278,1.13303,1.13103,1.1323699999999999,4923,5,0
2021-12-23 12:00:00,1.13235,1.13279,1.129,1.13084,10298,5,0
2021-12-23 16:00:00,1.13083,1.13375,1.1306,1.1334,3635,5,0
2021-12-23 20:00:00,1.13337,1.13352,1.13217,1.13225,1954,5,0
2021-12-24 00:00:00,1.1322,1.1329500000000001,1.13208,1.13276,756,12,0
2021-12-24 04:00:00,1.13275,1.13338,1.13259,1.13303,484,19,0
2021-12-24 08:00:00,1.13305,1.13426,1.13253,1.13266,1086,19,0
2021-12-24 12:00:00,1.13264,1.13321,1.1305399999999999,1.13057,2729,19,0
2021-12-24 16:00:00,1.13059,1.1324,1.13052,1.13082,2795,40,0
2021-12-26 20:00:00,1.13118,1.13257,1.13059,1.13229,720,6,0
2021-12-27 00:00:00,1.13228,1.1323400000000001,1.13136,1.1323400000000001,1222,5,0
2021-12-27 04:00:00,1.13235,1.13303,1.1313,1.13297,1266,5,0
2021-12-27 08:00:00,1.1329500000000001,1.13343,1.1302699999999999,1.13147,5195,5,0
2021-12-27 12:00:00,1.13146,1.13307,1.13033,1.13184,5411,5,0
2021-12-27 16:00:00,1.13184,1.13314,1.1317599999999999,1.13249,2144,5,0
2021-12-27 20:00:00,1.13251,1.133,1.13233,1.13291,687,5,0
2021-12-28 00:00:00,1.13293,1.1331,1.13179,1.13252,1291,5,0
2021-12-28 04:00:00,1.13254,1.13286,1.1316,1.13171,1215,5,0
2021-12-28 08:00:00,1.13172,1.1333,1.13155,1.13325,4176,5,0
2021-12-28 12:00:00,1.13327,1.1333,1.12894,1.12951,6032,5,0
2021-12-28 16:00:00,1.12953,1.13205,1.12945,1.13022,3121,5,0
2021-12-28 20:00:00,1.1302,1.1313900000000001,1.13019,1.13127,1409,5,0
2021-12-29 00:00:00,1.13129,1.13131,1.12974,1.1306,1323,5,0
2021-12-29 04:00:00,1.13061,1.13071,1.12972,1.13,1239,5,0
2021-12-29 08:00:00,1.13,1.13029,1.12735,1.13007,5714,5,0
2021-12-29 12:00:00,1.13009,1.13684,1.12918,1.13489,10354,5,0
2021-12-29 16:00:00,1.13491,1.13532,1.13343,1.13427,3812,5,0
2021-12-29 20:00:00,1.13429,1.13595,1.13403,1.13595,1309,5,0
2021-12-30 00:00:00,1.13593,1.13593,1.13371,1.13376,1325,5,0
2021-12-30 04:00:00,1.13374,1.13374,1.13146,1.13172,2062,5,0
2021-12-30 08:00:00,1.13174,1.13256,1.12996,1.13256,4852,5,0
2021-12-30 12:00:00,1.13258,1.13442,1.12982,1.13303,9683,5,0
2021-12-30 16:00:00,1.13303,1.13316,1.13037,1.1327,3126,5,0
2021-12-30 20:00:00,1.13269,1.133,1.13182,1.13221,1229,5,0
2021-12-31 00:00:00,1.13219,1.13284,1.13142,1.13157,743,5,0
2021-12-31 04:00:00,1.13159,1.13253,1.13038,1.13046,1381,5,0
2021-12-31 08:00:00,1.13046,1.13362,1.13031,1.13188,5113,5,0
2021-12-31 12:00:00,1.13187,1.13752,1.13119,1.13719,10712,5,0
2021-12-31 16:00:00,1.13717,1.13861,1.13588,1.13831,3955,5,0
2022-01-02 20:00:00,1.13728,1.13782,1.13655,1.13726,835,6,0
2022-01-03 00:00:00,1.13727,1.13754,1.1341,1.1348,2170,5,0
2022-01-03 04:00:00,1.1348,1.13498,1.13348,1.13479,2280,5,0
2022-01-03 08:00:00,1.13477,1.13659,1.13351,1.13553,7320,5,0
2022-01-03 12:00:00,1.13555,1.13639,1.12901,1.12914,10825,5,0
2022-01-03 16:00:00,1.12915,1.12995,1.12795,1.12971,4342,5,0
2022-01-03 20:00:00,1.1297,1.1302,1.12934,1.13014,1322,5,0
2022-01-04 00:00:00,1.13016,1.13091,1.12953,1.12975,2093,5,0
2022-01-04 04:00:00,1.12973,1.13069,1.12831,1.12913,2502,5,0
2022-01-04 08:00:00,1.12911,1.13079,1.12758,1.12758,7909,5,0
2022-01-04 12:00:00,1.1276,1.13222,1.1272,1.13086,10667,5,0
2022-01-04 16:00:00,1.13086,1.13153,1.12778,1.12876,5392,5,0
2022-01-04 20:00:00,1.12878,1.12892,1.12806,1.12826,1503,5,0
2022-01-05 00:00:00,1.12825,1.12964,1.12769,1.1295600000000001,1454,5,0
2022-01-05 04:00:00,1.12953,1.13023,1.1287099999999999,1.12984,1940,5,0
2022-01-05 08:00:00,1.12986,1.1323400000000001,1.12964,1.13188,6600,5,0
2022-01-05 12:00:00,1.13191,1.13438,1.13029,1.13372,10516,5,0
2022-01-05 16:00:00,1.13369,1.13462,1.1307800000000001,1.13101,8332,5,0
2022-01-05 20:00:00,1.13103,1.13138,1.13019,1.13105,1963,5,0
2022-01-06 00:00:00,1.13106,1.13203,1.13047,1.1314899999999999,1974,5,0
2022-01-06 04:00:00,1.13147,1.13161,1.1284399999999999,1.12894,3117,5,0
2022-01-06 08:00:00,1.1289500000000001,1.13266,1.12846,1.1313,7877,5,0
2022-01-06 12:00:00,1.13131,1.13317,1.12927,1.1295600000000001,13668,5,0
2022-01-06 16:00:00,1.12954,1.13089,1.12865,1.12865,5156,5,0
2022-01-06 20:00:00,1.12867,1.12996,1.1286,1.12947,1390,5,0
2022-01-07 00:00:00,1.12946,1.13015,1.12898,1.12988,1439,5,0
2022-01-07 04:00:00,1.12986,1.13058,1.12978,1.13052,1521,5,0
2022-01-07 08:00:00,1.1305399999999999,1.1319,1.13007,1.13042,4750,5,0
2022-01-07 12:00:00,1.13043,1.1349,1.1292200000000001,1.1347,16638,5,0
2022-01-07 16:00:00,1.13469,1.13644,1.13374,1.1362700000000001,4203,5,0
2022-01-07 20:00:00,1.13626,1.13639,1.13571,1.13613,838,5,0
2022-01-09 20:00:00,1.13565,1.13607,1.13495,1.13534,768,6,0
2022-01-10 00:00:00,1.13532,1.13578,1.13335,1.13374,1279,5,0
2022-01-10 04:00:00,1.13374,1.13404,1.13263,1.13288,2167,5,0
2022-01-10 08:00:00,1.13289,1.13443,1.13205,1.13251,7129,5,0
2022-01-10 12:00:00,1.13253,1.13293,1.12847,1.13184,11625,5,0
2022-01-10 16:00:00,1.13182,1.13345,1.13159,1.13231,4539,5,0
2022-01-10 20:00:00,1.13229,1.13323,1.13207,1.13297,1592,5,0
2022-01-11 00:00:00,1.13299,1.13434,1.13283,1.13412,1790,5,0
2022-01-11 04:00:00,1.13411,1.1344400000000001,1.13315,1.13416,2511,5,0
2022-01-11 08:00:00,1.13414,1.13516,1.13258,1.13386,6740,5,0
2022-01-11 12:00:00,1.13387,1.1345,1.13127,1.13399,9547,5,0
2022-01-11 16:00:00,1.134,1.1374900000000001,1.134,1.13666,5275,5,0
2022-01-11 20:00:00,1.13664,1.13707,1.13638,1.13657,1417,5,0
2022-01-12 00:00:00,1.13659,1.13752,1.1364,1.13745,1367,5,0
2022-01-12 04:00:00,1.13744,1.13777,1.1355,1.13583,1871,5,0
2022-01-12 08:00:00,1.13583,1.1373199999999999,1.13545,1.13613,5458,5,0
2022-01-12 12:00:00,1.13614,1.14248,1.13595,1.14204,15377,5,0
2022-01-12 16:00:00,1.14205,1.1452499999999999,1.14186,1.14496,5544,5,0
2022-01-12 20:00:00,1.1449799999999999,1.14506,1.14391,1.14394,1432,5,0
2022-01-13 00:00:00,1.14392,1.14479,1.14355,1.14419,2102,5,0
2022-01-13 04:00:00,1.14419,1.14661,1.14383,1.14642,2702,5,0
2022-01-13 08:00:00,1.14645,1.14781,1.14572,1.14623,7790,5,0
2022-01-13 12:00:00,1.14626,1.14813,1.1447,1.14602,11152,5,0
2022-01-13 16:00:00,1.14604,1.14717,1.14547,1.14613,5738,5,0
2022-01-13 20:00:00,1.14613,1.1461999999999999,1.14507,1.14564,1713,5,0
2022-01-14 00:00:00,1.14562,1.14754,1.1451,1.14735,2628,5,0
2022-01-14 04:00:00,1.14734,1.14826,1.146,1.14657,3064,5,0
2022-01-14 08:00:00,1.14655,1.14744,1.14483,1.14517,6367,5,0
2022-01-14 12:00:00,1.14516,1.1455899999999999,1.14236,1.14331,14233,5,0
2022-01-14 16:00:00,1.1433,1.14355,1.13983,1.14151,5107,5,0
2022-01-14 20:00:00,1.1414900000000001,1.14175,1.14121,1.14148,1104,5,0
2022-01-16 20:00:00,1.14134,1.14162,1.14057,1.14111,755,6,0
2022-01-17 00:00:00,1.14112,1.14194,1.13999,1.1418,2186,5,0
2022-01-17 04:00:00,1.14181,1.14277,1.14118,1.14249,2176,5,0
2022-01-17 08:00:00,1.14249,1.14341,1.1406100000000001,1.14139,5696,5,0
2022-01-17 12:00:00,1.14136,1.14163,1.13916,1.14039,7197,5,0
2022-01-17 16:00:00,1.14038,1.14155,1.14007,1.1404,1860,5,0
2022-01-17 20:00:00,1.14042,1.1409799999999999,1.14016,1.1409799999999999,575,7,0
2022-01-18 00:00:00,1.14097,1.14212,1.13849,1.13922,3404,5,0
2022-01-18 04:00:00,1.13923,1.14043,1.1391,1.1397,5451,5,0
2022-01-18 08:00:00,1.13969,1.14056,1.13831,1.13862,9117,5,0
2022-01-18 12:00:00,1.13864,1.13916,1.13428,1.13429,12170,5,0
2022-01-18 16:00:00,1.1343,1.13438,1.13188,1.13267,6104,5,0
2022-01-18 20:00:00,1.13269,1.1332,1.13146,1.13284,2133,5,0
2022-01-19 00:00:00,1.13286,1.13297,1.13188,1.13275,2666,5,0
2022-01-19 04:00:00,1.13272,1.13426,1.13254,1.13304,3425,5,0
2022-01-19 08:00:00,1.13306,1.13495,1.13292,1.13376,6290,5,0
2022-01-19 12:00:00,1.13376,1.13537,1.13329,1.13441,9340,5,0
2022-01-19 16:00:00,1.13443,1.13568,1.13399,1.13509,5064,5,0
2022-01-19 20:00:00,1.13508,1.13546,1.13403,1.13426,1531,5,0
2022-01-20 00:00:00,1.13428,1.1365,1.13427,1.13533,2838,5,0
2022-01-20 04:00:00,1.13531,1.13665,1.13453,1.13595,2676,5,0
2022-01-20 08:00:00,1.13593,1.13687,1.13328,1.13399,6352,5,0
2022-01-20 12:00:00,1.13397,1.1357599999999999,1.13285,1.13477,10555,5,0
2022-01-20 16:00:00,1.1348,1.1353,1.13112,1.13121,4843,5,0
2022-01-20 20:00:00,1.13122,1.13183,1.13029,1.13127,2522,5,0
2022-01-21 00:00:00,1.13128,1.13348,1.13007,1.13255,3463,5,0
2022-01-21 04:00:00,1.13258,1.13364,1.13223,1.13285,2991,5,0
2022-01-21 08:00:00,1.13283,1.13451,1.13254,1.13296,6082,5,0
2022-01-21 12:00:00,1.13296,1.13594,1.13259,1.13456,9604,5,0
2022-01-21 16:00:00,1.13458,1.13531,1.13394,1.13412,4106,5,0
2022-01-21 20:00:00,1.1341,1.13452,1.13381,1.13439,1457,5,0
2022-01-23 20:00:00,1.13406,1.13446,1.13366,1.13409,672,6,0
2022-01-24 00:00:00,1.13407,1.13407,1.13273,1.13287,1954,5,0
2022-01-24 04:00:00,1.13285,1.1331,1.13145,1.13235,2701,5,0
2022-01-24 08:00:00,1.13233,1.13361,1.13012,1.13039,8911,5,0
2022-01-24 12:00:00,1.13041,1.13244,1.12903,1.13085,11410,5,0
2022-01-24 16:00:00,1.13087,1.13348,1.13043,1.13196,6281,5,0
2022-01-24 20:00:00,1.13194,1.13286,1.1318,1.1323400000000001,1976,5,0
2022-01-25 00:00:00,1.13236,1.13238,1.13087,1.13122,2131,5,0
2022-01-25 04:00:00,1.13124,1.13162,1.13014,1.13018,2697,5,0
2022-01-25 08:00:00,1.13019,1.13155,1.12684,1.12716,6845,5,0
2022-01-25 12:00:00,1.12716,1.1280999999999999,1.12631,1.1273900000000001,9286,5,0
2022-01-25 16:00:00,1.12738,1.13045,1.12713,1.13037,4012,5,0
2022-01-25 20:00:00,1.13035,1.13068,1.12937,1.1302699999999999,1853,5,0
2022-01-26 00:00:00,1.13029,1.13104,1.13011,1.13055,1304,5,0
2022-01-26 04:00:00,1.1305399999999999,1.13057,1.12891,1.12909,1968,5,0
2022-01-26 08:00:00,1.1291,1.1297,1.12751,1.12785,5489,5,0
2022-01-26 12:00:00,1.12786,1.12961,1.12715,1.12803,8101,5,0
2022-01-26 16:00:00,1.12802,1.13004,1.12472,1.12551,16731,5,0
2022-01-26 20:00:00,1.1255,1.1255,1.12351,1.12405,6980,5,0
2022-01-27 00:00:00,1.12404,1.12431,1.12209,1.12211,2684,5,0
2022-01-27 04:00:00,1.12212,1.12266,1.11957,1.11985,3953,5,0
2022-01-27 08:00:00,1.11983,1.12061,1.11521,1.11587,10054,5,0
2022-01-27 12:00:00,1.11587,1.11686,1.11311,1.11491,13829,5,0
2022-01-27 16:00:00,1.11491,1.11615,1.11356,1.11401,6690,5,0
2022-01-27 20:00:00,1.11401,1.11491,1.1138,1.11443,1838,5,0
2022-01-28 00:00:00,1.11444,1.11555,1.11379,1.11532,2234,5,0
2022-01-28 04:00:00,1.11531,1.11547,1.11254,1.11346,3480,5,0
2022-01-28 08:00:00,1.11347,1.11435,1.11212,1.11331,8148,5,0
2022-01-28 12:00:00,1.1132900000000001,1.11734,1.11252,1.1164,13844,5,0
2022-01-28 16:00:00,1.11641,1.11692,1.11432,1.11441,5943,5,0
2022-01-28 20:00:00,1.11439,1.1151200000000001,1.1141,1.11483,1060,5,0
2022-01-30 20:00:00,1.11435,1.11521,1.11382,1.11519,724,6,0
2022-01-31 00:00:00,1.11517,1.11626,1.11439,1.11609,2421,5,0
2022-01-31 04:00:00,1.11609,1.11713,1.116,1.11707,2354,5,0
2022-01-31 08:00:00,1.11709,1.11821,1.11529,1.11591,6478,5,0
2022-01-31 12:00:00,1.11589,1.12176,1.11461,1.12105,13011,5,0
2022-01-31 16:00:00,1.12106,1.12475,1.11986,1.1243,6939,5,0
2022-01-31 20:00:00,1.12429,1.12454,1.12291,1.12291,1836,5,0
2022-02-01 00:00:00,1.1229,1.12337,1.12207,1.1233,1957,5,0
2022-02-01 04:00:00,1.12329,1.12677,1.12329,1.12662,3479,5,0
2022-02-01 08:00:00,1.12663,1.12784,1.12515,1.12728,7641,5,0
2022-02-01 12:00:00,1.12729,1.12741,1.1245,1.1247,11235,5,0
2022-02-01 16:00:00,1.12469,1.12572,1.12342,1.12526,5536,5,0
2022-02-01 20:00:00,1.12526,1.12735,1.12517,1.12728,1870,5,0
2022-02-02 00:00:00,1.1273,1.12776,1.1268,1.12705,1257,5,0
2022-02-02 04:00:00,1.12704,1.12839,1.12664,1.12813,1944,5,0
2022-02-02 08:00:00,1.12812,1.13197,1.1278299999999999,1.13161,8078,5,0
2022-02-02 12:00:00,1.13162,1.133,1.12923,1.12965,10392,5,0
2022-02-02 16:00:00,1.1296599999999999,1.1314,1.12927,1.13098,3451,5,0
2022-02-02 20:00:00,1.131,1.13138,1.12981,1.12992,1425,5,0
2022-02-03 00:00:00,1.1299,1.1308,1.1293,1.13045,1416,5,0
2022-02-03 04:00:00,1.13042,1.13051,1.12879,1.1297,2461,5,0
2022-02-03 08:00:00,1.12967,1.13023,1.12752,1.12801,5614,5,0
2022-02-03 12:00:00,1.12802,1.14235,1.12672,1.14174,34800,5,0
2022-02-03 16:00:00,1.14174,1.14512,1.14143,1.14331,9573,5,0
2022-02-03 20:00:00,1.14331,1.14419,1.14278,1.14355,1963,5,0
2022-02-04 00:00:00,1.14354,1.14685,1.14319,1.14623,3164,5,0
2022-02-04 04:00:00,1.14621,1.14716,1.14512,1.1467100000000001,4450,5,0
2022-02-04 08:00:00,1.14668,1.14834,1.14396,1.14781,10963,5,0
2022-02-04 12:00:00,1.14782,1.14817,1.14115,1.14419,21785,5,0
2022-02-04 16:00:00,1.14418,1.14638,1.14357,1.14479,5191,5,0
2022-02-04 20:00:00,1.1448,1.14596,1.14476,1.14509,1257,5,0
2022-02-06 20:00:00,1.14562,1.14585,1.14513,1.14542,605,6,0
2022-02-07 00:00:00,1.14544,1.14556,1.14245,1.14327,2716,5,0
2022-02-07 04:00:00,1.14324,1.14404,1.14254,1.14319,3420,5,0
2022-02-07 08:00:00,1.14321,1.1449,1.1415,1.14432,8943,5,0
2022-02-07 12:00:00,1.1443,1.1458599999999999,1.14202,1.14432,12303,5,0
2022-02-07 16:00:00,1.1443,1.14506,1.14169,1.14431,5318,5,0
2022-02-07 20:00:00,1.14429,1.14429,1.14331,1.14407,1726,5,0
2022-02-08 00:00:00,1.14408,1.14485,1.14267,1.14298,1884,5,0
2022-02-08 04:00:00,1.14299,1.14306,1.1396,1.13987,3850,5,0
2022-02-08 08:00:00,1.13988,1.14333,1.13977,1.14259,7678,5,0
2022-02-08 12:00:00,1.14261,1.14269,1.1400000000000001,1.14179,9134,5,0
2022-02-08 16:00:00,1.1418,1.14236,1.14014,1.14143,4131,5,0
2022-02-08 20:00:00,1.14142,1.14205,1.14129,1.14188,1241,5,0
2022-02-09 00:00:00,1.14178,1.14322,1.1414900000000001,1.14301,1166,5,0
2022-02-09 04:00:00,1.14299,1.14312,1.14024,1.14087,2377,5,0
2022-02-09 08:00:00,1.14085,1.14446,1.14081,1.14293,6544,5,0
2022-02-09 12:00:00,1.14294,1.14457,1.14252,1.1428,8161,5,0
2022-02-09 16:00:00,1.1428,1.14476,1.14255,1.14322,5421,5,0
2022-02-09 20:00:00,1.1432,1.1433200000000001,1.14199,1.14209,1413,5,0
2022-02-10 00:00:00,1.14206,1.14298,1.14129,1.14285,1570,5,0
2022-02-10 04:00:00,1.14284,1.14313,1.14193,1.14285,2131,5,0
2022-02-10 08:00:00,1.14286,1.1446,1.14224,1.14318,6661,5,0
2022-02-10 12:00:00,1.14317,1.14735,1.13747,1.14665,24628,5,0
2022-02-10 16:00:00,1.14666,1.14947,1.14466,1.14493,16572,5,0
2022-02-10 20:00:00,1.14492,1.14547,1.14016,1.1411,4131,5,0
2022-02-11 00:00:00,1.14109,1.14116,1.13853,1.13927,3990,5,0
2022-02-11 04:00:00,1.13925,1.13928,1.1369799999999999,1.13847,4783,5,0
2022-02-11 08:00:00,1.13849,1.13994,1.13779,1.13945,8565,5,0
2022-02-11 12:00:00,1.13947,1.14178,1.13798,1.14019,12522,5,0
2022-02-11 16:00:00,1.14021,1.1408,1.1329500000000001,1.13333,28158,5,0
2022-02-11 20:00:00,1.13335,1.13518,1.13309,1.13477,6919,5,0
2022-02-13 20:00:00,1.13387,1.13669,1.13381,1.13643,1301,6,0
2022-02-14 00:00:00,1.13644,1.13689,1.13404,1.1343,3423,5,0
2022-02-14 04:00:00,1.13428,1.13521,1.13358,1.1338,3571,5,0
2022-02-14 08:00:00,1.13378,1.1343,1.13007,1.13108,10809,5,0
2022-02-14 12:00:00,1.13106,1.13423,1.12912,1.13053,19115,5,0
2022-02-14 16:00:00,1.1305399999999999,1.13141,1.12799,1.12945,11314,5,0
2022-02-14 20:00:00,1.12944,1.13075,1.12928,1.13056,2357,5,0
2022-02-15 00:00:00,1.13057,1.13222,1.1303,1.13172,2315,5,0
2022-02-15 04:00:00,1.13171,1.13278,1.13112,1.13125,3299,5,0
2022-02-15 08:00:00,1.13122,1.13536,1.13092,1.13455,12308,5,0
2022-02-15 12:00:00,1.13456,1.13596,1.13201,1.13547,12960,5,0
2022-02-15 16:00:00,1.13545,1.13679,1.13459,1.13591,4728,5,0
2022-02-15 20:00:00,1.13593,1.13634,1.13545,1.13551,1780,5,0
2022-02-16 00:00:00,1.1354899999999999,1.13594,1.13449,1.13456,1783,5,0
2022-02-16 04:00:00,1.13455,1.13778,1.13452,1.13751,2699,5,0
2022-02-16 08:00:00,1.13752,1.1395,1.1371,1.13849,8135,5,0
2022-02-16 12:00:00,1.13849,1.13865,1.13529,1.13653,11072,5,0
2022-02-16 16:00:00,1.13652,1.13955,1.13604,1.13901,7541,5,0
2022-02-16 20:00:00,1.13902,1.13932,1.13668,1.13726,2611,5,0
2022-02-17 00:00:00,1.13727,1.13846,1.13306,1.13363,4708,5,0
2022-02-17 04:00:00,1.13364,1.13751,1.1323,1.1375,11043,5,0
2022-02-17 08:00:00,1.13751,1.13858,1.13427,1.13656,13796,5,0
2022-02-17 12:00:00,1.13655,1.13789,1.13506,1.13689,17334,5,0
2022-02-17 16:00:00,1.1369,1.13753,1.13568,1.13636,4945,5,0
2022-02-17 20:00:00,1.13638,1.13696,1.1356600000000001,1.13638,1988,5,0
2022-02-18 00:00:00,1.13635,1.13711,1.1357599999999999,1.13672,3287,5,0
2022-02-18 04:00:00,1.1367,1.13734,1.13611,1.13697,2292,5,0
2022-02-18 08:00:00,1.13695,1.13766,1.13467,1.13622,6899,5,0
2022-02-18 12:00:00,1.13623,1.1368,1.13272,1.13408,11379,5,0
2022-02-18 16:00:00,1.1341,1.13421,1.13144,1.1331,7750,5,0
2022-02-18 20:00:00,1.13309,1.13314,1.13229,1.13232,1491,5,0
2022-02-20 20:00:00,1.13191,1.13245,1.13131,1.13162,918,6,0
2022-02-21 00:00:00,1.13163,1.13677,1.13132,1.13605,4003,5,0
2022-02-21 04:00:00,1.13604,1.13787,1.13582,1.13734,2374,5,0
2022-02-21 08:00:00,1.13735,1.13904,1.13457,1.13477,7808,5,0
2022-02-21 12:00:00,1.13475,1.135,1.13207,1.13361,9906,5,0
2022-02-21 16:00:00,1.13361,1.13489,1.13056,1.13172,2740,5,0
2022-02-21 20:00:00,1.13174,1.13174,1.12962,1.13089,1286,7,0
2022-02-22 00:00:00,1.1308799999999999,1.13196,1.12878,1.12921,3840,6,0
2022-02-22 04:00:00,1.12923,1.13123,1.12923,1.12965,5030,6,0
2022-02-22 08:00:00,1.12964,1.13665,1.12929,1.13458,12578,5,0
2022-02-22 12:00:00,1.13459,1.1359,1.13304,1.13351,12259,5,0
2022-02-22 16:00:00,1.13351,1.13538,1.13219,1.13344,7852,5,0
2022-02-22 20:00:00,1.13345,1.13408,1.13228,1.13287,2449,5,0
2022-02-23 00:00:00,1.13286,1.13386,1.13199,1.13255,1905,5,0
2022-02-23 04:00:00,1.13257,1.13425,1.13158,1.13396,2950,5,0
2022-02-23 08:00:00,1.13394,1.13586,1.13337,1.13403,6996,5,0
2022-02-23 12:00:00,1.134,1.1352,1.13205,1.13243,8620,5,0
2022-02-23 16:00:00,1.13242,1.13258,1.13036,1.13077,5191,5,0
2022-02-23 20:00:00,1.13075,1.13103,1.13,1.13052,1995,5,0
2022-02-24 00:00:00,1.1305399999999999,1.13058,1.12347,1.12379,10153,5,0
2022-02-24 04:00:00,1.12378,1.12553,1.1207799999999999,1.1245,18124,5,0
2022-02-24 08:00:00,1.12452,1.12621,1.1155,1.11738,26757,5,0
2022-02-24 12:00:00,1.1174,1.11846,1.11079,1.11093,25146,5,0
2022-02-24 16:00:00,1.11091,1.12121,1.11061,1.11869,24726,5,0
2022-02-24 20:00:00,1.11871,1.12208,1.11841,1.11901,6109,5,0
2022-02-25 00:00:00,1.11904,1.12176,1.1186099999999999,1.12171,7178,5,0
2022-02-25 04:00:00,1.1217,1.12282,1.11969,1.12101,7062,5,0
2022-02-25 08:00:00,1.12099,1.12149,1.11658,1.11847,15841,5,0
2022-02-25 12:00:00,1.11849,1.12506,1.11836,1.12438,23137,5,0
2022-02-25 16:00:00,1.1244,1.12666,1.12349,1.12633,8250,5,0
2022-02-25 20:00:00,1.12633,1.12738,1.12579,1.12713,2685,5,0
2022-02-27 20:00:00,1.11438,1.11871,1.11412,1.11797,2697,15,0
2022-02-28 00:00:00,1.1179999999999999,1.11943,1.11503,1.11506,8697,5,0
2022-02-28 04:00:00,1.11508,1.11992,1.1142,1.11894,10871,5,0
2022-02-28 08:00:00,1.11895,1.1232,1.11639,1.11988,19790,5,0
2022-02-28 12:00:00,1.1199,1.12362,1.11788,1.12315,20919,5,0
2022-02-28 16:00:00,1.12314,1.12461,1.11971,1.12221,12670,5,0
2022-02-28 20:00:00,1.12222,1.12228,1.12088,1.12142,2631,5,0
2022-03-01 00:00:00,1.1214,1.12144,1.1192,1.1192,3149,5,0
2022-03-01 04:00:00,1.11919,1.12297,1.11905,1.12294,4440,5,0
2022-03-01 08:00:00,1.12296,1.12328,1.11662,1.11755,16559,5,0
2022-03-01 12:00:00,1.11757,1.11803,1.11279,1.11398,19513,5,0
2022-03-01 16:00:00,1.114,1.1144,1.10895,1.11217,15757,5,0
2022-03-01 20:00:00,1.11218,1.11378,1.11164,1.11322,4173,5,0
2022-03-02 00:00:00,1.1132,1.11354,1.11111,1.11188,3516,5,0
2022-03-02 04:00:00,1.11189,1.11234,1.1083,1.10932,7904,5,0
2022-03-02 08:00:00,1.10933,1.11038,1.10586,1.10996,21551,5,0
2022-03-02 12:00:00,1.10995,1.11192,1.10573,1.10681,23361,5,0
2022-03-02 16:00:00,1.10682,1.11436,1.10634,1.11239,20398,5,0
2022-03-02 20:00:00,1.11241,1.11302,1.11104,1.11121,3545,5,0
2022-03-03 00:00:00,1.11123,1.11151,1.109,1.10994,4094,5,0
2022-03-03 04:00:00,1.10996,1.11061,1.1091,1.1097299999999999,3687,5,0
2022-03-03 08:00:00,1.10971,1.10998,1.10716,1.10864,9855,5,0
2022-03-03 12:00:00,1.10862,1.10967,1.10574,1.10617,16091,5,0
2022-03-03 16:00:00,1.10616,1.10675,1.10333,1.10576,13647,5,0
2022-03-03 20:00:00,1.10575,1.10675,1.10562,1.10656,2220,5,0
2022-03-04 00:00:00,1.10654,1.10664,1.10099,1.10257,17081,5,0
2022-03-04 04:00:00,1.10255,1.1039,1.10081,1.10119,6105,5,0
2022-03-04 08:00:00,1.1012,1.10239,1.09727,1.09755,11931,5,0
2022-03-04 12:00:00,1.09754,1.09818,1.08855,1.09185,24782,5,0
2022-03-04 16:00:00,1.09186,1.09366,1.09079,1.09127,12090,5,0
2022-03-04 20:00:00,1.09128,1.09401,1.09124,1.09316,3996,5,0
2022-03-06 20:00:00,1.09266,1.09273,1.08633,1.08733,3540,6,0
2022-03-07 00:00:00,1.08732,1.08855,1.08215,1.08709,15703,5,0
2022-03-07 04:00:00,1.0871,1.08975,1.08627,1.0871,12843,5,0
2022-03-07 08:00:00,1.08712,1.08905,1.08058,1.08592,22852,5,0
2022-03-07 12:00:00,1.08591,1.09322,1.0855299999999999,1.08757,37772,5,0
2022-03-07 16:00:00,1.08758,1.09,1.08454,1.08476,19950,5,0
2022-03-07 20:00:00,1.08478,1.08714,1.08465,1.08658,4476,5,0
2022-03-08 00:00:00,1.0866,1.08845,1.0849,1.08678,6961,5,0
2022-03-08 04:00:00,1.08676,1.08835,1.0851,1.08611,9967,5,0
2022-03-08 08:00:00,1.08612,1.09217,1.0856,1.0891,29424,5,0
2022-03-08 12:00:00,1.08912,1.0924,1.08717,1.08755,29014,5,0
2022-03-08 16:00:00,1.08753,1.09581,1.08748,1.09061,30499,5,0
2022-03-08 20:00:00,1.09062,1.09132,1.08898,1.08974,4519,5,0
2022-03-09 00:00:00,1.08976,1.09201,1.08965,1.09071,5084,5,0
2022-03-09 04:00:00,1.09072,1.09292,1.09069,1.09164,6345,5,0
2022-03-09 08:00:00,1.09162,1.09923,1.09106,1.09708,15443,5,0
2022-03-09 12:00:00,1.0971,1.105,1.09633,1.10438,25105,5,0
2022-03-09 16:00:00,1.10438,1.10949,1.10427,1.1077,15487,5,0
2022-03-09 20:00:00,1.10769,1.10831,1.1062,1.10732,4491,5,0
2022-03-10 00:00:00,1.10731,1.10733,1.10415,1.10587,4622,5,0
2022-03-10 04:00:00,1.10588,1.10717,1.10512,1.10647,5226,5,0
2022-03-10 08:00:00,1.10649,1.10788,1.10254,1.10399,29206,5,0
2022-03-10 12:00:00,1.10398,1.11208,1.09799,1.10187,42620,5,0
2022-03-10 16:00:00,1.10185,1.10196,1.09828,1.09846,8887,5,0
2022-03-10 20:00:00,1.09847,1.10147,1.09761,1.10132,2638,5,0
2022-03-11 00:00:00,1.1013,1.10185,1.09805,1.10042,5883,5,0
2022-03-11 04:00:00,1.10043,1.10101,1.09808,1.09833,6596,5,0
2022-03-11 08:00:00,1.09835,1.10427,1.096,1.10108,21778,5,0
2022-03-11 12:00:00,1.10109,1.1032,1.09459,1.09648,23908,5,0
2022-03-11 16:00:00,1.0965,1.09696,1.09018,1.09088,11305,5,0
2022-03-11 20:00:00,1.09087,1.09166,1.09052,1.09124,2484,5,0
2022-03-13 20:00:00,1.09209,1.09385,1.09111,1.09316,2782,6,0
2022-03-14 00:00:00,1.09317,1.09374,1.09004,1.09042,8097,5,0
2022-03-14 04:00:00,1.09045,1.09402,1.09009,1.09316,5886,5,0
2022-03-14 08:00:00,1.09318,1.09895,1.09302,1.09427,14526,5,0
2022-03-14 12:00:00,1.09429,1.09862,1.09348,1.09791,14931,5,0
2022-03-14 16:00:00,1.0979,1.09937,1.09456,1.09493,9031,5,0
2022-03-14 20:00:00,1.09495,1.09534,1.09304,1.09426,2999,5,0
2022-03-15 00:00:00,1.09427,1.09802,1.09374,1.09774,7460,5,0
2022-03-15 04:00:00,1.09773,1.10189,1.09667,1.10047,11438,5,0
2022-03-15 08:00:00,1.10049,1.10191,1.09779,1.09835,14956,5,0
2022-03-15 12:00:00,1.09838,1.10038,1.0963,1.09726,16754,5,0
2022-03-15 16:00:00,1.09726,1.09754,1.0926,1.09524,11248,5,0
2022-03-15 20:00:00,1.09522,1.09737,1.09417,1.09666,2408,5,0
2022-03-16 00:00:00,1.09668,1.0977,1.0955,1.09669,4733,5,0
2022-03-16 04:00:00,1.09669,1.0982,1.09557,1.09579,5419,5,0
2022-03-16 08:00:00,1.09581,1.10245,1.0958,1.1012,17966,5,0
2022-03-16 12:00:00,1.10118,1.10397,1.09821,1.0991900000000001,23613,5,0
2022-03-16 16:00:00,1.09917,1.10446,1.09499,1.10446,32416,5,0
2022-03-16 20:00:00,1.10446,1.10464,1.10071,1.10213,2878,5,0
2022-03-17 00:00:00,1.10215,1.10521,1.10201,1.10347,6923,5,0
2022-03-17 04:00:00,1.10348,1.10457,1.10219,1.10444,5244,5,0
2022-03-17 08:00:00,1.10446,1.10669,1.1023,1.10508,13722,5,0
2022-03-17 12:00:00,1.10506,1.1111,1.104,1.11097,16622,5,0
2022-03-17 16:00:00,1.11096,1.11372,1.10929,1.10984,6289,5,0
2022-03-17 20:00:00,1.10982,1.10997,1.10892,1.10988,1634,5,0
2022-03-18 00:00:00,1.10989,1.11185,1.1077,1.10838,5913,5,0
2022-03-18 04:00:00,1.10837,1.1094,1.10711,1.10784,5060,5,0
2022-03-18 08:00:00,1.10783,1.10803,1.10206,1.10224,11189,5,0
2022-03-18 12:00:00,1.10225,1.10532,1.10029,1.10478,15930,5,0
2022-03-18 16:00:00,1.10477,1.1072,1.1042,1.1052,8166,5,0
2022-03-18 20:00:00,1.1052,1.10536,1.10473,1.1051,520,5,0
2022-03-20 20:00:00,1.10559,1.10572,1.10408,1.1042399999999999,1346,6,0
2022-03-21 00:00:00,1.10421,1.10535,1.10375,1.10454,2044,5,0
2022-03-21 04:00:00,1.10452,1.10556,1.10345,1.10509,4093,5,0
2022-03-21 08:00:00,1.10508,1.107,1.10254,1.10311,10530,5,0
2022-03-21 12:00:00,1.1031,1.10505,1.10286,1.10449,10259,5,0
2022-03-21 16:00:00,1.10449,1.1052,1.101,1.10139,10682,5,0
2022-03-21 20:00:00,1.10139,1.10255,1.10123,1.10165,1352,5,0
2022-03-22 00:00:00,1.10166,1.10172,1.09808,1.10021,3489,5,0
2022-03-22 04:00:00,1.10023,1.10026,1.09608,1.09821,6664,5,0
2022-03-22 08:00:00,1.09822,1.10139,1.09807,1.09989,13383,5,0
2022-03-22 12:00:00,1.09991,1.10454,1.09991,1.10217,14623,5,0
2022-03-22 16:00:00,1.10215,1.10317,1.10111,1.103,4850,5,0
2022-03-22 20:00:00,1.10301,1.10432,1.10248,1.10291,2132,5,0
2022-03-23 00:00:00,1.10293,1.10321,1.1020699999999999,1.10262,2334,5,0
2022-03-23 04:00:00,1.10261,1.10396,1.10144,1.10167,3820,5,0
2022-03-23 08:00:00,1.10169,1.10233,1.09747,1.09826,9821,5,0
2022-03-23 12:00:00,1.09828,1.10052,1.09639,1.1001400000000001,12322,5,0
2022-03-23 16:00:00,1.10013,1.10115,1.0997,1.10046,4322,5,0
2022-03-23 20:00:00,1.10049,1.10104,1.10008,1.10058,1255,5,0
2022-03-24 00:00:00,1.10058,1.10134,1.09821,1.0985,2918,5,0
2022-03-24 04:00:00,1.09847,1.09888,1.09751,1.09779,3953,5,0
2022-03-24 08:00:00,1.09779,1.1001,1.09721,1.09874,12874,5,0
2022-03-24 12:00:00,1.09874,1.10132,1.09652,1.10059,14518,5,0
2022-03-24 16:00:00,1.10058,1.10082,1.09822,1.09989,5590,5,0
2022-03-24 20:00:00,1.09991,1.10096,1.09934,1.10083,1292,5,0
2022-03-25 00:00:00,1.10084,1.10311,1.10032,1.10274,3151,5,0
2022-03-25 04:00:00,1.10272,1.10376,1.10189,1.10229,4292,5,0
2022-03-25 08:00:00,1.10228,1.10264,1.10004,1.10182,8399,5,0
2022-03-25 12:00:00,1.1018,1.10243,1.09819,1.09822,15446,5,0
2022-03-25 16:00:00,1.09824,1.09964,1.09808,1.09833,7318,5,0
2022-03-25 20:00:00,1.09833,1.0986,1.09819,1.09839,429,5,0
2022-03-27 20:00:00,1.09855,1.09864,1.09773,1.09813,1272,6,0
2022-03-28 00:00:00,1.09812,1.09842,1.0950199999999999,1.09552,5813,5,0
2022-03-28 04:00:00,1.0955,1.09652,1.09447,1.09513,7111,5,0
2022-03-28 08:00:00,1.09514,1.09987,1.09445,1.09633,14986,5,0
2022-03-28 12:00:00,1.09634,1.09784,1.09464,1.0976,14362,5,0
2022-03-28 16:00:00,1.09759,1.09991,1.09739,1.09872,5948,5,0
2022-03-28 20:00:00,1.09873,1.09975,1.09805,1.0991,1554,5,0
2022-03-29 00:00:00,1.09912,1.09969,1.09687,1.09923,6655,5,0
2022-03-29 04:00:00,1.09925,1.10178,1.0979,1.09998,7547,5,0
2022-03-29 08:00:00,1.09998,1.1102400000000001,1.09749,1.10843,24524,5,0
2022-03-29 12:00:00,1.10845,1.11369,1.10789,1.11065,31673,5,0
2022-03-29 16:00:00,1.11066,1.11066,1.10714,1.10882,6767,5,0
2022-03-29 20:00:00,1.1088,1.10989,1.10818,1.10911,1634,5,0
2022-03-30 00:00:00,1.10909,1.11204,1.10879,1.11149,8429,5,0
2022-03-30 04:00:00,1.11149,1.11346,1.11054,1.1128,10149,5,0
2022-03-30 08:00:00,1.11282,1.11615,1.11142,1.11387,15656,5,0
2022-03-30 12:00:00,1.11384,1.11707,1.11116,1.11628,16862,5,0
2022-03-30 16:00:00,1.11627,1.11654,1.11476,1.11517,4089,5,0
2022-03-30 20:00:00,1.11519,1.11645,1.11519,1.1161,1215,5,0
2022-03-31 00:00:00,1.11609,1.11846,1.1156,1.11639,6391,5,0
2022-03-31 04:00:00,1.11637,1.11754,1.11498,1.11504,8849,5,0
2022-03-31 08:00:00,1.11502,1.11515,1.10879,1.11026,12942,5,0
2022-03-31 12:00:00,1.1102400000000001,1.1132,1.10675,1.10925,23710,5,0
2022-03-31 16:00:00,1.10926,1.10935,1.10608,1.10639,6623,5,0
2022-03-31 20:00:00,1.10639,1.10758,1.10637,1.10725,1852,5,0
2022-04-01 00:00:00,1.10726,1.10742,1.10594,1.10651,4135,5,0
2022-04-01 04:00:00,1.1065,1.10756,1.10428,1.10524,9591,5,0
2022-04-01 08:00:00,1.10523,1.1074,1.10413,1.10481,11112,5,0
2022-04-01 12:00:00,1.1048,1.1059,1.10278,1.10437,12419,5,0
2022-04-01 16:00:00,1.10439,1.10487,1.10323,1.10476,4150,5,0
2022-04-01 20:00:00,1.10475,1.10523,1.10442,1.10486,539,5,0
2022-04-03 20:00:00,1.10388,1.10455,1.10362,1.10455,802,6,0
2022-04-04 00:00:00,1.10455,1.10543,1.10434,1.10477,2715,5,0
2022-04-04 04:00:00,1.10477,1.10537,1.10271,1.10312,5734,5,0
2022-04-04 08:00:00,1.10311,1.10382,1.09958,1.0996299999999999,7829,5,0
2022-04-04 12:00:00,1.09965,1.10086,1.0979,1.09927,9103,5,0
2022-04-04 16:00:00,1.09925,1.09925,1.09602,1.09695,4434,5,0
2022-04-04 20:00:00,1.09693,1.09758,1.0967500000000001,1.09748,953,5,0
2022-04-05 00:00:00,1.09749,1.09796,1.09652,1.09723,2376,5,0
2022-04-05 04:00:00,1.09722,1.09878,1.09621,1.09816,7643,5,0
2022-04-05 08:00:00,1.09814,1.0985,1.09563,1.0967,7878,5,0
2022-04-05 12:00:00,1.09672,1.09754,1.09189,1.09204,12113,5,0
2022-04-05 16:00:00,1.09205,1.09228,1.08998,1.09037,3878,5,0
2022-04-05 20:00:00,1.09036,1.09079,1.09027,1.09057,858,5,0
2022-04-06 00:00:00,1.09058,1.0906,1.08906,1.09002,3399,5,0
2022-04-06 04:00:00,1.09,1.09013,1.08743,1.08951,7594,5,0
2022-04-06 08:00:00,1.0895,1.09266,1.0890900000000001,1.09166,10303,5,0
2022-04-06 12:00:00,1.09167,1.09378,1.09024,1.091,10470,5,0
2022-04-06 16:00:00,1.09102,1.09286,1.0878700000000001,1.09003,15663,5,0
2022-04-06 20:00:00,1.09001,1.09018,1.08925,1.08976,1310,5,0
2022-04-07 00:00:00,1.08975,1.09125,1.08967,1.09071,3480,5,0
2022-04-07 04:00:00,1.09071,1.09335,1.08943,1.08977,6126,5,0
2022-04-07 08:00:00,1.08978,1.09214,1.08644,1.09108,13905,5,0
2022-04-07 12:00:00,1.09109,1.09381,1.08952,1.08984,14353,5,0
2022-04-07 16:00:00,1.08981,1.08998,1.08674,1.08718,6331,5,0
2022-04-07 20:00:00,1.08717,1.08819,1.08601,1.0864,1713,5,0
2022-04-08 00:00:00,1.08642,1.08715,1.08564,1.08636,4478,5,0
2022-04-08 04:00:00,1.08635,1.08688,1.08474,1.08671,5663,5,0
2022-04-08 08:00:00,1.08671,1.08915,1.08587,1.08635,8077,5,0
2022-04-08 12:00:00,1.08633,1.08813,1.08363,1.08738,11915,5,0
2022-04-08 16:00:00,1.0873599999999999,1.08849,1.08649,1.08779,4002,5,0
2022-04-08 20:00:00,1.08779,1.08788,1.0872,1.08759,421,5,0
2022-04-10 20:00:00,1.09005,1.09123,1.08841,1.08842,2670,6,0
2022-04-11 00:00:00,1.08841,1.08945,1.0875,1.08829,3945,5,0
2022-04-11 04:00:00,1.0883,1.09133,1.08738,1.09096,7413,5,0
2022-04-11 08:00:00,1.09098,1.09329,1.08977,1.09008,7592,5,0
2022-04-11 12:00:00,1.09009,1.09056,1.08735,1.08755,9626,5,0
2022-04-11 16:00:00,1.08757,1.08943,1.08725,1.0884,4191,5,0
2022-04-11 20:00:00,1.08838,1.08859,1.08766,1.08767,1535,5,0
2022-04-12 00:00:00,1.08769,1.08871,1.08663,1.08745,3242,5,0
2022-04-12 04:00:00,1.08746,1.08829,1.08532,1.08705,6686,5,0
2022-04-12 08:00:00,1.08707,1.0873599999999999,1.08542,1.08621,7096,5,0
2022-04-12 12:00:00,1.08622,1.09034,1.08507,1.08526,20451,5,0
2022-04-12 16:00:00,1.08526,1.08646,1.0821,1.08304,7748,5,0
2022-04-12 20:00:00,1.08303,1.08311,1.08232,1.08258,1018,5,0
2022-04-13 00:00:00,1.08258,1.08405,1.08113,1.08371,3525,5,0
2022-04-13 04:00:00,1.08369,1.08446,1.0815,1.08379,6504,5,0
2022-04-13 08:00:00,1.0838,1.08475,1.08231,1.08306,7281,5,0
2022-04-13 12:00:00,1.08306,1.0873,1.08087,1.08715,12572,5,0
2022-04-13 16:00:00,1.08717,1.0894,1.08716,1.08827,6653,5,0
2022-04-13 20:00:00,1.08828,1.0897000000000001,1.08828,1.08948,1273,5,0
2022-04-14 00:00:00,1.0895,1.09091,1.08826,1.09069,3653,5,0
2022-04-14 04:00:00,1.09071,1.0923,1.09032,1.09081,5177,5,0
2022-04-14 08:00:00,1.0908,1.09173,1.08632,1.0865,10202,5,0
2022-04-14 12:00:00,1.08652,1.08901,1.07572,1.0796999999999999,35763,5,0
2022-04-14 16:00:00,1.07968,1.08346,1.07945,1.08242,8501,5,0
2022-04-14 20:00:00,1.0824,1.08341,1.08134,1.08205,1942,6,0
2022-04-15 00:00:00,1.0820400000000001,1.08208,1.07961,1.08035,3051,19,0
2022-04-15 04:00:00,1.08036,1.08111,1.08015,1.08109,989,12,0
2022-04-15 08:00:00,1.08108,1.08227,1.08042,1.0814300000000001,2259,19,0
2022-04-15 12:00:00,1.08148,1.08188,1.08046,1.08068,1543,19,0
2022-04-15 16:00:00,1.08067,1.08097,1.08046,1.08072,1069,26,0
2022-04-15 20:00:00,1.08068,1.08132,1.08067,1.08095,497,28,0
2022-04-17 20:00:00,1.0805,1.08214,1.08032,1.08138,2285,6,0
2022-04-18 00:00:00,1.0814,1.08157,1.07906,1.07928,4485,5,0
2022-04-18 04:00:00,1.07929,1.08034,1.0787,1.07912,3458,5,0
2022-04-18 08:00:00,1.07911,1.08134,1.0783,1.08089,2894,5,0
2022-04-18 12:00:00,1.08091,1.08141,1.07829,1.07835,6573,5,0
2022-04-18 16:00:00,1.07835,1.07863,1.07697,1.07829,3527,5,0
2022-04-18 20:00:00,1.0783,1.07877,1.07753,1.07799,1577,5,0
2022-04-19 00:00:00,1.07798,1.07872,1.07609,1.07723,4708,5,0
2022-04-19 04:00:00,1.07724,1.08025,1.0766499999999999,1.08016,6737,5,0
2022-04-19 08:00:00,1.08018,1.08142,1.07844,1.07954,7016,5,0
2022-04-19 12:00:00,1.07957,1.08083,1.07817,1.07891,13047,5,0
2022-04-19 16:00:00,1.07893,1.08031,1.07822,1.07887,4504,5,0
2022-04-19 20:00:00,1.07885,1.07949,1.07844,1.07939,1805,5,0
2022-04-20 00:00:00,1.07941,1.08225,1.07839,1.08185,6274,5,0
2022-04-20 04:00:00,1.0818699999999999,1.08219,1.08068,1.0809,5886,5,0
2022-04-20 08:00:00,1.08087,1.08659,1.08056,1.08266,10242,5,0
2022-04-20 12:00:00,1.08264,1.08659,1.0820400000000001,1.08546,12392,5,0
2022-04-20 16:00:00,1.08546,1.08596,1.08396,1.08532,5480,5,0
2022-04-20 20:00:00,1.0853,1.08545,1.08401,1.08493,1528,5,0
2022-04-21 00:00:00,1.0849199999999999,1.08503,1.08234,1.08301,4543,5,0
2022-04-21 04:00:00,1.08303,1.09349,1.08289,1.09269,11362,5,0
2022-04-21 08:00:00,1.09267,1.09297,1.08745,1.08794,9616,5,0
2022-04-21 12:00:00,1.08796,1.08957,1.08368,1.08417,13697,5,0
2022-04-21 16:00:00,1.08415,1.0858,1.08304,1.08383,9292,5,0
2022-04-21 20:00:00,1.08381,1.08417,1.08292,1.08348,2139,5,0
2022-04-22 00:00:00,1.0835,1.08463,1.08308,1.08411,4329,5,0
2022-04-22 04:00:00,1.0841,1.08513,1.08028,1.0806,9078,5,0
2022-04-22 08:00:00,1.08063,1.08249,1.07901,1.08211,8921,5,0
2022-04-22 12:00:00,1.08209,1.08446,1.07704,1.07886,15244,5,0
2022-04-22 16:00:00,1.07887,1.08001,1.07761,1.0793,6110,5,0
2022-04-22 20:00:00,1.07928,1.0802,1.0790899999999999,1.07982,726,5,0
2022-04-24 20:00:00,1.08047,1.08148,1.07959,1.08093,2274,6,0
2022-04-25 00:00:00,1.08095,1.08119,1.07772,1.07812,5823,5,0
2022-04-25 04:00:00,1.07812,1.0785,1.07066,1.07382,15275,5,0
2022-04-25 08:00:00,1.07381,1.07542,1.07195,1.07494,14370,5,0
2022-04-25 12:00:00,1.07492,1.0758,1.06959,1.07027,19345,5,0
2022-04-25 16:00:00,1.07027,1.07186,1.06966,1.07131,7981,5,0
2022-04-25 20:00:00,1.07132,1.07147,1.07069,1.07123,1553,5,0
2022-04-26 00:00:00,1.07124,1.07383,1.07113,1.07319,5241,5,0
2022-04-26 04:00:00,1.07319,1.07335,1.06753,1.06761,9412,5,0
2022-04-26 08:00:00,1.06759,1.06971,1.06691,1.06705,9819,5,0
2022-04-26 12:00:00,1.06708,1.06851,1.06415,1.06588,14236,5,0
2022-04-26 16:00:00,1.06587,1.06647,1.06382,1.06437,5786,5,0
2022-04-26 20:00:00,1.06436,1.06476,1.06347,1.06422,1961,5,0
2022-04-27 00:00:00,1.06424,1.06531,1.06333,1.06406,5303,5,0
2022-04-27 04:00:00,1.06406,1.06545,1.0587,1.06231,11968,5,0
2022-04-27 08:00:00,1.06233,1.06248,1.05801,1.05843,13978,5,0
2022-04-27 12:00:00,1.05844,1.05857,1.05143,1.0545,22030,5,0
2022-04-27 16:00:00,1.05453,1.0572,1.05452,1.05582,8055,5,0
2022-04-27 20:00:00,1.05581,1.05605,1.05493,1.05542,1559,5,0
2022-04-28 00:00:00,1.0554,1.0554,1.05088,1.05088,7847,5,0
2022-04-28 04:00:00,1.0509,1.05645,1.04806,1.05546,18807,5,0
2022-04-28 08:00:00,1.05547,1.05558,1.04861,1.049,14510,5,0
2022-04-28 12:00:00,1.04903,1.05309,1.04711,1.04997,27210,5,0
2022-04-28 16:00:00,1.04999,1.05155,1.04934,1.05095,7590,5,0
2022-04-28 20:00:00,1.05096,1.05096,1.04911,1.05027,1801,5,0
2022-04-29 00:00:00,1.05029,1.05294,1.05019,1.05129,5177,5,0
2022-04-29 04:00:00,1.0513,1.0578400000000001,1.05086,1.05616,10092,5,0
2022-04-29 08:00:00,1.05618,1.05927,1.05396,1.05443,13657,5,0
2022-04-29 12:00:00,1.05445,1.05592,1.05094,1.05402,22665,5,0
2022-04-29 16:00:00,1.05401,1.05785,1.05323,1.05485,9042,5,0
2022-04-29 20:00:00,1.05485,1.05517,1.05419,1.05449,795,5,0
2022-05-01 20:00:00,1.05489,1.05513,1.05343,1.05348,2361,6,0
2022-05-02 00:00:00,1.05348,1.05527,1.05172,1.05239,5684,5,0
2022-05-02 04:00:00,1.05241,1.05683,1.05099,1.05322,8321,5,0
2022-05-02 08:00:00,1.05324,1.05358,1.05136,1.05164,8713,5,0
2022-05-02 12:00:00,1.05162,1.05414,1.05026,1.05212,12741,5,0
2022-05-02 16:00:00,1.05211,1.0526,1.04902,1.05037,6523,5,0
2022-05-02 20:00:00,1.05035,1.05131,1.05014,1.05093,1278,5,0
2022-05-03 00:00:00,1.05096,1.05264,1.05076,1.05183,3473,5,0
2022-05-03 04:00:00,1.05183,1.05274,1.04942,1.05185,8987,5,0
2022-05-03 08:00:00,1.05186,1.05419,1.04921,1.05378,10560,5,0
2022-05-03 12:00:00,1.05377,1.05774,1.05314,1.05316,14948,5,0
2022-05-03 16:00:00,1.05315,1.05402,1.05114,1.05248,7177,5,0
2022-05-03 20:00:00,1.0525,1.05276,1.05181,1.05251,1339,5,0
2022-05-04 00:00:00,1.05248,1.05339,1.05139,1.0516,2906,5,0
2022-05-04 04:00:00,1.05157,1.05281,1.0506,1.05239,6083,5,0
2022-05-04 08:00:00,1.05237,1.0536,1.05144,1.05305,7360,5,0
2022-05-04 12:00:00,1.05303,1.05639,1.05244,1.05399,12532,5,0
2022-05-04 16:00:00,1.054,1.06264,1.05104,1.0608,50675,5,0
2022-05-04 20:00:00,1.06082,1.06307,1.06035,1.06204,3407,5,0
2022-05-05 00:00:00,1.06203,1.06415,1.0604,1.06175,7847,5,0
2022-05-05 04:00:00,1.06174,1.06189,1.0584500000000001,1.05974,11161,5,0
2022-05-05 08:00:00,1.05976,1.06074,1.05454,1.05476,15480,5,0
2022-05-05 12:00:00,1.05475,1.05733,1.05032,1.05065,24122,5,0
2022-05-05 16:00:00,1.05065,1.05506,1.04924,1.05503,14786,5,0
2022-05-05 20:00:00,1.05502,1.05502,1.05354,1.05394,2437,5,0
2022-05-06 00:00:00,1.05396,1.05505,1.05157,1.05329,8615,5,0
2022-05-06 04:00:00,1.05328,1.05429,1.04821,1.05211,16058,5,0
2022-05-06 08:00:00,1.0521,1.05984,1.05124,1.05655,23585,5,0
2022-05-06 12:00:00,1.05653,1.0596,1.05475,1.05707,37250,5,0
2022-05-06 16:00:00,1.05707,1.058,1.05362,1.05473,10888,5,0
2022-05-06 20:00:00,1.05474,1.05478,1.05404,1.05458,754,5,0
2022-05-08 20:00:00,1.05429,1.05429,1.05307,1.05322,1469,6,0
2022-05-09 00:00:00,1.05321,1.05351,1.05028,1.05099,6348,5,0
2022-05-09 04:00:00,1.05097,1.05291,1.04951,1.05116,10350,5,0
2022-05-09 08:00:00,1.05117,1.05522,1.05011,1.05465,12324,5,0
2022-05-09 12:00:00,1.05464,1.05732,1.0517,1.05567,18791,5,0
2022-05-09 16:00:00,1.05568,1.05923,1.05504,1.05579,11168,5,0
2022-05-09 20:00:00,1.05578,1.05689,1.05514,1.0563,1815,5,0
2022-05-10 00:00:00,1.05631,1.05795,1.05532,1.0578400000000001,8314,5,0
2022-05-10 04:00:00,1.05783,1.05851,1.05509,1.05569,9994,5,0
2022-05-10 08:00:00,1.0557,1.05756,1.05353,1.0553,12283,5,0
2022-05-10 12:00:00,1.05529,1.05747,1.05253,1.05307,18522,5,0
2022-05-10 16:00:00,1.05308,1.05465,1.0526200000000001,1.05354,8825,5,0
2022-05-10 20:00:00,1.05353,1.05354,1.0526,1.05289,1224,5,0
2022-05-11 00:00:00,1.05289,1.05389,1.05254,1.05365,3825,5,0
2022-05-11 04:00:00,1.05363,1.05605,1.05336,1.05519,7445,5,0
2022-05-11 08:00:00,1.05521,1.05755,1.05431,1.05447,12463,5,0
2022-05-11 12:00:00,1.05448,1.05769,1.05017,1.0537,41025,5,0
2022-05-11 16:00:00,1.05369,1.05452,1.05136,1.05152,13388,5,0
2022-05-11 20:00:00,1.05154,1.05179,1.05095,1.05116,1640,5,0
2022-05-12 00:00:00,1.05119,1.0529,1.05074,1.05218,5856,5,0
2022-05-12 04:00:00,1.0522,1.05253,1.04427,1.04592,18744,5,0
2022-05-12 08:00:00,1.04594,1.04649,1.03885,1.03992,16643,5,0
2022-05-12 12:00:00,1.03991,1.04378,1.03713,1.03746,22387,5,0
2022-05-12 16:00:00,1.03748,1.03903,1.03537,1.03729,11008,5,0
2022-05-12 20:00:00,1.03727,1.0384,1.03724,1.03782,1606,5,0
2022-05-13 00:00:00,1.03781,1.03977,1.03729,1.03909,5938,5,0
2022-05-13 04:00:00,1.03909,1.0419,1.03834,1.04156,10961,5,0
2022-05-13 08:00:00,1.04154,1.0419100000000001,1.03706,1.03824,10952,5,0
2022-05-13 12:00:00,1.03825,1.04157,1.03492,1.04116,15730,5,0
2022-05-13 16:00:00,1.0411299999999999,1.04156,1.03934,1.04015,5422,5,0
2022-05-13 20:00:00,1.04017,1.04088,1.03994,1.04081,526,5,0
2022-05-15 20:00:00,1.04042,1.04143,1.03963,1.03978,2262,6,0
2022-05-16 00:00:00,1.0398,1.04169,1.03889,1.03965,6589,5,0
2022-05-16 04:00:00,1.03964,1.04256,1.03932,1.04085,7074,5,0
2022-05-16 08:00:00,1.04087,1.0438,1.04064,1.04186,8164,5,0
2022-05-16 12:00:00,1.04186,1.04342,1.03891,1.04194,12213,5,0
2022-05-16 16:00:00,1.04193,1.04427,1.04156,1.04319,3997,5,0
2022-05-16 20:00:00,1.04321,1.04394,1.04285,1.0439,1179,5,0
2022-05-17 00:00:00,1.04388,1.04539,1.04317,1.04399,4867,5,0
2022-05-17 04:00:00,1.04399,1.04743,1.0435699999999999,1.04636,6652,5,0
2022-05-17 08:00:00,1.04635,1.05555,1.0456,1.05391,15206,5,0
2022-05-17 12:00:00,1.05392,1.05492,1.05251,1.05325,13165,5,0
2022-05-17 16:00:00,1.05323,1.05545,1.05212,1.05456,15339,5,0
2022-05-17 20:00:00,1.05456,1.05528,1.05423,1.05486,1206,5,0
2022-05-18 00:00:00,1.05484,1.05635,1.05242,1.05323,5419,5,0
2022-05-18 04:00:00,1.05321,1.05402,1.05133,1.0516,7096,5,0
2022-05-18 08:00:00,1.05161,1.05288,1.0493999999999999,1.05101,8654,5,0
2022-05-18 12:00:00,1.05103,1.05416,1.04887,1.04909,12654,5,0
2022-05-18 16:00:00,1.04909,1.04978,1.04645,1.04658,5938,5,0
2022-05-18 20:00:00,1.0466,1.04749,1.0458,1.04728,1774,5,0
2022-05-19 00:00:00,1.0473,1.05063,1.04679,1.04999,7755,5,0
2022-05-19 04:00:00,1.04997,1.05064,1.04648,1.04921,8101,5,0
2022-05-19 08:00:00,1.04922,1.0539,1.04795,1.05175,13224,5,0
2022-05-19 12:00:00,1.05174,1.05983,1.05163,1.05866,24255,5,0
2022-05-19 16:00:00,1.05866,1.06069,1.05797,1.05911,8310,5,0
2022-05-19 20:00:00,1.05909,1.05909,1.05781,1.05791,1631,5,0
2022-05-20 00:00:00,1.05793,1.05833,1.05544,1.0566,5668,5,0
2022-05-20 04:00:00,1.05657,1.05931,1.05622,1.05761,9077,5,0
2022-05-20 08:00:00,1.05763,1.05989,1.05545,1.05664,9084,5,0
2022-05-20 12:00:00,1.05663,1.05799,1.05398,1.05582,13038,5,0
2022-05-20 16:00:00,1.0558,1.056,1.05327,1.0557,8215,5,0
2022-05-20 20:00:00,1.05569,1.05673,1.05524,1.05603,848,5,0
2022-05-22 20:00:00,1.05615,1.05777,1.05568,1.05689,1382,6,0
2022-05-23 00:00:00,1.05689,1.05943,1.05678,1.05923,4809,5,0
2022-05-23 04:00:00,1.05923,1.06131,1.05884,1.06007,8037,5,0
2022-05-23 08:00:00,1.06005,1.06871,1.06005,1.06561,16740,5,0
2022-05-23 12:00:00,1.06562,1.06909,1.06442,1.06694,14011,5,0
2022-05-23 16:00:00,1.06692,1.0697,1.0665499999999999,1.06864,4731,5,0
2022-05-23 20:00:00,1.06865,1.06938,1.06792,1.06835,1579,5,0
2022-05-24 00:00:00,1.06834,1.06859,1.06608,1.06723,3043,5,0
2022-05-24 04:00:00,1.06724,1.07359,1.06622,1.07305,12127,5,0
2022-05-24 08:00:00,1.07308,1.07334,1.07008,1.07142,12288,5,0
2022-05-24 12:00:00,1.07144,1.07468,1.06955,1.07429,18875,5,0
2022-05-24 16:00:00,1.07429,1.07483,1.0722,1.0729899999999999,6976,5,0
2022-05-24 20:00:00,1.07301,1.07388,1.07286,1.07326,1258,5,0
2022-05-25 00:00:00,1.07326,1.07364,1.07031,1.07135,5013,5,0
2022-05-25 04:00:00,1.0713300000000001,1.07139,1.06815,1.06839,7509,5,0
2022-05-25 08:00:00,1.0684,1.06859,1.0654,1.0659399999999999,11356,5,0
2022-05-25 12:00:00,1.06595,1.06869,1.06422,1.06566,13384,5,0
2022-05-25 16:00:00,1.06568,1.06942,1.06518,1.06769,11859,5,0
2022-05-25 20:00:00,1.0677,1.06956,1.06734,1.06868,2669,5,0
2022-05-26 00:00:00,1.06867,1.07062,1.06851,1.07013,5913,5,0
2022-05-26 04:00:00,1.07015,1.07023,1.06623,1.06887,7817,5,0
2022-05-26 08:00:00,1.06885,1.07227,1.06775,1.07053,8984,5,0
2022-05-26 12:00:00,1.07053,1.07291,1.0688900000000001,1.07254,11538,5,0
2022-05-26 16:00:00,1.0725500000000001,1.07289,1.07019,1.07235,4588,5,0
2022-05-26 20:00:00,1.07237,1.07343,1.07233,1.07323,1550,5,0
2022-05-27 00:00:00,1.07324,1.07649,1.07304,1.07555,5487,5,0
2022-05-27 04:00:00,1.07554,1.07581,1.07332,1.07357,5526,5,0
2022-05-27 08:00:00,1.07356,1.07431,1.06968,1.07069,8436,5,0
2022-05-27 12:00:00,1.0707,1.075,1.0701,1.07073,13617,5,0
2022-05-27 16:00:00,1.07074,1.07338,1.07039,1.07334,3680,5,0
2022-05-27 20:00:00,1.07332,1.0734,1.07275,1.0734,384,5,0
2022-05-29 20:00:00,1.07354,1.07359,1.07261,1.0729,828,6,0
2022-05-30 00:00:00,1.07291,1.07556,1.07267,1.07444,3739,5,0
2022-05-30 04:00:00,1.07445,1.07697,1.07402,1.07425,6446,5,0
2022-05-30 08:00:00,1.07425,1.07802,1.07401,1.07667,6802,5,0
2022-05-30 12:00:00,1.0766499999999999,1.07836,1.0748199999999999,1.07793,6926,5,0
2022-05-30 16:00:00,1.07793,1.07863,1.07762,1.0778,1160,5,0
2022-05-30 20:00:00,1.07779,1.07814,1.07701,1.0772599999999999,943,6,0
2022-05-31 00:00:00,1.07728,1.07744,1.07341,1.07509,6862,5,0
2022-05-31 04:00:00,1.07508,1.07549,1.07275,1.07364,6941,5,0
2022-05-31 08:00:00,1.07363,1.07457,1.06887,1.07131,12802,5,0
2022-05-31 12:00:00,1.0713,1.07367,1.06789,1.07311,18881,5,0
2022-05-31 16:00:00,1.0731,1.07465,1.07233,1.07351,5240,5,0
2022-05-31 20:00:00,1.07351,1.07374,1.07296,1.07338,1312,5,0
2022-06-01 00:00:00,1.07341,1.07343,1.07074,1.07181,4443,5,0
2022-06-01 04:00:00,1.07183,1.0737,1.07051,1.07148,6639,5,0
2022-06-01 08:00:00,1.07146,1.0739,1.07017,1.0708199999999999,7830,5,0
2022-06-01 12:00:00,1.0708,1.07304,1.06269,1.06445,15285,5,0
2022-06-01 16:00:00,1.06444,1.06603,1.0637,1.06499,6206,5,0
2022-06-01 20:00:00,1.06497,1.06543,1.06458,1.06507,1159,5,0
2022-06-02 00:00:00,1.06505,1.06593,1.06447,1.06541,4198,5,0
2022-06-02 04:00:00,1.0654,1.06918,1.06495,1.06857,5139,5,0
2022-06-02 08:00:00,1.06855,1.06967,1.06805,1.0694,4863,5,0
2022-06-02 12:00:00,1.06938,1.0738,1.06846,1.07319,13483,5,0
2022-06-02 16:00:00,1.07321,1.07486,1.07302,1.07483,3915,5,0
2022-06-02 20:00:00,1.07485,1.07504,1.07394,1.075,934,5,0
2022-06-03 00:00:00,1.07501,1.07643,1.07466,1.07531,3218,5,0
2022-06-03 04:00:00,1.07531,1.07603,1.07449,1.0756000000000001,3529,5,0
2022-06-03 08:00:00,1.07561,1.07622,1.07256,1.07284,5138,5,0
2022-06-03 12:00:00,1.07282,1.07517,1.07038,1.07109,16239,5,0
2022-06-03 16:00:00,1.07108,1.07292,1.07106,1.07202,3323,5,0
2022-06-03 20:00:00,1.072,1.07215,1.07146,1.0719,421,5,0
2022-06-05 20:00:00,1.0719,1.07294,1.0714299999999999,1.0725,1249,6,0
2022-06-06 00:00:00,1.07252,1.0731600000000001,1.071,1.0725,3593,5,0
2022-06-06 04:00:00,1.07248,1.07422,1.0718,1.07418,5511,5,0
2022-06-06 08:00:00,1.0742,1.07517,1.07239,1.07306,6020,5,0
2022-06-06 12:00:00,1.07307,1.07309,1.0683799999999999,1.06971,9436,5,0
2022-06-06 16:00:00,1.06969,1.07028,1.0685,1.06954,4042,5,0
2022-06-06 20:00:00,1.06954,1.06969,1.06849,1.06894,1138,5,0
2022-06-07 00:00:00,1.06896,1.06917,1.06704,1.06814,3681,5,0
2022-06-07 04:00:00,1.06812,1.06998,1.06651,1.06872,9073,5,0
2022-06-07 08:00:00,1.06874,1.07046,1.06579,1.06616,8134,5,0
2022-06-07 12:00:00,1.06614,1.07097,1.06519,1.06963,12049,5,0
2022-06-07 16:00:00,1.06965,1.0714,1.06929,1.07078,3967,5,0
2022-06-07 20:00:00,1.07076,1.0708199999999999,1.06962,1.0697,1108,5,0
2022-06-08 00:00:00,1.06972,1.07008,1.06809,1.06835,4222,5,0
2022-06-08 04:00:00,1.06833,1.06946,1.06774,1.06887,5730,5,0
2022-06-08 08:00:00,1.06886,1.07395,1.06713,1.07353,10135,5,0
2022-06-08 12:00:00,1.07352,1.0748199999999999,1.07187,1.07414,11091,5,0
2022-06-08 16:00:00,1.07413,1.07431,1.07125,1.07134,4095,5,0
2022-06-08 20:00:00,1.07136,1.07205,1.07126,1.07167,1029,5,0
2022-06-09 00:00:00,1.07169,1.07333,1.07093,1.07294,3475,5,0
2022-06-09 04:00:00,1.07292,1.0732,1.07017,1.07019,5219,5,0
2022-06-09 08:00:00,1.07019,1.07495,1.06882,1.07281,18721,5,0
2022-06-09 12:00:00,1.07279,1.07735,1.06449,1.06572,34127,5,0
2022-06-09 16:00:00,1.0657,1.06596,1.06122,1.0613,6705,5,0
2022-06-09 20:00:00,1.06128,1.06216,1.06109,1.06189,1903,5,0
2022-06-10 00:00:00,1.06191,1.06351,1.06111,1.06341,3778,5,0
2022-06-10 04:00:00,1.06339,1.06419,1.06188,1.06253,6864,5,0
2022-06-10 08:00:00,1.06251,1.0633,1.05709,1.0574,10221,5,0
2022-06-10 12:00:00,1.05739,1.0586,1.05056,1.05197,28445,5,0
2022-06-10 16:00:00,1.05199,1.05331,1.05117,1.05187,6916,5,0
2022-06-10 20:00:00,1.05185,1.05221,1.05148,1.05183,670,5,0
2022-06-12 20:00:00,1.0516,1.05198,1.04863,1.04906,3543,6,0
2022-06-13 00:00:00,1.04906,1.04954,1.04755,1.04914,6877,5,0
2022-06-13 04:00:00,1.04912,1.04952,1.04606,1.04654,9589,5,0
2022-06-13 08:00:00,1.04655,1.04853,1.0445,1.04455,11731,5,0
2022-06-13 12:00:00,1.04457,1.04739,1.0418,1.04341,17485,5,0
2022-06-13 16:00:00,1.04342,1.04582,1.04034,1.04105,18458,5,0
2022-06-13 20:00:00,1.04105,1.04161,1.03995,1.04147,2710,5,0
2022-06-14 00:00:00,1.04146,1.0432,1.03969,1.04269,9076,5,0
2022-06-14 04:00:00,1.04271,1.04747,1.04176,1.04675,11122,5,0
2022-06-14 08:00:00,1.04673,1.04846,1.04251,1.04417,15098,5,0
2022-06-14 12:00:00,1.04419,1.0468,1.04066,1.04165,19456,5,0
2022-06-14 16:00:00,1.04167,1.0443,1.03996,1.04104,10462,5,0
2022-06-14 20:00:00,1.04105,1.0438,1.04102,1.04367,2673,5,0
2022-06-15 00:00:00,1.04368,1.04516,1.04262,1.04425,6697,5,0
2022-06-15 04:00:00,1.04423,1.04942,1.04241,1.04661,17739,5,0
2022-06-15 08:00:00,1.0466,1.05076,1.04551,1.04579,18255,5,0
2022-06-15 12:00:00,1.0458,1.04606,1.03848,1.03855,22682,5,0
2022-06-15 16:00:00,1.03853,1.04644,1.03589,1.0454,62455,5,0
2022-06-15 20:00:00,1.04539,1.04693,1.04419,1.04573,3454,5,0
2022-06-16 00:00:00,1.04574,1.04692,1.04309,1.04426,6910,5,0
2022-06-16 04:00:00,1.04428,1.04438,1.03808,1.03965,12842,5,0
2022-06-16 08:00:00,1.03966,1.04259,1.03834,1.03847,26944,5,0
2022-06-16 12:00:00,1.03849,1.0529,1.03837,1.0529,28511,5,0
2022-06-16 16:00:00,1.05291,1.0601099999999999,1.05222,1.05604,18916,5,0
2022-06-16 20:00:00,1.05604,1.05608,1.05437,1.05463,2893,5,0
2022-06-17 00:00:00,1.05465,1.05519,1.05174,1.05202,15459,5,0
2022-06-17 04:00:00,1.05204,1.05305,1.04939,1.05173,12623,5,0
2022-06-17 08:00:00,1.05172,1.05355,1.04833,1.04855,14884,5,0
2022-06-17 12:00:00,1.04854,1.05078,1.04443,1.04733,21511,5,0
2022-06-17 16:00:00,1.04733,1.05025,1.04645,1.04942,8767,5,0
2022-06-17 20:00:00,1.04944,1.04998,1.04892,1.04948,793,5,0
2022-06-19 20:00:00,1.0483,1.04926,1.04742,1.04898,2003,6,0
2022-06-20 00:00:00,1.049,1.05286,1.04848,1.05281,7655,5,0
2022-06-20 04:00:00,1.05283,1.05426,1.051,1.05165,9080,5,0
2022-06-20 08:00:00,1.05167,1.05456,1.05119,1.05257,9525,5,0
2022-06-20 12:00:00,1.05255,1.05415,1.05073,1.05377,8176,5,0
2022-06-20 16:00:00,1.05375,1.0538,1.0497,1.05101,1987,5,0
2022-06-20 20:00:00,1.05097,1.05207,1.05072,1.05173,1220,6,0
2022-06-21 00:00:00,1.05173,1.05421,1.05166,1.0532,5219,5,0
2022-06-21 04:00:00,1.05318,1.05644,1.0513,1.05565,7024,5,0
2022-06-21 08:00:00,1.05563,1.05824,1.05441,1.05499,10813,5,0
2022-06-21 12:00:00,1.05501,1.05664,1.05442,1.05482,14441,5,0
2022-06-21 16:00:00,1.05481,1.05485,1.05185,1.05313,6068,5,0
2022-06-21 20:00:00,1.05314,1.05386,1.05286,1.0531,1399,5,0
2022-06-22 00:00:00,1.05311,1.05312,1.05021,1.05107,5984,5,0
2022-06-22 04:00:00,1.05107,1.05135,1.04686,1.05044,9982,5,0
2022-06-22 08:00:00,1.05046,1.05287,1.04935,1.05112,11914,5,0
2022-06-22 12:00:00,1.05113,1.06056,1.0511,1.05797,20264,5,0
2022-06-22 16:00:00,1.05796,1.05892,1.0565,1.0567,6428,5,0
2022-06-22 20:00:00,1.05669,1.05692,1.05607,1.05645,1515,5,0
2022-06-23 00:00:00,1.05644,1.05809,1.05557,1.05691,7407,5,0
2022-06-23 04:00:00,1.05691,1.0579,1.04982,1.05075,13031,5,0
2022-06-23 08:00:00,1.05073,1.05215,1.04826,1.05053,14105,5,0
2022-06-23 12:00:00,1.05051,1.05537,1.04901,1.05015,22996,5,0
2022-06-23 16:00:00,1.05017,1.05332,1.0493999999999999,1.05268,9074,5,0
2022-06-23 20:00:00,1.05269,1.05306,1.0519,1.05191,1479,5,0
2022-06-24 00:00:00,1.05193,1.05369,1.0512,1.05325,5235,5,0
2022-06-24 04:00:00,1.05324,1.05463,1.0522,1.05234,6289,5,0
2022-06-24 08:00:00,1.05235,1.05545,1.05139,1.05157,9249,5,0
2022-06-24 12:00:00,1.05159,1.05709,1.05157,1.0538,19611,5,0
2022-06-24 16:00:00,1.05379,1.0559,1.05343,1.05586,4772,5,0
2022-06-24 20:00:00,1.05585,1.05585,1.05492,1.05544,606,5,0
2022-06-26 20:00:00,1.055,1.05745,1.055,1.05663,2266,6,0
2022-06-27 00:00:00,1.05665,1.0571,1.05502,1.05561,5588,5,0
2022-06-27 04:00:00,1.0556,1.059,1.05541,1.05874,6471,5,0
2022-06-27 08:00:00,1.05876,1.05908,1.05641,1.05666,8360,5,0
2022-06-27 12:00:00,1.05666,1.06147,1.05534,1.06,13643,5,0
2022-06-27 16:00:00,1.06001,1.06043,1.05782,1.05802,5128,5,0
2022-06-27 20:00:00,1.05802,1.05847,1.05762,1.05796,1319,5,0
2022-06-28 00:00:00,1.05796,1.05864,1.05704,1.0581,4862,5,0
2022-06-28 04:00:00,1.05807,1.06058,1.05703,1.0584,8321,5,0
2022-06-28 08:00:00,1.05841,1.0597,1.05633,1.05693,9915,5,0
2022-06-28 12:00:00,1.0569,1.0570599999999999,1.0503,1.05341,15442,5,0
2022-06-28 16:00:00,1.0534,1.05411,1.05167,1.05256,6289,5,0
2022-06-28 20:00:00,1.05258,1.05276,1.05173,1.0522,1259,5,0
2022-06-29 00:00:00,1.05219,1.05351,1.05171,1.05297,3904,5,0
2022-06-29 04:00:00,1.05297,1.05321,1.04855,1.05169,12527,5,0
2022-06-29 08:00:00,1.05166,1.05349,1.05029,1.05222,12076,5,0
2022-06-29 12:00:00,1.05224,1.05288,1.04662,1.04765,17218,5,0
2022-06-29 16:00:00,1.04767,1.04767,1.04351,1.04406,5136,5,0
2022-06-29 20:00:00,1.04405,1.04462,1.04371,1.04455,1594,5,0
2022-06-30 00:00:00,1.04457,1.04565,1.04328,1.04516,4287,5,0
2022-06-30 04:00:00,1.04514,1.04684,1.04298,1.04452,9786,5,0
2022-06-30 08:00:00,1.04454,1.04677,1.03823,1.03934,14694,5,0
2022-06-30 12:00:00,1.03932,1.04788,1.03844,1.04682,20660,5,0
2022-06-30 16:00:00,1.04681,1.04886,1.04615,1.04788,7282,5,0
2022-06-30 20:00:00,1.0479,1.04848,1.04735,1.0478,1646,5,0
2022-07-01 00:00:00,1.04782,1.04782,1.045,1.04545,5142,5,0
2022-07-01 04:00:00,1.04542,1.04702,1.04327,1.04462,10403,5,0
2022-07-01 08:00:00,1.04463,1.04737,1.04316,1.04359,12584,5,0
2022-07-01 12:00:00,1.04359,1.0439,1.0365199999999999,1.04074,20674,5,0
2022-07-01 16:00:00,1.04073,1.0432,1.03931,1.04282,7317,5,0
2022-07-01 20:00:00,1.04283,1.04326,1.0425,1.04273,409,5,0
2022-07-03 20:00:00,1.04208,1.04369,1.04171,1.04322,1875,6,0
2022-07-04 00:00:00,1.0432,1.0444,1.04243,1.04259,5094,5,0
2022-07-04 04:00:00,1.0426,1.04386,1.04217,1.04305,6363,5,0
2022-07-04 08:00:00,1.04305,1.04624,1.04205,1.04519,8752,5,0
2022-07-04 12:00:00,1.04517,1.04577,1.0417,1.04271,7678,5,0
2022-07-04 16:00:00,1.04272,1.04306,1.04178,1.04225,1129,5,0
2022-07-04 20:00:00,1.04223,1.04361,1.04187,1.04325,1683,6,0
2022-07-05 00:00:00,1.04327,1.04379,1.04231,1.04344,4075,5,0
2022-07-05 04:00:00,1.04343,1.04484,1.0365,1.03747,10072,5,0
2022-07-05 08:00:00,1.03745,1.03755,1.02801,1.02959,21405,5,0
2022-07-05 12:00:00,1.02957,1.03009,1.02365,1.02536,20918,5,0
2022-07-05 16:00:00,1.02537,1.02708,1.0235,1.02659,7302,5,0
2022-07-05 20:00:00,1.02659,1.02715,1.02555,1.02566,1646,5,0
2022-07-06 00:00:00,1.02566,1.02712,1.02537,1.02636,6091,5,0
2022-07-06 04:00:00,1.02635,1.02763,1.02383,1.02586,11569,5,0
2022-07-06 08:00:00,1.02585,1.02739,1.01797,1.01917,16080,5,0
2022-07-06 12:00:00,1.01917,1.0201,1.01613,1.01701,23901,5,0
2022-07-06 16:00:00,1.01699,1.01985,1.0165,1.01863,11735,5,0
2022-07-06 20:00:00,1.01865,1.01882,1.01773,1.01841,1640,5,0
2022-07-07 00:00:00,1.01843,1.02094,1.0176,1.02034,6153,5,0
2022-07-07 04:00:00,1.02035,1.02209,1.01818,1.01921,9309,5,0
2022-07-07 08:00:00,1.01922,1.02172,1.01743,1.01899,16301,5,0
2022-07-07 12:00:00,1.019,1.01963,1.01515,1.01581,15780,5,0
2022-07-07 16:00:00,1.01583,1.01679,1.0144,1.01664,5324,5,0
2022-07-07 20:00:00,1.01662,1.01683,1.01567,1.01683,1296,5,0
2022-07-08 00:00:00,1.01685,1.01911,1.01536,1.01581,7023,5,0
2022-07-08 04:00:00,1.01583,1.01698,1.00717,1.01085,13466,5,0
2022-07-08 08:00:00,1.01087,1.0159,1.00864,1.01503,15422,5,0
2022-07-08 12:00:00,1.01506,1.01907,1.01155,1.0178,29759,5,0
2022-07-08 16:00:00,1.01781,1.01796,1.01584,1.01784,4938,5,0
2022-07-08 20:00:00,1.01782,1.01857,1.01766,1.01854,443,5,0
2022-07-10 20:00:00,1.01786,1.01834,1.01649,1.0167,1917,6,0
2022-07-11 00:00:00,1.01671,1.01672,1.01347,1.01493,5800,5,0
2022-07-11 04:00:00,1.01494,1.01545,1.01054,1.01107,8926,5,0
2022-07-11 08:00:00,1.01109,1.01319,1.00823,1.00896,10589,5,0
2022-07-11 12:00:00,1.00896,1.01035,1.00519,1.00851,19553,5,0
2022-07-11 16:00:00,1.00853,1.00873,1.00335,1.00448,6974,5,0
2022-07-11 20:00:00,1.00448,1.00474,1.00374,1.00458,1879,5,0
2022-07-12 00:00:00,1.00457,1.00551,1.00059,1.00259,11618,5,0
2022-07-12 04:00:00,1.00258,1.00389,1.00029,1.00082,15079,5,0
2022-07-12 08:00:00,1.0008,1.00691,0.99999,1.00395,16846,5,0
2022-07-12 12:00:00,1.00393,1.00734,1.00327,1.00683,18047,5,0
2022-07-12 16:00:00,1.00685,1.00724,1.00316,1.00321,6410,5,0
2022-07-12 20:00:00,1.00322,1.00413,1.00249,1.00301,1969,5,0
2022-07-13 00:00:00,1.003,1.00468,1.00227,1.00364,7356,5,0
2022-07-13 04:00:00,1.00365,1.00527,1.00061,1.00326,11665,5,0
2022-07-13 08:00:00,1.00325,1.00694,1.00231,1.00675,14074,5,0
2022-07-13 12:00:00,1.00676,1.0122,0.99975,1.00777,50604,5,0
2022-07-13 16:00:00,1.00776,1.00971,1.00541,1.00589,11636,5,0
2022-07-13 20:00:00,1.0059,1.00615,1.00303,1.00338,2270,5,0
2022-07-14 00:00:00,1.0034,1.00433,1.00135,1.00328,8274,5,0
2022-07-14 04:00:00,1.0033,1.0046,1.00051,1.0036,12062,5,0
2022-07-14 08:00:00,1.00362,1.00503,1.00046,1.00092,17226,5,0
2022-07-14 12:00:00,1.00094,1.00474,0.99521,1.00272,32951,5,0
2022-07-14 16:00:00,1.0027,1.00375,0.99834,1.00154,14866,5,0
2022-07-14 20:00:00,1.00153,1.00263,1.00101,1.00263,1718,5,0
2022-07-15 00:00:00,1.00264,1.00409,1.00111,1.00255,6926,5,0
2022-07-15 04:00:00,1.00253,1.00353,1.00066,1.00284,10489,5,0
2022-07-15 08:00:00,1.00283,1.00656,1.00168,1.0054,11074,5,0
2022-07-15 12:00:00,1.00539,1.00976,1.00407,1.00898,29847,5,0
2022-07-15 16:00:00,1.00899,1.00933,1.00716,1.00823,5619,5,0
2022-07-15 20:00:00,1.00821,1.00876,1.00792,1.00876,426,5,0
2022-07-17 20:00:00,1.00798,1.00976,1.00787,1.00972,1896,6,0
2022-07-18 00:00:00,1.00973,1.01141,1.00867,1.01042,5186,5,0
2022-07-18 04:00:00,1.0104,1.01488,1.00811,1.01457,12766,5,0
2022-07-18 08:00:00,1.01455,1.0175,1.01196,1.0142,12103,5,0
2022-07-18 12:00:00,1.01421,1.02011,1.01194,1.01599,16561,5,0
2022-07-18 16:00:00,1.016,1.01772,1.01408,1.01429,6789,5,0
2022-07-18 20:00:00,1.01431,1.01479,1.01375,1.01463,1776,5,0
2022-07-19 00:00:00,1.01464,1.01482,1.01193,1.01267,5120,5,0
2022-07-19 04:00:00,1.01265,1.02437,1.01241,1.02411,17255,5,0
2022-07-19 08:00:00,1.02413,1.02688,1.02199,1.02535,22756,5,0
2022-07-19 12:00:00,1.02533,1.0264,1.02245,1.02386,23367,5,0
2022-07-19 16:00:00,1.02385,1.02449,1.0221,1.02212,6875,5,0
2022-07-19 20:00:00,1.02214,1.02413,1.02214,1.02304,1913,5,0
2022-07-20 00:00:00,1.02306,1.02482,1.02306,1.02429,4288,5,0
2022-07-20 04:00:00,1.02431,1.02728,1.0221,1.02256,12050,5,0
2022-07-20 08:00:00,1.02254,1.02527,1.01728,1.01906,20687,5,0
2022-07-20 12:00:00,1.01905,1.02375,1.01792,1.02144,22385,5,0
2022-07-20 16:00:00,1.02146,1.0217,1.01554,1.01772,10699,5,0
2022-07-20 20:00:00,1.01773,1.01877,1.01726,1.01806,1711,5,0
2022-07-21 00:00:00,1.01804,1.02133,1.0178,1.02088,5382,5,0
2022-07-21 04:00:00,1.02089,1.02303,1.01901,1.01957,15819,5,0
2022-07-21 08:00:00,1.01958,1.01987,1.01656,1.01899,18579,5,0
2022-07-21 12:00:00,1.01901,1.02779,1.01525,1.02002,53882,5,0
2022-07-21 16:00:00,1.02,1.02115,1.01746,1.02112,8461,5,0
2022-07-21 20:00:00,1.0211,1.02306,1.02049,1.02199,2530,5,0
2022-07-22 00:00:00,1.02199,1.02214,1.01846,1.01906,5761,5,0
2022-07-22 04:00:00,1.01903,1.02131,1.01296,1.0138,14397,5,0
2022-07-22 08:00:00,1.01378,1.01851,1.01348,1.01757,20482,5,0
2022-07-22 12:00:00,1.01755,1.02549,1.01693,1.02265,28633,5,0
2022-07-22 16:00:00,1.02264,1.02391,1.01899,1.02117,9375,5,0
2022-07-22 20:00:00,1.02115,1.0216,1.02059,1.0215,863,5,0
2022-07-24 20:00:00,1.02127,1.02183,1.01989,1.01991,1736,6,0
2022-07-25 00:00:00,1.01991,1.02126,1.0181,1.0207,6394,5,0
2022-07-25 04:00:00,1.0207,1.02219,1.0186,1.01924,11862,5,0
2022-07-25 08:00:00,1.01927,1.02577,1.01785,1.02294,18405,5,0
2022-07-25 12:00:00,1.02294,1.02549,1.02031,1.02098,18719,5,0
2022-07-25 16:00:00,1.02099,1.02286,1.0206,1.02254,4747,5,0
2022-07-25 20:00:00,1.02254,1.02266,1.02162,1.02229,1124,5,0
2022-07-26 00:00:00,1.02231,1.025,1.02218,1.023,4888,5,0
2022-07-26 04:00:00,1.02299,1.02359,1.02081,1.02191,7428,5,0
2022-07-26 08:00:00,1.02191,1.02219,1.0124,1.01311,15957,5,0
2022-07-26 12:00:00,1.01312,1.01525,1.01126,1.01156,18660,5,0
2022-07-26 16:00:00,1.01154,1.01325,1.01075,1.01139,6312,5,0
2022-07-26 20:00:00,1.01141,1.01334,1.01141,1.01285,1928,5,0
2022-07-27 00:00:00,1.01285,1.01471,1.0128,1.01425,4855,5,0
2022-07-27 04:00:00,1.01424,1.01585,1.01274,1.01394,8132,5,0
2022-07-27 08:00:00,1.01395,1.01717,1.0134,1.01503,11553,5,0
2022-07-27 12:00:00,1.01504,1.01561,1.0104899999999999,1.0104899999999999,14776,5,0
2022-07-27 16:00:00,1.0105,1.02205,1.00964,1.02083,32542,5,0
2022-07-27 20:00:00,1.02082,1.02082,1.01888,1.0205,3207,5,0
2022-07-28 00:00:00,1.02049,1.02154,1.01803,1.02095,7863,5,0
2022-07-28 04:00:00,1.02094,1.0234,1.01851,1.02096,13732,5,0
2022-07-28 08:00:00,1.02098,1.02194,1.01138,1.01177,19289,5,0
2022-07-28 12:00:00,1.01175,1.01749,1.01156,1.0165,32038,5,0
2022-07-28 16:00:00,1.01649,1.01881,1.01419,1.01863,7305,5,0
2022-07-28 20:00:00,1.01861,1.01993,1.01848,1.01917,1950,5,0
2022-07-29 00:00:00,1.01919,1.02245,1.01893,1.02131,5950,5,0
2022-07-29 04:00:00,1.0213,1.02541,1.02079,1.02359,14768,5,0
2022-07-29 08:00:00,1.02358,1.02454,1.01853,1.0209,16416,5,0
2022-07-29 12:00:00,1.02088,1.02126,1.01458,1.02013,28458,5,0
2022-07-29 16:00:00,1.02011,1.02226,1.0177,1.02208,7336,5,0
2022-07-29 20:00:00,1.02209,1.02269,1.02169,1.02261,622,5,0
2022-07-31 20:00:00,1.0217,1.02236,1.02054,1.02101,2154,6,0
2022-08-01 00:00:00,1.02102,1.0241,1.0207600000000001,1.02254,7591,5,0
2022-08-01 04:00:00,1.02252,1.02407,1.02132,1.02298,9860,5,0
2022-08-01 08:00:00,1.02299,1.02699,1.02269,1.02327,14068,5,0
2022-08-01 12:00:00,1.02329,1.02751,1.02248,1.02681,20625,5,0
2022-08-01 16:00:00,1.0268,1.02747,1.02453,1.02583,6481,5,0
2022-08-01 20:00:00,1.0258099999999999,1.02685,1.02526,1.02624,1856,5,0
2022-08-02 00:00:00,1.02626,1.02938,1.02561,1.02736,11935,5,0
2022-08-02 04:00:00,1.02735,1.02793,1.02151,1.02246,12900,5,0
2022-08-02 08:00:00,1.02245,1.02452,1.0219,1.02234,13715,5,0
2022-08-02 12:00:00,1.02236,1.02357,1.0181,1.01957,25063,5,0
2022-08-02 16:00:00,1.01956,1.02101,1.0168,1.01687,10005,5,0
2022-08-02 20:00:00,1.01688,1.01725,1.01545,1.01564,2161,5,0
2022-08-03 00:00:00,1.01563,1.01933,1.01499,1.01912,7492,5,0
2022-08-03 04:00:00,1.01913,1.01928,1.0154,1.01773,12047,5,0
2022-08-03 08:00:00,1.01775,1.021,1.01775,1.0184,13816,5,0
2022-08-03 12:00:00,1.01838,1.01966,1.01224,1.01443,22455,5,0
2022-08-03 16:00:00,1.01445,1.01737,1.014,1.01682,7859,5,0
2022-08-03 20:00:00,1.01684,1.0172,1.01559,1.01565,2132,5,0
2022-08-04 00:00:00,1.01564,1.01759,1.0154,1.01626,5092,5,0
2022-08-04 04:00:00,1.01627,1.0186,1.01564,1.01789,8329,5,0
2022-08-04 08:00:00,1.01787,1.01976,1.01603,1.01757,14661,5,0
2022-08-04 12:00:00,1.01757,1.02339,1.01653,1.02221,20597,5,0
2022-08-04 16:00:00,1.02219,1.02535,1.02179,1.02452,7142,5,0
2022-08-04 20:00:00,1.0245,1.02518,1.02423,1.02471,1520,5,0
2022-08-05 00:00:00,1.02473,1.02481,1.02293,1.02363,4134,5,0
2022-08-05 04:00:00,1.02363,1.0239,1.02225,1.02335,5813,5,0
2022-08-05 08:00:00,1.02333,1.02382,1.02181,1.0231,8561,5,0
2022-08-05 12:00:00,1.02308,1.02361,1.01414,1.01685,29249,5,0
2022-08-05 16:00:00,1.01687,1.01925,1.01664,1.01777,8457,5,0
2022-08-05 20:00:00,1.01777,1.01829,1.01768,1.01805,615,5,0
2022-08-07 20:00:00,1.01744,1.01783,1.01691,1.01719,1312,6,0
2022-08-08 00:00:00,1.0172,1.01854,1.01591,1.01854,4603,5,0
2022-08-08 04:00:00,1.01852,1.02147,1.01711,1.0209,7603,5,0
2022-08-08 08:00:00,1.02088,1.02088,1.01726,1.02001,9357,5,0
2022-08-08 12:00:00,1.02002,1.02216,1.01838,1.02061,10922,5,0
2022-08-08 16:00:00,1.02063,1.02121,1.01851,1.01919,6044,5,0
2022-08-08 20:00:00,1.01919,1.01996,1.01907,1.01976,969,5,0
2022-08-09 00:00:00,1.01978,1.02007,1.01885,1.01959,2648,5,0
2022-08-09 04:00:00,1.01958,1.02147,1.01915,1.02143,5000,5,0
2022-08-09 08:00:00,1.02144,1.02473,1.02134,1.02197,9546,5,0
2022-08-09 12:00:00,1.02199,1.0244,1.02191,1.0225,10573,5,0
2022-08-09 16:00:00,1.02252,1.02315,1.02025,1.02078,3691,5,0
2022-08-09 20:00:00,1.02079,1.02152,1.02051,1.02078,1466,5,0
2022-08-10 00:00:00,1.02079,1.02188,1.02027,1.0213700000000001,2545,5,0
2022-08-10 04:00:00,1.02138,1.02182,1.02049,1.02105,4457,5,0
2022-08-10 08:00:00,1.02103,1.02607,1.02019,1.02582,8022,5,0
2022-08-10 12:00:00,1.0258099999999999,1.03683,1.02432,1.03334,33074,5,0
2022-08-10 16:00:00,1.03333,1.03353,1.02944,1.03032,9183,5,0
2022-08-10 20:00:00,1.0303,1.03044,1.02956,1.02986,1427,5,0
2022-08-11 00:00:00,1.02985,1.03038,1.02813,1.02882,3712,5,0
2022-08-11 04:00:00,1.02884,1.03319,1.02752,1.03254,7738,5,0
2022-08-11 08:00:00,1.03255,1.03426,1.03185,1.03244,10309,5,0
2022-08-11 12:00:00,1.03242,1.03641,1.03234,1.03371,20196,5,0
2022-08-11 16:00:00,1.03373,1.0339,1.03094,1.03166,7302,5,0
2022-08-11 20:00:00,1.03167,1.03261,1.03158,1.03203,1525,5,0
2022-08-12 00:00:00,1.03205,1.0325,1.03048,1.0317,3969,5,0
2022-08-12 04:00:00,1.03171,1.0324,1.0291,1.0297,7249,5,0
2022-08-12 08:00:00,1.02968,1.03081,1.02776,1.02776,10016,5,0
2022-08-12 12:00:00,1.02777,1.02906,1.02381,1.02546,17054,5,0
2022-08-12 16:00:00,1.02543,1.02676,1.0251,1.02603,4203,5,0
2022-08-12 20:00:00,1.02601,1.02618,1.02546,1.02589,523,5,0
2022-08-14 20:00:00,1.02555,1.02628,1.02534,1.02534,941,6,0
2022-08-15 00:00:00,1.02534,1.02681,1.02398,1.02518,4078,5,0
2022-08-15 04:00:00,1.02517,1.02556,1.02298,1.02339,5566,5,0
2022-08-15 08:00:00,1.02339,1.02363,1.01857,1.01952,9374,5,0
2022-08-15 12:00:00,1.0195,1.02229,1.01812,1.0185,14258,5,0
2022-08-15 16:00:00,1.01849,1.01851,1.01543,1.01604,4125,5,0
2022-08-15 20:00:00,1.01605,1.01668,1.01535,1.01612,2153,5,0
2022-08-16 00:00:00,1.01613,1.01695,1.01473,1.0162,4021,5,0
2022-08-16 04:00:00,1.01619,1.01685,1.01339,1.01599,6867,5,0
2022-08-16 08:00:00,1.01598,1.01603,1.01224,1.01277,11438,5,0
2022-08-16 12:00:00,1.01276,1.01946,1.01247,1.01729,14096,5,0
2022-08-16 16:00:00,1.0173,1.01804,1.01617,1.01699,4420,5,0
2022-08-16 20:00:00,1.01698,1.01745,1.0165,1.01694,921,5,0
2022-08-17 00:00:00,1.01693,1.01791,1.0166,1.01732,4101,5,0
2022-08-17 04:00:00,1.01731,1.01862,1.01491,1.01663,7448,5,0
2022-08-17 08:00:00,1.01661,1.01837,1.01514,1.01673,9712,5,0
2022-08-17 12:00:00,1.01671,1.01983,1.01454,1.01611,16538,5,0
2022-08-17 16:00:00,1.01611,1.02027,1.01603,1.018,13826,5,0
2022-08-17 20:00:00,1.01801,1.01802,1.01725,1.01773,842,5,0
2022-08-18 00:00:00,1.01774,1.01928,1.01671,1.01704,4027,5,0
2022-08-18 04:00:00,1.01703,1.01781,1.01459,1.0161,7470,5,0
2022-08-18 08:00:00,1.01612,1.01879,1.01579,1.01771,9460,5,0
2022-08-18 12:00:00,1.01769,1.01863,1.01116,1.01122,16845,5,0
2022-08-18 16:00:00,1.01123,1.01149,1.00795,1.00939,6818,5,0
2022-08-18 20:00:00,1.00937,1.00942,1.00825,1.0089,1026,5,0
2022-08-19 00:00:00,1.00891,1.0091,1.00695,1.00797,4265,5,0
2022-08-19 04:00:00,1.00799,1.00952,1.00717,1.00898,7071,5,0
2022-08-19 08:00:00,1.00899,1.00905,1.00454,1.00482,8821,5,0
2022-08-19 12:00:00,1.00481,1.00681,1.00348,1.00368,12382,5,0
2022-08-19 16:00:00,1.0037,1.00456,1.00318,1.00399,4538,5,0
2022-08-19 20:00:00,1.00401,1.00428,1.00384,1.00392,442,5,0
2022-08-21 20:00:00,1.00398,1.00412,1.00301,1.0036,1423,6,0
2022-08-22 00:00:00,1.00359,1.00463,1.00233,1.00426,4176,5,0
2022-08-22 04:00:00,1.00425,1.00425,0.99994,1.00036,6642,5,0
2022-08-22 08:00:00,1.00039,1.0018,0.9989,1.00005,10750,5,0
2022-08-22 12:00:00,1.00004,1.00084,0.99275,0.99344,13486,5,0
2022-08-22 16:00:00,0.99346,0.99491,0.99259,0.99425,5735,5,0
2022-08-22 20:00:00,0.99426,0.99455,0.9933,0.99381,1251,5,0
2022-08-23 00:00:00,0.99381,0.99499,0.993,0.99417,4977,5,0
2022-08-23 04:00:00,0.99415,0.99488,0.98988,0.99332,12200,5,0
2022-08-23 08:00:00,0.99333,0.99424,0.99125,0.99246,11389,5,0
2022-08-23 12:00:00,0.99244,1.00179,0.99139,0.99733,23990,5,0
2022-08-23 16:00:00,0.99732,0.99799,0.99594,0.99686,6357,5,0
2022-08-23 20:00:00,0.99685,0.99725,0.99633,0.99662,1065,5,0
2022-08-24 00:00:00,0.99663,0.99717,0.99425,0.99473,4955,5,0
2022-08-24 04:00:00,0.99472,0.99616,0.99347,0.99531,6813,5,0
2022-08-24 08:00:00,0.99532,0.99581,0.99163,0.99266,9689,5,0
2022-08-24 12:00:00,0.99266,0.99991,0.99099,0.99667,22187,5,0
2022-08-24 16:00:00,0.99668,0.99756,0.99444,0.99715,6078,5,0
2022-08-24 20:00:00,0.99713,0.99733,0.9961,0.99676,1268,5,0
2022-08-25 00:00:00,0.99676,0.99925,0.99629,0.99862,5104,5,0
2022-08-25 04:00:00,0.99864,1.0033,0.9985,0.99997,10243,5,0
2022-08-25 08:00:00,0.99994,1.00119,0.99723,0.99764,10457,5,0
2022-08-25 12:00:00,0.99764,1.00002,0.9955,0.99567,15758,5,0
2022-08-25 16:00:00,0.99566,0.99787,0.99489,0.99766,6147,5,0
2022-08-25 20:00:00,0.99764,0.99777,0.99675,0.99705,1184,5,0
2022-08-26 00:00:00,0.99704,0.99744,0.99624,0.99704,3525,5,0
2022-08-26 04:00:00,0.99703,0.99744,0.99462,0.99739,6857,5,0
2022-08-26 08:00:00,0.99737,1.00233,0.99691,0.99971,7959,5,0
2022-08-26 12:00:00,0.9997,1.00897,0.99841,0.99963,36204,5,0
2022-08-26 16:00:00,0.99965,1.00026,0.99563,0.99651,9214,5,0
2022-08-26 20:00:00,0.99654,0.99691,0.99625,0.99645,856,5,0
2022-08-28 20:00:00,0.99645,0.99647,0.99347,0.99358,2453,6,0
2022-08-29 00:00:00,0.9936,0.99451,0.9918,0.99239,6747,5,0
2022-08-29 04:00:00,0.99236,0.99503,0.99139,0.99429,9212,5,0
2022-08-29 08:00:00,0.99431,0.99996,0.99198,0.99973,12375,5,0
2022-08-29 12:00:00,0.99971,1.0029,0.99809,0.99968,17815,5,0
2022-08-29 16:00:00,0.99969,1.00223,0.99895,0.99957,6975,5,0
2022-08-29 20:00:00,0.99955,1.00113,0.99924,1.00107,1332,5,0
2022-08-30 00:00:00,1.00106,1.00131,0.99818,0.99983,5949,5,0
2022-08-30 04:00:00,0.99981,1.00336,0.99822,1.00287,10868,5,0
2022-08-30 08:00:00,1.00289,1.00545,1.00168,1.00246,12634,5,0
2022-08-30 12:00:00,1.00247,1.00412,0.99824,1.00181,22070,5,0
2022-08-30 16:00:00,1.00179,1.00349,1.001,1.00172,10198,5,0
2022-08-30 20:00:00,1.00173,1.00256,1.00113,1.00233,1410,5,0
2022-08-31 00:00:00,1.00231,1.00343,1.00165,1.00319,4621,5,0
2022-08-31 04:00:00,1.00321,1.00457,0.9999,1.00013,8522,5,0
2022-08-31 08:00:00,1.00011,1.00268,0.99711,1.00012,15440,5,0
2022-08-31 12:00:00,1.00011,1.00788,0.9982,1.00628,23943,5,0
2022-08-31 16:00:00,1.00629,1.00638,1.00353,1.00487,9054,5,0
2022-08-31 20:00:00,1.0049,1.00545,1.00348,1.00376,1673,5,0
2022-09-01 00:00:00,1.00377,1.00377,1.00098,1.00158,5613,10,0
2022-09-01 04:00:00,1.00156,1.00324,1.00073,1.00296,7888,10,0
2022-09-01 08:00:00,1.00294,1.00482,1.00009,1.00037,10279,5,0
2022-09-01 12:00:00,1.00039,1.00065,0.99101,0.99483,23710,5,0
2022-09-01 16:00:00,0.99482,0.996,0.99353,0.99441,8385,5,0
2022-09-01 20:00:00,0.9944,0.9953,0.99419,0.99516,1389,5,0
2022-09-02 00:00:00,0.99515,0.99624,0.99501,0.99615,3884,5,0
2022-09-02 04:00:00,0.99618,0.9996,0.99581,0.99882,7640,5,0
2022-09-02 08:00:00,0.99883,1.00173,0.99678,0.99907,9893,5,0
2022-09-02 12:00:00,0.99905,1.00334,0.99806,1.00302,28479,5,0
2022-09-02 16:00:00,1.003,1.00301,0.9945,0.99529,13584,5,0
2022-09-02 20:00:00,0.99527,0.99607,0.99515,0.99556,945,5,0
2022-09-04 20:00:00,0.99256,0.99286,0.98984,0.99077,2491,6,0
2022-09-05 00:00:00,0.99077,0.99288,0.99008,0.99127,7951,5,0
2022-09-05 04:00:00,0.99126,0.99369,0.98776,0.99111,13131,5,0
2022-09-05 08:00:00,0.99109,0.99438,0.99041,0.99168,10462,5,0
2022-09-05 12:00:00,0.99165,0.99345,0.99139,0.9929,8985,5,0
2022-09-05 16:00:00,0.99289,0.99354,0.99271,0.99299,966,5,0
2022-09-05 20:00:00,0.99297,0.99517,0.99214,0.99499,2071,6,0
2022-09-06 00:00:00,0.995,0.99705,0.99426,0.99438,7549,5,0
2022-09-06 04:00:00,0.99439,0.9986,0.99439,0.99755,12257,5,0
2022-09-06 08:00:00,0.99753,0.99761,0.99177,0.99238,15324,5,0
2022-09-06 12:00:00,0.99236,0.99296,0.98638,0.99118,23521,5,0
2022-09-06 16:00:00,0.99119,0.99161,0.98953,0.99038,8881,5,0
2022-09-06 20:00:00,0.99036,0.99063,0.98901,0.98969,1395,5,0
2022-09-07 00:00:00,0.98971,0.99038,0.98769,0.98863,7945,5,0
2022-09-07 04:00:00,0.98862,0.99276,0.98797,0.99237,9243,5,0
2022-09-07 08:00:00,0.99235,0.99298,0.98768,0.98781,13163,5,0
2022-09-07 12:00:00,0.98782,0.9954,0.98752,0.99393,17676,5,0
2022-09-07 16:00:00,0.99393,1.00097,0.99387,1.00085,9306,5,0
2022-09-07 20:00:00,1.00085,1.00117,0.99933,0.99976,1366,5,0
2022-09-08 00:00:00,0.99977,1.00005,0.99791,0.99859,5581,5,0
2022-09-08 04:00:00,0.99861,1.00146,0.99759,0.99813,8601,5,0
2022-09-08 08:00:00,0.99815,1.0029,0.99782,1.00197,11137,5,0
2022-09-08 12:00:00,1.00195,1.00291,0.99306,0.99533,42619,5,0
2022-09-08 16:00:00,0.99535,0.99995,0.99442,0.99987,10456,5,0
2022-09-08 20:00:00,0.99989,1.00098,0.99952,1.00096,1032,5,0
2022-09-09 00:00:00,1.00096,1.00839,1.00083,1.00689,7412,5,0
2022-09-09 04:00:00,1.00691,1.011,1.00582,1.00963,12405,5,0
2022-09-09 08:00:00,1.00961,1.01131,1.00361,1.00369,14012,5,0
2022-09-09 12:00:00,1.00368,1.00623,1.0032,1.00449,19226,5,0
2022-09-09 16:00:00,1.00447,1.0055,1.00366,1.00455,5518,5,0
2022-09-09 20:00:00,1.00453,1.00472,1.00396,1.00458,706,5,0
2022-09-11 20:00:00,1.00903,1.00935,1.00587,1.00701,1977,6,0
2022-09-12 00:00:00,1.00699,1.00949,1.00629,1.00809,5150,5,0
2022-09-12 04:00:00,1.00811,1.01976,1.00733,1.01746,14043,5,0
2022-09-12 08:00:00,1.01748,1.01953,1.01291,1.01435,14295,5,0
2022-09-12 12:00:00,1.01433,1.01626,1.01042,1.01254,17235,5,0
2022-09-12 16:00:00,1.01254,1.01442,1.01108,1.01149,6321,5,0
2022-09-12 20:00:00,1.01151,1.01295,1.01147,1.01289,1089,5,0
2022-09-13 00:00:00,1.01288,1.01464,1.0124,1.01299,4981,5,0
2022-09-13 04:00:00,1.01301,1.01547,1.01195,1.01466,8089,5,0
2022-09-13 08:00:00,1.01468,1.01868,1.01325,1.01768,9563,5,0
2022-09-13 12:00:00,1.01769,1.01795,0.99952,0.99964,45094,5,0
2022-09-13 16:00:00,0.99963,1.00084,0.99701,0.99732,8778,5,0
2022-09-13 20:00:00,0.9973,0.99804,0.99547,0.99778,2006,5,0
2022-09-14 00:00:00,0.99779,0.99901,0.99686,0.99885,7637,5,0
2022-09-14 04:00:00,0.99887,1.0002,0.99593,0.99878,14754,5,0
2022-09-14 08:00:00,0.99876,1.00234,0.99808,0.99922,16971,5,0
2022-09-14 12:00:00,0.99922,1.00093,0.99705,0.99933,22991,5,0
2022-09-14 16:00:00,0.99935,1.00081,0.9969,0.99794,6612,5,0
2022-09-14 20:00:00,0.99793,0.99835,0.9974,0.99819,1132,5,0
2022-09-15 00:00:00,0.99819,0.99823,0.9969,0.99738,3766,5,0
2022-09-15 04:00:00,0.99739,0.99786,0.99555,0.99772,6591,5,0
2022-09-15 08:00:00,0.99774,1.00003,0.99689,0.99847,10651,5,0
2022-09-15 12:00:00,0.99846,1.00175,0.99782,0.99904,21084,5,0
2022-09-15 16:00:00,0.99905,1.0015,0.99875,0.99944,6162,5,0
2022-09-15 20:00:00,0.99945,0.99993,0.9987,0.99873,1115,5,0
2022-09-16 00:00:00,0.99874,1.0012,0.9986,0.99971,4997,5,0
2022-09-16 04:00:00,0.99973,1.00017,0.99439,0.99558,11190,5,0
2022-09-16 08:00:00,0.9956,0.99889,0.9949,0.99691,10557,5,0
2022-09-16 12:00:00,0.9969,1.00363,0.99531,1.00116,23838,5,0
2022-09-16 16:00:00,1.00117,1.00192,0.99929,1.00125,6999,5,0
2022-09-16 20:00:00,1.00124,1.00161,1.00081,1.00137,675,5,0
2022-09-18 20:00:00,1.0012,1.00284,1.00042,1.00219,1528,6,0
2022-09-19 00:00:00,1.00221,1.00289,0.99943,0.99979,4216,5,0
2022-09-19 04:00:00,0.99979,0.99994,0.99657,0.99793,7126,5,0
2022-09-19 08:00:00,0.99792,1.00047,0.99669,0.99821,11598,5,0
2022-09-19 12:00:00,0.99822,1.0018,0.99756,1.00017,14210,5,0
2022-09-19 16:00:00,1.00019,1.00249,1.00007,1.00237,4989,5,0
2022-09-19 20:00:00,1.00235,1.0032,1.00186,1.00296,1700,5,0
2022-09-20 00:00:00,1.00298,1.00502,1.00199,1.00293,5603,5,0
2022-09-20 04:00:00,1.00294,1.00418,1.00127,1.00355,8982,5,0
2022-09-20 08:00:00,1.00354,1.00355,0.99854,0.9987,12255,5,0
2022-09-20 12:00:00,0.99867,0.99991,0.9955,0.99932,18166,5,0
2022-09-20 16:00:00,0.99933,0.99957,0.99601,0.99755,8381,5,0
2022-09-20 20:00:00,0.99754,0.99783,0.99642,0.9971,1581,5,0
2022-09-21 00:00:00,0.99712,0.9975,0.99572,0.9966,5089,5,0
2022-09-21 04:00:00,0.9966,0.99682,0.98838,0.991,18531,5,0
2022-09-21 08:00:00,0.99102,0.99373,0.98981,0.98994,11475,5,0
2022-09-21 12:00:00,0.98993,0.992,0.98665,0.98786,15610,5,0
2022-09-21 16:00:00,0.98784,0.991,0.98126,0.9851,44615,5,0
2022-09-21 20:00:00,0.98508,0.98508,0.98288,0.98313,3130,5,0
2022-09-22 00:00:00,0.98312,0.98359,0.98073,0.98194,12714,5,0
2022-09-22 04:00:00,0.98192,0.9853,0.98129,0.9845,16614,5,0
2022-09-22 08:00:00,0.98451,0.99072,0.98406,0.98661,32877,5,0
2022-09-22 12:00:00,0.98659,0.98876,0.98119,0.98397,27095,5,0
2022-09-22 16:00:00,0.98397,0.9852,0.98296,0.98393,9603,5,0
2022-09-22 20:00:00,0.9839,0.98397,0.98298,0.98384,1570,5,0
2022-09-23 00:00:00,0.98384,0.98517,0.98205,0.98235,4870,5,0
2022-09-23 04:00:00,0.98234,0.98379,0.97669,0.9775,13621,5,0
2022-09-23 08:00:00,0.97748,0.97801,0.97355,0.9751,25340,5,0
2022-09-23 12:00:00,0.97509,0.97746,0.97019,0.97174,28586,5,0
2022-09-23 16:00:00,0.97171,0.97236,0.96679,0.9691,14330,5,0
2022-09-23 20:00:00,0.96908,0.96961,0.96871,0.96907,1621,5,0
2022-09-25 20:00:00,0.9672,0.97086,0.96679,0.96855,3719,6,0
2022-09-26 00:00:00,0.96855,0.96915,0.95512,0.96337,38121,5,0
2022-09-26 04:00:00,0.96339,0.97013,0.96204,0.96779,25738,5,0
2022-09-26 08:00:00,0.96781,0.96973,0.96187,0.96377,25590,5,0
2022-09-26 12:00:00,0.96378,0.96892,0.96095,0.96197,40725,5,0
2022-09-26 16:00:00,0.96197,0.96291,0.95994,0.96086,22799,5,0
2022-09-26 20:00:00,0.96086,0.9624,0.9583,0.96197,4152,5,0
2022-09-27 00:00:00,0.96199,0.96449,0.96184,0.96407,9125,5,0
2022-09-27 04:00:00,0.96406,0.96707,0.96349,0.96469,14551,5,0
2022-09-27 08:00:00,0.96469,0.96523,0.96064,0.96384,17240,5,0
2022-09-27 12:00:00,0.96383,0.96483,0.95933,0.96144,31510,5,0
2022-09-27 16:00:00,0.96146,0.96155,0.95689,0.95942,13424,5,0
2022-09-27 20:00:00,0.95944,0.95982,0.95838,0.95953,2546,5,0
2022-09-28 00:00:00,0.95953,0.96005,0.9542,0.95577,12756,5,0
2022-09-28 04:00:00,0.95579,0.95869,0.95357,0.95773,16687,5,0
2022-09-28 08:00:00,0.95774,0.9601,0.95377,0.95657,39644,5,0
2022-09-28 12:00:00,0.95656,0.96879,0.95597,0.96787,44662,5,0
2022-09-28 16:00:00,0.96789,0.97506,0.96783,0.97321,19253,5,0
2022-09-28 20:00:00,0.97323,0.97382,0.97044,0.97053,3033,5,0
2022-09-29 00:00:00,0.97055,0.97128,0.96742,0.96859,8845,5,0
2022-09-29 04:00:00,0.96858,0.96895,0.96355,0.9655,18494,5,0
2022-09-29 08:00:00,0.96552,0.97464,0.96418,0.97225,25421,5,0
2022-09-29 12:00:00,0.97226,0.97896,0.96834,0.97732,41261,5,0
2022-09-29 16:00:00,0.9773,0.9809,0.97692,0.98008,13907,5,0
2022-09-29 20:00:00,0.98006,0.98426,0.97968,0.9829,4969,5,0
2022-09-30 00:00:00,0.98292,0.9833,0.97943,0.97993,11645,5,0
2022-09-30 04:00:00,0.97994,0.98381,0.97899,0.98325,18630,5,0
2022-09-30 08:00:00,0.98327,0.98536,0.97411,0.97462,24854,5,0
2022-09-30 12:00:00,0.97462,0.9818,0.97344,0.97823,45520,5,0
2022-09-30 16:00:00,0.97825,0.98153,0.97703,0.98008,12458,5,0
2022-09-30 20:00:00,0.98006,0.98097,0.97983,0.98015,1237,5,0
2022-10-02 20:00:00,0.97974,0.98076,0.97892,0.97932,2689,6,0
2022-10-03 00:00:00,0.97932,0.98284,0.97853,0.98054,7511,5,0
2022-10-03 04:00:00,0.98051,0.9834,0.97842,0.98119,20000,5,0
2022-10-03 08:00:00,0.98121,0.98272,0.97526,0.97682,18208,5,0
2022-10-03 12:00:00,0.9768,0.98443,0.97557,0.98078,31036,5,0
2022-10-03 16:00:00,0.9808,0.98284,0.97879,0.98284,13446,5,0
2022-10-03 20:00:00,0.98286,0.98373,0.98201,0.98334,3271,5,0
2022-10-04 00:00:00,0.98336,0.98451,0.9806,0.98423,8857,5,0
2022-10-04 04:00:00,0.98422,0.98957,0.98258,0.98751,18376,5,0
2022-10-04 08:00:00,0.98749,0.99035,0.98524,0.98904,19154,5,0
2022-10-04 12:00:00,0.98902,0.99795,0.98857,0.9976,28454,5,0
2022-10-04 16:00:00,0.99762,0.99994,0.99602,0.99901,13476,5,0
2022-10-04 20:00:00,0.999,0.99934,0.9979,0.99835,3938,5,0
2022-10-05 00:00:00,0.99837,0.99905,0.99594,0.99693,11006,5,0
2022-10-05 04:00:00,0.99692,0.99946,0.99359,0.99404,14411,5,0
2022-10-05 08:00:00,0.99403,0.99515,0.98995,0.9905,14349,5,0
2022-10-05 12:00:00,0.99052,0.99227,0.98345,0.98654,28895,5,0
2022-10-05 16:00:00,0.98654,0.98967,0.98597,0.98852,10362,5,0
2022-10-05 20:00:00,0.98852,0.99117,0.98737,0.99112,3204,5,0
2022-10-06 00:00:00,0.99113,0.9926,0.99027,0.99161,7860,10,0
2022-10-06 04:00:00,0.99163,0.99255,0.98926,0.99101,10026,10,0
2022-10-06 08:00:00,0.99098,0.99123,0.98577,0.98684,15888,5,0
2022-10-06 12:00:00,0.98682,0.98819,0.98037,0.98046,27959,5,0
2022-10-06 16:00:00,0.98046,0.98166,0.9788,0.97964,13584,5,0
2022-10-06 20:00:00,0.97963,0.98019,0.97862,0.97889,2602,5,0
2022-10-07 00:00:00,0.97891,0.98117,0.97864,0.98047,6637,5,0
2022-10-07 04:00:00,0.98048,0.98087,0.97655,0.97983,11467,5,0
2022-10-07 08:00:00,0.97984,0.98165,0.9787,0.97871,13945,5,0
2022-10-07 12:00:00,0.97869,0.98033,0.97253,0.97837,39747,5,0
2022-10-07 16:00:00,0.97836,0.97841,0.97306,0.97387,9737,5,0
2022-10-07 20:00:00,0.97385,0.97422,0.97353,0.97406,1200,5,0
2022-10-09 20:00:00,0.9733,0.97384,0.97275,0.97343,2053,6,0
2022-10-10 00:00:00,0.97345,0.9753,0.97245,0.97376,5720,5,0
2022-10-10 04:00:00,0.97375,0.97434,0.96989,0.97065,11271,5,0
2022-10-10 08:00:00,0.97063,0.97093,0.96815,0.9697,14197,5,0
2022-10-10 12:00:00,0.96968,0.97448,0.96853,0.97025,22229,5,0
2022-10-10 16:00:00,0.97026,0.97235,0.96851,0.9702,10274,5,0
2022-10-10 20:00:00,0.97022,0.97111,0.96999,0.9711,1060,5,0
2022-10-11 00:00:00,0.97111,0.97225,0.96808,0.96819,9518,5,0
2022-10-11 04:00:00,0.96821,0.97245,0.96704,0.96988,14083,5,0
2022-10-11 08:00:00,0.96989,0.97376,0.96918,0.97244,17206,5,0
2022-10-11 12:00:00,0.97245,0.97625,0.96905,0.97559,22706,5,0
2022-10-11 16:00:00,0.97558,0.97744,0.96937,0.97101,16536,5,0
2022-10-11 20:00:00,0.97099,0.97164,0.96989,0.97002,2112,5,0
2022-10-12 00:00:00,0.97003,0.9712,0.96826,0.9698,9535,5,0
2022-10-12 04:00:00,0.96979,0.9734,0.96967,0.97071,22069,5,0
2022-10-12 08:00:00,0.97072,0.97243,0.96973,0.97078,14748,5,0
2022-10-12 12:00:00,0.97079,0.97113,0.96676,0.96903,24146,5,0
2022-10-12 16:00:00,0.96905,0.97199,0.96801,0.9701,12334,5,0
2022-10-12 20:00:00,0.97011,0.97092,0.96965,0.97049,1106,5,0
2022-10-13 00:00:00,0.97047,0.97218,0.96948,0.97003,5058,5,0
2022-10-13 04:00:00,0.97003,0.97089,0.96851,0.97056,7336,5,0
2022-10-13 08:00:00,0.97053,0.97529,0.96979,0.97445,16130,5,0
2022-10-13 12:00:00,0.97444,0.97988,0.96315,0.97789,62076,5,0
2022-10-13 16:00:00,0.97787,0.98057,0.97642,0.97746,20671,5,0
2022-10-13 20:00:00,0.97744,0.97805,0.97667,0.97671,1738,5,0
2022-10-14 00:00:00,0.97671,0.98084,0.97617,0.9787,10732,5,0
2022-10-14 04:00:00,0.97872,0.97967,0.97525,0.97674,14687,5,0
2022-10-14 08:00:00,0.97671,0.97671,0.97089,0.97184,20225,5,0
2022-10-14 12:00:00,0.97184,0.97995,0.97062,0.97385,40832,5,0
2022-10-14 16:00:00,0.97384,0.97479,0.97131,0.97279,12601,5,0
2022-10-14 20:00:00,0.97279,0.97302,0.97195,0.97233,1274,5,0
2022-10-16 20:00:00,0.9722,0.9743,0.97186,0.97396,2127,6,0
2022-10-17 00:00:00,0.97396,0.97519,0.97369,0.97396,7557,5,0
2022-10-17 04:00:00,0.97397,0.97568,0.97303,0.97469,12120,5,0
2022-10-17 08:00:00,0.97471,0.97704,0.97199,0.97404,15086,5,0
2022-10-17 12:00:00,0.97403,0.98482,0.97294,0.98417,20530,5,0
2022-10-17 16:00:00,0.98419,0.98519,0.98323,0.98348,9575,5,0
2022-10-17 20:00:00,0.98348,0.98463,0.98348,0.98434,1954,5,0
2022-10-18 00:00:00,0.98436,0.98526,0.9823,0.98409,6875,5,0
2022-10-18 04:00:00,0.98409,0.98733,0.98309,0.98574,15036,5,0
2022-10-18 08:00:00,0.98576,0.98591,0.98125,0.98309,17098,5,0
2022-10-18 12:00:00,0.98309,0.98754,0.98213,0.98413,21036,5,0
2022-10-18 16:00:00,0.98411,0.98602,0.98372,0.9857,11611,5,0
2022-10-18 20:00:00,0.9857,0.9872,0.98524,0.98624,2441,5,0
2022-10-19 00:00:00,0.98623,0.98667,0.9843,0.98442,6944,5,0
2022-10-19 04:00:00,0.98442,0.9846,0.9815,0.9839,12269,5,0
2022-10-19 08:00:00,0.98391,0.98391,0.97593,0.97831,16633,5,0
2022-10-19 12:00:00,0.9783,0.98023,0.97644,0.97785,20637,5,0
2022-10-19 16:00:00,0.97786,0.97811,0.97572,0.97728,10418,5,0
2022-10-19 20:00:00,0.97726,0.97758,0.97604,0.97652,1792,5,0
2022-10-20 00:00:00,0.97654,0.97715,0.97544,0.97612,6650,5,0
2022-10-20 04:00:00,0.9761,0.97943,0.97592,0.97866,15464,5,0
2022-10-20 08:00:00,0.97867,0.98286,0.97728,0.98125,14958,5,0
2022-10-20 12:00:00,0.98126,0.98453,0.97793,0.98223,28484,5,0
2022-10-20 16:00:00,0.98224,0.98224,0.97731,0.97841,11054,5,0
2022-10-20 20:00:00,0.97839,0.97883,0.97732,0.97783,1595,5,0
2022-10-21 00:00:00,0.97785,0.9783,0.97648,0.97683,6405,5,0
2022-10-21 04:00:00,0.97682,0.9802,0.97609,0.97887,10785,5,0
2022-10-21 08:00:00,0.97886,0.97906,0.9732,0.97448,16000,5,0
2022-10-21 12:00:00,0.97448,0.98561,0.97048,0.98546,72525,5,0
2022-10-21 16:00:00,0.98545,0.98689,0.9824,0.98616,29709,5,0
2022-10-21 20:00:00,0.98614,0.98658,0.98574,0.98593,1376,5,0
2022-10-23 20:00:00,0.98697,0.98977,0.98311,0.98596,14579,6,0
2022-10-24 00:00:00,0.98596,0.98674,0.98251,0.98342,15912,5,0
2022-10-24 04:00:00,0.98343,0.98616,0.98262,0.98343,15812,5,0
2022-10-24 08:00:00,0.98344,0.98459,0.98066,0.98352,23234,5,0
2022-10-24 12:00:00,0.9835,0.98935,0.98267,0.98736,35161,5,0
2022-10-24 16:00:00,0.98734,0.98807,0.98631,0.98737,7192,5,0
2022-10-24 20:00:00,0.98736,0.989,0.98696,0.9884,1733,5,0
2022-10-25 00:00:00,0.98841,0.98982,0.98773,0.98845,10056,5,0
2022-10-25 04:00:00,0.98844,0.98861,0.98525,0.98564,8466,5,0
2022-10-25 08:00:00,0.98564,0.98758,0.98485,0.98664,12184,5,0
2022-10-25 12:00:00,0.98666,0.99766,0.98563,0.99576,27605,5,0
2022-10-25 16:00:00,0.99574,0.99694,0.99464,0.99664,9316,5,0
2022-10-25 20:00:00,0.99665,0.99694,0.99544,0.99616,1880,5,0
2022-10-26 00:00:00,0.99617,0.99673,0.99432,0.99569,6741,5,0
2022-10-26 04:00:00,0.99566,1.00344,0.99508,1.00331,12657,5,0
2022-10-26 08:00:00,1.00329,1.00473,1.00085,1.00212,18497,5,0
2022-10-26 12:00:00,1.00211,1.00808,0.99956,1.00676,28104,5,0
2022-10-26 16:00:00,1.00677,1.00883,1.00609,1.00813,10248,5,0
2022-10-26 20:00:00,1.00815,1.00933,1.00737,1.0093,2312,5,0
2022-10-27 00:00:00,1.00932,1.00933,1.00619,1.00693,7565,5,0
2022-10-27 04:00:00,1.00694,1.00836,1.00542,1.00664,11252,5,0
2022-10-27 08:00:00,1.00662,1.00775,1.00281,1.00497,13606,5,0
2022-10-27 12:00:00,1.00496,1.00509,0.99724,0.99836,46166,5,0
2022-10-27 16:00:00,0.99836,0.99954,0.99575,0.99706,9954,5,0
2022-10-27 20:00:00,0.99707,0.99721,0.99601,0.99666,2797,5,0
2022-10-28 00:00:00,0.99668,0.99978,0.99579,0.99922,8312,5,0
2022-10-28 04:00:00,0.99921,0.99922,0.99375,0.99454,13726,5,0
2022-10-28 08:00:00,0.99454,0.99754,0.99266,0.9954,14672,5,0
2022-10-28 12:00:00,0.99539,0.99895,0.99304,0.99334,31194,5,0
2022-10-28 16:00:00,0.99336,0.99659,0.99286,0.99658,6753,5,0
2022-10-28 20:00:00,0.99657,0.99674,0.99596,0.99663,757,5,0
2022-10-30 20:00:00,0.9956,0.99619,0.99463,0.99543,1759,6,0
2022-10-31 00:00:00,0.99545,0.99655,0.99431,0.99647,5164,5,0
2022-10-31 04:00:00,0.99645,0.99654,0.99279,0.99294,5989,5,0
2022-10-31 08:00:00,0.99292,0.99486,0.99141,0.99365,11191,5,0
2022-10-31 12:00:00,0.99364,0.99364,0.98729,0.98826,17246,5,0
2022-10-31 16:00:00,0.98827,0.98954,0.98729,0.98826,8807,5,0
2022-10-31 20:00:00,0.98827,0.98874,0.98776,0.98855,1334,5,0
2022-11-01 00:00:00,0.98857,0.99079,0.98822,0.99032,5532,5,0
2022-11-01 04:00:00,0.99033,0.99383,0.98993,0.99301,9011,5,0
2022-11-01 08:00:00,0.993,0.99476,0.99151,0.99341,11547,5,0
2022-11-01 12:00:00,0.99342,0.99538,0.98589,0.987,24482,5,0
2022-11-01 16:00:00,0.98699,0.99095,0.98527,0.98773,11986,5,0
2022-11-01 20:00:00,0.98775,0.98803,0.98692,0.9877,1688,5,0
2022-11-02 00:00:00,0.98772,0.98993,0.98743,0.98929,6228,5,0
2022-11-02 04:00:00,0.98931,0.98936,0.98709,0.98841,6123,5,0
2022-11-02 08:00:00,0.98842,0.99115,0.9879,0.98975,9967,5,0
2022-11-02 12:00:00,0.98974,0.9915,0.98642,0.98742,16243,5,0
2022-11-02 16:00:00,0.98743,0.99757,0.98225,0.98284,45417,5,0
2022-11-02 20:00:00,0.98286,0.98312,0.98098,0.98139,3050,5,0
2022-11-03 00:00:00,0.98139,0.98393,0.98097,0.9829,5975,5,0
2022-11-03 04:00:00,0.98291,0.98357,0.97728,0.97836,8180,5,0
2022-11-03 08:00:00,0.97834,0.97899,0.97298,0.97391,15813,5,0
2022-11-03 12:00:00,0.97393,0.97945,0.97326,0.97578,31292,5,0
2022-11-03 16:00:00,0.97579,0.97692,0.97422,0.97513,9584,5,0
2022-11-03 20:00:00,0.97515,0.97566,0.97416,0.9749,1601,5,0
2022-11-04 00:00:00,0.9749,0.97736,0.97473,0.9773,5139,5,0
2022-11-04 04:00:00,0.97728,0.97963,0.97567,0.97637,10747,5,0
2022-11-04 08:00:00,0.97638,0.98115,0.97638,0.97969,13941,5,0
2022-11-04 12:00:00,0.97969,0.99404,0.97512,0.98949,47300,5,0
2022-11-04 16:00:00,0.98947,0.99663,0.98876,0.99605,14942,5,0
2022-11-04 20:00:00,0.99603,0.99633,0.99564,0.99584,952,5,0
2022-11-06 20:00:00,0.99093,0.99436,0.99078,0.99277,1670,15,0
2022-11-07 00:00:00,0.99281,0.99467,0.99176,0.99374,7971,5,0
2022-11-07 04:00:00,0.99372,0.99552,0.99239,0.99276,8161,5,0
2022-11-07 08:00:00,0.99278,1.00067,0.99246,0.99809,16336,5,0
2022-11-07 12:00:00,0.99808,1.00056,0.99657,1.00007,23846,5,0
2022-11-07 16:00:00,1.00006,1.00339,0.99882,1.00261,9625,5,0
2022-11-07 20:00:00,1.00263,1.0031,1.00127,1.00172,2218,5,0
2022-11-08 00:00:00,1.00173,1.00307,1.00062,1.0013,4276,5,0
2022-11-08 04:00:00,1.0013,1.00143,0.99869,0.99992,6232,5,0
2022-11-08 08:00:00,0.99992,1.00094,0.99715,0.9998,10572,5,0
2022-11-08 12:00:00,0.99981,1.00729,0.99851,1.00657,17545,5,0
2022-11-08 16:00:00,1.00659,1.0096,1.0054,1.00723,14208,5,0
2022-11-08 20:00:00,1.00723,1.00838,1.00693,1.00802,3772,5,0
2022-11-09 00:00:00,1.00801,1.0088,1.0059,1.00717,6813,5,0
2022-11-09 04:00:00,1.00716,1.00729,1.00561,1.00641,7392,5,0
2022-11-09 08:00:00,1.00643,1.00848,1.00337,1.00538,16558,5,0
2022-11-09 12:00:00,1.00539,1.00864,1.00108,1.00277,26522,5,0
2022-11-09 16:00:00,1.00275,1.00524,0.99927,1.00024,13260,5,0
2022-11-09 20:00:00,1.00022,1.00193,1.00014,1.0019,3630,5,0
2022-11-10 00:00:00,1.00191,1.00289,1.00101,1.00258,5508,5,0
2022-11-10 04:00:00,1.00259,1.00428,0.99961,0.99975,7962,5,0
2022-11-10 08:00:00,0.99973,1.00137,0.99354,0.99439,19461,5,0
2022-11-10 12:00:00,0.99441,1.01849,0.99414,1.01811,53898,5,0
2022-11-10 16:00:00,1.0181,1.01819,1.01284,1.0181,19334,5,0
2022-11-10 20:00:00,1.01809,1.02215,1.0178,1.01893,6651,5,0
2022-11-11 00:00:00,1.01911,1.01978,1.01631,1.01841,10052,5,0
2022-11-11 04:00:00,1.0184,1.0253,1.01777,1.02444,15171,5,0
2022-11-11 08:00:00,1.02443,1.02945,1.02261,1.02907,24032,5,0
2022-11-11 12:00:00,1.02905,1.03265,1.02657,1.03262,30467,5,0
2022-11-11 16:00:00,1.0326,1.0364,1.03121,1.03621,14531,5,0
2022-11-11 20:00:00,1.03622,1.03622,1.0348,1.03549,3893,5,0
2022-11-13 20:00:00,1.03321,1.03351,1.03134,1.03267,1623,6,0
2022-11-14 00:00:00,1.03269,1.03498,1.03163,1.03267,11995,5,0
2022-11-14 04:00:00,1.03266,1.03283,1.02978,1.03275,9345,5,0
2022-11-14 08:00:00,1.03273,1.03504,1.02749,1.02838,18728,5,0
2022-11-14 12:00:00,1.02837,1.03359,1.02712,1.03298,24778,5,0
2022-11-14 16:00:00,1.03296,1.03583,1.03245,1.03532,12618,5,0
2022-11-14 20:00:00,1.03534,1.03551,1.03143,1.03195,3160,5,0
2022-11-15 00:00:00,1.03197,1.03282,1.0312,1.03201,6616,5,0
2022-11-15 04:00:00,1.03202,1.04179,1.03163,1.04071,12508,5,0
2022-11-15 08:00:00,1.0407,1.0437,1.03879,1.04108,21730,5,0
2022-11-15 12:00:00,1.0411,1.04806,1.03606,1.03681,44692,5,0
2022-11-15 16:00:00,1.03681,1.03895,1.02799,1.03639,43350,5,0
2022-11-15 20:00:00,1.03641,1.03772,1.03386,1.03572,7923,5,0
2022-11-16 00:00:00,1.03573,1.03867,1.03307,1.03533,15121,5,0
2022-11-16 04:00:00,1.03532,1.04142,1.03374,1.04026,15765,5,0
2022-11-16 08:00:00,1.04027,1.04381,1.03875,1.04163,18199,5,0
2022-11-16 12:00:00,1.04164,1.04278,1.03725,1.04032,29069,5,0
2022-11-16 16:00:00,1.04034,1.04123,1.03546,1.03923,13749,5,0
2022-11-16 20:00:00,1.03921,1.04044,1.03829,1.03931,4043,5,0
2022-11-17 00:00:00,1.03932,1.03947,1.03595,1.03714,5877,5,0
2022-11-17 04:00:00,1.03716,1.03949,1.03685,1.03925,7927,5,0
2022-11-17 08:00:00,1.03923,1.04063,1.03272,1.03462,19065,5,0
2022-11-17 12:00:00,1.03464,1.03546,1.03051,1.03286,28285,5,0
2022-11-17 16:00:00,1.03287,1.03693,1.03187,1.03636,12264,5,0
2022-11-17 20:00:00,1.03638,1.03693,1.03576,1.03605,3143,5,0
2022-11-18 00:00:00,1.03607,1.03907,1.0357,1.03824,6186,5,0
2022-11-18 04:00:00,1.03823,1.03858,1.03597,1.03754,7206,5,0
2022-11-18 08:00:00,1.03753,1.03958,1.03422,1.03658,15925,5,0
2022-11-18 12:00:00,1.0366,1.03862,1.0326,1.03644,17759,5,0
2022-11-18 16:00:00,1.03641,1.03716,1.032,1.0328,8847,5,0
2022-11-18 20:00:00,1.03278,1.03329,1.03135,1.03238,2849,5,0
2022-11-20 20:00:00,1.03228,1.0332,1.03221,1.03295,448,25,0
2022-11-21 00:00:00,1.03305,1.03327,1.02881,1.03012,7027,5,0
2022-11-21 04:00:00,1.0301,1.03034,1.02495,1.02548,10546,5,0
2022-11-21 08:00:00,1.0255,1.02729,1.0226,1.02343,16086,5,0
2022-11-21 12:00:00,1.02344,1.02624,1.02281,1.02394,16185,5,0
2022-11-21 16:00:00,1.02395,1.02505,1.02225,1.02391,9130,5,0
2022-11-21 20:00:00,1.02391,1.02464,1.02322,1.0245,3629,5,0
2022-11-22 00:00:00,1.02448,1.02679,1.02419,1.02612,5483,5,0
2022-11-22 04:00:00,1.0261,1.02674,1.02457,1.02654,5969,5,0
2022-11-22 08:00:00,1.02655,1.02906,1.02534,1.02698,15852,5,0
2022-11-22 12:00:00,1.02699,1.02884,1.02538,1.0283,15903,5,0
2022-11-22 16:00:00,1.02832,1.03079,1.02667,1.02953,6552,5,0
2022-11-22 20:00:00,1.0295,1.03103,1.02937,1.03103,2020,5,0
2022-11-23 00:00:00,1.03104,1.03245,1.03001,1.03154,4783,5,0
2022-11-23 04:00:00,1.03152,1.03484,1.03101,1.03431,6230,5,0
2022-11-23 08:00:00,1.03428,1.03428,1.02964,1.03198,13010,5,0
2022-11-23 12:00:00,1.03198,1.03836,1.03147,1.03759,22671,5,0
2022-11-23 16:00:00,1.03761,1.04048,1.03552,1.04007,15348,5,0
2022-11-23 20:00:00,1.04008,1.04181,1.03909,1.04177,3713,5,0
2022-11-24 00:00:00,1.04175,1.04475,1.04051,1.04457,5579,5,0
2022-11-24 04:00:00,1.04454,1.04483,1.04151,1.0416,6593,5,0
2022-11-24 08:00:00,1.04158,1.04289,1.03816,1.04045,14311,5,0
2022-11-24 12:00:00,1.04043,1.04272,1.03978,1.04093,12449,5,0
2022-11-24 16:00:00,1.04095,1.04143,1.04007,1.04131,3207,5,0
2022-11-24 20:00:00,1.04127,1.04134,1.04051,1.04075,866,7,0
2022-11-25 00:00:00,1.04074,1.04182,1.0396,1.04159,4581,5,0
2022-11-25 04:00:00,1.04161,1.04291,1.0407,1.04088,5926,5,0
2022-11-25 08:00:00,1.04087,1.04281,1.0382,1.03899,12724,5,0
2022-11-25 12:00:00,1.03899,1.04069,1.03545,1.04066,15474,5,0
2022-11-25 16:00:00,1.04064,1.0414,1.03914,1.04114,8267,5,0
2022-11-25 20:00:00,1.04111,1.04133,1.03855,1.03938,1136,18,0
2022-11-27 20:00:00,1.03704,1.03792,1.03647,1.03668,1006,6,0
2022-11-28 00:00:00,1.0367,1.03836,1.0341,1.03548,7899,5,0
2022-11-28 04:00:00,1.0354700000000001,1.03849,1.03468,1.03737,7340,5,0
2022-11-28 08:00:00,1.03739,1.04966,1.03671,1.04736,20684,5,0
2022-11-28 12:00:00,1.04737,1.0477,1.03907,1.03979,20086,5,0
2022-11-28 16:00:00,1.03978,1.0402,1.03371,1.03374,11996,5,0
2022-11-28 20:00:00,1.03377,1.03455,1.033,1.03431,2872,5,0
2022-11-29 00:00:00,1.03432,1.0383,1.0334,1.03787,7802,5,0
2022-11-29 04:00:00,1.03786,1.03942,1.03521,1.03812,10700,5,0
2022-11-29 08:00:00,1.0381,1.03931,1.03507,1.03823,16073,5,0
2022-11-29 12:00:00,1.03826,1.03841,1.03246,1.0356,22058,5,0
2022-11-29 16:00:00,1.03561,1.03581,1.03223,1.03275,11481,5,0
2022-11-29 20:00:00,1.03272,1.03321,1.0318,1.03235,2798,5,0
2022-11-30 00:00:00,1.03237,1.03529,1.03205,1.0348,5550,5,0
2022-11-30 04:00:00,1.0348,1.03607,1.03356,1.0351,6726,5,0
2022-11-30 08:00:00,1.03512,1.0381,1.03414,1.03588,11479,5,0
2022-11-30 12:00:00,1.03589,1.03997,1.02945,1.0298,24656,5,0
2022-11-30 16:00:00,1.02982,1.04148,1.02899,1.04133,33684,5,0
2022-11-30 20:00:00,1.04135,1.04284,1.03987,1.0422,7351,5,0
2022-12-01 00:00:00,1.04229,1.04477,1.04187,1.04314,9311,5,0
2022-12-01 04:00:00,1.04315,1.04636,1.03941,1.04032,11126,5,0
2022-12-01 08:00:00,1.04033,1.04495,1.0393,1.04372,16891,5,0
2022-12-01 12:00:00,1.0437400000000001,1.05333,1.04345,1.04869,34432,5,0
2022-12-01 16:00:00,1.04867,1.05199,1.04694,1.0518399999999999,18111,5,0
2022-12-01 20:00:00,1.0518399999999999,1.05381,1.05118,1.05278,3969,5,0
2022-12-02 00:00:00,1.05276,1.05276,1.0505,1.0524,6089,5,0
2022-12-02 04:00:00,1.05242,1.0542,1.05164,1.05292,7447,5,0
2022-12-02 08:00:00,1.05293,1.05447,1.05128,1.05372,13524,5,0
2022-12-02 12:00:00,1.05372,1.05443,1.04281,1.04731,40535,5,0
2022-12-02 16:00:00,1.04729,1.05366,1.04658,1.05358,14134,5,0
2022-12-02 20:00:00,1.0536,1.05422,1.05306,1.05404,3387,5,0
2022-12-04 20:00:00,1.05332,1.05434,1.053,1.05433,924,6,0
2022-12-05 00:00:00,1.05434,1.05826,1.05393,1.05801,6694,5,0
2022-12-05 04:00:00,1.05804,1.0584500000000001,1.05302,1.05389,6733,5,0
2022-12-05 08:00:00,1.05391,1.05765,1.05196,1.05642,14053,5,0
2022-12-05 12:00:00,1.05645,1.05946,1.05037,1.05249,23617,5,0
2022-12-05 16:00:00,1.05251,1.05378,1.04815,1.04924,12472,5,0
2022-12-05 20:00:00,1.04925,1.04971,1.04801,1.04958,3121,5,0
2022-12-06 00:00:00,1.0496,1.0518399999999999,1.04878,1.04924,7264,5,0
2022-12-06 04:00:00,1.04922,1.04988,1.04756,1.04904,8242,5,0
2022-12-06 08:00:00,1.04904,1.05224,1.04789,1.05166,13645,5,0
2022-12-06 12:00:00,1.05166,1.05326,1.04857,1.04985,17589,5,0
2022-12-06 16:00:00,1.04986,1.05286,1.04591,1.04629,11927,5,0
2022-12-06 20:00:00,1.04631,1.04715,1.04609,1.04671,1839,5,0
2022-12-07 00:00:00,1.04672,1.04763,1.0455,1.04669,5172,5,0
2022-12-07 04:00:00,1.04668,1.04706,1.04431,1.04595,7793,5,0
2022-12-07 08:00:00,1.04595,1.05064,1.04492,1.04892,14165,5,0
2022-12-07 12:00:00,1.04891,1.05495,1.0486,1.05038,27873,5,0
2022-12-07 16:00:00,1.05037,1.05283,1.04881,1.0514000000000001,10628,5,0
2022-12-07 20:00:00,1.05139,1.05167,1.05014,1.05107,2793,5,0
2022-12-08 00:00:00,1.05117,1.05149,1.04942,1.05038,5337,5,0
2022-12-08 04:00:00,1.05036,1.05307,1.04938,1.05259,6296,5,0
2022-12-08 08:00:00,1.05257,1.05272,1.04893,1.05081,11132,5,0
2022-12-08 12:00:00,1.0507900000000001,1.05488,1.05061,1.0545,18938,5,0
2022-12-08 16:00:00,1.05449,1.05647,1.0534,1.05598,9572,5,0
2022-12-08 20:00:00,1.05596,1.05623,1.05521,1.05554,2353,5,0
2022-12-09 00:00:00,1.05552,1.05851,1.05518,1.05804,6777,5,0
2022-12-09 04:00:00,1.05805,1.05881,1.05666,1.05678,6099,5,0
2022-12-09 08:00:00,1.05679,1.05766,1.05465,1.05536,9609,5,0
2022-12-09 12:00:00,1.05536,1.05662,1.05047,1.05406,26441,5,0
2022-12-09 16:00:00,1.05405,1.05557,1.05318,1.05467,8431,5,0
2022-12-09 20:00:00,1.05466,1.05477,1.05288,1.05327,2204,5,0
2022-12-11 20:00:00,1.05316,1.0535,1.05171,1.05207,639,6,0
2022-12-12 00:00:00,1.05206,1.05229,1.05057,1.05148,5538,5,0
2022-12-12 04:00:00,1.0515,1.05364,1.0508,1.05261,6101,5,0
2022-12-12 08:00:00,1.0526200000000001,1.0574,1.05199,1.05653,10498,5,0
2022-12-12 12:00:00,1.05655,1.058,1.05204,1.05235,12521,5,0
2022-12-12 16:00:00,1.05234,1.05492,1.05105,1.0522,10652,5,0
2022-12-12 20:00:00,1.0522,1.0541,1.05207,1.05401,2310,5,0
2022-12-13 00:00:00,1.0541,1.0554,1.05334,1.05343,4492,5,0
2022-12-13 04:00:00,1.05344,1.05602,1.05311,1.05512,5515,5,0
2022-12-13 08:00:00,1.05513,1.05606,1.05278,1.05355,10663,5,0
2022-12-13 12:00:00,1.05353,1.06729,1.05325,1.06359,39936,5,0
2022-12-13 16:00:00,1.06362,1.06585,1.06102,1.06358,15733,5,0
2022-12-13 20:00:00,1.0636,1.06379,1.06196,1.06243,3839,5,0
2022-12-14 00:00:00,1.06241,1.06389,1.06231,1.0626,5718,5,0
2022-12-14 04:00:00,1.06258,1.06421,1.06197,1.06295,6811,5,0
2022-12-14 08:00:00,1.06297,1.06718,1.06188,1.06515,13902,5,0
2022-12-14 12:00:00,1.06516,1.06614,1.06315,1.06467,14723,5,0
2022-12-14 16:00:00,1.06469,1.06845,1.06212,1.06636,42095,5,0
2022-12-14 20:00:00,1.06637,1.06948,1.06617,1.06757,13396,5,0
2022-12-15 00:00:00,1.06758,1.06824,1.06539,1.06546,5299,5,0
2022-12-15 04:00:00,1.06546,1.06605,1.06401,1.06406,5896,5,0
2022-12-15 08:00:00,1.06408,1.06464,1.06055,1.06239,12825,5,0
2022-12-15 12:00:00,1.06241,1.07359,1.06138,1.06483,39267,5,0
2022-12-15 16:00:00,1.06481,1.06563,1.05923,1.0630600000000001,17269,5,0
2022-12-15 20:00:00,1.0630600000000001,1.06384,1.06198,1.06384,3018,5,0
2022-12-16 00:00:00,1.06385,1.06622,1.06342,1.06475,6111,5,0
2022-12-16 04:00:00,1.06477,1.06629,1.06305,1.06307,6634,5,0
2022-12-16 08:00:00,1.06309,1.06603,1.06092,1.0635,13512,5,0
2022-12-16 12:00:00,1.06348,1.06486,1.06077,1.06162,20119,5,0
2022-12-16 16:00:00,1.0616,1.06244,1.05951,1.05993,10077,5,0
2022-12-16 20:00:00,1.05991,1.06059,1.05849,1.05859,3002,5,0
2022-12-18 20:00:00,1.05858,1.05947,1.05817,1.05842,922,6,0
2022-12-19 00:00:00,1.05844,1.06128,1.05818,1.06083,5991,5,0
2022-12-19 04:00:00,1.06084,1.0637699999999999,1.0601099999999999,1.0624,5905,5,0
2022-12-19 08:00:00,1.0624,1.06576,1.06041,1.06058,12164,5,0
2022-12-19 12:00:00,1.0606,1.06153,1.05756,1.05794,13012,5,0
2022-12-19 16:00:00,1.05795,1.06308,1.05795,1.0604,9426,5,0
2022-12-19 20:00:00,1.06042,1.06116,1.06005,1.06113,2302,5,0
2022-12-20 00:00:00,1.06122,1.06517,1.05977,1.0608,17608,5,0
2022-12-20 04:00:00,1.06079,1.06156,1.05788,1.06109,16509,5,0
2022-12-20 08:00:00,1.06111,1.06458,1.06037,1.06423,15399,5,0
2022-12-20 12:00:00,1.06425,1.06584,1.05938,1.06398,19302,5,0
2022-12-20 16:00:00,1.064,1.06418,1.05991,1.06214,12136,5,0
2022-12-20 20:00:00,1.06213,1.06289,1.06136,1.0625,2557,5,0
2022-12-21 00:00:00,1.06248,1.06261,1.06127,1.06163,5559,5,0
2022-12-21 04:00:00,1.06161,1.06344,1.06067,1.06314,5603,5,0
2022-12-21 08:00:00,1.06315,1.06372,1.06045,1.06055,11034,5,0
2022-12-21 12:00:00,1.06056,1.06446,1.0596,1.06151,15698,5,0
2022-12-21 16:00:00,1.06153,1.06199,1.05902,1.06142,9121,5,0
2022-12-21 20:00:00,1.0614,1.06162,1.06017,1.06077,2246,5,0
2022-12-22 00:00:00,1.06075,1.06443,1.06056,1.06431,5169,5,0
2022-12-22 04:00:00,1.06433,1.06494,1.06349,1.06392,4958,5,0
2022-12-22 08:00:00,1.06391,1.06593,1.06137,1.06153,10718,5,0
2022-12-22 12:00:00,1.06155,1.06387,1.0586,1.06019,17650,5,0
2022-12-22 16:00:00,1.06017,1.06056,1.0573,1.05926,8267,5,0
2022-12-22 20:00:00,1.05924,1.06027,1.0588,1.0601099999999999,3243,5,0
2022-12-23 00:00:00,1.06009,1.06121,1.05865,1.06073,4828,5,0
2022-12-23 04:00:00,1.06076,1.06303,1.06017,1.06282,4436,5,0
2022-12-23 08:00:00,1.0628,1.0628,1.0596,1.06135,8151,5,0
2022-12-23 12:00:00,1.06133,1.06327,1.05921,1.06134,22191,5,0
2022-12-23 16:00:00,1.06134,1.06298,1.06058,1.06204,7439,5,0
2022-12-23 20:00:00,1.06205,1.06212,1.06123,1.0616,1859,5,0
2022-12-25 20:00:00,1.06125,1.06205,1.06071,1.06176,868,25,0
2022-12-26 00:00:00,1.06193,1.06338,1.05963,1.0621,6939,20,0
2022-12-26 04:00:00,1.06212,1.06312,1.06208,1.06278,3503,14,0
2022-12-26 08:00:00,1.06275,1.0628,1.06156,1.06251,1182,13,0
2022-12-26 12:00:00,1.06249,1.06328,1.06191,1.06285,1369,13,0
2022-12-26 16:00:00,1.06277,1.06307,1.0626,1.06292,654,27,0
2022-12-26 20:00:00,1.0629,1.06439,1.06275,1.06381,1495,26,0
2022-12-27 00:00:00,1.06378,1.06602,1.0633,1.06398,4556,5,0
2022-12-27 04:00:00,1.06397,1.06676,1.06389,1.0645,5112,5,0
2022-12-27 08:00:00,1.06452,1.06693,1.06382,1.06543,8073,5,0
2022-12-27 12:00:00,1.06541,1.06571,1.06113,1.06495,12190,5,0
2022-12-27 16:00:00,1.06493,1.06602,1.06335,1.06414,7164,5,0
2022-12-27 20:00:00,1.06413,1.06464,1.06296,1.06358,2112,5,0
2022-12-28 00:00:00,1.06368,1.06427,1.06246,1.06374,4503,5,0
2022-12-28 04:00:00,1.06376,1.06544,1.0636,1.06454,4754,5,0
2022-12-28 08:00:00,1.06456,1.06518,1.06276,1.06465,8504,5,0
2022-12-28 12:00:00,1.06465,1.06743,1.06113,1.06183,13865,5,0
2022-12-28 16:00:00,1.06184,1.06353,1.06127,1.06171,8174,5,0
2022-12-28 20:00:00,1.06169,1.06287,1.06064,1.06287,2057,5,0
2022-12-29 00:00:00,1.06286,1.0637,1.06198,1.0623,3937,5,0
2022-12-29 04:00:00,1.06229,1.06286,1.0611,1.06231,4025,5,0
2022-12-29 08:00:00,1.06231,1.06579,1.06222,1.06379,8549,5,0
2022-12-29 12:00:00,1.0638,1.06698,1.0636,1.06666,14299,5,0
2022-12-29 16:00:00,1.06668,1.06902,1.06566,1.06779,7807,5,0
2022-12-29 20:00:00,1.06776,1.06776,1.06534,1.06602,2121,5,0
2022-12-30 00:00:00,1.06601,1.06691,1.06547,1.06588,3425,5,0
2022-12-30 04:00:00,1.06586,1.06592,1.06382,1.06508,5072,5,0
2022-12-30 08:00:00,1.06509,1.06986,1.06497,1.06759,9934,5,0
2022-12-30 12:00:00,1.06761,1.0701,1.06451,1.06719,20207,5,0
2022-12-30 16:00:00,1.06719,1.07129,1.06708,1.06995,12663,5,0
2022-12-30 20:00:00,1.06995,1.0708,1.0692,1.07036,4254,5,0
2023-01-01 20:00:00,1.0691,1.07009,1.06786,1.07009,979,74,0
2023-01-02 00:00:00,1.07005,1.07078,1.06856,1.06909,1106,35,0
2023-01-02 04:00:00,1.06906,1.06989,1.06627,1.06771,2704,26,0
2023-01-02 08:00:00,1.06779,1.06954,1.06689,1.06796,2270,26,0
2023-01-02 12:00:00,1.06795,1.06819,1.06539,1.06553,1580,101,0
2023-01-02 16:00:00,1.06552,1.06648,1.06453,1.06521,1880,101,0
2023-01-02 20:00:00,1.06519,1.06776,1.06405,1.06714,3363,104,0
2023-01-03 00:00:00,1.0671599999999999,1.06784,1.06503,1.0672,6987,5,0
2023-01-03 04:00:00,1.06722,1.06799,1.06198,1.06234,7613,5,0
2023-01-03 08:00:00,1.06236,1.0628,1.05194,1.0528,21752,5,0
2023-01-03 12:00:00,1.05282,1.05971,1.05238,1.05551,19573,5,0
2023-01-03 16:00:00,1.05553,1.05681,1.05372,1.05662,10140,5,0
2023-01-03 20:00:00,1.05663,1.05685,1.05397,1.05454,3345,5,0
2023-01-04 00:00:00,1.05455,1.05695,1.05451,1.05687,4913,5,0
2023-01-04 04:00:00,1.05686,1.06056,1.05594,1.05936,7762,5,0
2023-01-04 08:00:00,1.05938,1.06353,1.05901,1.06042,15524,5,0
2023-01-04 12:00:00,1.06044,1.06282,1.0581,1.06031,21050,5,0
2023-01-04 16:00:00,1.06033,1.06205,1.05851,1.06054,14941,5,0
2023-01-04 20:00:00,1.06052,1.06101,1.06008,1.06063,3580,5,0
2023-01-05 00:00:00,1.06061,1.06313,1.06029,1.0607,6098,5,0
2023-01-05 04:00:00,1.06072,1.06198,1.05901,1.06053,6146,5,0
2023-01-05 08:00:00,1.06051,1.06288,1.06029,1.06109,11269,5,0
2023-01-05 12:00:00,1.06109,1.06172,1.0515,1.05182,25836,5,0
2023-01-05 16:00:00,1.0518399999999999,1.0543,1.05174,1.05301,11731,5,0
2023-01-05 20:00:00,1.05299,1.05304,1.05155,1.05196,2751,5,0
2023-01-06 00:00:00,1.05206,1.0536,1.05189,1.05321,4329,5,0
2023-01-06 04:00:00,1.05319,1.05341,1.05069,1.05125,6262,5,0
2023-01-06 08:00:00,1.05124,1.05307,1.04922,1.0493999999999999,10379,5,0
2023-01-06 12:00:00,1.04941,1.06121,1.04804,1.06013,34543,5,0
2023-01-06 16:00:00,1.06015,1.06476,1.0596700000000001,1.06453,10267,5,0
2023-01-06 20:00:00,1.06452,1.06478,1.06421,1.06447,1712,5,0
2023-01-08 20:00:00,1.06398,1.06616,1.06359,1.06616,869,25,0
2023-01-09 00:00:00,1.06625,1.06775,1.06514,1.0667200000000001,6838,5,0
2023-01-09 04:00:00,1.06671,1.06947,1.06666,1.06729,7302,5,0
2023-01-09 08:00:00,1.06726,1.06993,1.06601,1.06841,11662,5,0
2023-01-09 12:00:00,1.06839,1.07489,1.06808,1.074,14947,5,0
2023-01-09 16:00:00,1.07401,1.0760399999999999,1.07376,1.07514,9099,5,0
2023-01-09 20:00:00,1.07513,1.07535,1.07281,1.07326,3876,5,0
2023-01-10 00:00:00,1.07324,1.07422,1.07206,1.07321,6807,5,0
2023-01-10 04:00:00,1.07322,1.07437,1.07218,1.07315,6855,5,0
2023-01-10 08:00:00,1.0731600000000001,1.07516,1.07292,1.07348,10343,5,0
2023-01-10 12:00:00,1.0735,1.0759,1.0712,1.07274,19101,5,0
2023-01-10 16:00:00,1.07276,1.07436,1.0724,1.07408,8425,5,0
2023-01-10 20:00:00,1.07407,1.0743800000000001,1.07304,1.07383,2133,5,0
2023-01-11 00:00:00,1.07382,1.07449,1.0725500000000001,1.07335,4058,5,0
2023-01-11 04:00:00,1.07337,1.07572,1.07319,1.07464,5114,5,0
2023-01-11 08:00:00,1.07466,1.0755,1.07252,1.0748,10030,5,0
2023-01-11 12:00:00,1.0748,1.07761,1.07278,1.07547,13984,5,0
2023-01-11 16:00:00,1.07548,1.07679,1.07347,1.0763,8845,5,0
2023-01-11 20:00:00,1.07628,1.07663,1.07516,1.07652,2510,5,0
2023-01-12 00:00:00,1.07653,1.07743,1.076,1.07684,4612,5,0
2023-01-12 04:00:00,1.07682,1.07749,1.07554,1.07623,4374,5,0
2023-01-12 08:00:00,1.07625,1.07732,1.07426,1.07615,10281,5,0
2023-01-12 12:00:00,1.07613,1.08375,1.07288,1.0806499999999999,50480,5,0
2023-01-12 16:00:00,1.08066,1.08667,1.08022,1.08489,15857,5,0
2023-01-12 20:00:00,1.08488,1.08594,1.08411,1.08594,2847,5,0
2023-01-13 00:00:00,1.08593,1.08676,1.08316,1.08454,6656,5,0
2023-01-13 04:00:00,1.08453,1.08506,1.08316,1.08485,6767,5,0
2023-01-13 08:00:00,1.08487,1.08641,1.0808,1.08118,13301,5,0
2023-01-13 12:00:00,1.08116,1.08384,1.07802,1.08292,18859,5,0
2023-01-13 16:00:00,1.0829,1.0835,1.08009,1.0829,8988,5,0
2023-01-13 20:00:00,1.08289,1.08356,1.08268,1.08322,1301,5,0
2023-01-15 20:00:00,1.08329,1.08336,1.08193,1.08224,838,6,0
2023-01-16 00:00:00,1.08225,1.0874,1.08211,1.08599,5663,5,0
2023-01-16 04:00:00,1.08598,1.08637,1.0826500000000001,1.08308,5450,5,0
2023-01-16 08:00:00,1.08306,1.08363,1.08014,1.08268,10475,5,0
2023-01-16 12:00:00,1.08266,1.0829,1.08058,1.0824799999999999,7060,5,0
2023-01-16 16:00:00,1.08249,1.08263,1.08106,1.08186,2269,5,0
2023-01-16 20:00:00,1.0818699999999999,1.08288,1.08124,1.08288,1055,6,0
2023-01-17 00:00:00,1.08289,1.08328,1.08061,1.08249,5631,5,0
2023-01-17 04:00:00,1.0825,1.08352,1.08118,1.08279,6469,5,0
2023-01-17 08:00:00,1.08281,1.08384,1.08088,1.08321,12330,5,0
2023-01-17 12:00:00,1.08321,1.08691,1.07949,1.08015,27458,5,0
2023-01-17 16:00:00,1.08014,1.08088,1.07743,1.07933,9988,5,0
2023-01-17 20:00:00,1.07933,1.07967,1.07844,1.07893,2303,5,0
2023-01-18 00:00:00,1.07894,1.07991,1.07659,1.07728,11290,5,0
2023-01-18 04:00:00,1.0773,1.08362,1.07672,1.08252,12112,5,0
2023-01-18 08:00:00,1.08253,1.08711,1.08116,1.0815,14730,5,0
2023-01-18 12:00:00,1.08148,1.08871,1.08147,1.08331,30545,5,0
2023-01-18 16:00:00,1.08331,1.08357,1.07866,1.07949,13395,5,0
2023-01-18 20:00:00,1.07947,1.07972,1.07874,1.07972,2724,5,0
2023-01-19 00:00:00,1.07973,1.08053,1.07822,1.08004,5113,5,0
2023-01-19 04:00:00,1.08001,1.08137,1.07821,1.08075,6850,5,0
2023-01-19 08:00:00,1.08077,1.08379,1.08032,1.08217,12042,5,0
2023-01-19 12:00:00,1.08215,1.0827,1.07835,1.0789,19302,5,0
2023-01-19 16:00:00,1.07892,1.08354,1.07871,1.08305,9771,5,0
2023-01-19 20:00:00,1.08304,1.08397,1.08276,1.08325,2678,5,0
2023-01-20 00:00:00,1.08333,1.08439,1.08279,1.0834,3811,5,0
2023-01-20 04:00:00,1.08341,1.08462,1.08206,1.084,5256,5,0
2023-01-20 08:00:00,1.08398,1.08586,1.08245,1.08247,11292,5,0
2023-01-20 12:00:00,1.0824799999999999,1.08474,1.0802100000000001,1.0830899999999999,13479,5,0
2023-01-20 16:00:00,1.0830899999999999,1.08583,1.08271,1.08536,7980,5,0
2023-01-20 20:00:00,1.08539,1.0858,1.08519,1.08555,1254,5,0
2023-01-22 20:00:00,1.08628,1.08684,1.08603,1.08639,821,7,0
2023-01-23 00:00:00,1.08642,1.0903,1.08642,1.08982,5087,5,0
2023-01-23 04:00:00,1.08984,1.09266,1.08871,1.0914,7385,5,0
2023-01-23 08:00:00,1.09138,1.09201,1.08788,1.0881,10314,5,0
2023-01-23 12:00:00,1.08809,1.08829,1.0846,1.08645,14714,5,0
2023-01-23 16:00:00,1.08643,1.08755,1.08473,1.08588,7743,5,0
2023-01-23 20:00:00,1.08589,1.08747,1.0857,1.08711,2393,5,0
2023-01-24 00:00:00,1.08714,1.08827,1.0867499999999999,1.08742,2640,5,0
2023-01-24 04:00:00,1.08744,1.08976,1.08693,1.08885,4192,5,0
2023-01-24 08:00:00,1.08886,1.08956,1.08516,1.0866500000000001,11306,5,0
2023-01-24 12:00:00,1.08664,1.08807,1.0835,1.08748,18207,5,0
2023-01-24 16:00:00,1.0875,1.08886,1.08669,1.08836,7124,5,0
2023-01-24 20:00:00,1.08837,1.08897,1.08789,1.08897,1852,5,0
2023-01-25 00:00:00,1.08896,1.09011,1.08808,1.08969,3552,5,0
2023-01-25 04:00:00,1.08971,1.09108,1.08785,1.08807,5084,5,0
2023-01-25 08:00:00,1.08805,1.08916,1.08571,1.08644,9885,5,0
2023-01-25 12:00:00,1.08646,1.09232,1.08584,1.09019,15412,5,0
2023-01-25 16:00:00,1.09018,1.09178,1.08739,1.09144,8071,5,0
2023-01-25 20:00:00,1.09142,1.09216,1.09064,1.09205,1676,5,0
2023-01-26 00:00:00,1.09207,1.09245,1.09068,1.09128,3117,5,0
2023-01-26 04:00:00,1.09127,1.09292,1.09064,1.09196,4948,5,0
2023-01-26 08:00:00,1.09194,1.09276,1.08923,1.09026,8269,5,0
2023-01-26 12:00:00,1.09025,1.09172,1.08507,1.0855,19201,5,0
2023-01-26 16:00:00,1.08551,1.08899,1.08503,1.08889,8336,5,0
2023-01-26 20:00:00,1.08888,1.08952,1.08863,1.08929,1950,5,0
2023-01-27 00:00:00,1.08931,1.09,1.08704,1.08735,3410,5,0
2023-01-27 04:00:00,1.08733,1.08793,1.08655,1.08735,3555,5,0
2023-01-27 08:00:00,1.08735,1.0895,1.08655,1.08788,6868,5,0
2023-01-27 12:00:00,1.0879,1.08805,1.08376,1.08384,15951,5,0
2023-01-27 16:00:00,1.08382,1.08719,1.0838,1.08685,7208,5,0
2023-01-27 20:00:00,1.08684,1.0872600000000001,1.08639,1.0868,1157,5,0
2023-01-29 20:00:00,1.08596,1.08716,1.08593,1.08716,447,6,0
2023-01-30 00:00:00,1.08718,1.08754,1.08611,1.08684,3546,5,0
2023-01-30 04:00:00,1.08682,1.08791,1.08529,1.08594,5757,5,0
2023-01-30 08:00:00,1.08596,1.09134,1.08596,1.0896,10306,5,0
2023-01-30 12:00:00,1.08962,1.09109,1.0867499999999999,1.08706,11853,5,0
2023-01-30 16:00:00,1.08706,1.08744,1.08391,1.08459,7194,5,0
2023-01-30 20:00:00,1.08457,1.08542,1.08439,1.08497,1817,5,0
2023-01-31 00:00:00,1.08498,1.08598,1.0844,1.08444,3135,5,0
2023-01-31 04:00:00,1.08445,1.08493,1.08315,1.08438,4257,5,0
2023-01-31 08:00:00,1.08439,1.08446,1.08018,1.08357,10222,5,0
2023-01-31 12:00:00,1.08359,1.08641,1.08254,1.08599,18940,5,0
2023-01-31 16:00:00,1.08597,1.08746,1.08506,1.08635,6984,5,0
2023-01-31 20:00:00,1.08636,1.08728,1.08587,1.08605,1989,5,0
2023-02-01 00:00:00,1.08603,1.08638,1.08521,1.08625,2384,5,0
2023-02-01 04:00:00,1.08624,1.08833,1.08623,1.08798,4254,5,0
2023-02-01 08:00:00,1.088,1.08965,1.08696,1.08922,8375,5,0
2023-02-01 12:00:00,1.08923,1.09244,1.08879,1.09196,13606,5,0
2023-02-01 16:00:00,1.09194,1.09856,1.08886,1.09776,29937,5,0
2023-02-01 20:00:00,1.09778,1.10317,1.09694,1.10116,11479,5,0
2023-02-02 00:00:00,1.10125,1.10265,1.10061,1.10174,5557,5,0
2023-02-02 04:00:00,1.10173,1.10253,1.09913,1.09933,5567,5,0
2023-02-02 08:00:00,1.09932,1.10101,1.09804,1.09991,9960,5,0
2023-02-02 12:00:00,1.09993,1.10041,1.08853,1.09363,36592,5,0
2023-02-02 16:00:00,1.09363,1.09485,1.09051,1.09077,11030,5,0
2023-02-02 20:00:00,1.09077,1.0916,1.09034,1.09034,3402,5,0
2023-02-03 00:00:00,1.09044,1.09049,1.08877,1.08936,3788,5,0
2023-02-03 04:00:00,1.08938,1.09056,1.08818,1.0899,5062,5,0
2023-02-03 08:00:00,1.08992,1.09367,1.08844,1.09289,9393,5,0
2023-02-03 12:00:00,1.09289,1.09398,1.08091,1.08579,34458,5,0
2023-02-03 16:00:00,1.08581,1.08612,1.08018,1.08047,11919,0,0
2023-02-03 20:00:00,1.08046,1.08048,1.07928,1.07936,1845,0,0
2023-02-05 20:00:00,1.07854,1.07971,1.07839,1.07893,1119,6,0
2023-02-06 00:00:00,1.07891,1.0798,1.07811,1.079,5978,5,0
2023-02-06 04:00:00,1.07901,1.07985,1.07797,1.07799,5015,5,0
2023-02-06 08:00:00,1.078,1.07948,1.07566,1.07659,10359,5,0
2023-02-06 12:00:00,1.07658,1.07828,1.07219,1.07302,12550,5,0
2023-02-06 16:00:00,1.07301,1.07391,1.07091,1.07245,7356,5,0
2023-02-06 20:00:00,1.07246,1.07306,1.07185,1.07277,2420,5,0
2023-02-07 00:00:00,1.07287,1.07424,1.07278,1.07379,3488,5,0
2023-02-07 04:00:00,1.07378,1.07434,1.07229,1.0724,4922,5,0
2023-02-07 08:00:00,1.07239,1.07346,1.06967,1.07048,12910,5,0
2023-02-07 12:00:00,1.07048,1.0712,1.06691,1.06922,12075,5,0
2023-02-07 16:00:00,1.06923,1.07663,1.06873,1.07191,31606,5,0
2023-02-07 20:00:00,1.07191,1.07301,1.07081,1.07301,2224,5,0
2023-02-08 00:00:00,1.0729899999999999,1.07348,1.07229,1.07322,3087,5,0
2023-02-08 04:00:00,1.07321,1.07594,1.0723799999999999,1.07586,4103,5,0
2023-02-08 08:00:00,1.07583,1.0760399999999999,1.07329,1.07349,8466,5,0
2023-02-08 12:00:00,1.07348,1.07489,1.07136,1.07249,11879,5,0
2023-02-08 16:00:00,1.07248,1.07398,1.07186,1.07228,7247,5,0
2023-02-08 20:00:00,1.07229,1.07242,1.07087,1.07153,2061,5,0
2023-02-09 00:00:00,1.07152,1.07325,1.07096,1.07293,2815,5,0
2023-02-09 04:00:00,1.07293,1.07444,1.07239,1.07328,5372,5,0
2023-02-09 08:00:00,1.07329,1.07781,1.07324,1.07628,8546,5,0
2023-02-09 12:00:00,1.07628,1.07904,1.07588,1.07626,10910,5,0
2023-02-09 16:00:00,1.07626,1.07631,1.0733,1.07371,8343,5,0
2023-02-09 20:00:00,1.07371,1.07405,1.07313,1.0739,1798,5,0
2023-02-10 00:00:00,1.07391,1.07391,1.07175,1.07206,3178,5,0
2023-02-10 04:00:00,1.07205,1.07443,1.07172,1.07407,6769,5,0
2023-02-10 08:00:00,1.0741,1.07524,1.06915,1.06984,13402,5,0
2023-02-10 12:00:00,1.06985,1.07066,1.06743,1.06766,13882,5,0
2023-02-10 16:00:00,1.06764,1.06865,1.06662,1.0673,5295,5,0
2023-02-10 20:00:00,1.06732,1.06805,1.06731,1.0677,1068,5,0
2023-02-12 20:00:00,1.06817,1.06817,1.06701,1.0677,683,6,0
2023-02-13 00:00:00,1.06771,1.06786,1.06553,1.06606,4247,5,0
2023-02-13 04:00:00,1.06605,1.06896,1.06605,1.06828,4130,5,0
2023-02-13 08:00:00,1.06828,1.06852,1.06631,1.06755,6940,5,0
2023-02-13 12:00:00,1.06756,1.07271,1.06735,1.0719400000000001,10844,5,0
2023-02-13 16:00:00,1.07192,1.07297,1.07102,1.0717,5300,5,0
2023-02-13 20:00:00,1.07168,1.07311,1.07138,1.07308,1442,5,0
2023-02-14 00:00:00,1.07307,1.07365,1.07253,1.07343,3226,5,0
2023-02-14 04:00:00,1.0734,1.07463,1.07286,1.07318,3939,5,0
2023-02-14 08:00:00,1.0732,1.07666,1.07288,1.07549,8330,5,0
2023-02-14 12:00:00,1.07547,1.08044,1.07066,1.07154,44649,5,0
2023-02-14 16:00:00,1.07155,1.07453,1.07123,1.07392,15891,5,0
2023-02-14 20:00:00,1.07391,1.0742,1.07322,1.0734,2264,5,0
2023-02-15 00:00:00,1.0735,1.07442,1.07169,1.07178,3441,5,0
2023-02-15 04:00:00,1.0718,1.07208,1.06998,1.07079,5369,5,0
2023-02-15 08:00:00,1.0708,1.07327,1.07046,1.0711,7961,5,0
2023-02-15 12:00:00,1.07108,1.07177,1.06649,1.06758,19725,5,0
2023-02-15 16:00:00,1.06755,1.06874,1.06603,1.06807,7408,5,0
2023-02-15 20:00:00,1.06807,1.06912,1.06795,1.06912,1824,5,0
2023-02-16 00:00:00,1.06913,1.07146,1.06844,1.07092,4539,5,0
2023-02-16 04:00:00,1.07092,1.07103,1.0695999999999999,1.0709,4040,5,0
2023-02-16 08:00:00,1.07089,1.0722,1.06887,1.07049,7634,5,0
2023-02-16 12:00:00,1.0705,1.07085,1.06539,1.06728,19648,5,0
2023-02-16 16:00:00,1.06729,1.06971,1.06681,1.06902,8563,5,0
2023-02-16 20:00:00,1.069,1.06906,1.06614,1.06654,5107,5,0
2023-02-17 00:00:00,1.06653,1.06653,1.06484,1.06525,3100,5,0
2023-02-17 04:00:00,1.06524,1.06528,1.06294,1.06439,4616,5,0
2023-02-17 08:00:00,1.06438,1.0661100000000001,1.06237,1.06253,8555,5,0
2023-02-17 12:00:00,1.0625499999999999,1.06818,1.06126,1.0662,15048,5,0
2023-02-17 16:00:00,1.06619,1.06967,1.06568,1.0695999999999999,8024,5,0
2023-02-17 20:00:00,1.06959,1.0698,1.06926,1.06942,1580,5,0
2023-02-19 20:00:00,1.06861,1.06916,1.06815,1.06837,579,6,0
2023-02-20 00:00:00,1.0683799999999999,1.06865,1.0673,1.06816,2580,5,0
2023-02-20 04:00:00,1.06814,1.07034,1.06813,1.07013,3504,5,0
2023-02-20 08:00:00,1.07014,1.07043,1.0678,1.06849,5483,5,0
2023-02-20 12:00:00,1.0685,1.06935,1.067,1.06859,4941,6,0
2023-02-20 16:00:00,1.06861,1.06903,1.06829,1.06866,1095,6,0
2023-02-20 20:00:00,1.06864,1.06879,1.068,1.06821,886,6,0
2023-02-21 00:00:00,1.06819,1.06846,1.06619,1.06664,3516,5,0
2023-02-21 04:00:00,1.06666,1.06737,1.06599,1.06693,3709,5,0
2023-02-21 08:00:00,1.06695,1.06882,1.06426,1.06571,12730,5,0
2023-02-21 12:00:00,1.06571,1.06977,1.06437,1.06851,16781,5,0
2023-02-21 16:00:00,1.06851,1.06853,1.06373,1.06483,7095,5,0
2023-02-21 20:00:00,1.06484,1.06523,1.06431,1.0651,2029,5,0
2023-02-22 00:00:00,1.06509,1.06637,1.06485,1.06595,4237,5,0
2023-02-22 04:00:00,1.06593,1.06631,1.0651,1.0653299999999999,3252,5,0
2023-02-22 08:00:00,1.06532,1.06575,1.06244,1.06299,9406,5,0
2023-02-22 12:00:00,1.06301,1.06601,1.06247,1.06266,12228,5,0
2023-02-22 16:00:00,1.06266,1.06357,1.0599,1.06006,12969,5,0
2023-02-22 20:00:00,1.06007,1.06082,1.05989,1.06052,2155,5,0
2023-02-23 00:00:00,1.06054,1.06245,1.06053,1.06222,2425,5,0
2023-02-23 04:00:00,1.06221,1.06275,1.06102,1.0616,3500,5,0
2023-02-23 08:00:00,1.06162,1.06173,1.05856,1.06037,7582,5,0
2023-02-23 12:00:00,1.06035,1.06207,1.05874,1.0596700000000001,16313,5,0
2023-02-23 16:00:00,1.05965,1.06026,1.05769,1.05952,7203,5,0
2023-02-23 20:00:00,1.05953,1.0602800000000001,1.05912,1.05973,1469,5,0
2023-02-24 00:00:00,1.05975,1.0614,1.05933,1.05997,5057,5,0
2023-02-24 04:00:00,1.05996,1.06019,1.05884,1.05892,3654,5,0
2023-02-24 08:00:00,1.05891,1.05957,1.05732,1.05793,7323,5,0
2023-02-24 12:00:00,1.05795,1.05795,1.05359,1.05417,23646,5,0
2023-02-24 16:00:00,1.05419,1.05594,1.05399,1.05504,8014,5,0
2023-02-24 20:00:00,1.05505,1.05553,1.05438,1.05453,1484,5,0
2023-02-26 20:00:00,1.05454,1.05541,1.05452,1.05531,392,6,0
2023-02-27 00:00:00,1.05532,1.05596,1.05398,1.05441,3568,5,0
2023-02-27 04:00:00,1.05442,1.05526,1.05328,1.05476,4817,5,0
2023-02-27 08:00:00,1.05477,1.05689,1.05477,1.0562,7359,5,0
2023-02-27 12:00:00,1.05621,1.06198,1.05497,1.06009,11798,5,0
2023-02-27 16:00:00,1.0601,1.06125,1.05794,1.06073,6339,5,0
2023-02-27 20:00:00,1.06071,1.06099,1.06023,1.06083,1849,5,0
2023-02-28 00:00:00,1.06094,1.06147,1.05854,1.05923,3026,5,0
2023-02-28 04:00:00,1.05922,1.05966,1.05817,1.05931,4775,5,0
2023-02-28 08:00:00,1.05933,1.06254,1.05933,1.06089,10434,5,0
2023-02-28 12:00:00,1.06087,1.06448,1.06014,1.06049,13783,5,0
2023-02-28 16:00:00,1.06051,1.06166,1.05823,1.05835,7763,5,0
2023-02-28 20:00:00,1.05833,1.05834,1.05739,1.05766,1962,5,0
2023-03-01 00:00:00,1.0576699999999999,1.05953,1.05651,1.05932,3983,5,0
2023-03-01 04:00:00,1.0593,1.06448,1.05879,1.06413,6154,5,0
2023-03-01 08:00:00,1.06411,1.06737,1.0625499999999999,1.06694,12610,5,0
2023-03-01 12:00:00,1.06693,1.06912,1.06432,1.0672,17228,5,0
2023-03-01 16:00:00,1.06719,1.06783,1.06462,1.06569,8654,5,0
2023-03-01 20:00:00,1.06571,1.06713,1.0656,1.06682,1900,5,0
2023-03-02 00:00:00,1.06684,1.06725,1.06446,1.06455,4611,5,0
2023-03-02 04:00:00,1.06456,1.06506,1.06321,1.06362,4544,5,0
2023-03-02 08:00:00,1.0636,1.06427,1.06128,1.06247,10882,5,0
2023-03-02 12:00:00,1.06249,1.06308,1.05816,1.06083,16110,5,0
2023-03-02 16:00:00,1.06085,1.06126,1.05763,1.05902,7593,5,0
2023-03-02 20:00:00,1.05901,1.06063,1.05859,1.05982,2225,5,0
2023-03-03 00:00:00,1.05981,1.06146,1.05966,1.06062,4027,5,0
2023-03-03 04:00:00,1.06061,1.06228,1.06051,1.06097,4000,5,0
2023-03-03 08:00:00,1.06098,1.06289,1.06003,1.06143,8340,5,0
2023-03-03 12:00:00,1.06145,1.06294,1.0588,1.05975,13927,5,0
2023-03-03 16:00:00,1.05975,1.06353,1.05924,1.06345,6764,5,0
2023-03-03 20:00:00,1.06343,1.06384,1.06301,1.06337,1349,5,0
2023-03-05 20:00:00,1.06264,1.06276,1.06219,1.06246,500,25,0
2023-03-06 00:00:00,1.0625499999999999,1.06498,1.06239,1.06456,4000,5,0
2023-03-06 04:00:00,1.06455,1.06566,1.06371,1.06482,4502,5,0
2023-03-06 08:00:00,1.06481,1.0657,1.0622,1.06393,9113,5,0
2023-03-06 12:00:00,1.06395,1.06892,1.06321,1.06785,12321,5,0
2023-03-06 16:00:00,1.06783,1.06941,1.06682,1.06754,6031,5,0
2023-03-06 20:00:00,1.06753,1.06855,1.06719,1.06844,1843,5,0
2023-03-07 00:00:00,1.06853,1.06923,1.06762,1.06908,3368,5,0
2023-03-07 04:00:00,1.06907,1.06941,1.06744,1.06855,4414,5,0
2023-03-07 08:00:00,1.06853,1.06862,1.06541,1.06564,8559,5,0
2023-03-07 12:00:00,1.06565,1.06718,1.05737,1.05852,22597,5,0
2023-03-07 16:00:00,1.0585,1.05957,1.05458,1.05514,14455,5,0
2023-03-07 20:00:00,1.05516,1.0557,1.05469,1.05471,1934,5,0
2023-03-08 00:00:00,1.05481,1.05503,1.05275,1.05291,3365,5,0
2023-03-08 04:00:00,1.05293,1.05467,1.05242,1.05434,4391,5,0
2023-03-08 08:00:00,1.05433,1.05483,1.05339,1.05375,7180,5,0
2023-03-08 12:00:00,1.05374,1.05735,1.05294,1.05524,18879,5,0
2023-03-08 16:00:00,1.05526,1.05675,1.05396,1.05458,8845,5,0
2023-03-08 20:00:00,1.05456,1.05498,1.05382,1.05478,1535,5,0
2023-03-09 00:00:00,1.05487,1.0553,1.05378,1.05491,2476,5,0
2023-03-09 04:00:00,1.05491,1.05594,1.05458,1.0556,2836,5,0
2023-03-09 08:00:00,1.0556,1.05811,1.0548,1.05708,6693,5,0
2023-03-09 12:00:00,1.0570599999999999,1.05862,1.05523,1.05684,13039,5,0
2023-03-09 16:00:00,1.05684,1.05908,1.05635,1.05756,8036,5,0
2023-03-09 20:00:00,1.05755,1.05844,1.0572300000000001,1.05844,3318,5,0
2023-03-10 00:00:00,1.05853,1.05992,1.05794,1.05966,5929,5,0
2023-03-10 04:00:00,1.05965,1.06063,1.0581,1.05944,5322,5,0
2023-03-10 08:00:00,1.05946,1.06034,1.05738,1.05894,10362,5,0
2023-03-10 12:00:00,1.05893,1.07004,1.05805,1.06872,36643,5,0
2023-03-10 16:00:00,1.06871,1.06871,1.06357,1.06433,17093,5,0
2023-03-10 20:00:00,1.06433,1.06477,1.06365,1.0639,3646,5,0
2023-03-12 20:00:00,1.06757,1.07024,1.06742,1.06809,7507,6,0
2023-03-13 00:00:00,1.06812,1.07365,1.0664,1.07168,13116,5,0
2023-03-13 04:00:00,1.07169,1.0737,1.07131,1.0725,7808,5,0
2023-03-13 08:00:00,1.07251,1.07287,1.06572,1.06637,29724,5,0
2023-03-13 12:00:00,1.06638,1.07332,1.065,1.0733,37914,5,0
2023-03-13 16:00:00,1.07328,1.07483,1.07208,1.07295,14677,5,0
2023-03-13 20:00:00,1.07294,1.07329,1.07225,1.07228,1858,5,0
2023-03-14 00:00:00,1.07229,1.07239,1.06986,1.07025,5556,5,0
2023-03-14 04:00:00,1.07026,1.07152,1.06786,1.06896,9661,5,0
2023-03-14 08:00:00,1.06894,1.07277,1.06828,1.07216,14206,5,0
2023-03-14 12:00:00,1.07219,1.0748,1.06979,1.07209,34892,5,0
2023-03-14 16:00:00,1.07209,1.07493,1.07103,1.07413,12739,5,0
2023-03-14 20:00:00,1.07415,1.0742,1.07253,1.07267,1141,5,0
2023-03-15 00:00:00,1.07268,1.07595,1.07252,1.0751,4269,5,0
2023-03-15 04:00:00,1.0751,1.07536,1.07274,1.07371,5952,5,0
2023-03-15 08:00:00,1.07374,1.07432,1.05803,1.05873,24411,5,0
2023-03-15 12:00:00,1.05874,1.05944,1.0516,1.05337,33052,5,0
2023-03-15 16:00:00,1.05336,1.05921,1.05273,1.05801,25452,5,0
2023-03-15 20:00:00,1.05803,1.05886,1.05736,1.05815,2063,5,0
2023-03-16 00:00:00,1.05814,1.05987,1.05729,1.05985,8373,5,0
2023-03-16 04:00:00,1.05983,1.06279,1.05926,1.06248,7245,5,0
2023-03-16 08:00:00,1.0625,1.06353,1.06,1.06129,14498,5,0
2023-03-16 12:00:00,1.06128,1.06264,1.0551,1.06212,42418,5,0
2023-03-16 16:00:00,1.06212,1.06249,1.05913,1.06145,11141,5,0
2023-03-16 20:00:00,1.06143,1.0617,1.06081,1.06133,1402,5,0
2023-03-17 00:00:00,1.06135,1.06444,1.06114,1.064,4140,5,0
2023-03-17 04:00:00,1.06399,1.0669,1.06387,1.06622,5412,5,0
2023-03-17 08:00:00,1.06624,1.06697,1.06153,1.06294,11209,5,0
2023-03-17 12:00:00,1.06292,1.06477,1.06121,1.06461,15338,5,0
2023-03-17 16:00:00,1.06459,1.06849,1.0642,1.06609,8298,5,0
2023-03-17 20:00:00,1.0661100000000001,1.06654,1.06583,1.06654,741,5,0
2023-03-19 20:00:00,1.06817,1.06873,1.06652,1.06803,1430,6,0
2023-03-20 00:00:00,1.06805,1.06897,1.06645,1.0669,5952,5,0
2023-03-20 04:00:00,1.0669,1.06807,1.06416,1.06552,12156,5,0
2023-03-20 08:00:00,1.06553,1.07084,1.06311,1.07068,17340,5,0
2023-03-20 12:00:00,1.07068,1.07305,1.07015,1.07209,12691,5,0
2023-03-20 16:00:00,1.07207,1.07281,1.07068,1.07227,5830,5,0
2023-03-20 20:00:00,1.07229,1.07242,1.07155,1.07183,1007,5,0
2023-03-21 00:00:00,1.07185,1.07257,1.0714,1.07157,3633,5,0
2023-03-21 04:00:00,1.07155,1.07216,1.07038,1.07187,4444,5,0
2023-03-21 08:00:00,1.07188,1.07842,1.07159,1.07784,10691,5,0
2023-03-21 12:00:00,1.07784,1.07883,1.07607,1.07685,10285,5,0
2023-03-21 16:00:00,1.07684,1.0778,1.0756000000000001,1.07691,5310,5,0
2023-03-21 20:00:00,1.07692,1.07735,1.07654,1.07724,885,5,0
2023-03-22 00:00:00,1.07724,1.07765,1.07652,1.07697,3372,5,0
2023-03-22 04:00:00,1.07696,1.07748,1.07589,1.07656,3862,5,0
2023-03-22 08:00:00,1.0765500000000001,1.07978,1.07648,1.07969,8379,5,0
2023-03-22 12:00:00,1.07968,1.07999,1.07755,1.07908,7812,5,0
2023-03-22 16:00:00,1.0791,1.09121,1.07883,1.08652,34697,5,0
2023-03-22 20:00:00,1.0865,1.08715,1.08526,1.08686,2102,5,0
2023-03-23 00:00:00,1.08688,1.09053,1.08683,1.09007,5494,5,0
2023-03-23 04:00:00,1.09005,1.09295,1.08948,1.09059,7761,5,0
2023-03-23 08:00:00,1.0906,1.09101,1.08666,1.08755,10958,5,0
2023-03-23 12:00:00,1.08756,1.09076,1.08695,1.08896,11726,5,0
2023-03-23 16:00:00,1.08895,1.08984,1.0824,1.08396,13385,5,0
2023-03-23 20:00:00,1.08395,1.08405,1.0826,1.08344,1731,5,0
2023-03-24 00:00:00,1.08345,1.08349,1.08171,1.08283,5281,5,0
2023-03-24 04:00:00,1.08284,1.08368,1.08226,1.08279,4528,5,0
2023-03-24 08:00:00,1.0828,1.08307,1.0713,1.07379,24788,5,0
2023-03-24 12:00:00,1.0737700000000001,1.07672,1.07229,1.0761,17414,5,0
2023-03-24 16:00:00,1.0761,1.07673,1.07511,1.07586,5731,5,0
2023-03-24 20:00:00,1.07587,1.07626,1.07582,1.07598,479,5,0
2023-03-26 20:00:00,1.077,1.0778699999999999,1.07645,1.07775,1510,6,0
2023-03-27 00:00:00,1.07773,1.07773,1.07575,1.07714,4246,5,0
2023-03-27 04:00:00,1.07712,1.07819,1.07448,1.07511,7165,5,0
2023-03-27 08:00:00,1.07509,1.07806,1.07496,1.07714,7999,5,0
2023-03-27 12:00:00,1.0771600000000001,1.07946,1.07677,1.07878,9630,5,0
2023-03-27 16:00:00,1.07876,1.07985,1.0786,1.0796999999999999,3425,5,0
2023-03-27 20:00:00,1.0796999999999999,1.08074,1.07951,1.0806,756,5,0
2023-03-28 00:00:00,1.08062,1.0819,1.08034,1.08149,3675,5,0
2023-03-28 04:00:00,1.08148,1.08336,1.0806,1.08202,5805,5,0
2023-03-28 08:00:00,1.082,1.08364,1.08101,1.08311,6558,5,0
2023-03-28 12:00:00,1.0831,1.08466,1.08163,1.08426,9568,5,0
2023-03-28 16:00:00,1.08427,1.0848200000000001,1.08313,1.08475,3265,5,0
2023-03-28 20:00:00,1.08473,1.08473,1.08363,1.0838700000000001,856,5,0
2023-03-29 00:00:00,1.08388,1.08493,1.08344,1.08362,3168,5,0
2023-03-29 04:00:00,1.08364,1.08436,1.08175,1.08367,5092,5,0
2023-03-29 08:00:00,1.08367,1.08711,1.0826500000000001,1.08548,7080,5,0
2023-03-29 12:00:00,1.0855,1.08597,1.08244,1.08249,11097,5,0
2023-03-29 16:00:00,1.08249,1.08479,1.08233,1.08391,3735,5,0
2023-03-29 20:00:00,1.08392,1.08473,1.08381,1.08424,963,5,0
2023-03-30 00:00:00,1.08427,1.0843099999999999,1.08262,1.08328,3102,5,0
2023-03-30 04:00:00,1.08329,1.08575,1.08233,1.08544,7338,5,0
2023-03-30 08:00:00,1.0854300000000001,1.08842,1.08503,1.08785,7616,5,0
2023-03-30 12:00:00,1.08782,1.0926,1.08778,1.08979,11675,5,0
2023-03-30 16:00:00,1.08977,1.0907499999999999,1.08919,1.09066,3230,5,0
2023-03-30 20:00:00,1.09067,1.09072,1.09013,1.0904,783,5,0
2023-03-31 00:00:00,1.09038,1.09253,1.09012,1.09067,4169,5,0
2023-03-31 04:00:00,1.09065,1.09104,1.08798,1.08843,5521,5,0
2023-03-31 08:00:00,1.08845,1.08956,1.0864,1.08669,8963,5,0
2023-03-31 12:00:00,1.0867,1.09015,1.08573,1.08716,12712,5,0
2023-03-31 16:00:00,1.08717,1.08722,1.08429,1.08453,4559,5,0
2023-03-31 20:00:00,1.08454,1.08459,1.08366,1.08422,558,5,0
2023-04-02 20:00:00,1.08413,1.08433,1.08011,1.08025,2155,6,0
2023-04-03 00:00:00,1.08025,1.08166,1.0788,1.07898,5348,5,0
2023-04-03 04:00:00,1.079,1.08415,1.07888,1.08388,5715,5,0
2023-04-03 08:00:00,1.0838700000000001,1.08775,1.08298,1.08764,8103,5,0
2023-04-03 12:00:00,1.08762,1.09164,1.08616,1.08901,13673,5,0
2023-04-03 16:00:00,1.08901,1.09072,1.08798,1.0906,3846,5,0
2023-04-03 20:00:00,1.09058,1.0909200000000001,1.09003,1.09066,849,5,0
2023-04-04 00:00:00,1.09068,1.09095,1.08884,1.08886,3160,5,0
2023-04-04 04:00:00,1.08884,1.09372,1.08827,1.0925,7062,5,0
2023-04-04 08:00:00,1.09251,1.09356,1.08956,1.08972,8014,5,0
2023-04-04 12:00:00,1.08974,1.09728,1.08867,1.09504,14774,5,0
2023-04-04 16:00:00,1.09503,1.09574,1.0943100000000001,1.09569,3611,5,0
2023-04-04 20:00:00,1.0957,1.09612,1.09513,1.09575,898,5,0
2023-04-05 00:00:00,1.09576,1.09693,1.0955300000000001,1.09594,3653,5,0
2023-04-05 04:00:00,1.09595,1.0967,1.09464,1.0950199999999999,4573,5,0
2023-04-05 08:00:00,1.09499,1.096,1.09348,1.09408,5804,5,0
2023-04-05 12:00:00,1.09407,1.09665,1.09025,1.0917,15317,5,0
2023-04-05 16:00:00,1.09172,1.09195,1.08908,1.09033,3388,5,0
2023-04-05 20:00:00,1.09034,1.09093,1.08986,1.09028,799,5,0
2023-04-06 00:00:00,1.0903,1.09044,1.08845,1.08916,2598,5,0
2023-04-06 04:00:00,1.08917,1.0917,1.08894,1.09064,4789,5,0
2023-04-06 08:00:00,1.09064,1.09166,1.08922,1.0915,5667,5,0
2023-04-06 12:00:00,1.09148,1.0928,1.08858,1.0925799999999999,9795,5,0
2023-04-06 16:00:00,1.0925799999999999,1.09373,1.09213,1.09227,2534,5,0
2023-04-06 20:00:00,1.09225,1.09231,1.09068,1.09173,622,5,0
2023-04-07 00:00:00,1.09178,1.09219,1.09118,1.09173,1227,40,0
2023-04-07 04:00:00,1.09171,1.09186,1.0909,1.09145,1414,20,0
2023-04-07 08:00:00,1.09142,1.09212,1.091,1.09169,1465,10,0
2023-04-07 12:00:00,1.0917,1.09172,1.08758,1.09112,5486,10,0
2023-04-07 16:00:00,1.0911,1.09119,1.09009,1.09036,1736,10,0
2023-04-07 20:00:00,1.09032,1.09067,1.08893,1.08899,610,40,0
2023-04-09 20:00:00,1.0899,1.09132,1.08989,1.09128,727,6,0
2023-04-10 00:00:00,1.09129,1.09142,1.08967,1.0899,2116,5,0
2023-04-10 04:00:00,1.08991,1.09168,1.08906,1.09164,2518,5,0
2023-04-10 08:00:00,1.09167,1.0917,1.08862,1.08887,3437,5,0
2023-04-10 12:00:00,1.08885,1.08911,1.08312,1.08389,10354,5,0
2023-04-10 16:00:00,1.0839,1.08627,1.08378,1.08627,2496,5,0
2023-04-10 20:00:00,1.08626,1.08697,1.08581,1.08687,596,5,0
2023-04-11 00:00:00,1.08688,1.08874,1.08669,1.08812,3069,5,0
2023-04-11 04:00:00,1.08813,1.09042,1.08807,1.08951,4945,5,0
2023-04-11 08:00:00,1.0895,1.09264,1.08943,1.0905,6105,5,0
2023-04-11 12:00:00,1.09048,1.09277,1.09021,1.09045,7731,5,0
2023-04-11 16:00:00,1.09047,1.09167,1.0896,1.09139,2719,5,0
2023-04-11 20:00:00,1.09138,1.09169,1.09105,1.0916,532,5,0
2023-04-12 00:00:00,1.09161,1.09285,1.09145,1.0924,2240,5,0
2023-04-12 04:00:00,1.09239,1.0937000000000001,1.09158,1.09264,4059,5,0
2023-04-12 08:00:00,1.09266,1.09357,1.09179,1.09222,4822,5,0
2023-04-12 12:00:00,1.09224,1.09997,1.09196,1.09864,18268,5,0
2023-04-12 16:00:00,1.09862,1.10001,1.09849,1.09881,4469,5,0
2023-04-12 20:00:00,1.09882,1.09992,1.09865,1.09966,766,5,0
2023-04-13 00:00:00,1.09964,1.10048,1.09836,1.09883,3714,5,0
2023-04-13 04:00:00,1.09882,1.10003,1.09765,1.0999,4275,5,0
2023-04-13 08:00:00,1.09991,1.10314,1.09991,1.10098,6597,5,0
2023-04-13 12:00:00,1.10098,1.10674,1.10082,1.10528,12606,5,0
2023-04-13 16:00:00,1.10527,1.10595,1.10439,1.10463,2691,5,0
2023-04-13 20:00:00,1.10464,1.10514,1.10448,1.10514,542,5,0
2023-04-14 00:00:00,1.10516,1.10748,1.10486,1.107,3306,5,0
2023-04-14 04:00:00,1.107,1.10753,1.10592,1.10652,4142,5,0
2023-04-14 08:00:00,1.1065,1.10662,1.10476,1.10537,5261,5,0
2023-04-14 12:00:00,1.10539,1.1072899999999999,1.0975,1.09786,18086,5,0
2023-04-14 16:00:00,1.09785,1.09989,1.09722,1.09964,3995,5,0
2023-04-14 20:00:00,1.09961,1.09975,1.09927,1.09927,421,5,0
2023-04-16 20:00:00,1.09899,1.09945,1.09832,1.09842,774,6,0
2023-04-17 00:00:00,1.09843,1.09912,1.0961400000000001,1.09761,3213,5,0
2023-04-17 04:00:00,1.09759,1.09995,1.09755,1.09918,4509,5,0
2023-04-17 08:00:00,1.09917,1.09931,1.0964,1.09767,6176,5,0
2023-04-17 12:00:00,1.09765,1.0984,1.0909,1.0913599999999999,12669,5,0
2023-04-17 16:00:00,1.09138,1.0930900000000001,1.09104,1.09307,2860,5,0
2023-04-17 20:00:00,1.09305,1.09305,1.09222,1.09243,545,5,0
2023-04-18 00:00:00,1.09244,1.09388,1.09222,1.09356,3232,5,0
2023-04-18 04:00:00,1.09355,1.09706,1.09337,1.09702,5213,5,0
2023-04-18 08:00:00,1.097,1.09826,1.09656,1.0966,6085,5,0
2023-04-18 12:00:00,1.09661,1.09778,1.09427,1.0957,9450,5,0
2023-04-18 16:00:00,1.09571,1.09745,1.09546,1.09706,2715,5,0
2023-04-18 20:00:00,1.09704,1.09761,1.09648,1.09747,690,5,0
2023-04-19 00:00:00,1.09749,1.09838,1.09649,1.09738,2765,5,0
2023-04-19 04:00:00,1.09739,1.09743,1.09462,1.09625,6407,5,0
2023-04-19 08:00:00,1.09623,1.09629,1.09171,1.0930900000000001,8551,5,0
2023-04-19 12:00:00,1.0931,1.09791,1.09272,1.09529,8924,5,0
2023-04-19 16:00:00,1.09527,1.09666,1.09514,1.09546,3086,5,0
2023-04-19 20:00:00,1.09545,1.09577,1.09468,1.09514,825,5,0
2023-04-20 00:00:00,1.09516,1.0961400000000001,1.09493,1.09593,2998,5,0
2023-04-20 04:00:00,1.09592,1.09727,1.09497,1.09609,5158,5,0
2023-04-20 08:00:00,1.09608,1.09782,1.09535,1.09544,6830,5,0
2023-04-20 12:00:00,1.09546,1.09895,1.09332,1.09691,12779,5,0
2023-04-20 16:00:00,1.09692,1.09723,1.09561,1.09631,3592,5,0
2023-04-20 20:00:00,1.09633,1.09707,1.09555,1.09676,851,5,0
2023-04-21 00:00:00,1.09674,1.09729,1.09618,1.09638,2229,5,0
2023-04-21 04:00:00,1.09637,1.09637,1.09378,1.09562,5312,5,0
2023-04-21 08:00:00,1.0956,1.09855,1.09488,1.09812,7227,5,0
2023-04-21 12:00:00,1.09811,1.09934,1.09423,1.09717,13275,5,0
2023-04-21 16:00:00,1.0971899999999999,1.09899,1.09691,1.09898,3766,5,0
2023-04-21 20:00:00,1.099,1.09926,1.09852,1.09887,470,5,0
2023-04-23 20:00:00,1.09889,1.09959,1.09867,1.09916,496,6,0
2023-04-24 00:00:00,1.09916,1.09947,1.0979700000000001,1.09814,2973,5,0
2023-04-24 04:00:00,1.09812,1.0988,1.09657,1.09868,4544,5,0
2023-04-24 08:00:00,1.09867,1.10202,1.09837,1.1002,7847,5,0
2023-04-24 12:00:00,1.10022,1.10366,1.09992,1.10256,9892,5,0
2023-04-24 16:00:00,1.10254,1.10498,1.10246,1.1043,2825,5,0
2023-04-24 20:00:00,1.10431,1.10568,1.1043,1.10567,704,5,0
2023-04-25 00:00:00,1.10569,1.1066799999999999,1.10514,1.10526,3000,5,0
2023-04-25 04:00:00,1.10526,1.10587,1.10245,1.10323,7024,5,0
2023-04-25 08:00:00,1.10324,1.10437,1.10095,1.10167,6447,5,0
2023-04-25 12:00:00,1.10166,1.10289,1.09684,1.09684,11090,5,0
2023-04-25 16:00:00,1.09682,1.09758,1.0964,1.09696,4994,5,0
2023-04-25 20:00:00,1.09697,1.098,1.09618,1.09778,1329,5,0
2023-04-26 00:00:00,1.0977999999999999,1.0979700000000001,1.09683,1.09749,3647,5,0
2023-04-26 04:00:00,1.0975,1.10257,1.09721,1.1019,6577,5,0
2023-04-26 08:00:00,1.10189,1.10623,1.10158,1.10459,11579,5,0
2023-04-26 12:00:00,1.1046,1.10952,1.10354,1.10509,16403,5,0
2023-04-26 16:00:00,1.10507,1.10525,1.10322,1.10355,5288,5,0
2023-04-26 20:00:00,1.10353,1.10461,1.10339,1.1045,948,5,0
2023-04-27 00:00:00,1.10449,1.10536,1.10389,1.10455,3014,5,0
2023-04-27 04:00:00,1.10457,1.10632,1.10397,1.10495,6087,5,0
2023-04-27 08:00:00,1.10493,1.1059,1.10304,1.10342,7225,5,0
2023-04-27 12:00:00,1.10341,1.10568,1.0991900000000001,1.10152,18005,5,0
2023-04-27 16:00:00,1.10154,1.10296,1.10053,1.1024,3770,5,0
2023-04-27 20:00:00,1.10237,1.10336,1.1023,1.10314,1112,5,0
2023-04-28 00:00:00,1.10313,1.10393,1.10122,1.10192,4233,5,0
2023-04-28 04:00:00,1.10189,1.10361,1.09936,1.10083,10087,5,0
2023-04-28 08:00:00,1.10082,1.10093,1.09722,1.0973600000000001,8970,5,0
2023-04-28 12:00:00,1.09735,1.10447,1.09621,1.10394,19934,5,0
2023-04-28 16:00:00,1.10393,1.10404,1.10118,1.10192,4955,5,0
2023-04-28 20:00:00,1.10191,1.10199,1.10138,1.10172,556,5,0
2023-04-30 20:00:00,1.10192,1.10208,1.10097,1.10104,857,6,0
2023-05-01 00:00:00,1.10107,1.10142,1.10006,1.10137,2636,5,0
2023-05-01 04:00:00,1.10138,1.1014,1.09947,1.10031,4211,5,0
2023-05-01 08:00:00,1.1003,1.1013600000000001,1.09882,1.10131,4232,5,0
2023-05-01 12:00:00,1.10132,1.10352,1.0966,1.09691,10862,5,0
2023-05-01 16:00:00,1.09689,1.09754,1.09642,1.09726,3939,5,0
2023-05-01 20:00:00,1.09726,1.09765,1.09671,1.09685,1057,5,0
2023-05-02 00:00:00,1.09683,1.09942,1.09683,1.09839,2818,5,0
2023-05-02 04:00:00,1.09839,1.10063,1.09788,1.09855,6357,5,0
2023-05-02 08:00:00,1.09853,1.09863,1.0948,1.09674,9437,5,0
2023-05-02 12:00:00,1.0967500000000001,1.09971,1.09419,1.09964,14708,5,0
2023-05-02 16:00:00,1.09965,1.10078,1.09939,1.10055,3679,5,0
2023-05-02 20:00:00,1.10056,1.10135,1.0997,1.10105,905,5,0
2023-05-03 00:00:00,1.10106,1.10295,1.10047,1.10293,2411,5,0
2023-05-03 04:00:00,1.10292,1.1041,1.10141,1.10342,4580,5,0
2023-05-03 08:00:00,1.10343,1.10466,1.10294,1.10393,5815,5,0
2023-05-03 12:00:00,1.10394,1.10591,1.1020699999999999,1.10476,11564,5,0
2023-05-03 16:00:00,1.10476,1.1091199999999999,1.10371,1.10545,21384,5,0
2023-05-03 20:00:00,1.10543,1.1077,1.10515,1.10683,2197,5,0
2023-05-04 00:00:00,1.1068500000000001,1.10874,1.1068500000000001,1.10811,4466,5,0
2023-05-04 04:00:00,1.10809,1.10914,1.10519,1.10577,6924,5,0
2023-05-04 08:00:00,1.10575,1.10764,1.10364,1.10741,8118,5,0
2023-05-04 12:00:00,1.10743,1.1083,1.0985800000000001,1.10081,31545,5,0
2023-05-04 16:00:00,1.10079,1.10313,1.10079,1.10144,6168,5,0
2023-05-04 20:00:00,1.10144,1.10242,1.10087,1.10227,848,5,0
2023-05-05 00:00:00,1.10227,1.10443,1.10187,1.10437,2698,5,0
2023-05-05 04:00:00,1.10439,1.10475,1.10254,1.10266,5626,5,0
2023-05-05 08:00:00,1.10266,1.10315,1.10083,1.1009,6018,5,0
2023-05-05 12:00:00,1.10088,1.10266,1.09665,1.10244,17248,5,0
2023-05-05 16:00:00,1.10245,1.1036299999999999,1.10095,1.10178,4453,5,0
2023-05-05 20:00:00,1.10179,1.10194,1.10166,1.10182,401,5,0
2023-05-07 20:00:00,1.10176,1.10223,1.10133,1.1018,691,6,0
2023-05-08 00:00:00,1.10181,1.10397,1.10166,1.10389,2528,5,0
2023-05-08 04:00:00,1.1039,1.1050200000000001,1.10367,1.1049,3658,5,0
2023-05-08 08:00:00,1.10488,1.10535,1.10226,1.10348,5910,5,0
2023-05-08 12:00:00,1.10348,1.1044,1.10114,1.10193,6764,5,0
2023-05-08 16:00:00,1.10195,1.10289,1.1,1.10015,3009,5,0
2023-05-08 20:00:00,1.10013,1.10045,1.09952,1.0996299999999999,655,5,0
2023-05-09 00:00:00,1.09962,1.09971,1.09848,1.09935,2797,5,0
2023-05-09 04:00:00,1.09936,1.10006,1.09725,1.09777,5531,5,0
2023-05-09 08:00:00,1.09776,1.0985800000000001,1.09589,1.09634,5384,5,0
2023-05-09 12:00:00,1.09635,1.09668,1.09409,1.09526,8242,5,0
2023-05-09 16:00:00,1.09524,1.09723,1.0949,1.09624,3608,5,0
2023-05-09 20:00:00,1.09623,1.09686,1.09497,1.09644,756,5,0
2023-05-10 00:00:00,1.09645,1.09769,1.09644,1.09759,2182,5,0
2023-05-10 04:00:00,1.09759,1.09822,1.09621,1.09645,4163,5,0
2023-05-10 08:00:00,1.09644,1.09645,1.09457,1.09488,5905,5,0
2023-05-10 12:00:00,1.0949,1.10065,1.09414,1.0965,18202,5,0
2023-05-10 16:00:00,1.09652,1.09846,1.0961400000000001,1.09823,3934,5,0
2023-05-10 20:00:00,1.09822,1.09869,1.09776,1.09828,556,5,0
2023-05-11 00:00:00,1.09826,1.09978,1.09734,1.09743,2876,5,0
2023-05-11 04:00:00,1.09742,1.0982,1.09239,1.09299,7333,5,0
2023-05-11 08:00:00,1.093,1.0937999999999999,1.09178,1.09314,8985,5,0
2023-05-11 12:00:00,1.09316,1.09464,1.08999,1.09151,14043,5,0
2023-05-11 16:00:00,1.09154,1.09287,1.09106,1.09168,3158,5,0
2023-05-11 20:00:00,1.09166,1.09189,1.09113,1.09121,596,5,0
2023-05-12 00:00:00,1.09122,1.0925,1.09121,1.09221,2381,5,0
2023-05-12 04:00:00,1.0922,1.09351,1.09061,1.09074,5174,5,0
2023-05-12 08:00:00,1.09073,1.0917,1.0889,1.08918,5632,5,0
2023-05-12 12:00:00,1.08916,1.08971,1.08541,1.0855299999999999,9494,5,0
2023-05-12 16:00:00,1.08552,1.08566,1.08484,1.08517,3006,5,0
2023-05-12 20:00:00,1.08518,1.08518,1.08477,1.08493,335,5,0
2023-05-14 20:00:00,1.08524,1.08541,1.08444,1.08525,578,6,0
2023-05-15 00:00:00,1.08527,1.0864,1.0848,1.08597,2722,5,0
2023-05-15 04:00:00,1.08597,1.08768,1.08571,1.08738,3849,5,0
2023-05-15 08:00:00,1.08737,1.08803,1.0855299999999999,1.08774,4773,5,0
2023-05-15 12:00:00,1.08772,1.08904,1.08638,1.08731,7424,5,0
2023-05-15 16:00:00,1.0873,1.08786,1.0867499999999999,1.08747,2106,5,0
2023-05-15 20:00:00,1.08749,1.0876,1.08725,1.08734,517,5,0
2023-05-16 00:00:00,1.0873599999999999,1.08843,1.08682,1.08823,2203,5,0
2023-05-16 04:00:00,1.08823,1.08943,1.08627,1.08882,4795,5,0
2023-05-16 08:00:00,1.08883,1.09044,1.0884800000000001,1.08866,4810,5,0
2023-05-16 12:00:00,1.08867,1.08889,1.08548,1.08643,10661,5,0
2023-05-16 16:00:00,1.08643,1.08718,1.08579,1.08625,3307,5,0
2023-05-16 20:00:00,1.08626,1.08652,1.08603,1.08652,742,5,0
2023-05-17 00:00:00,1.08654,1.08733,1.08621,1.08653,2582,5,0
2023-05-17 04:00:00,1.08652,1.08674,1.08311,1.08314,5160,5,0
2023-05-17 08:00:00,1.08316,1.08478,1.08205,1.0825,6198,5,0
2023-05-17 12:00:00,1.0824799999999999,1.0838700000000001,1.08101,1.08292,9592,5,0
2023-05-17 16:00:00,1.0829,1.08488,1.08288,1.08396,3419,5,0
2023-05-17 20:00:00,1.08397,1.08413,1.08346,1.08376,684,5,0
2023-05-18 00:00:00,1.08375,1.08477,1.08347,1.08396,2700,5,0
2023-05-18 04:00:00,1.08397,1.08402,1.08089,1.08158,4196,5,0
2023-05-18 08:00:00,1.08161,1.08219,1.08052,1.08148,5117,5,0
2023-05-18 12:00:00,1.0815,1.08175,1.0763,1.0775,9121,5,0
2023-05-18 16:00:00,1.07753,1.07809,1.07623,1.07737,3088,5,0
2023-05-18 20:00:00,1.07738,1.07763,1.07677,1.07747,776,5,0
2023-05-19 00:00:00,1.07748,1.07798,1.07599,1.07682,3338,5,0
2023-05-19 04:00:00,1.07681,1.07917,1.07605,1.07774,4877,5,0
2023-05-19 08:00:00,1.07773,1.0809,1.07706,1.08084,6669,5,0
2023-05-19 12:00:00,1.08085,1.08264,1.0782,1.08189,13249,5,0
2023-05-19 16:00:00,1.0818699999999999,1.08285,1.07975,1.08057,4145,5,0
2023-05-19 20:00:00,1.08058,1.08079,1.08011,1.08059,429,5,0
2023-05-21 20:00:00,1.0806,1.08239,1.08054,1.08217,681,6,0
2023-05-22 00:00:00,1.08218,1.08296,1.08165,1.08205,3743,5,0
2023-05-22 04:00:00,1.08207,1.08239,1.07951,1.08067,5317,5,0
2023-05-22 08:00:00,1.0806499999999999,1.08292,1.07989,1.08214,5824,5,0
2023-05-22 12:00:00,1.08216,1.0831,1.07961,1.08049,9990,5,0
2023-05-22 16:00:00,1.0805,1.08214,1.08027,1.08111,3473,5,0
2023-05-22 20:00:00,1.08109,1.08139,1.08063,1.08102,1202,5,0
2023-05-23 00:00:00,1.08104,1.08202,1.08025,1.08079,2997,5,0
2023-05-23 04:00:00,1.08078,1.08128,1.0785,1.08031,5883,5,0
2023-05-23 08:00:00,1.0803,1.08078,1.07696,1.07727,7254,5,0
2023-05-23 12:00:00,1.07729,1.07951,1.07627,1.07707,12187,5,0
2023-05-23 16:00:00,1.07705,1.07805,1.07601,1.07673,3668,5,0
2023-05-23 20:00:00,1.07675,1.07733,1.07667,1.0769,736,5,0
2023-05-24 00:00:00,1.07688,1.07796,1.07675,1.07786,2890,5,0
2023-05-24 04:00:00,1.07786,1.07891,1.077,1.07837,6014,5,0
2023-05-24 08:00:00,1.0783800000000001,1.07946,1.0748,1.07805,8199,5,0
2023-05-24 12:00:00,1.07806,1.0801,1.07546,1.0758,11208,5,0
2023-05-24 16:00:00,1.07581,1.07656,1.07493,1.07493,6009,5,0
2023-05-24 20:00:00,1.07494,1.07564,1.0741,1.07554,1010,5,0
2023-05-25 00:00:00,1.07555,1.07555,1.07359,1.07373,3029,5,0
2023-05-25 04:00:00,1.07374,1.07437,1.07138,1.07206,5224,5,0
2023-05-25 08:00:00,1.07207,1.07378,1.07195,1.07325,5935,5,0
2023-05-25 12:00:00,1.07325,1.074,1.0707200000000001,1.07241,12705,5,0
2023-05-25 16:00:00,1.07239,1.0729,1.07112,1.07203,3475,5,0
2023-05-25 20:00:00,1.07205,1.07273,1.07205,1.07234,783,5,0
2023-05-26 00:00:00,1.07233,1.07383,1.07188,1.07373,2925,5,0
2023-05-26 04:00:00,1.07372,1.07442,1.07252,1.07404,4894,5,0
2023-05-26 08:00:00,1.07402,1.07583,1.07254,1.07523,5533,5,0
2023-05-26 12:00:00,1.07524,1.07571,1.07015,1.0712,14015,5,0
2023-05-26 16:00:00,1.07118,1.07325,1.07117,1.07294,2915,5,0
2023-05-26 20:00:00,1.07293,1.07298,1.0724,1.07258,452,5,0
2023-05-28 20:00:00,1.07203,1.07281,1.07172,1.07214,579,6,0
2023-05-29 00:00:00,1.07213,1.07351,1.0717,1.07303,1794,5,0
2023-05-29 04:00:00,1.07301,1.07432,1.07244,1.07279,2613,5,0
2023-05-29 08:00:00,1.07281,1.0729,1.07103,1.07103,2869,5,0
2023-05-29 12:00:00,1.07105,1.07155,1.07058,1.07137,2153,5,0
2023-05-29 16:00:00,1.07137,1.07146,1.07089,1.0709,504,5,0
2023-05-29 20:00:00,1.07089,1.07112,1.07052,1.07066,613,5,0
2023-05-30 00:00:00,1.07064,1.0726,1.07012,1.07063,3776,5,0
2023-05-30 04:00:00,1.07063,1.07084,1.06723,1.069,6712,5,0
2023-05-30 08:00:00,1.069,1.07444,1.06872,1.07437,8271,5,0
2023-05-30 12:00:00,1.07436,1.07462,1.07184,1.07213,8965,5,0
2023-05-30 16:00:00,1.07215,1.07301,1.07141,1.07298,2971,5,0
2023-05-30 20:00:00,1.07296,1.0735,1.0727,1.07315,1001,5,0
2023-05-31 00:00:00,1.07313,1.07353,1.06942,1.06976,3677,5,0
2023-05-31 04:00:00,1.06975,1.07004,1.06697,1.06738,6906,5,0
2023-05-31 08:00:00,1.06736,1.06869,1.06584,1.0679400000000001,6594,5,0
2023-05-31 12:00:00,1.06796,1.07049,1.06509,1.06524,12717,5,0
2023-05-31 16:00:00,1.06527,1.06888,1.0635,1.06861,6883,5,0
2023-05-31 20:00:00,1.06862,1.06968,1.06837,1.06932,1395,5,0
2023-06-01 00:00:00,1.06933,1.06948,1.06802,1.06868,3684,5,0
2023-06-01 04:00:00,1.06868,1.06913,1.06616,1.06702,5481,5,0
2023-06-01 08:00:00,1.067,1.07152,1.06643,1.0706,6132,5,0
2023-06-01 12:00:00,1.07058,1.07535,1.06844,1.07506,14399,5,0
2023-06-01 16:00:00,1.07507,1.07681,1.07476,1.0762,3517,5,0
2023-06-01 20:00:00,1.07622,1.07653,1.07582,1.07603,658,5,0
2023-06-02 00:00:00,1.07601,1.07688,1.0758,1.07678,2630,5,0
2023-06-02 04:00:00,1.07678,1.07788,1.07599,1.07617,4620,5,0
2023-06-02 08:00:00,1.07615,1.07766,1.07575,1.07575,4964,5,0
2023-06-02 12:00:00,1.07576,1.07706,1.07174,1.07229,14939,5,0
2023-06-02 16:00:00,1.07227,1.07234,1.07054,1.07075,3394,5,0
2023-06-02 20:00:00,1.07077,1.07085,1.0705,1.07075,258,5,0
2023-06-04 20:00:00,1.07074,1.07086,1.06937,1.06967,795,6,0
2023-06-05 00:00:00,1.06966,1.07043,1.06901,1.07023,3062,5,0
2023-06-05 04:00:00,1.07022,1.07035,1.06832,1.06896,5117,5,0
2023-06-05 08:00:00,1.06897,1.06987,1.06847,1.06894,4408,5,0
2023-06-05 12:00:00,1.06896,1.07221,1.06743,1.07203,10123,5,0
2023-06-05 16:00:00,1.07204,1.0721,1.0707200000000001,1.07122,2847,5,0
2023-06-05 20:00:00,1.07124,1.07138,1.07071,1.07111,909,5,0
2023-06-06 00:00:00,1.0711,1.07244,1.07096,1.07156,2100,5,0
2023-06-06 04:00:00,1.07158,1.07326,1.07071,1.07144,7096,5,0
2023-06-06 08:00:00,1.07144,1.07146,1.06762,1.06766,6681,5,0
2023-06-06 12:00:00,1.06767,1.06966,1.06668,1.0694,7617,5,0
2023-06-06 16:00:00,1.06942,1.06976,1.0682,1.06915,2193,5,0
2023-06-06 20:00:00,1.06916,1.06988,1.06902,1.06983,581,5,0
2023-06-07 00:00:00,1.06984,1.07041,1.06886,1.06924,2748,5,0
2023-06-07 04:00:00,1.06923,1.06953,1.06681,1.06839,4235,5,0
2023-06-07 08:00:00,1.0684,1.07228,1.06791,1.07155,5297,5,0
2023-06-07 12:00:00,1.07154,1.07393,1.0695000000000001,1.07009,10141,5,0
2023-06-07 16:00:00,1.0701,1.07063,1.06908,1.06934,3360,5,0
2023-06-07 20:00:00,1.06936,1.07069,1.06934,1.07067,950,5,0
2023-06-08 00:00:00,1.07069,1.07112,1.07028,1.07081,2340,5,0
2023-06-08 04:00:00,1.07079,1.07188,1.07008,1.07127,4431,5,0
2023-06-08 08:00:00,1.07126,1.0739,1.07097,1.07351,5226,5,0
2023-06-08 12:00:00,1.07355,1.0783,1.07332,1.07785,11405,5,0
2023-06-08 16:00:00,1.07786,1.07868,1.07735,1.07788,3058,5,0
2023-06-08 20:00:00,1.0778699999999999,1.07851,1.07785,1.07816,637,5,0
2023-06-09 00:00:00,1.07816,1.07849,1.07756,1.0777700000000001,2445,5,0
2023-06-09 04:00:00,1.07776,1.07836,1.07672,1.07754,4014,5,0
2023-06-09 08:00:00,1.07752,1.07814,1.07563,1.0773,5118,5,0
2023-06-09 12:00:00,1.07731,1.0783800000000001,1.07465,1.07478,9367,5,0
2023-06-09 16:00:00,1.07476,1.0752,1.07426,1.0743800000000001,2356,5,0
2023-06-09 20:00:00,1.07437,1.07496,1.07437,1.07483,399,5,0
2023-06-11 20:00:00,1.07472,1.07512,1.0742,1.07498,1015,6,0
2023-06-12 00:00:00,1.0749900000000001,1.0749900000000001,1.0733,1.07407,3692,5,0
2023-06-12 04:00:00,1.07405,1.07719,1.07388,1.07693,5714,5,0
2023-06-12 08:00:00,1.07693,1.0789900000000001,1.07612,1.07626,8780,5,0
2023-06-12 12:00:00,1.07625,1.07712,1.07427,1.07458,10710,5,0
2023-06-12 16:00:00,1.07458,1.07632,1.07436,1.07599,5113,5,0
2023-06-12 20:00:00,1.076,1.07639,1.07545,1.0762,1433,5,0
2023-06-13 00:00:00,1.0762,1.07798,1.0759,1.07788,4059,5,0
2023-06-13 04:00:00,1.07788,1.08072,1.07761,1.07994,7629,5,0
2023-06-13 08:00:00,1.07995,1.08102,1.07917,1.07939,7444,5,0
2023-06-13 12:00:00,1.07941,1.08231,1.07781,1.0790899999999999,18336,5,0
2023-06-13 16:00:00,1.0790899999999999,1.08041,1.07827,1.07915,6061,5,0
2023-06-13 20:00:00,1.07915,1.07935,1.07858,1.07892,1398,5,0
2023-06-14 00:00:00,1.07893,1.07958,1.07855,1.07896,3531,5,0
2023-06-14 04:00:00,1.07897,1.07965,1.07739,1.07892,5427,5,0
2023-06-14 08:00:00,1.07893,1.08096,1.07857,1.08032,5963,5,0
2023-06-14 12:00:00,1.08032,1.08577,1.08031,1.08576,10056,5,0
2023-06-14 16:00:00,1.08576,1.08638,1.08012,1.08264,20523,5,0
2023-06-14 20:00:00,1.08263,1.08425,1.08245,1.08425,1913,5,0
2023-06-15 00:00:00,1.08426,1.08442,1.08081,1.08129,5209,5,0
2023-06-15 04:00:00,1.08129,1.08286,1.08036,1.08266,6635,5,0
2023-06-15 08:00:00,1.08267,1.08485,1.08176,1.08176,7355,5,0
2023-06-15 12:00:00,1.08175,1.09351,1.0814300000000001,1.09325,20144,5,0
2023-06-15 16:00:00,1.09324,1.09523,1.0931899999999999,1.09475,5971,5,0
2023-06-15 20:00:00,1.09474,1.09509,1.09415,1.09447,1686,5,0
2023-06-16 00:00:00,1.0945,1.09505,1.09354,1.09379,4961,5,0
2023-06-16 04:00:00,1.09381,1.09621,1.09337,1.09423,7167,5,0
2023-06-16 08:00:00,1.09424,1.09655,1.0937999999999999,1.096,7705,5,0
2023-06-16 12:00:00,1.09601,1.09703,1.09178,1.09239,15019,5,0
2023-06-16 16:00:00,1.09239,1.09452,1.09238,1.09349,5237,5,0
2023-06-16 20:00:00,1.09351,1.09421,1.09345,1.09416,710,5,0
2023-06-18 20:00:00,1.09339,1.09427,1.09322,1.09396,1259,6,0
2023-06-19 00:00:00,1.09396,1.09461,1.09334,1.09367,4252,5,0
2023-06-19 04:00:00,1.09367,1.0941,1.09249,1.09292,5991,5,0
2023-06-19 08:00:00,1.09291,1.09384,1.09068,1.0921,6465,5,0
2023-06-19 12:00:00,1.0921,1.09292,1.09121,1.09217,6416,5,0
2023-06-19 16:00:00,1.09217,1.0926,1.09156,1.09182,1835,5,0
2023-06-19 20:00:00,1.09182,1.0925,1.09173,1.09233,1326,5,0
2023-06-20 00:00:00,1.09234,1.09259,1.09105,1.09195,5243,5,0
2023-06-20 04:00:00,1.09195,1.0946,1.09116,1.09436,7588,5,0
2023-06-20 08:00:00,1.09435,1.09446,1.09218,1.09285,7572,5,0
2023-06-20 12:00:00,1.09287,1.09356,1.08918,1.08994,12893,5,0
2023-06-20 16:00:00,1.08996,1.09173,1.0895299999999999,1.09123,5467,5,0
2023-06-20 20:00:00,1.09124,1.09212,1.0912,1.09196,1554,5,0
2023-06-21 00:00:00,1.0919699999999999,1.09208,1.09117,1.09146,4865,5,0
2023-06-21 04:00:00,1.09146,1.09195,1.09054,1.09127,7880,5,0
2023-06-21 08:00:00,1.09126,1.09335,1.09091,1.09242,8453,5,0
2023-06-21 12:00:00,1.0924,1.09638,1.09082,1.09505,14341,5,0
2023-06-21 16:00:00,1.09503,1.09896,1.09495,1.09877,6518,5,0
2023-06-21 20:00:00,1.09876,1.0991900000000001,1.0983,1.09913,1905,5,0
2023-06-22 00:00:00,1.09914,1.09946,1.09864,1.09926,3551,5,0
2023-06-22 04:00:00,1.09927,1.09998,1.09795,1.09942,7267,5,0
2023-06-22 08:00:00,1.09941,1.10121,1.0987,1.09892,10559,5,0
2023-06-22 12:00:00,1.09891,1.1001400000000001,1.0952,1.09524,14005,5,0
2023-06-22 16:00:00,1.09524,1.09613,1.09483,1.09578,5881,5,0
2023-06-22 20:00:00,1.09579,1.09583,1.09518,1.0955300000000001,1796,5,0
2023-06-23 00:00:00,1.0955300000000001,1.09583,1.0932,1.09354,5331,5,0
2023-06-23 04:00:00,1.09354,1.09368,1.08535,1.08684,11275,5,0
2023-06-23 08:00:00,1.08685,1.0879,1.08442,1.0876,10118,5,0
2023-06-23 12:00:00,1.08759,1.09022,1.08759,1.0886,14558,5,0
2023-06-23 16:00:00,1.0886,1.0896,1.08825,1.0891,5388,5,0
2023-06-23 20:00:00,1.0890900000000001,1.08957,1.089,1.08935,704,5,0
2023-06-25 20:00:00,1.08988,1.09064,1.08946,1.0906,1391,6,0
2023-06-26 00:00:00,1.09061,1.09095,1.08987,1.09059,5704,5,0
2023-06-26 04:00:00,1.09059,1.09108,1.0895299999999999,1.09022,6954,5,0
2023-06-26 08:00:00,1.09021,1.09177,1.0887,1.09176,7941,5,0
2023-06-26 12:00:00,1.09174,1.09198,1.09025,1.0909200000000001,9229,5,0
2023-06-26 16:00:00,1.09091,1.0915,1.08996,1.0906,4478,5,0
2023-06-26 20:00:00,1.09058,1.09114,1.09034,1.09097,5750,0,0
2023-06-27 00:00:00,1.091,1.09351,1.09017,1.09264,25210,0,0
2023-06-27 04:00:00,1.09267,1.09414,1.0916,1.09394,27508,0,0
2023-06-27 08:00:00,1.09395,1.09528,1.0925799999999999,1.09445,30125,0,0
2023-06-27 12:00:00,1.09446,1.09767,1.09421,1.0959699999999999,42425,0,0
2023-06-27 16:00:00,1.096,1.09656,1.09548,1.09623,24758,0,0
2023-06-27 20:00:00,1.09626,1.09632,1.09543,1.09572,10832,0,0
2023-06-28 00:00:00,1.09575,1.0961400000000001,1.0942,1.09507,24285,0,0
2023-06-28 04:00:00,1.0951,1.0957,1.09359,1.09524,26420,0,0
2023-06-28 08:00:00,1.09528,1.09622,1.09374,1.09402,31938,0,0
2023-06-28 12:00:00,1.09404,1.09446,1.08966,1.09032,44125,0,0
2023-06-28 16:00:00,1.09034,1.09239,1.09029,1.09158,26012,0,0
2023-06-28 20:00:00,1.09159,1.09186,1.0911,1.09149,10230,0,0
2023-06-29 00:00:00,1.09152,1.09161,1.08903,1.08928,23243,0,0
2023-06-29 04:00:00,1.08931,1.09207,1.08806,1.09165,29896,0,0
2023-06-29 08:00:00,1.09167,1.09398,1.09103,1.09385,28707,0,0
2023-06-29 12:00:00,1.09387,1.09413,1.08599,1.08802,50253,0,0
2023-06-29 16:00:00,1.08804,1.08837,1.08653,1.0869,25438,0,0
2023-06-29 20:00:00,1.08691,1.08695,1.08603,1.08671,10657,0,0
2023-06-30 00:00:00,1.0867499999999999,1.08754,1.08602,1.08711,23201,0,0
2023-06-30 04:00:00,1.08714,1.08755,1.08532,1.08562,26841,0,0
2023-06-30 08:00:00,1.08566,1.08592,1.08351,1.08533,29935,0,0
2023-06-30 12:00:00,1.08537,1.09318,1.08529,1.09189,47238,0,0
2023-06-30 16:00:00,1.09191,1.09229,1.09091,1.09127,26792,0,0
2023-06-30 20:00:00,1.09131,1.09132,1.09078,1.09107,4392,0,0
2023-07-02 20:00:00,1.09106,1.09121,1.09065,1.09074,843,6,0
2023-07-03 00:00:00,1.0907499999999999,1.09174,1.09004,1.09124,4127,5,0
2023-07-03 04:00:00,1.09124,1.09179,1.08701,1.08749,7132,5,0
2023-07-03 08:00:00,1.08748,1.09044,1.08728,1.0899,8242,5,0
2023-07-03 12:00:00,1.0899,1.09327,1.08936,1.09179,12517,5,0
2023-07-03 16:00:00,1.09179,1.09211,1.09083,1.09091,3134,5,0
2023-07-03 20:00:00,1.09091,1.09144,1.09087,1.09126,908,5,0
2023-07-04 00:00:00,1.09127,1.09162,1.09023,1.09043,3099,5,0
2023-07-04 04:00:00,1.09043,1.09146,1.08939,1.09027,5735,5,0
2023-07-04 08:00:00,1.09026,1.09043,1.08894,1.08981,6578,5,0
2023-07-04 12:00:00,1.0898,1.09072,1.08935,1.09008,5030,5,0
2023-07-04 16:00:00,1.09008,1.09009,1.08806,1.0883099999999999,2054,5,0
2023-07-04 20:00:00,1.0883099999999999,1.08833,1.08762,1.08822,1479,5,0
2023-07-05 00:00:00,1.08823,1.08906,1.08748,1.08771,3631,5,0
2023-07-05 04:00:00,1.08772,1.0907499999999999,1.0867499999999999,1.08864,6904,5,0
2023-07-05 08:00:00,1.08864,1.08954,1.08662,1.08789,9814,5,0
2023-07-05 12:00:00,1.0879,1.09017,1.08647,1.08668,11341,5,0
2023-07-05 16:00:00,1.08668,1.08669,1.08508,1.08547,5559,5,0
2023-07-05 20:00:00,1.08548,1.08559,1.0851,1.08549,1443,5,0
2023-07-06 00:00:00,1.0855,1.08557,1.08397,1.08399,4410,5,0
2023-07-06 04:00:00,1.08399,1.0875,1.08335,1.08552,8864,5,0
2023-07-06 08:00:00,1.0855299999999999,1.08976,1.08452,1.0895,10287,5,0
2023-07-06 12:00:00,1.08949,1.09004,1.08335,1.08721,21932,5,0
2023-07-06 16:00:00,1.08722,1.08884,1.08706,1.08881,6411,5,0
2023-07-06 20:00:00,1.08879,1.08937,1.0885,1.08895,1429,5,0
2023-07-07 00:00:00,1.08895,1.08914,1.08823,1.08876,4243,5,0
2023-07-07 04:00:00,1.08875,1.09,1.08713,1.08757,7320,5,0
2023-07-07 08:00:00,1.08757,1.08965,1.08668,1.08874,9158,5,0
2023-07-07 12:00:00,1.08873,1.09632,1.08744,1.09627,21837,5,0
2023-07-07 16:00:00,1.09628,1.0973,1.09628,1.09664,5631,5,0
2023-07-07 20:00:00,1.09666,1.09692,1.09648,1.09687,623,5,0
2023-07-09 20:00:00,1.0961400000000001,1.09686,1.09603,1.09667,999,6,0
2023-07-10 00:00:00,1.09668,1.09692,1.09527,1.09557,5425,5,0
2023-07-10 04:00:00,1.09556,1.09652,1.09448,1.09542,6868,5,0
2023-07-10 08:00:00,1.09544,1.0973,1.09526,1.09537,7392,5,0
2023-07-10 12:00:00,1.09538,1.09926,1.09432,1.09898,12198,5,0
2023-07-10 16:00:00,1.09898,1.10001,1.09823,1.09978,4972,5,0
2023-07-10 20:00:00,1.09979,1.10056,1.0996,1.10051,1289,5,0
2023-07-11 00:00:00,1.10052,1.10198,1.10013,1.10172,5062,5,0
2023-07-11 04:00:00,1.10172,1.10267,1.10058,1.10079,8489,5,0
2023-07-11 08:00:00,1.10079,1.10153,1.09829,1.09834,7955,5,0
2023-07-11 12:00:00,1.09834,1.09944,1.09768,1.09914,9746,5,0
2023-07-11 16:00:00,1.09916,1.10088,1.09908,1.10058,4414,5,0
2023-07-11 20:00:00,1.1006,1.10141,1.10042,1.10134,1257,5,0
2023-07-12 00:00:00,1.10135,1.1033,1.10118,1.10293,5903,5,0
2023-07-12 04:00:00,1.10293,1.10366,1.10204,1.10271,6274,5,0
2023-07-12 08:00:00,1.10271,1.10303,1.10134,1.10145,6755,5,0
2023-07-12 12:00:00,1.10145,1.1125,1.10145,1.11219,20255,5,0
2023-07-12 16:00:00,1.11219,1.11401,1.11202,1.1137,6620,5,0
2023-07-12 20:00:00,1.11368,1.11402,1.11277,1.11402,1928,5,0
2023-07-13 00:00:00,1.11404,1.11484,1.11363,1.11455,4892,5,0
2023-07-13 04:00:00,1.11454,1.11575,1.11296,1.11551,8327,5,0
2023-07-13 08:00:00,1.11551,1.11776,1.115,1.11742,8770,5,0
2023-07-13 12:00:00,1.11743,1.11962,1.11615,1.11925,15071,5,0
2023-07-13 16:00:00,1.11926,1.12267,1.11916,1.1226,6516,5,0
2023-07-13 20:00:00,1.1226,1.1227800000000001,1.12182,1.12232,1964,5,0
2023-07-14 00:00:00,1.12233,1.12427,1.12134,1.12411,6371,5,0
2023-07-14 04:00:00,1.12411,1.12411,1.12041,1.12213,7810,5,0
2023-07-14 08:00:00,1.12213,1.12445,1.12153,1.1224,8471,5,0
2023-07-14 12:00:00,1.12241,1.1244,1.12101,1.12354,15828,5,0
2023-07-14 16:00:00,1.12354,1.12428,1.12256,1.12257,5286,5,0
2023-07-14 20:00:00,1.12257,1.12292,1.12243,1.12282,852,5,0
2023-07-16 20:00:00,1.1227800000000001,1.12305,1.12222,1.12271,1156,6,0
2023-07-17 00:00:00,1.12272,1.12293,1.12145,1.12263,4463,5,0
2023-07-17 04:00:00,1.12263,1.12448,1.12219,1.12445,6128,5,0
2023-07-17 08:00:00,1.12445,1.12484,1.12289,1.12337,6773,5,0
2023-07-17 12:00:00,1.12337,1.12376,1.12033,1.12347,10642,5,0
2023-07-17 16:00:00,1.12348,1.12457,1.12298,1.12436,3595,5,0
2023-07-17 20:00:00,1.12437,1.12437,1.12348,1.12372,1506,5,0
2023-07-18 00:00:00,1.1237300000000001,1.12557,1.12344,1.12536,5337,5,0
2023-07-18 04:00:00,1.12536,1.12755,1.12404,1.12536,8592,5,0
2023-07-18 08:00:00,1.12537,1.12597,1.12279,1.12531,9192,5,0
2023-07-18 12:00:00,1.1253199999999999,1.1269,1.12166,1.12222,20385,5,0
2023-07-18 16:00:00,1.12224,1.12307,1.12088,1.12298,5344,5,0
2023-07-18 20:00:00,1.12299,1.12315,1.12241,1.12281,1750,5,0
2023-07-19 00:00:00,1.12281,1.12325,1.12161,1.12259,5202,5,0
2023-07-19 04:00:00,1.12259,1.12369,1.1196,1.12269,10523,5,0
2023-07-19 08:00:00,1.12268,1.12399,1.12098,1.12129,8804,5,0
2023-07-19 12:00:00,1.12129,1.12243,1.11741,1.11936,13833,5,0
2023-07-19 16:00:00,1.11937,1.12047,1.11799,1.12036,5657,5,0
2023-07-19 20:00:00,1.12035,1.12049,1.11961,1.12047,1531,5,0
2023-07-20 00:00:00,1.12048,1.12288,1.12037,1.12257,5967,5,0
2023-07-20 04:00:00,1.12256,1.12265,1.11978,1.12051,7395,5,0
2023-07-20 08:00:00,1.12051,1.12164,1.11985,1.12068,7792,5,0
2023-07-20 12:00:00,1.12068,1.12068,1.11318,1.11345,14779,5,0
2023-07-20 16:00:00,1.11346,1.11384,1.11182,1.11316,5344,5,0
2023-07-20 20:00:00,1.11316,1.11375,1.11273,1.11343,1436,5,0
2023-07-21 00:00:00,1.11343,1.11414,1.11296,1.11358,5021,5,0
2023-07-21 04:00:00,1.11359,1.11447,1.11248,1.11279,7374,5,0
2023-07-21 08:00:00,1.11278,1.1137299999999999,1.11171,1.11179,9044,5,0
2023-07-21 12:00:00,1.1118,1.11377,1.11076,1.11193,11345,5,0
2023-07-21 16:00:00,1.11193,1.11299,1.11153,1.1125099999999999,4193,5,0
2023-07-21 20:00:00,1.11253,1.1129,1.11245,1.1125099999999999,549,5,0
2023-07-23 20:00:00,1.11239,1.11305,1.11235,1.11242,1152,6,0
2023-07-24 00:00:00,1.11242,1.11325,1.11196,1.11254,4886,5,0
2023-07-24 04:00:00,1.11252,1.11466,1.10746,1.10809,9524,5,0
2023-07-24 08:00:00,1.1081,1.11088,1.10655,1.10972,11436,5,0
2023-07-24 12:00:00,1.10972,1.11039,1.10689,1.10819,13266,5,0
2023-07-24 16:00:00,1.10819,1.10842,1.10601,1.10601,5460,5,0
2023-07-24 20:00:00,1.10601,1.1066,1.10587,1.10627,1614,5,0
2023-07-25 00:00:00,1.10629,1.10812,1.10626,1.10781,5324,5,0
2023-07-25 04:00:00,1.10781,1.10865,1.10686,1.10708,6916,5,0
2023-07-25 08:00:00,1.10707,1.10707,1.1039,1.10492,8391,5,0
2023-07-25 12:00:00,1.10491,1.1053,1.1020699999999999,1.10489,9481,5,0
2023-07-25 16:00:00,1.10489,1.10545,1.10353,1.10518,4884,5,0
2023-07-25 20:00:00,1.10518,1.10562,1.10479,1.10497,1697,5,0
2023-07-26 00:00:00,1.10498,1.10529,1.10377,1.10493,4837,5,0
2023-07-26 04:00:00,1.10492,1.10745,1.10461,1.10694,6734,5,0
2023-07-26 08:00:00,1.10692,1.10859,1.10598,1.1062400000000001,7656,5,0
2023-07-26 12:00:00,1.10626,1.10794,1.10572,1.10767,11082,5,0
2023-07-26 16:00:00,1.10765,1.11063,1.10565,1.10962,19177,5,0
2023-07-26 20:00:00,1.10961,1.1096300000000001,1.10776,1.10777,1777,5,0
2023-07-27 00:00:00,1.10778,1.11177,1.10772,1.11,6072,5,0
2023-07-27 04:00:00,1.11,1.11338,1.10879,1.11286,8408,5,0
2023-07-27 08:00:00,1.11284,1.11493,1.11242,1.11382,8470,5,0
2023-07-27 12:00:00,1.11382,1.11389,1.09836,1.09969,30901,5,0
2023-07-27 16:00:00,1.0997,1.10101,1.09656,1.09667,12481,5,0
2023-07-27 20:00:00,1.09665,1.09827,1.09659,1.09779,1828,5,0
2023-07-28 00:00:00,1.09779,1.09882,1.09714,1.09765,10868,5,0
2023-07-28 04:00:00,1.09764,1.09909,1.09434,1.09513,18222,5,0
2023-07-28 08:00:00,1.09514,1.1018,1.09475,1.10091,11401,5,0
2023-07-28 12:00:00,1.10089,1.10471,1.09929,1.1038000000000001,19071,5,0
2023-07-28 16:00:00,1.10381,1.10427,1.10149,1.10228,6900,5,0
2023-07-28 20:00:00,1.10227,1.10232,1.10137,1.10166,1303,5,0
2023-07-30 20:00:00,1.10172,1.10271,1.10157,1.10235,1343,6,0
2023-07-31 00:00:00,1.10237,1.10276,1.1009,1.10122,5806,5,0
2023-07-31 04:00:00,1.10122,1.10287,1.10051,1.10195,7692,5,0
2023-07-31 08:00:00,1.10196,1.10399,1.10114,1.10266,8389,5,0
2023-07-31 12:00:00,1.10267,1.10455,1.1012,1.1018,12930,5,0
2023-07-31 16:00:00,1.10182,1.10199,1.09936,1.09952,5171,5,0
2023-07-31 20:00:00,1.09951,1.10018,1.09931,1.09964,1446,5,0
2023-08-01 00:00:00,1.09964,1.1001400000000001,1.09803,1.09853,4366,5,0
2023-08-01 04:00:00,1.09853,1.1,1.097,1.09795,7658,5,0
2023-08-01 08:00:00,1.09795,1.09864,1.09656,1.09754,8193,5,0
2023-08-01 12:00:00,1.09754,1.09888,1.09521,1.097,14805,5,0
2023-08-01 16:00:00,1.09701,1.09848,1.09624,1.09824,4807,5,0
2023-08-01 20:00:00,1.09823,1.10164,1.09803,1.10074,3125,5,0
2023-08-02 00:00:00,1.1007500000000001,1.10077,1.098,1.09867,6563,5,0
2023-08-02 04:00:00,1.09868,1.10003,1.09812,1.09898,8573,5,0
2023-08-02 08:00:00,1.09899,1.09925,1.0968,1.09783,9968,5,0
2023-08-02 12:00:00,1.09782,1.09869,1.09178,1.09379,16331,5,0
2023-08-02 16:00:00,1.0937999999999999,1.09574,1.09346,1.09394,6011,5,0
2023-08-02 20:00:00,1.09393,1.0945,1.09351,1.09432,1464,5,0
2023-08-03 00:00:00,1.09433,1.09489,1.09303,1.09345,4931,5,0
2023-08-03 04:00:00,1.09345,1.0943,1.09137,1.09189,10099,5,0
2023-08-03 08:00:00,1.09188,1.09485,1.09122,1.09348,12105,5,0
2023-08-03 12:00:00,1.09347,1.09558,1.09152,1.09464,19685,5,0
2023-08-03 16:00:00,1.09464,1.09625,1.09383,1.09437,5340,5,0
2023-08-03 20:00:00,1.09436,1.09532,1.09424,1.09508,1685,5,0
2023-08-04 00:00:00,1.09508,1.09612,1.09463,1.0954,5607,5,0
2023-08-04 04:00:00,1.0954,1.09581,1.0944,1.09471,6774,5,0
2023-08-04 08:00:00,1.09473,1.09524,1.0935,1.09376,6812,5,0
2023-08-04 12:00:00,1.09375,1.10417,1.09342,1.10345,22093,5,0
2023-08-04 16:00:00,1.10345,1.10391,1.10035,1.1007500000000001,6014,5,0
2023-08-04 20:00:00,1.10073,1.10113,1.10038,1.10086,854,5,0
2023-08-06 20:00:00,1.10148,1.1015,1.10002,1.10022,1316,6,0
2023-08-07 00:00:00,1.10022,1.10115,1.09948,1.09952,4561,5,0
2023-08-07 04:00:00,1.09953,1.09971,1.09705,1.09926,7185,5,0
2023-08-07 08:00:00,1.09925,1.09925,1.09652,1.09838,7235,5,0
2023-08-07 12:00:00,1.09838,1.10114,1.09795,1.09987,9629,5,0
2023-08-07 16:00:00,1.09986,1.10099,1.0992,1.10042,4616,5,0
2023-08-07 20:00:00,1.1004,1.10046,1.09989,1.1002399999999999,1106,5,0
2023-08-08 00:00:00,1.10026,1.10052,1.09766,1.09816,5274,5,0
2023-08-08 04:00:00,1.09815,1.10107,1.0973600000000001,1.09786,8162,5,0
2023-08-08 08:00:00,1.09786,1.0987,1.09366,1.0941,9555,5,0
2023-08-08 12:00:00,1.0941,1.09558,1.09289,1.095,12271,5,0
2023-08-08 16:00:00,1.09499,1.09618,1.09476,1.09569,4775,5,0
2023-08-08 20:00:00,1.0957,1.09592,1.09508,1.09589,1353,5,0
2023-08-09 00:00:00,1.09589,1.09706,1.09552,1.09664,4600,5,0
2023-08-09 04:00:00,1.09664,1.09845,1.0963,1.0984,6466,5,0
2023-08-09 08:00:00,1.09839,1.09885,1.09692,1.09695,6879,5,0
2023-08-09 12:00:00,1.09697,1.0995,1.09619,1.0974,11010,5,0
2023-08-09 16:00:00,1.0974,1.09914,1.0973,1.09732,5260,5,0
2023-08-09 20:00:00,1.09732,1.09776,1.0971,1.0977,1263,5,0
2023-08-10 00:00:00,1.0977,1.09818,1.09671,1.0979,4112,5,0
2023-08-10 04:00:00,1.09791,1.10183,1.09784,1.10082,6983,5,0
2023-08-10 08:00:00,1.10081,1.10294,1.1008,1.10163,7428,5,0
2023-08-10 12:00:00,1.10163,1.10647,1.10074,1.10151,26940,5,0
2023-08-10 16:00:00,1.1015,1.10189,1.0976,1.09789,10711,5,0
2023-08-10 20:00:00,1.09789,1.09844,1.09776,1.09814,1697,5,0
2023-08-11 00:00:00,1.09815,1.09977,1.09795,1.0987,3997,5,0
2023-08-11 04:00:00,1.0987,1.10019,1.09837,1.09921,6528,5,0
2023-08-11 08:00:00,1.09922,1.10029,1.09761,1.09971,7814,5,0
2023-08-11 12:00:00,1.09971,1.10048,1.09508,1.09558,19403,5,0
2023-08-11 16:00:00,1.0956,1.09644,1.09428,1.09465,5431,5,0
2023-08-11 20:00:00,1.09467,1.0949,1.09444,1.0947,665,5,0
2023-08-13 20:00:00,1.09507,1.09518,1.0939,1.0943,1100,6,0
2023-08-14 00:00:00,1.0943100000000001,1.09465,1.0929,1.0931899999999999,5536,5,0
2023-08-14 04:00:00,1.0931899999999999,1.0956,1.09259,1.09518,7259,5,0
2023-08-14 08:00:00,1.09517,1.09598,1.09365,1.09389,7775,5,0
2023-08-14 12:00:00,1.09388,1.09408,1.08745,1.09204,15406,5,0
2023-08-14 16:00:00,1.09203,1.09356,1.09026,1.09027,6037,5,0
2023-08-14 20:00:00,1.09026,1.09077,1.09026,1.0907499999999999,1392,5,0
2023-08-15 00:00:00,1.0907499999999999,1.09172,1.09003,1.09142,5546,5,0
2023-08-15 04:00:00,1.09142,1.09302,1.09061,1.09233,7951,5,0
2023-08-15 08:00:00,1.09232,1.09445,1.09177,1.09291,9349,5,0
2023-08-15 12:00:00,1.0929,1.09522,1.08971,1.09266,20147,5,0
2023-08-15 16:00:00,1.09267,1.09282,1.08989,1.09057,5967,5,0
2023-08-15 20:00:00,1.09057,1.09057,1.09008,1.09035,1515,5,0
2023-08-16 00:00:00,1.09037,1.09116,1.08988,1.09062,5417,5,0
2023-08-16 04:00:00,1.09062,1.09269,1.09057,1.09231,7394,5,0
2023-08-16 08:00:00,1.09229,1.09343,1.09064,1.0913,7660,5,0
2023-08-16 12:00:00,1.09128,1.09232,1.08959,1.09025,14321,5,0
2023-08-16 16:00:00,1.09025,1.09044,1.08712,1.08738,9427,5,0
2023-08-16 20:00:00,1.0874,1.08821,1.08732,1.08742,1709,5,0
2023-08-17 00:00:00,1.08744,1.08747,1.08616,1.08638,5780,5,0
2023-08-17 04:00:00,1.08638,1.08865,1.08625,1.08802,7190,5,0
2023-08-17 08:00:00,1.08801,1.08954,1.08637,1.08943,8995,5,0
2023-08-17 12:00:00,1.08943,1.09178,1.08666,1.08734,16014,5,0
2023-08-17 16:00:00,1.08735,1.0889199999999999,1.08561,1.08716,7356,5,0
2023-08-17 20:00:00,1.08715,1.08752,1.0866,1.0874,1750,5,0
2023-08-18 00:00:00,1.08741,1.08937,1.08715,1.08858,6079,5,0
2023-08-18 04:00:00,1.08857,1.08877,1.08642,1.08728,7981,5,0
2023-08-18 08:00:00,1.08728,1.08767,1.086,1.08628,7598,5,0
2023-08-18 12:00:00,1.08629,1.08812,1.08447,1.08742,13892,5,0
2023-08-18 16:00:00,1.0874,1.0881,1.08678,1.08724,5848,5,0
2023-08-18 20:00:00,1.08722,1.08735,1.08683,1.08725,899,5,0
2023-08-20 20:00:00,1.08687,1.08774,1.08687,1.08746,984,6,0
2023-08-21 00:00:00,1.08748,1.08839,1.08694,1.08801,4933,5,0
2023-08-21 04:00:00,1.08801,1.08885,1.08721,1.08884,6805,5,0
2023-08-21 08:00:00,1.08884,1.09133,1.08819,1.09091,8003,5,0
2023-08-21 12:00:00,1.0909,1.09129,1.08751,1.08876,12475,5,0
2023-08-21 16:00:00,1.08875,1.0904,1.08873,1.08958,4984,5,0
2023-08-21 20:00:00,1.08958,1.09012,1.08897,1.08974,1214,5,0
2023-08-22 00:00:00,1.08974,1.09156,1.08932,1.09148,4909,5,0
2023-08-22 04:00:00,1.09148,1.09301,1.09045,1.09254,6402,5,0
2023-08-22 08:00:00,1.09256,1.09284,1.08804,1.08847,7538,5,0
2023-08-22 12:00:00,1.08847,1.08905,1.08327,1.08453,14297,5,0
2023-08-22 16:00:00,1.08453,1.08552,1.08433,1.08456,4553,5,0
2023-08-22 20:00:00,1.08454,1.08487,1.08424,1.08462,1234,5,0
2023-08-23 00:00:00,1.08463,1.08593,1.08444,1.08572,4495,5,0
2023-08-23 04:00:00,1.08572,1.08712,1.08117,1.0818,8910,5,0
2023-08-23 08:00:00,1.08178,1.08301,1.08037,1.0811,10746,5,0
2023-08-23 12:00:00,1.08108,1.08625,1.08023,1.08611,16061,5,0
2023-08-23 16:00:00,1.08611,1.08698,1.08555,1.08637,5819,5,0
2023-08-23 20:00:00,1.08636,1.08662,1.08607,1.08652,1758,5,0
2023-08-24 00:00:00,1.08653,1.0875,1.08582,1.08656,4728,5,0
2023-08-24 04:00:00,1.08656,1.08763,1.08518,1.08561,6945,5,0
2023-08-24 08:00:00,1.08559,1.08641,1.08414,1.0842,7357,5,0
2023-08-24 12:00:00,1.08419,1.08485,1.0814,1.08253,14216,5,0
2023-08-24 16:00:00,1.08252,1.08274,1.08054,1.08056,5642,5,0
2023-08-24 20:00:00,1.08054,1.08138,1.079,1.07984,1528,5,0
2023-08-25 00:00:00,1.07983,1.08039,1.07797,1.07802,4324,5,0
2023-08-25 04:00:00,1.07802,1.07916,1.0768,1.07711,6463,5,0
2023-08-25 08:00:00,1.07713,1.08111,1.07659,1.08028,7234,5,0
2023-08-25 12:00:00,1.08026,1.08414,1.07656,1.0786,21078,5,0
2023-08-25 16:00:00,1.07861,1.08123,1.07854,1.08025,7662,5,0
2023-08-25 20:00:00,1.08027,1.0803,1.07912,1.07949,750,5,0
2023-08-27 20:00:00,1.07951,1.07999,1.07923,1.07966,1281,6,0
2023-08-28 00:00:00,1.07967,1.08098,1.07958,1.08092,4544,5,0
2023-08-28 04:00:00,1.08092,1.08207,1.08051,1.08086,4972,5,0
2023-08-28 08:00:00,1.08086,1.0822,1.07991,1.08041,6452,5,0
2023-08-28 12:00:00,1.08041,1.08138,1.07986,1.08089,11011,5,0
2023-08-28 16:00:00,1.08088,1.08196,1.08037,1.08176,4574,5,0
2023-08-28 20:00:00,1.08177,1.08295,1.08128,1.08253,1574,5,0
2023-08-29 00:00:00,1.08254,1.0838,1.0821,1.0836,3960,5,0
2023-08-29 04:00:00,1.08359,1.08361,1.0808200000000001,1.082,5326,5,0
2023-08-29 08:00:00,1.08201,1.08225,1.08035,1.0804,7878,5,0
2023-08-29 12:00:00,1.08039,1.08567,1.0782,1.08499,17784,5,0
2023-08-29 16:00:00,1.08498,1.08917,1.08465,1.08851,7203,5,0
2023-08-29 20:00:00,1.0885,1.08851,1.08684,1.08687,1883,5,0
2023-08-30 00:00:00,1.08689,1.08721,1.08635,1.08689,4525,5,0
2023-08-30 04:00:00,1.08689,1.08765,1.08556,1.08646,7364,5,0
2023-08-30 08:00:00,1.08645,1.08933,1.08549,1.08785,8713,5,0
2023-08-30 12:00:00,1.0878700000000001,1.09453,1.08744,1.09256,17677,5,0
2023-08-30 16:00:00,1.09256,1.09325,1.09165,1.09214,5344,5,0
2023-08-30 20:00:00,1.09214,1.09313,1.09196,1.09292,1367,5,0
2023-08-31 00:00:00,1.09294,1.09393,1.09199,1.09202,4197,5,0
2023-08-31 04:00:00,1.09202,1.09243,1.08897,1.08924,6790,5,0
2023-08-31 08:00:00,1.08923,1.08929,1.08573,1.0868,9425,5,0
2023-08-31 12:00:00,1.0868,1.08845,1.08365,1.08384,18118,5,0
2023-08-31 16:00:00,1.08383,1.08539,1.08349,1.0843099999999999,5517,5,0
2023-08-31 20:00:00,1.08433,1.08467,1.08396,1.08421,1495,5,0
2023-09-01 00:00:00,1.0842,1.08539,1.08361,1.08415,4592,5,0
2023-09-01 04:00:00,1.08415,1.08593,1.08283,1.08557,6644,5,0
2023-09-01 08:00:00,1.08558,1.0856,1.08329,1.0833,6915,5,0
2023-09-01 12:00:00,1.0833,1.08816,1.07861,1.07862,24260,5,0
2023-09-01 16:00:00,1.07862,1.07889,1.07719,1.07746,4696,5,0
2023-09-01 20:00:00,1.07748,1.07772,1.07722,1.07742,567,5,0
2023-09-03 20:00:00,1.07767,1.07774,1.07705,1.07753,814,6,0
2023-09-04 00:00:00,1.07754,1.0787,1.07731,1.07855,3709,5,0
2023-09-04 04:00:00,1.07854,1.08066,1.0781,1.0795,5313,5,0
2023-09-04 08:00:00,1.0795,1.08086,1.07907,1.08,5476,5,0
2023-09-04 12:00:00,1.07999,1.08052,1.07831,1.07985,5090,5,0
2023-09-04 16:00:00,1.07985,1.07998,1.07919,1.07937,1060,5,0
2023-09-04 20:00:00,1.07937,1.07968,1.0791,1.0791,885,5,0
2023-09-05 00:00:00,1.07911,1.07981,1.07806,1.07882,3784,5,0
2023-09-05 04:00:00,1.07882,1.07936,1.07542,1.07562,7298,5,0
2023-09-05 08:00:00,1.07562,1.07585,1.07291,1.07323,7911,5,0
2023-09-05 12:00:00,1.07323,1.07483,1.07061,1.07265,15235,5,0
2023-09-05 16:00:00,1.07264,1.0731600000000001,1.07192,1.07211,4393,5,0
2023-09-05 20:00:00,1.07213,1.07274,1.07188,1.07243,1300,5,0
2023-09-06 00:00:00,1.07244,1.07341,1.0713,1.0733,4781,5,0
2023-09-06 04:00:00,1.0733,1.0748,1.07241,1.07288,8738,5,0
2023-09-06 08:00:00,1.07287,1.07485,1.07234,1.0743800000000001,7827,5,0
2023-09-06 12:00:00,1.07436,1.07453,1.07025,1.07127,15050,5,0
2023-09-06 16:00:00,1.07126,1.07292,1.0711,1.07258,4865,5,0
2023-09-06 20:00:00,1.0726,1.07279,1.07215,1.07237,1256,5,0
2023-09-07 00:00:00,1.07236,1.0731600000000001,1.07189,1.07296,3647,5,0
2023-09-07 04:00:00,1.07296,1.073,1.0708,1.07157,6508,5,0
2023-09-07 08:00:00,1.07155,1.07176,1.07028,1.07052,7250,5,0
2023-09-07 12:00:00,1.07051,1.07105,1.06859,1.0703,13422,5,0
2023-09-07 16:00:00,1.07031,1.07094,1.06936,1.06947,4684,5,0
2023-09-07 20:00:00,1.06947,1.06984,1.06931,1.06972,1225,5,0
2023-09-08 00:00:00,1.06973,1.0723,1.06969,1.07162,5029,5,0
2023-09-08 04:00:00,1.07162,1.07277,1.07075,1.07085,5698,5,0
2023-09-08 08:00:00,1.07085,1.07171,1.0694,1.0699,7619,5,0
2023-09-08 12:00:00,1.06989,1.07436,1.06976,1.07085,11668,5,0
2023-09-08 16:00:00,1.07086,1.07132,1.06968,1.06992,4234,5,0
2023-09-08 20:00:00,1.0699,1.07028,1.0699,1.07002,587,5,0
2023-09-10 20:00:00,1.07122,1.07202,1.0707200000000001,1.0716,1602,6,0
2023-09-11 00:00:00,1.07161,1.07278,1.07098,1.07223,5277,5,0
2023-09-11 04:00:00,1.07223,1.07411,1.07215,1.07257,7505,5,0
2023-09-11 08:00:00,1.07257,1.07341,1.07181,1.07192,7072,5,0
2023-09-11 12:00:00,1.0719400000000001,1.0759,1.07153,1.07424,10771,5,0
2023-09-11 16:00:00,1.07425,1.07576,1.07424,1.07486,4242,5,0
2023-09-11 20:00:00,1.07487,1.07518,1.07466,1.07473,1174,5,0
2023-09-12 00:00:00,1.07473,1.07688,1.07373,1.07461,5127,5,0
2023-09-12 04:00:00,1.07461,1.07462,1.0712,1.07132,5725,5,0
2023-09-12 08:00:00,1.07132,1.07258,1.07084,1.07178,7082,5,0
2023-09-12 12:00:00,1.07177,1.0729899999999999,1.07053,1.07252,9607,5,0
2023-09-12 16:00:00,1.07254,1.07372,1.07215,1.07279,4874,5,0
2023-09-12 20:00:00,1.07278,1.07645,1.07275,1.07529,2239,5,0
2023-09-13 00:00:00,1.0753,1.07645,1.07443,1.0747,4674,5,0
2023-09-13 04:00:00,1.0747,1.0754299999999999,1.0731,1.07436,6993,5,0
2023-09-13 08:00:00,1.07434,1.07446,1.07284,1.07364,7638,5,0
2023-09-13 12:00:00,1.07364,1.07612,1.07097,1.07355,22886,5,0
2023-09-13 16:00:00,1.07355,1.07489,1.07277,1.0731600000000001,6184,5,0
2023-09-13 20:00:00,1.0731600000000001,1.07344,1.07275,1.07326,1486,5,0
2023-09-14 00:00:00,1.07326,1.07463,1.073,1.07444,4225,5,0
2023-09-14 04:00:00,1.07444,1.07519,1.07329,1.07334,4811,5,0
2023-09-14 08:00:00,1.07333,1.07398,1.07243,1.07298,6917,5,0
2023-09-14 12:00:00,1.073,1.07465,1.06538,1.06585,25969,5,0
2023-09-14 16:00:00,1.06587,1.06628,1.0631599999999999,1.06424,6121,5,0
2023-09-14 20:00:00,1.06424,1.06466,1.06347,1.06348,1481,5,0
2023-09-15 00:00:00,1.06348,1.06482,1.0633,1.0647199999999999,4813,5,0
2023-09-15 04:00:00,1.06474,1.0667200000000001,1.06442,1.06634,6861,5,0
2023-09-15 08:00:00,1.06635,1.06691,1.06528,1.06543,6334,5,0
2023-09-15 12:00:00,1.06543,1.06875,1.0645,1.0672,14319,5,0
2023-09-15 16:00:00,1.0672,1.068,1.0659399999999999,1.06596,4930,5,0
2023-09-15 20:00:00,1.06596,1.06625,1.06569,1.06604,802,5,0
2023-09-17 20:00:00,1.06615,1.06683,1.06613,1.06677,913,6,0
2023-09-18 00:00:00,1.06678,1.06734,1.06609,1.06639,3591,5,0
2023-09-18 04:00:00,1.06639,1.06775,1.06576,1.0662,4925,5,0
2023-09-18 08:00:00,1.06619,1.06745,1.06561,1.0663,5656,5,0
2023-09-18 12:00:00,1.0663,1.06985,1.06545,1.06938,9915,5,0
2023-09-18 16:00:00,1.06939,1.06978,1.06778,1.06864,4366,5,0
2023-09-18 20:00:00,1.06863,1.06935,1.06846,1.06918,1261,5,0
2023-09-19 00:00:00,1.06918,1.06963,1.06808,1.06824,3099,5,0
2023-09-19 04:00:00,1.06824,1.0695000000000001,1.06748,1.06943,5084,5,0
2023-09-19 08:00:00,1.06941,1.07095,1.06819,1.07086,6766,5,0
2023-09-19 12:00:00,1.07086,1.07177,1.06797,1.06829,11177,5,0
2023-09-19 16:00:00,1.0683,1.06915,1.0676,1.06802,4584,5,0
2023-09-19 20:00:00,1.06803,1.06823,1.06773,1.06812,1089,5,0
2023-09-20 00:00:00,1.06813,1.06894,1.0678,1.06793,3348,5,0
2023-09-20 04:00:00,1.06793,1.06927,1.06729,1.06904,6296,5,0
2023-09-20 08:00:00,1.06903,1.07048,1.06895,1.07013,5498,5,0
2023-09-20 12:00:00,1.07014,1.0727,1.0692,1.0714,9501,5,0
2023-09-20 16:00:00,1.07139,1.07365,1.06577,1.06584,19147,5,0
2023-09-20 20:00:00,1.06584,1.06633,1.06475,1.06495,2059,5,0
2023-09-21 00:00:00,1.06497,1.065,1.06166,1.06364,6080,5,0
2023-09-21 04:00:00,1.06364,1.0658,1.06325,1.0655000000000001,7595,5,0
2023-09-21 08:00:00,1.0655000000000001,1.06643,1.06334,1.06354,11007,5,0
2023-09-21 12:00:00,1.06355,1.0673300000000001,1.06247,1.06631,16065,5,0
2023-09-21 16:00:00,1.06631,1.06706,1.06544,1.0659,6260,5,0
2023-09-21 20:00:00,1.06588,1.06627,1.06569,1.06601,1465,5,0
2023-09-22 00:00:00,1.06601,1.06624,1.06407,1.06512,4800,5,0
2023-09-22 04:00:00,1.06512,1.06676,1.06148,1.06457,9332,5,0
2023-09-22 08:00:00,1.06457,1.06512,1.06339,1.06361,7539,5,0
2023-09-22 12:00:00,1.06362,1.06714,1.06362,1.0659,11483,5,0
2023-09-22 16:00:00,1.0659,1.06614,1.06391,1.06436,4632,5,0
2023-09-22 20:00:00,1.06436,1.06469,1.06414,1.06459,790,5,0
2023-09-24 20:00:00,1.06519,1.06521,1.06441,1.06481,1048,6,0
2023-09-25 00:00:00,1.06481,1.06551,1.0642800000000001,1.06478,3512,5,0
2023-09-25 04:00:00,1.06478,1.06529,1.06314,1.06378,5017,5,0
2023-09-25 08:00:00,1.06378,1.06432,1.06237,1.06303,7685,5,0
2023-09-25 12:00:00,1.06302,1.06345,1.05751,1.05898,12056,5,0
2023-09-25 16:00:00,1.05899,1.05984,1.05852,1.05925,4607,5,0
2023-09-25 20:00:00,1.05925,1.05954,1.05899,1.05911,1568,5,0
2023-09-26 00:00:00,1.05911,1.05918,1.05783,1.05856,4066,5,0
2023-09-26 04:00:00,1.05857,1.05928,1.05698,1.05847,6190,5,0
2023-09-26 08:00:00,1.05849,1.06031,1.05824,1.05992,6981,5,0
2023-09-26 12:00:00,1.05991,1.06087,1.05674,1.05722,11627,5,0
2023-09-26 16:00:00,1.05722,1.05766,1.05619,1.05698,5008,5,0
2023-09-26 20:00:00,1.05699,1.05752,1.05672,1.05689,1649,5,0
2023-09-27 00:00:00,1.05688,1.05718,1.05558,1.05618,4590,5,0
2023-09-27 04:00:00,1.05616,1.05737,1.05547,1.05651,5765,5,0
2023-09-27 08:00:00,1.05651,1.05696,1.05342,1.05392,7137,5,0
2023-09-27 12:00:00,1.05394,1.05509,1.0507900000000001,1.05086,13433,5,0
2023-09-27 16:00:00,1.05087,1.0518399999999999,1.04879,1.05054,9411,5,0
2023-09-27 20:00:00,1.05055,1.05067,1.04982,1.05051,1749,5,0
2023-09-28 00:00:00,1.05051,1.05159,1.04985,1.05038,4183,5,0
2023-09-28 04:00:00,1.05038,1.05185,1.04909,1.05083,7682,5,0
2023-09-28 08:00:00,1.05084,1.0548,1.05045,1.05411,9697,5,0
2023-09-28 12:00:00,1.05412,1.05786,1.05177,1.0576,19102,5,0
2023-09-28 16:00:00,1.05761,1.05781,1.05496,1.05638,8114,5,0
2023-09-28 20:00:00,1.05638,1.0567,1.05599,1.0562,1644,5,0
2023-09-29 00:00:00,1.0562,1.05825,1.05578,1.05753,3918,5,0
2023-09-29 04:00:00,1.05753,1.06105,1.0574,1.0606,7705,5,0
2023-09-29 08:00:00,1.06061,1.06167,1.059,1.05943,9623,5,0
2023-09-29 12:00:00,1.05941,1.06099,1.05697,1.05832,18621,5,0
2023-09-29 16:00:00,1.05833,1.05866,1.05638,1.05721,9186,5,0
2023-09-29 20:00:00,1.05722,1.05759,1.05692,1.05737,1000,5,0
2023-10-01 20:00:00,1.05691,1.05705,1.05566,1.05632,1586,6,0
2023-10-02 00:00:00,1.05638,1.0570599999999999,1.0562,1.05695,3270,5,0
2023-10-02 04:00:00,1.05694,1.05917,1.056,1.05722,6628,5,0
2023-10-02 08:00:00,1.0572,1.05778,1.05301,1.0531,9075,5,0
2023-10-02 12:00:00,1.05311,1.05373,1.0492,1.04987,16251,5,0
2023-10-02 16:00:00,1.04986,1.05049,1.04806,1.04808,7208,5,0
2023-10-02 20:00:00,1.04806,1.04826,1.04742,1.04796,1877,5,0
2023-10-03 00:00:00,1.04797,1.04802,1.04635,1.0468,5462,5,0
2023-10-03 04:00:00,1.04682,1.0484,1.04596,1.04822,7497,5,0
2023-10-03 08:00:00,1.04822,1.04932,1.04691,1.04733,9165,5,0
2023-10-03 12:00:00,1.04735,1.04855,1.0448,1.04524,24158,5,0
2023-10-03 16:00:00,1.04523,1.04794,1.04516,1.04711,9348,5,0
2023-10-03 20:00:00,1.04711,1.04734,1.04619,1.04684,1724,5,0
2023-10-04 00:00:00,1.04684,1.04754,1.0457,1.0459,5178,5,0
2023-10-04 04:00:00,1.0459,1.04851,1.04511,1.04843,7715,5,0
2023-10-04 08:00:00,1.04843,1.05161,1.04788,1.04978,10143,5,0
2023-10-04 12:00:00,1.04977,1.05319,1.04828,1.05174,20761,5,0
2023-10-04 16:00:00,1.05176,1.05215,1.04977,1.05151,8350,5,0
2023-10-04 20:00:00,1.05151,1.05156,1.05024,1.05067,1615,5,0
2023-10-05 00:00:00,1.05066,1.05286,1.05019,1.05248,5077,5,0
2023-10-05 04:00:00,1.05248,1.05261,1.05014,1.05086,6492,5,0
2023-10-05 08:00:00,1.05085,1.0525,1.05026,1.05234,8962,5,0
2023-10-05 12:00:00,1.05234,1.05372,1.04998,1.05256,18107,5,0
2023-10-05 16:00:00,1.05255,1.05513,1.05239,1.05492,8157,5,0
2023-10-05 20:00:00,1.05493,1.05515,1.05456,1.05461,1421,5,0
2023-10-06 00:00:00,1.05461,1.05477,1.0538,1.05422,3959,5,0
2023-10-06 04:00:00,1.05423,1.05508,1.05313,1.05496,5487,5,0
2023-10-06 08:00:00,1.05498,1.0567,1.05419,1.05657,8130,5,0
2023-10-06 12:00:00,1.05657,1.05996,1.04824,1.05946,30182,5,0
2023-10-06 16:00:00,1.05944,1.05992,1.05754,1.05894,9194,5,0
2023-10-06 20:00:00,1.05895,1.05895,1.05822,1.05858,762,5,0
2023-10-08 20:00:00,1.05515,1.05681,1.05486,1.0566,2253,6,0
2023-10-09 00:00:00,1.05662,1.05741,1.05513,1.0552,5355,5,0
2023-10-09 04:00:00,1.0552,1.05584,1.05192,1.05228,8175,5,0
2023-10-09 08:00:00,1.05227,1.05449,1.052,1.0528,8067,5,0
2023-10-09 12:00:00,1.05279,1.05573,1.05224,1.05395,13240,5,0
2023-10-09 16:00:00,1.05395,1.05698,1.05343,1.05689,6886,5,0
2023-10-09 20:00:00,1.05688,1.05794,1.05641,1.05783,1842,5,0
2023-10-10 00:00:00,1.0578400000000001,1.05832,1.05658,1.05693,6471,5,0
2023-10-10 04:00:00,1.05693,1.05721,1.05542,1.05715,8607,5,0
2023-10-10 08:00:00,1.05716,1.06108,1.05696,1.05755,12203,5,0
2023-10-10 12:00:00,1.05753,1.06192,1.0574,1.06169,15993,5,0
2023-10-10 16:00:00,1.0617,1.06196,1.05923,1.06044,8939,5,0
2023-10-10 20:00:00,1.06044,1.06085,1.06018,1.0604,1635,5,0
2023-10-11 00:00:00,1.06041,1.06141,1.0601099999999999,1.06046,5005,5,0
2023-10-11 04:00:00,1.06046,1.06279,1.05953,1.05997,7711,5,0
2023-10-11 08:00:00,1.05996,1.06144,1.05932,1.06036,10432,5,0
2023-10-11 12:00:00,1.06038,1.06344,1.0581,1.06125,17702,5,0
2023-10-11 16:00:00,1.06123,1.06155,1.05847,1.06122,8591,5,0
2023-10-11 20:00:00,1.06122,1.06253,1.06114,1.06234,1545,5,0
2023-10-12 00:00:00,1.06232,1.06287,1.06198,1.06284,4455,5,0
2023-10-12 04:00:00,1.06285,1.06394,1.06198,1.06198,6438,5,0
2023-10-12 08:00:00,1.06197,1.0627,1.0613,1.06193,6769,5,0
2023-10-12 12:00:00,1.06193,1.06258,1.05443,1.05517,21266,5,0
2023-10-12 16:00:00,1.05518,1.05606,1.05254,1.05303,9747,5,0
2023-10-12 20:00:00,1.05304,1.05372,1.05264,1.05355,1564,5,0
2023-10-13 00:00:00,1.05353,1.05479,1.05343,1.05454,4453,5,0
2023-10-13 04:00:00,1.05454,1.05576,1.05313,1.05515,6842,5,0
2023-10-13 08:00:00,1.05516,1.05582,1.05138,1.05244,9095,5,0
2023-10-13 12:00:00,1.05243,1.05471,1.04954,1.05004,16527,5,0
2023-10-13 16:00:00,1.05005,1.05156,1.04994,1.05136,7928,5,0
2023-10-13 20:00:00,1.05136,1.05136,1.05054,1.05078,670,5,0
2023-10-15 20:00:00,1.0512299999999999,1.05243,1.05086,1.05217,1436,6,0
2023-10-16 00:00:00,1.05219,1.05256,1.05153,1.05232,4410,5,0
2023-10-16 04:00:00,1.05233,1.05379,1.05222,1.05341,7292,5,0
2023-10-16 08:00:00,1.05339,1.05426,1.05233,1.05363,7711,5,0
2023-10-16 12:00:00,1.05365,1.05551,1.05254,1.05445,13009,5,0
2023-10-16 16:00:00,1.05446,1.05625,1.05401,1.05625,5431,5,0
2023-10-16 20:00:00,1.05623,1.05625,1.05525,1.05537,1466,5,0
2023-10-17 00:00:00,1.0554,1.05605,1.05459,1.05496,4560,5,0
2023-10-17 04:00:00,1.05496,1.05545,1.05338,1.05484,6099,5,0
2023-10-17 08:00:00,1.05482,1.0579,1.05327,1.05749,9377,5,0
2023-10-17 12:00:00,1.05751,1.05923,1.05379,1.05919,18670,5,0
2023-10-17 16:00:00,1.05919,1.05946,1.05638,1.05768,7489,5,0
2023-10-17 20:00:00,1.0576699999999999,1.05774,1.05716,1.05726,1382,5,0
2023-10-18 00:00:00,1.05725,1.05787,1.05603,1.05752,4902,5,0
2023-10-18 04:00:00,1.05752,1.05939,1.05702,1.05786,7058,5,0
2023-10-18 08:00:00,1.05785,1.05865,1.05518,1.05604,8828,5,0
2023-10-18 12:00:00,1.05604,1.05741,1.05257,1.0531,14572,5,0
2023-10-18 16:00:00,1.05311,1.05533,1.05229,1.05352,9195,5,0
2023-10-18 20:00:00,1.05351,1.05386,1.05339,1.05377,1428,5,0
2023-10-19 00:00:00,1.05378,1.05417,1.05322,1.05336,4929,5,0
2023-10-19 04:00:00,1.05337,1.05479,1.05279,1.05373,6587,5,0
2023-10-19 08:00:00,1.05371,1.05632,1.05292,1.05577,8535,5,0
2023-10-19 12:00:00,1.05575,1.05814,1.05559,1.05693,14434,5,0
2023-10-19 16:00:00,1.05695,1.06162,1.05558,1.05881,22509,5,0
2023-10-19 20:00:00,1.05879,1.05879,1.05772,1.05861,1850,5,0
2023-10-20 00:00:00,1.05862,1.05863,1.05683,1.05759,4986,5,0
2023-10-20 04:00:00,1.05758,1.05786,1.05648,1.05704,6565,5,0
2023-10-20 08:00:00,1.05705,1.05987,1.05682,1.05907,8214,5,0
2023-10-20 12:00:00,1.05907,1.06005,1.05651,1.05909,15444,5,0
2023-10-20 16:00:00,1.05907,1.06034,1.05811,1.05919,7894,5,0
2023-10-20 20:00:00,1.05918,1.05954,1.05913,1.05936,725,5,0
2023-10-22 20:00:00,1.05942,1.05964,1.05876,1.05893,1192,6,0
2023-10-23 00:00:00,1.05891,1.059,1.0573,1.0575,3960,5,0
2023-10-23 04:00:00,1.05749,1.05974,1.05713,1.05974,6160,5,0
2023-10-23 08:00:00,1.05973,1.06146,1.05903,1.06015,9074,5,0
2023-10-23 12:00:00,1.06015,1.06465,1.05908,1.06451,13666,5,0
2023-10-23 16:00:00,1.0645,1.06776,1.06408,1.06654,7665,5,0
2023-10-23 20:00:00,1.06653,1.06718,1.06633,1.06697,1889,5,0
2023-10-24 00:00:00,1.06697,1.06869,1.06667,1.06824,4743,5,0
2023-10-24 04:00:00,1.06824,1.06942,1.06568,1.06626,7424,5,0
2023-10-24 08:00:00,1.06626,1.06626,1.06215,1.0635,9197,5,0
2023-10-24 12:00:00,1.06351,1.06363,1.05829,1.05934,15809,5,0
2023-10-24 16:00:00,1.05936,1.06018,1.05833,1.05916,6909,5,0
2023-10-24 20:00:00,1.05918,1.05948,1.0588,1.05947,1628,5,0
2023-10-25 00:00:00,1.05947,1.06048,1.05894,1.06018,4450,5,0
2023-10-25 04:00:00,1.06018,1.06064,1.05781,1.0587,5217,5,0
2023-10-25 08:00:00,1.05871,1.05965,1.05657,1.05725,7404,5,0
2023-10-25 12:00:00,1.05725,1.05954,1.05667,1.0582799999999999,13868,5,0
2023-10-25 16:00:00,1.0582799999999999,1.05856,1.05656,1.05677,7666,5,0
2023-10-25 20:00:00,1.05676,1.05696,1.05591,1.05661,1949,5,0
2023-10-26 00:00:00,1.0566,1.05689,1.05412,1.05465,4751,5,0
2023-10-26 04:00:00,1.05465,1.05491,1.05327,1.0548,6888,5,0
2023-10-26 08:00:00,1.0548,1.05522,1.05309,1.05357,7049,5,0
2023-10-26 12:00:00,1.05359,1.056,1.05218,1.05316,19049,5,0
2023-10-26 16:00:00,1.05315,1.05644,1.05247,1.05565,9028,5,0
2023-10-26 20:00:00,1.05563,1.05653,1.05548,1.05637,2000,5,0
2023-10-27 00:00:00,1.05637,1.05664,1.05523,1.05642,4023,5,0
2023-10-27 04:00:00,1.05642,1.05696,1.05518,1.05582,5394,5,0
2023-10-27 08:00:00,1.05582,1.05668,1.05352,1.05369,7053,5,0
2023-10-27 12:00:00,1.05369,1.05968,1.05352,1.05911,16904,5,0
2023-10-27 16:00:00,1.05911,1.05963,1.05572,1.05703,8793,5,0
2023-10-27 20:00:00,1.05704,1.05704,1.05626,1.05642,837,5,0
2023-10-29 20:00:00,1.05664,1.05679,1.05579,1.05619,1308,6,0
2023-10-30 00:00:00,1.05619,1.05656,1.0555,1.05602,4186,5,0
2023-10-30 04:00:00,1.05602,1.05672,1.05527,1.05563,4218,5,0
2023-10-30 08:00:00,1.05565,1.05957,1.05469,1.0585,8624,5,0
2023-10-30 12:00:00,1.05852,1.06247,1.05818,1.06189,14305,5,0
2023-10-30 16:00:00,1.06187,1.06213,1.06001,1.06169,6630,5,0
2023-10-30 20:00:00,1.06169,1.06173,1.0611,1.06138,1759,5,0
2023-10-31 00:00:00,1.06138,1.06141,1.05904,1.05945,5704,5,0
2023-10-31 04:00:00,1.05944,1.0625499999999999,1.05905,1.06208,6030,5,0
2023-10-31 08:00:00,1.06206,1.06747,1.06154,1.06554,10666,5,0
2023-10-31 12:00:00,1.06552,1.06607,1.05662,1.05667,16997,5,0
2023-10-31 16:00:00,1.05669,1.05853,1.05575,1.05801,9478,5,0
2023-10-31 20:00:00,1.05802,1.05832,1.05716,1.05777,2359,5,0
2023-11-01 00:00:00,1.05778,1.05803,1.05662,1.05701,4440,5,0
2023-11-01 04:00:00,1.05701,1.05773,1.05587,1.05643,5064,5,0
2023-11-01 08:00:00,1.05643,1.05676,1.05407,1.05429,7227,5,0
2023-11-01 12:00:00,1.0543,1.0570599999999999,1.05215,1.05372,17850,5,0
2023-11-01 16:00:00,1.05372,1.05701,1.05164,1.0567,19931,5,0
2023-11-01 20:00:00,1.05669,1.05863,1.05649,1.05859,2634,5,0
2023-11-02 00:00:00,1.05862,1.06019,1.05834,1.05996,5184,5,0
2023-11-02 04:00:00,1.05996,1.061,1.05936,1.06032,5420,5,0
2023-11-02 08:00:00,1.0603,1.06384,1.05911,1.06334,10147,5,0
2023-11-02 12:00:00,1.06338,1.06674,1.06169,1.06171,15844,5,0
2023-11-02 16:00:00,1.06171,1.0632,1.06105,1.06227,8223,5,0
2023-11-02 20:00:00,1.06226,1.06232,1.06149,1.06155,2145,5,0
2023-11-03 00:00:00,1.06157,1.06285,1.06146,1.0625,3690,5,0
2023-11-03 04:00:00,1.0625,1.06335,1.06245,1.06288,4334,5,0
2023-11-03 08:00:00,1.06289,1.06523,1.06196,1.06464,8161,5,0
2023-11-03 12:00:00,1.06466,1.0735,1.0645,1.07317,22396,5,0
2023-11-03 16:00:00,1.07317,1.07465,1.07224,1.07247,8581,5,0
2023-11-03 20:00:00,1.07248,1.07323,1.07248,1.07302,795,5,0
2023-11-05 20:00:00,1.0725,1.07322,1.07221,1.07297,986,25,0
2023-11-06 00:00:00,1.07297,1.07342,1.07221,1.07339,4500,5,0
2023-11-06 04:00:00,1.07339,1.07435,1.07317,1.07329,5033,5,0
2023-11-06 08:00:00,1.07328,1.07561,1.07314,1.07511,8855,5,0
2023-11-06 12:00:00,1.0751,1.07539,1.07261,1.07431,10407,5,0
2023-11-06 16:00:00,1.07432,1.07489,1.07221,1.07241,7094,5,0
2023-11-06 20:00:00,1.0724,1.0724,1.0714299999999999,1.07179,2860,5,0
2023-11-07 00:00:00,1.07183,1.07192,1.07059,1.07087,4555,5,0
2023-11-07 04:00:00,1.07088,1.07115,1.06916,1.06968,5393,5,0
2023-11-07 08:00:00,1.06966,1.0706,1.06652,1.06734,9758,5,0
2023-11-07 12:00:00,1.06734,1.06894,1.06638,1.06849,11752,5,0
2023-11-07 16:00:00,1.06849,1.07045,1.06724,1.06951,9608,5,0
2023-11-07 20:00:00,1.06952,1.07004,1.06894,1.06948,3229,5,0
2023-11-08 00:00:00,1.06955,1.0699,1.06864,1.06897,4476,5,0
2023-11-08 04:00:00,1.06898,1.06927,1.06753,1.06801,5094,5,0
2023-11-08 08:00:00,1.06802,1.06825,1.06593,1.06768,8978,5,0
2023-11-08 12:00:00,1.06767,1.07074,1.06598,1.07047,11689,5,0
2023-11-08 16:00:00,1.07047,1.07156,1.07007,1.07022,9706,5,0
2023-11-08 20:00:00,1.0702099999999999,1.07107,1.06997,1.07095,3225,5,0
2023-11-09 00:00:00,1.07109,1.07155,1.07022,1.07078,3648,5,0
2023-11-09 04:00:00,1.07077,1.07117,1.07013,1.0705,4314,5,0
2023-11-09 08:00:00,1.07051,1.07097,1.06802,1.06878,8641,5,0
2023-11-09 12:00:00,1.06878,1.0725,1.06863,1.07145,13488,5,0
2023-11-09 16:00:00,1.07144,1.07168,1.06599,1.06671,15538,5,0
2023-11-09 20:00:00,1.0667200000000001,1.0675,1.06624,1.06668,4413,5,0
2023-11-10 00:00:00,1.0667,1.06747,1.06629,1.06696,3909,5,0
2023-11-10 04:00:00,1.06696,1.06717,1.06561,1.0663,4828,5,0
2023-11-10 08:00:00,1.0663,1.06887,1.06629,1.06766,8863,5,0
2023-11-10 12:00:00,1.06765,1.06924,1.06624,1.06699,12581,5,0
2023-11-10 16:00:00,1.06697,1.06872,1.06629,1.06796,8352,5,0
2023-11-10 20:00:00,1.06796,1.06871,1.06771,1.06846,2110,5,0
2023-11-12 20:00:00,1.06842,1.06894,1.06806,1.06891,1095,25,0
2023-11-13 00:00:00,1.06903,1.06903,1.06809,1.06856,3549,5,0
2023-11-13 04:00:00,1.06855,1.0697,1.06832,1.06925,4302,5,0
2023-11-13 08:00:00,1.06924,1.0701100000000001,1.06849,1.06868,7748,5,0
2023-11-13 12:00:00,1.06868,1.06925,1.06649,1.06887,11341,5,0
2023-11-13 16:00:00,1.06887,1.07058,1.0685,1.07019,7431,5,0
2023-11-13 20:00:00,1.07017,1.07038,1.06961,1.0701100000000001,2820,5,0
2023-11-14 00:00:00,1.07013,1.0702,1.06945,1.06965,3474,5,0
2023-11-14 04:00:00,1.06964,1.07093,1.06927,1.07057,4285,5,0
2023-11-14 08:00:00,1.07059,1.07302,1.06958,1.07192,9404,5,0
2023-11-14 12:00:00,1.07192,1.0842,1.07119,1.08373,22350,5,0
2023-11-14 16:00:00,1.08372,1.08824,1.08361,1.0881,10513,5,0
2023-11-14 20:00:00,1.0881,1.08872,1.08727,1.08777,3723,5,0
2023-11-15 00:00:00,1.08777,1.08826,1.08656,1.08817,5294,5,0
2023-11-15 04:00:00,1.08817,1.08836,1.08647,1.08723,5893,5,0
2023-11-15 08:00:00,1.08725,1.08791,1.08439,1.08656,9955,5,0
2023-11-15 12:00:00,1.08656,1.08858,1.08315,1.08647,16492,5,0
2023-11-15 16:00:00,1.08648,1.08685,1.0841,1.0846,8631,5,0
2023-11-15 20:00:00,1.08461,1.08537,1.08423,1.08536,3077,5,0
2023-11-16 00:00:00,1.08537,1.08555,1.083,1.08325,4849,5,0
2023-11-16 04:00:00,1.08325,1.08455,1.08321,1.08406,4751,5,0
2023-11-16 08:00:00,1.08405,1.08605,1.08382,1.0852,8276,5,0
2023-11-16 12:00:00,1.0852,1.08951,1.08391,1.08777,15600,5,0
2023-11-16 16:00:00,1.08778,1.08827,1.08462,1.08551,8803,5,0
2023-11-16 20:00:00,1.08554,1.08577,1.08436,1.08526,3478,5,0
2023-11-17 00:00:00,1.08529,1.08569,1.08485,1.08538,4126,5,0
2023-11-17 04:00:00,1.08538,1.08561,1.08349,1.08383,4773,5,0
2023-11-17 08:00:00,1.08382,1.08742,1.0824799999999999,1.08661,11377,5,0
2023-11-17 12:00:00,1.0866,1.08927,1.08573,1.08864,14609,5,0
2023-11-17 16:00:00,1.08864,1.09042,1.08749,1.08995,8515,5,0
2023-11-17 20:00:00,1.08994,1.09135,1.0897000000000001,1.09133,2387,5,0
2023-11-19 20:00:00,1.09106,1.09106,1.09037,1.09039,1097,25,0
2023-11-20 00:00:00,1.09052,1.09246,1.08974,1.09234,6228,5,0
2023-11-20 04:00:00,1.09234,1.09356,1.09129,1.09157,6715,5,0
2023-11-20 08:00:00,1.09159,1.09398,1.0915,1.09227,9465,5,0
2023-11-20 12:00:00,1.09225,1.09456,1.09187,1.09377,10935,5,0
2023-11-20 16:00:00,1.09377,1.09517,1.09351,1.09461,8511,5,0
2023-11-20 20:00:00,1.09461,1.09472,1.09378,1.0944099999999999,3638,5,0
2023-11-21 00:00:00,1.09443,1.0964,1.09417,1.09631,6884,5,0
2023-11-21 04:00:00,1.09631,1.0965,1.09507,1.09537,6656,5,0
2023-11-21 08:00:00,1.09534,1.09639,1.09387,1.09393,10098,5,0
2023-11-21 12:00:00,1.09393,1.0961,1.09312,1.0934,14237,5,0
2023-11-21 16:00:00,1.0934,1.09434,1.08999,1.09148,11128,5,0
2023-11-21 20:00:00,1.09149,1.09182,1.0908,1.0917,3917,5,0
2023-11-22 00:00:00,1.0917,1.09226,1.09088,1.09142,5499,5,0
2023-11-22 04:00:00,1.09142,1.09163,1.08951,1.09141,6222,5,0
2023-11-22 08:00:00,1.0914,1.09195,1.08824,1.08996,11138,5,0
2023-11-22 12:00:00,1.08998,1.09175,1.08522,1.08654,18818,5,0
2023-11-22 16:00:00,1.08655,1.08876,1.08613,1.08835,9115,5,0
2023-11-22 20:00:00,1.08834,1.0889199999999999,1.08814,1.08875,3084,5,0
2023-11-23 00:00:00,1.08876,1.09055,1.08875,1.09048,4109,5,0
2023-11-23 04:00:00,1.09048,1.09173,1.09006,1.09134,5434,5,0
2023-11-23 08:00:00,1.09133,1.09303,1.08957,1.09144,11805,5,0
2023-11-23 12:00:00,1.09143,1.09149,1.0887,1.09095,8822,5,0
2023-11-23 16:00:00,1.09093,1.09098,1.09023,1.09036,2873,5,0
2023-11-23 20:00:00,1.09037,1.0907,1.09002,1.09037,1691,6,0
2023-11-24 00:00:00,1.09038,1.09101,1.08946,1.08989,4279,5,0
2023-11-24 04:00:00,1.08989,1.09118,1.0897000000000001,1.09078,4686,5,0
2023-11-24 08:00:00,1.09078,1.09205,1.09013,1.0914,8814,5,0
2023-11-24 12:00:00,1.09137,1.09453,1.09065,1.09393,12594,5,0
2023-11-24 16:00:00,1.09394,1.09481,1.09281,1.09449,5780,5,0
2023-11-24 20:00:00,1.09449,1.0947,1.09344,1.09382,1387,16,0
2023-11-26 20:00:00,1.0941,1.09468,1.09367,1.0937999999999999,1226,25,0
2023-11-27 00:00:00,1.09379,1.09495,1.09267,1.09449,6032,5,0
2023-11-27 04:00:00,1.09449,1.09589,1.09417,1.09474,6451,5,0
2023-11-27 08:00:00,1.09475,1.09562,1.09391,1.09532,9255,5,0
2023-11-27 12:00:00,1.09535,1.0955,1.09249,1.09325,15412,5,0
2023-11-27 16:00:00,1.09325,1.09563,1.09275,1.09558,9478,5,0
2023-11-27 20:00:00,1.09559,1.0959,1.09449,1.09585,3767,5,0
2023-11-28 00:00:00,1.09586,1.09627,1.09532,1.09549,5206,5,0
2023-11-28 04:00:00,1.09549,1.0955,1.09344,1.09359,5328,5,0
2023-11-28 08:00:00,1.09361,1.09572,1.09361,1.09497,10294,5,0
2023-11-28 12:00:00,1.09497,1.10017,1.09452,1.09808,18882,5,0
2023-11-28 16:00:00,1.09809,1.10088,1.09731,1.09909,14141,5,0
2023-11-28 20:00:00,1.09909,1.1005,1.09758,1.10038,4862,5,0
2023-11-29 00:00:00,1.1004,1.10169,1.09973,1.09985,7324,5,0
2023-11-29 04:00:00,1.09982,1.10044,1.09818,1.09847,7667,5,0
2023-11-29 08:00:00,1.09843,1.09981,1.09688,1.09842,12719,5,0
2023-11-29 12:00:00,1.09842,1.09944,1.0959699999999999,1.09744,20811,5,0
2023-11-29 16:00:00,1.09742,1.09946,1.09613,1.09829,10184,5,0
2023-11-29 20:00:00,1.09828,1.09837,1.09648,1.09732,3989,5,0
2023-11-30 00:00:00,1.09732,1.09835,1.09671,1.09741,5558,5,0
2023-11-30 04:00:00,1.09741,1.09815,1.09399,1.09515,7161,5,0
2023-11-30 08:00:00,1.09513,1.0959,1.09088,1.09154,13813,5,0
2023-11-30 12:00:00,1.09155,1.09495,1.0892,1.09109,23668,5,0
2023-11-30 16:00:00,1.09107,1.09167,1.08832,1.08901,12717,5,0
2023-11-30 20:00:00,1.08899,1.0894,1.0879,1.08916,4254,6,0
2023-12-01 00:00:00,1.08916,1.09124,1.08915,1.09004,5949,5,0
2023-12-01 04:00:00,1.09006,1.09119,1.08944,1.08947,6930,5,0
2023-12-01 08:00:00,1.08949,1.09044,1.08825,1.08969,12280,5,0
2023-12-01 12:00:00,1.0897000000000001,1.09007,1.08323,1.08377,18911,5,0
2023-12-01 16:00:00,1.08377,1.08926,1.08285,1.0872,17491,5,0
2023-12-01 20:00:00,1.0872,1.08835,1.08706,1.08822,2773,6,0
2023-12-03 20:00:00,1.08772,1.08937,1.08754,1.08846,2377,25,0
2023-12-04 00:00:00,1.08856,1.08865,1.08661,1.088,8140,5,0
2023-12-04 04:00:00,1.088,1.08804,1.08496,1.08539,7612,5,0
2023-12-04 08:00:00,1.08541,1.08807,1.0854,1.08692,12101,5,0
2023-12-04 12:00:00,1.0869,1.08758,1.08037,1.08141,18809,5,0
2023-12-04 16:00:00,1.08145,1.08288,1.08112,1.08271,10246,5,0
2023-12-04 20:00:00,1.08273,1.08374,1.08273,1.08368,3995,5,0
2023-12-05 00:00:00,1.0836999999999999,1.08459,1.08342,1.08402,6087,5,0
2023-12-05 04:00:00,1.08401,1.08472,1.0804,1.08072,7573,5,0
2023-12-05 08:00:00,1.0807,1.08423,1.08059,1.0818699999999999,13195,5,0
2023-12-05 12:00:00,1.08186,1.08386,1.07988,1.08054,20396,5,0
2023-12-05 16:00:00,1.08053,1.08129,1.07779,1.07837,12452,5,0
2023-12-05 20:00:00,1.07837,1.07985,1.07815,1.07931,4253,5,0
2023-12-06 00:00:00,1.07932,1.07984,1.07875,1.07963,5566,5,0
2023-12-06 04:00:00,1.07963,1.08015,1.07776,1.079,6702,5,0
2023-12-06 08:00:00,1.07898,1.07977,1.07745,1.07798,11977,5,0
2023-12-06 12:00:00,1.07798,1.08047,1.07722,1.079,16462,4,0
2023-12-06 16:00:00,1.07898,1.07999,1.07668,1.07683,9780,5,0
2023-12-06 20:00:00,1.07682,1.07692,1.07584,1.0766,4030,5,0
2023-12-07 00:00:00,1.07661,1.07717,1.07591,1.07597,5583,5,0
2023-12-07 04:00:00,1.07597,1.07808,1.0755,1.07804,7577,5,0
2023-12-07 08:00:00,1.07803,1.07844,1.07635,1.07706,13653,5,0
2023-12-07 12:00:00,1.07707,1.07976,1.07592,1.0783800000000001,18504,5,0
2023-12-07 16:00:00,1.0783800000000001,1.08173,1.07837,1.07981,12790,5,0
2023-12-07 20:00:00,1.07981,1.08035,1.07893,1.07894,3788,6,0
2023-12-08 00:00:00,1.07897,1.08003,1.07837,1.07918,8429,5,0
2023-12-08 04:00:00,1.0792,1.0792,1.07729,1.0779,7434,5,0
2023-12-08 08:00:00,1.07789,1.0790899999999999,1.07719,1.07828,12060,5,0
2023-12-08 12:00:00,1.07827,1.07856,1.07228,1.07681,26107,5,0
2023-12-08 16:00:00,1.07684,1.07703,1.07399,1.07586,10629,5,0
2023-12-08 20:00:00,1.07585,1.07662,1.07568,1.07605,2872,5,0
2023-12-10 20:00:00,1.07581,1.07663,1.07578,1.07643,1157,25,0
2023-12-11 00:00:00,1.0765,1.07736,1.07633,1.07647,6119,5,0
2023-12-11 04:00:00,1.07646,1.07705,1.0753,1.07558,5744,5,0
2023-12-11 08:00:00,1.07556,1.07786,1.07513,1.07678,10867,5,0
2023-12-11 12:00:00,1.0768,1.077,1.07417,1.07441,12536,5,0
2023-12-11 16:00:00,1.0744,1.07694,1.07414,1.07611,9706,5,0
2023-12-11 20:00:00,1.07611,1.07653,1.07571,1.07648,3243,5,0
2023-12-12 00:00:00,1.07649,1.077,1.0761,1.07679,4971,5,0
2023-12-12 04:00:00,1.07679,1.0783,1.0764,1.07776,6001,5,0
2023-12-12 08:00:00,1.07776,1.0807,1.0773,1.07962,10281,5,0
2023-12-12 12:00:00,1.07963,1.08281,1.0767,1.07842,20935,5,0
2023-12-12 16:00:00,1.07843,1.07985,1.07809,1.07902,10692,5,0
2023-12-12 20:00:00,1.07901,1.0799,1.07889,1.07977,4175,5,0
2023-12-13 00:00:00,1.07978,1.07993,1.07839,1.07872,4469,5,0
2023-12-13 04:00:00,1.0787,1.07919,1.07801,1.0784799999999999,6276,5,0
2023-12-13 08:00:00,1.07845,1.07925,1.07731,1.07834,10550,5,0
2023-12-13 12:00:00,1.07834,1.0809,1.07808,1.0794,14166,5,0
2023-12-13 16:00:00,1.07943,1.08912,1.07797,1.08875,20338,5,0
2023-12-13 20:00:00,1.08878,1.08963,1.08648,1.08822,11221,5,0
2023-12-14 00:00:00,1.08823,1.09151,1.0879,1.0906,9631,5,0
2023-12-14 04:00:00,1.09059,1.0909200000000001,1.08809,1.08811,9220,5,0
2023-12-14 08:00:00,1.0881,1.09315,1.08798,1.09294,16030,5,0
2023-12-14 12:00:00,1.09293,1.09969,1.09064,1.09931,32443,5,0
2023-12-14 16:00:00,1.09928,1.10089,1.09795,1.0991900000000001,13186,4,0
2023-12-14 20:00:00,1.09918,1.09965,1.09878,1.09929,5430,5,0
2023-12-15 00:00:00,1.09933,1.10005,1.09767,1.09985,7193,5,0
2023-12-15 04:00:00,1.09985,1.10033,1.09804,1.09936,7746,5,0
2023-12-15 08:00:00,1.09935,1.09988,1.09465,1.0968,15096,5,0
2023-12-15 12:00:00,1.09682,1.09693,1.09038,1.09152,21633,5,0
2023-12-15 16:00:00,1.09151,1.09165,1.08885,1.08994,12397,5,0
2023-12-15 20:00:00,1.08991,1.09088,1.08918,1.08947,3869,5,0
2023-12-17 20:00:00,1.08925,1.08969,1.08907,1.08934,1171,25,0
2023-12-18 00:00:00,1.08946,1.09133,1.08938,1.09105,5611,5,0
2023-12-18 04:00:00,1.09105,1.09299,1.09087,1.09212,6553,5,0
2023-12-18 08:00:00,1.09214,1.09279,1.0907,1.09124,11407,5,0
2023-12-18 12:00:00,1.09125,1.0931,1.09091,1.09138,14110,5,0
2023-12-18 16:00:00,1.09141,1.09277,1.09127,1.09168,9415,5,0
2023-12-18 20:00:00,1.09167,1.09241,1.09123,1.0923,4304,5,0
2023-12-19 00:00:00,1.0923,1.09287,1.09147,1.09253,6729,5,0
2023-12-19 04:00:00,1.09252,1.0941,1.09199,1.09281,8047,5,0
2023-12-19 08:00:00,1.09284,1.0949200000000001,1.09269,1.0937000000000001,10960,5,0
2023-12-19 12:00:00,1.0937000000000001,1.09872,1.09368,1.09855,15770,5,0
2023-12-19 16:00:00,1.09855,1.0986,1.09693,1.0976,9319,5,0
2023-12-19 20:00:00,1.09762,1.09827,1.0972,1.09793,4130,5,0
2023-12-20 00:00:00,1.09793,1.09793,1.0967,1.09698,4778,5,0
2023-12-20 04:00:00,1.09698,1.09709,1.09507,1.09664,6906,5,0
2023-12-20 08:00:00,1.09663,1.0971,1.09354,1.09376,11308,5,0
2023-12-20 12:00:00,1.09373,1.09746,1.09336,1.09738,14542,5,0
2023-12-20 16:00:00,1.09734,1.09754,1.09421,1.09464,10351,5,0
2023-12-20 20:00:00,1.09463,1.09483,1.09297,1.0943100000000001,7078,5,0
2023-12-21 00:00:00,1.0943100000000001,1.0954,1.09414,1.09487,5787,5,0
2023-12-21 04:00:00,1.09487,1.09556,1.09422,1.09468,6269,5,0
2023-12-21 08:00:00,1.09466,1.09847,1.0935,1.09795,11403,5,0
2023-12-21 12:00:00,1.0979700000000001,1.10022,1.09724,1.09896,19506,5,0
2023-12-21 16:00:00,1.09895,1.10007,1.09776,1.09989,13564,5,0
2023-12-21 20:00:00,1.09988,1.10124,1.09925,1.10053,5144,5,0
2023-12-22 00:00:00,1.10053,1.10093,1.09952,1.09975,5675,5,0
2023-12-22 04:00:00,1.09976,1.10072,1.09935,1.10002,6455,5,0
2023-12-22 08:00:00,1.10005,1.10295,1.09992,1.10256,11007,5,0
2023-12-22 12:00:00,1.10256,1.10401,1.10015,1.10113,17668,4,0
2023-12-22 16:00:00,1.10112,1.10235,1.09998,1.10153,11548,5,0
2023-12-22 20:00:00,1.10152,1.10155,1.10078,1.10132,2635,5,0
2023-12-25 20:00:00,1.09785,1.1024,1.09785,1.10139,1178,97,0
2023-12-26 00:00:00,1.1014599999999999,1.10255,1.10098,1.10217,4007,76,0
2023-12-26 04:00:00,1.10217,1.1025800000000001,1.10151,1.10181,3785,76,0
2023-12-26 08:00:00,1.10183,1.10248,1.10054,1.10112,4755,52,0
2023-12-26 12:00:00,1.10112,1.10324,1.1008499999999999,1.10247,8010,6,0
2023-12-26 16:00:00,1.10248,1.10448,1.10241,1.10439,5871,6,0
2023-12-26 20:00:00,1.1044,1.10448,1.10378,1.10417,3244,6,0
2023-12-27 00:00:00,1.10419,1.1042399999999999,1.10285,1.10359,4227,6,0
2023-12-27 04:00:00,1.10359,1.10491,1.10359,1.10408,4474,6,0
2023-12-27 08:00:00,1.10406,1.10594,1.10375,1.10584,7522,6,0
2023-12-27 12:00:00,1.10585,1.11154,1.10483,1.1107,11930,6,0
2023-12-27 16:00:00,1.1107,1.11225,1.10985,1.11014,10130,6,0
2023-12-27 20:00:00,1.11015,1.11094,1.10968,1.11079,4170,6,0
2023-12-28 00:00:00,1.1108,1.11224,1.11077,1.11183,4297,6,0
2023-12-28 04:00:00,1.11183,1.11254,1.11046,1.11164,5429,6,0
2023-12-28 08:00:00,1.11165,1.11393,1.1104,1.11197,9998,6,0
2023-12-28 12:00:00,1.11197,1.11199,1.10719,1.11064,14230,6,0
2023-12-28 16:00:00,1.11062,1.11065,1.10549,1.10642,10059,6,0
2023-12-28 20:00:00,1.10642,1.10704,1.10594,1.10676,4293,6,0
2023-12-29 00:00:00,1.10678,1.10842,1.10635,1.1065,4625,6,0
2023-12-29 04:00:00,1.1065,1.1076,1.10606,1.10658,4773,6,0
2023-12-29 08:00:00,1.10654,1.10773,1.10439,1.10761,9138,6,0
2023-12-29 12:00:00,1.10763,1.10804,1.10422,1.10471,14214,6,0
2023-12-29 16:00:00,1.10468,1.10666,1.10378,1.10402,12510,6,0
2023-12-29 20:00:00,1.10404,1.10505,1.10338,1.10371,2491,6,0
2024-01-01 20:00:00,1.1026799999999999,1.10398,1.1026799999999999,1.1033,1176,79,0
2024-01-02 00:00:00,1.10328,1.10403,1.10164,1.10233,3752,25,0
2024-01-02 04:00:00,1.10233,1.10367,1.1014,1.10141,4625,25,0
2024-01-02 08:00:00,1.10148,1.10377,1.09663,1.09686,11699,6,0
2024-01-02 12:00:00,1.09689,1.09716,1.09407,1.09433,17642,6,0
2024-01-02 16:00:00,1.09433,1.09615,1.09406,1.09462,9535,6,0
2024-01-02 20:00:00,1.09464,1.09509,1.09381,1.09414,4284,6,0
2024-01-03 00:00:00,1.09415,1.09621,1.09409,1.09606,3870,6,0
2024-01-03 04:00:00,1.09607,1.09626,1.0951,1.09601,4862,6,0
2024-01-03 08:00:00,1.09599,1.09652,1.0915300000000001,1.09194,11363,6,0
2024-01-03 12:00:00,1.09194,1.09385,1.08978,1.09043,20532,5,0
2024-01-03 16:00:00,1.09045,1.09255,1.08926,1.09174,16111,6,0
2024-01-03 20:00:00,1.09176,1.09272,1.09127,1.09255,5961,6,0
2024-01-04 00:00:00,1.09256,1.09304,1.09158,1.09259,4459,6,0
2024-01-04 04:00:00,1.09259,1.09434,1.09208,1.09375,6818,6,0
2024-01-04 08:00:00,1.09376,1.0972,1.09343,1.09477,12460,6,0
2024-01-04 12:00:00,1.09476,1.09652,1.09326,1.0955,16474,6,0
2024-01-04 16:00:00,1.0955,1.09638,1.09417,1.09469,9067,6,0
2024-01-04 20:00:00,1.09467,1.09498,1.09427,1.09459,4049,6,0
2024-01-05 00:00:00,1.09458,1.09557,1.09389,1.0939,4269,6,0
2024-01-05 04:00:00,1.0939,1.0941,1.09223,1.09229,5017,6,0
2024-01-05 08:00:00,1.09227,1.09302,1.09025,1.09139,10405,6,0
2024-01-05 12:00:00,1.09142,1.09983,1.08763,1.0977999999999999,33382,6,0
2024-01-05 16:00:00,1.09781,1.09804,1.0935,1.0945,15410,6,0
2024-01-05 20:00:00,1.09449,1.0947,1.09354,1.09419,3988,6,0
2024-01-07 20:00:00,1.09415,1.09451,1.09336,1.09402,1121,25,0
2024-01-08 00:00:00,1.09412,1.09529,1.09312,1.09327,4439,6,0
2024-01-08 04:00:00,1.09327,1.09521,1.09304,1.09449,5780,6,0
2024-01-08 08:00:00,1.09451,1.09504,1.09223,1.09377,11689,6,0
2024-01-08 12:00:00,1.09376,1.09743,1.0937000000000001,1.09695,15442,6,0
2024-01-08 16:00:00,1.09697,1.09787,1.09487,1.09607,9037,6,0
2024-01-08 20:00:00,1.09607,1.09607,1.09474,1.09494,4561,6,0
2024-01-09 00:00:00,1.09494,1.09661,1.0949,1.09625,5244,6,0
2024-01-09 04:00:00,1.09625,1.09627,1.09459,1.09563,5543,6,0
2024-01-09 08:00:00,1.09561,1.09564,1.09284,1.09311,10739,6,0
2024-01-09 12:00:00,1.09312,1.09511,1.09172,1.09177,15620,6,0
2024-01-09 16:00:00,1.09176,1.09399,1.09099,1.09249,9904,6,0
2024-01-09 20:00:00,1.09249,1.09324,1.09247,1.09314,3790,6,0
2024-01-10 00:00:00,1.09314,1.09361,1.0926,1.0929,4674,6,0
2024-01-10 04:00:00,1.09288,1.09452,1.09234,1.09259,5736,6,0
2024-01-10 08:00:00,1.09259,1.09552,1.09224,1.09457,9594,6,0
2024-01-10 12:00:00,1.09457,1.0969,1.09317,1.0967,11258,6,0
2024-01-10 16:00:00,1.09673,1.09706,1.0952,1.097,7847,6,0
2024-01-10 20:00:00,1.09701,1.09745,1.09613,1.09738,4662,6,0
2024-01-11 00:00:00,1.09739,1.09845,1.09728,1.09801,4476,6,0
2024-01-11 04:00:00,1.09801,1.09883,1.09742,1.09786,4800,6,0
2024-01-11 08:00:00,1.09787,1.09822,1.09583,1.09784,9536,6,0
2024-01-11 12:00:00,1.09784,1.09984,1.09299,1.09461,30358,6,0
2024-01-11 16:00:00,1.09462,1.09827,1.09363,1.09818,15470,6,0
2024-01-11 20:00:00,1.09819,1.09824,1.09558,1.09821,5799,6,0
2024-01-12 00:00:00,1.09822,1.09851,1.09725,1.09774,4917,6,0
2024-01-12 04:00:00,1.09774,1.09802,1.09607,1.09663,5438,6,0
2024-01-12 08:00:00,1.09661,1.09825,1.09463,1.09493,10035,6,0
2024-01-12 12:00:00,1.09493,1.09867,1.09356,1.0966,20488,6,0
2024-01-12 16:00:00,1.09657,1.0973600000000001,1.09467,1.09557,9928,6,0
2024-01-12 20:00:00,1.09557,1.09562,1.09479,1.09501,2879,6,0
2024-01-14 20:00:00,1.09474,1.0950199999999999,1.09428,1.0944,949,25,0
2024-01-15 00:00:00,1.0945,1.09673,1.09406,1.0964,5082,6,0
2024-01-15 04:00:00,1.0964,1.09663,1.09512,1.09533,4643,6,0
2024-01-15 08:00:00,1.09532,1.09648,1.09332,1.09451,9690,6,0
2024-01-15 12:00:00,1.09451,1.09586,1.09378,1.09494,10622,6,0
2024-01-15 16:00:00,1.09494,1.09532,1.09459,1.09498,3096,6,0
2024-01-15 20:00:00,1.09498,1.09517,1.09444,1.09447,1843,6,0
2024-01-16 00:00:00,1.09448,1.09461,1.09151,1.09187,6573,6,0
2024-01-16 04:00:00,1.09185,1.09264,1.09083,1.09183,6184,6,0
2024-01-16 08:00:00,1.09181,1.09231,1.0873599999999999,1.0892,13717,6,0
2024-01-16 12:00:00,1.0892,1.08978,1.08655,1.08855,18542,6,0
2024-01-16 16:00:00,1.08856,1.08944,1.08618,1.08733,16535,6,0
2024-01-16 20:00:00,1.08733,1.08782,1.08698,1.08781,3651,6,0
2024-01-17 00:00:00,1.08782,1.08842,1.08649,1.08661,4866,6,0
2024-01-17 04:00:00,1.0866,1.0873599999999999,1.08552,1.087,7880,6,0
2024-01-17 08:00:00,1.08699,1.08837,1.08607,1.08784,12110,6,0
2024-01-17 12:00:00,1.08782,1.08811,1.08442,1.08487,17894,6,0
2024-01-17 16:00:00,1.08487,1.08785,1.08475,1.08737,10992,6,0
2024-01-17 20:00:00,1.0873599999999999,1.08852,1.087,1.08852,3380,6,0
2024-01-18 00:00:00,1.08858,1.09028,1.088,1.08951,5949,6,0
2024-01-18 04:00:00,1.08949,1.09066,1.08861,1.0888,6082,6,0
2024-01-18 08:00:00,1.08877,1.08993,1.08763,1.08889,10169,6,0
2024-01-18 12:00:00,1.0889,1.08936,1.08464,1.08522,19299,6,0
2024-01-18 16:00:00,1.08518,1.08698,1.08498,1.08616,11242,6,0
2024-01-18 20:00:00,1.08615,1.088,1.08603,1.08795,4480,6,0
2024-01-19 00:00:00,1.08796,1.08894,1.08758,1.08888,4774,6,0
2024-01-19 04:00:00,1.08888,1.0889199999999999,1.08744,1.08791,5068,6,0
2024-01-19 08:00:00,1.08789,1.08928,1.08678,1.08871,9443,6,0
2024-01-19 12:00:00,1.08872,1.08898,1.08654,1.08821,14777,6,0
2024-01-19 16:00:00,1.08823,1.08961,1.08798,1.08921,9614,6,0
2024-01-19 20:00:00,1.08921,1.08976,1.08897,1.08971,2786,6,0
2024-01-21 20:00:00,1.08889,1.0896,1.08858,1.08911,1627,25,0
2024-01-22 00:00:00,1.08918,1.09088,1.0890900000000001,1.09019,4960,6,0
2024-01-22 04:00:00,1.09019,1.09091,1.0897000000000001,1.08977,5848,6,0
2024-01-22 08:00:00,1.08976,1.0902,1.08812,1.08894,9354,6,0
2024-01-22 12:00:00,1.08894,1.08992,1.08797,1.08849,12522,6,0
2024-01-22 16:00:00,1.0884800000000001,1.08999,1.088,1.0884800000000001,7655,6,0
2024-01-22 20:00:00,1.08849,1.08852,1.08767,1.08772,3619,6,0
2024-01-23 00:00:00,1.08773,1.08947,1.08756,1.08924,5393,6,0
2024-01-23 04:00:00,1.08924,1.09159,1.08913,1.09079,6467,6,0
2024-01-23 08:00:00,1.09078,1.09103,1.08596,1.08662,9693,6,0
2024-01-23 12:00:00,1.0866,1.08755,1.08211,1.08303,13999,6,0
2024-01-23 16:00:00,1.08306,1.08473,1.0824,1.08449,9084,6,0
2024-01-23 20:00:00,1.08449,1.08587,1.08433,1.08569,3223,6,0
2024-01-24 00:00:00,1.08568,1.08612,1.08512,1.08586,4427,6,0
2024-01-24 04:00:00,1.08588,1.08791,1.0858,1.08732,5633,6,0
2024-01-24 08:00:00,1.08734,1.09074,1.08626,1.08926,12701,6,0
2024-01-24 12:00:00,1.08927,1.09321,1.08872,1.09004,17674,6,0
2024-01-24 16:00:00,1.09005,1.09082,1.08812,1.08881,11610,6,0
2024-01-24 20:00:00,1.0888,1.08904,1.08777,1.08814,3949,6,0
2024-01-25 00:00:00,1.0881,1.08815,1.087,1.08778,5140,6,0
2024-01-25 04:00:00,1.08778,1.0891,1.08741,1.08875,5004,6,0
2024-01-25 08:00:00,1.08873,1.08995,1.08827,1.08944,9674,6,0
2024-01-25 12:00:00,1.08944,1.09016,1.08291,1.08318,25275,6,0
2024-01-25 16:00:00,1.08315,1.08515,1.08212,1.08355,11816,6,0
2024-01-25 20:00:00,1.08356,1.08478,1.08331,1.08455,3744,6,0
2024-01-26 00:00:00,1.0845,1.08485,1.08372,1.08447,4374,6,0
2024-01-26 04:00:00,1.08447,1.08449,1.08125,1.08193,5838,6,0
2024-01-26 08:00:00,1.08191,1.08757,1.08169,1.08745,10785,6,0
2024-01-26 12:00:00,1.08745,1.08857,1.0855,1.08636,16650,6,0
2024-01-26 16:00:00,1.08635,1.087,1.08538,1.0858,7697,6,0
2024-01-26 20:00:00,1.08583,1.08619,1.0852,1.08546,2263,6,0
2024-01-28 20:00:00,1.08412,1.08479,1.08396,1.08417,1818,24,0
2024-01-29 00:00:00,1.08423,1.08485,1.0839,1.08448,4434,6,0
2024-01-29 04:00:00,1.08448,1.08498,1.08347,1.08371,4780,6,0
2024-01-29 08:00:00,1.0836999999999999,1.08415,1.08137,1.08229,8818,6,0
2024-01-29 12:00:00,1.08229,1.08364,1.07957,1.07973,10922,6,0
2024-01-29 16:00:00,1.07971,1.08196,1.07955,1.08185,6771,6,0
2024-01-29 20:00:00,1.0818699999999999,1.08402,1.0818699999999999,1.08333,5300,6,0
2024-01-30 00:00:00,1.08335,1.08418,1.08297,1.08305,4646,6,0
2024-01-30 04:00:00,1.08305,1.08333,1.08117,1.08224,5832,6,0
2024-01-30 08:00:00,1.08224,1.08477,1.0816,1.08417,9707,6,0
2024-01-30 12:00:00,1.08414,1.0857,1.08278,1.08365,15019,6,0
2024-01-30 16:00:00,1.08365,1.08468,1.08314,1.08458,8072,6,0
2024-01-30 20:00:00,1.08458,1.08483,1.08379,1.08427,4212,6,0
2024-01-31 00:00:00,1.08427,1.08478,1.08157,1.08185,5493,6,0
2024-01-31 04:00:00,1.08184,1.08219,1.08057,1.08157,5030,6,0
2024-01-31 08:00:00,1.08155,1.08399,1.08091,1.08385,10427,6,0
2024-01-31 12:00:00,1.08386,1.08873,1.08331,1.08608,18828,6,0
2024-01-31 16:00:00,1.08611,1.08674,1.08157,1.08402,29194,6,0
2024-01-31 20:00:00,1.08405,1.08416,1.07946,1.08038,15066,6,0
2024-02-01 00:00:00,1.08039,1.08215,1.08015,1.08116,6380,6,0
2024-02-01 04:00:00,1.08117,1.08135,1.07836,1.07928,6339,6,0
2024-02-01 08:00:00,1.07926,1.0813,1.07796,1.0808200000000001,11430,6,0
2024-02-01 12:00:00,1.0808,1.08315,1.08054,1.08264,18540,6,0
2024-02-01 16:00:00,1.08263,1.08744,1.08261,1.08714,13875,6,0
2024-02-01 20:00:00,1.08715,1.08758,1.08663,1.08737,4205,6,0
2024-02-02 00:00:00,1.08739,1.08795,1.08697,1.08764,4508,6,0
2024-02-02 04:00:00,1.08763,1.08867,1.08717,1.08804,5603,6,0
2024-02-02 08:00:00,1.08806,1.08973,1.08734,1.0883,8736,6,0
2024-02-02 12:00:00,1.08832,1.08858,1.07829,1.0802,22217,6,0
2024-02-02 16:00:00,1.0802,1.08034,1.07803,1.07922,10624,6,0
2024-02-02 20:00:00,1.07922,1.0796999999999999,1.0786,1.07872,2538,6,0
2024-02-04 20:00:00,1.07832,1.07857,1.07693,1.07792,1549,25,0
2024-02-05 00:00:00,1.07796,1.07829,1.07671,1.07788,7339,6,0
2024-02-05 04:00:00,1.07788,1.07845,1.07724,1.07801,5969,6,0
2024-02-05 08:00:00,1.07803,1.07857,1.07468,1.07545,9340,6,0
2024-02-05 12:00:00,1.07549,1.07576,1.0723,1.07251,12932,6,0
2024-02-05 16:00:00,1.07252,1.07463,1.07245,1.07425,6995,6,0
2024-02-05 20:00:00,1.07425,1.0743800000000001,1.07353,1.07408,3234,6,0
2024-02-06 00:00:00,1.07407,1.07489,1.07407,1.07437,4514,6,0
2024-02-06 04:00:00,1.07435,1.07621,1.07432,1.07517,6254,6,0
2024-02-06 08:00:00,1.07519,1.07598,1.07241,1.07382,8784,6,0
2024-02-06 12:00:00,1.0738,1.0748,1.07222,1.07429,12702,6,0
2024-02-06 16:00:00,1.0743,1.07553,1.07386,1.07492,9453,6,0
2024-02-06 20:00:00,1.07494,1.07571,1.07489,1.0756000000000001,3941,6,0
2024-02-07 00:00:00,1.07563,1.07663,1.07556,1.07585,4305,6,0
2024-02-07 04:00:00,1.07585,1.0772599999999999,1.07565,1.07721,5357,6,0
2024-02-07 08:00:00,1.07721,1.07739,1.07576,1.07706,9344,6,0
2024-02-07 12:00:00,1.07706,1.07837,1.07556,1.07565,13070,6,0
2024-02-07 16:00:00,1.07567,1.0775,1.07559,1.0771600000000001,8713,6,0
2024-02-07 20:00:00,1.0771600000000001,1.07766,1.07686,1.07752,3580,6,0
2024-02-08 00:00:00,1.07754,1.07846,1.07741,1.07819,3554,6,0
2024-02-08 04:00:00,1.0782,1.07886,1.07766,1.07799,4915,6,0
2024-02-08 08:00:00,1.07797,1.07851,1.07609,1.07629,8489,6,0
2024-02-08 12:00:00,1.07629,1.07672,1.07414,1.07609,12511,6,0
2024-02-08 16:00:00,1.07607,1.07824,1.07597,1.07745,8101,6,0
2024-02-08 20:00:00,1.07747,1.07795,1.07736,1.07769,3307,6,0
2024-02-09 00:00:00,1.07776,1.07784,1.077,1.07707,3492,6,0
2024-02-09 04:00:00,1.07707,1.07825,1.07691,1.078,3839,6,0
2024-02-09 08:00:00,1.07802,1.07843,1.07618,1.07714,9184,6,0
2024-02-09 12:00:00,1.07713,1.07949,1.07628,1.07858,16147,6,0
2024-02-09 16:00:00,1.0786,1.07905,1.07791,1.07823,6245,6,0
2024-02-09 20:00:00,1.07824,1.07882,1.07794,1.07853,2004,6,0
2024-02-11 20:00:00,1.07824,1.07973,1.07811,1.07962,1407,25,0
2024-02-12 00:00:00,1.07976,1.07997,1.0790899999999999,1.07917,2860,6,0
2024-02-12 04:00:00,1.07917,1.08052,1.07892,1.08027,4018,6,0
2024-02-12 08:00:00,1.08026,1.08027,1.07628,1.07691,8482,6,0
2024-02-12 12:00:00,1.07692,1.07738,1.07556,1.07671,9314,6,0
2024-02-12 16:00:00,1.07673,1.07857,1.07648,1.07693,7377,6,0
2024-02-12 20:00:00,1.07693,1.07748,1.07688,1.07713,3488,6,0
2024-02-13 00:00:00,1.07714,1.07742,1.0760399999999999,1.07614,3079,6,0
2024-02-13 04:00:00,1.07614,1.07773,1.07609,1.0771,4639,6,0
2024-02-13 08:00:00,1.07708,1.07814,1.07566,1.0777700000000001,8447,6,0
2024-02-13 12:00:00,1.07774,1.07984,1.07004,1.07166,20297,6,0
2024-02-13 16:00:00,1.07167,1.0722,1.07004,1.07012,8751,6,0
2024-02-13 20:00:00,1.0701100000000001,1.07104,1.07003,1.0708199999999999,3701,6,0
2024-02-14 00:00:00,1.07083,1.07142,1.07031,1.07122,4383,6,0
2024-02-14 04:00:00,1.07122,1.07184,1.07048,1.07075,5419,6,0
2024-02-14 08:00:00,1.07076,1.071,1.06948,1.07073,9243,6,0
2024-02-14 12:00:00,1.07075,1.07249,1.0701,1.0721,12218,6,0
2024-02-14 16:00:00,1.0721,1.07341,1.0719,1.07279,7995,6,0
2024-02-14 20:00:00,1.07279,1.0731600000000001,1.07253,1.07313,3165,6,0
2024-02-15 00:00:00,1.07319,1.07351,1.07249,1.07256,3525,6,0
2024-02-15 04:00:00,1.07256,1.07411,1.07244,1.07327,4881,6,0
2024-02-15 08:00:00,1.07328,1.07397,1.07279,1.07353,8019,6,0
2024-02-15 12:00:00,1.07352,1.07846,1.07351,1.0761,14987,6,0
2024-02-15 16:00:00,1.07611,1.07719,1.07549,1.07683,7626,6,0
2024-02-15 20:00:00,1.07684,1.07763,1.07676,1.07729,3193,6,0
2024-02-16 00:00:00,1.07725,1.07734,1.0759,1.07599,4640,6,0
2024-02-16 04:00:00,1.07599,1.07676,1.07572,1.07605,4913,6,0
2024-02-16 08:00:00,1.07607,1.07797,1.07594,1.07772,7293,6,0
2024-02-16 12:00:00,1.0777,1.07778,1.07318,1.07706,15121,6,0
2024-02-16 16:00:00,1.07708,1.07871,1.07625,1.07768,8018,6,0
2024-02-16 20:00:00,1.07768,1.07778,1.07728,1.07768,2586,6,0
2024-02-18 20:00:00,1.07742,1.07835,1.07687,1.0782,1203,25,0
2024-02-19 00:00:00,1.07836,1.07887,1.07748,1.07754,3909,6,0
2024-02-19 04:00:00,1.07754,1.07891,1.07747,1.07825,4052,6,0
2024-02-19 08:00:00,1.07827,1.07869,1.07721,1.07767,7231,6,0
2024-02-19 12:00:00,1.07768,1.07794,1.07618,1.0767,6883,6,0
2024-02-19 16:00:00,1.0767,1.07833,1.07622,1.07783,2741,6,0
2024-02-19 20:00:00,1.07784,1.07821,1.07735,1.07757,1972,6,0
2024-02-20 00:00:00,1.07753,1.07765,1.07616,1.07677,4444,6,0
2024-02-20 04:00:00,1.07676,1.07745,1.0765,1.07695,4988,6,0
2024-02-20 08:00:00,1.07694,1.08091,1.07688,1.0798,9330,6,0
2024-02-20 12:00:00,1.07982,1.0838700000000001,1.07952,1.08222,12065,6,0
2024-02-20 16:00:00,1.0822,1.08246,1.08062,1.08063,7514,6,0
2024-02-20 20:00:00,1.08063,1.08124,1.08042,1.08104,3254,6,0
2024-02-21 00:00:00,1.08094,1.08185,1.08053,1.08176,4324,6,0
2024-02-21 04:00:00,1.08176,1.08188,1.08063,1.08106,5040,6,0
2024-02-21 08:00:00,1.08104,1.08145,1.0789900000000001,1.07987,8230,6,0
2024-02-21 12:00:00,1.0799,1.08196,1.07962,1.08051,9841,6,0
2024-02-21 16:00:00,1.08051,1.08241,1.07996,1.08163,9879,6,0
2024-02-21 20:00:00,1.08162,1.08221,1.08123,1.082,4755,6,0
2024-02-22 00:00:00,1.082,1.08318,1.08189,1.08257,4162,6,0
2024-02-22 04:00:00,1.08257,1.08535,1.08249,1.08528,4981,6,0
2024-02-22 08:00:00,1.08525,1.08879,1.08446,1.0857,14494,6,0
2024-02-22 12:00:00,1.08568,1.08582,1.08026,1.08101,14605,6,0
2024-02-22 16:00:00,1.08102,1.08258,1.08084,1.08221,7498,6,0
2024-02-22 20:00:00,1.0822,1.08256,1.08182,1.08247,3570,6,0
2024-02-23 00:00:00,1.0825,1.08316,1.08147,1.08252,4804,6,0
2024-02-23 04:00:00,1.08252,1.08317,1.08209,1.08293,4520,6,0
2024-02-23 08:00:00,1.08294,1.08321,1.08139,1.08267,8444,6,0
2024-02-23 12:00:00,1.08268,1.08391,1.08117,1.08203,11224,6,0
2024-02-23 16:00:00,1.08203,1.08293,1.08148,1.08227,7537,6,0
2024-02-23 20:00:00,1.08228,1.08242,1.08175,1.08207,2185,6,0
2024-02-25 20:00:00,1.08264,1.08264,1.08167,1.08184,1366,25,0
2024-02-26 00:00:00,1.0819,1.08202,1.08124,1.08182,4035,6,0
2024-02-26 04:00:00,1.08182,1.08364,1.08171,1.08318,4558,6,0
2024-02-26 08:00:00,1.0832,1.08536,1.08269,1.08515,7371,6,0
2024-02-26 12:00:00,1.08516,1.08596,1.08383,1.08507,9138,6,0
2024-02-26 16:00:00,1.08505,1.08552,1.08396,1.0846,6622,6,0
2024-02-26 20:00:00,1.0846,1.08524,1.08458,1.085,3137,6,0
2024-02-27 00:00:00,1.08501,1.08532,1.08451,1.08525,3593,6,0
2024-02-27 04:00:00,1.08525,1.08623,1.08467,1.08558,4627,6,0
2024-02-27 08:00:00,1.08557,1.08657,1.08416,1.08572,7764,6,0
2024-02-27 12:00:00,1.08572,1.08628,1.08328,1.08465,9861,6,0
2024-02-27 16:00:00,1.08466,1.08575,1.08406,1.08442,8029,6,0
2024-02-27 20:00:00,1.08442,1.08473,1.0841,1.08412,3038,6,0
2024-02-28 00:00:00,1.08409,1.08455,1.0832600000000001,1.08342,4041,6,0
2024-02-28 04:00:00,1.08343,1.08355,1.08162,1.08228,4551,6,0
2024-02-28 08:00:00,1.08231,1.08239,1.07962,1.08151,9149,6,0
2024-02-28 12:00:00,1.08152,1.08374,1.08066,1.08338,11628,6,0
2024-02-28 16:00:00,1.08338,1.08455,1.08308,1.08334,6934,6,0
2024-02-28 20:00:00,1.08335,1.08399,1.08328,1.08378,3194,6,0
2024-02-29 00:00:00,1.0838,1.084,1.08279,1.08365,5129,6,0
2024-02-29 04:00:00,1.08365,1.08389,1.08257,1.08284,6029,6,0
2024-02-29 08:00:00,1.08287,1.08539,1.08281,1.08341,10710,6,0
2024-02-29 12:00:00,1.08339,1.08556,1.08188,1.08223,15136,6,0
2024-02-29 16:00:00,1.08224,1.0824799999999999,1.07957,1.08022,9548,6,0
2024-02-29 20:00:00,1.08024,1.08092,1.08006,1.08049,4338,6,0
2024-03-01 00:00:00,1.08056,1.08215,1.08051,1.08164,3765,6,0
2024-03-01 04:00:00,1.08165,1.08172,1.0808,1.0812,4071,6,0
2024-03-01 08:00:00,1.08123,1.08221,1.07983,1.08184,9822,6,0
2024-03-01 12:00:00,1.08182,1.08416,1.07979,1.08346,14120,6,0
2024-03-01 16:00:00,1.08348,1.08429,1.08231,1.08408,7653,6,0
2024-03-01 20:00:00,1.08408,1.08411,1.08332,1.08391,2319,6,0
2024-03-03 20:00:00,1.08354,1.08428,1.08351,1.08395,1267,24,0
2024-03-04 00:00:00,1.08413,1.08477,1.08382,1.08435,3758,6,0
2024-03-04 04:00:00,1.08435,1.08538,1.08426,1.08533,4192,6,0
2024-03-04 08:00:00,1.08535,1.08575,1.08376,1.08558,7917,6,0
2024-03-04 12:00:00,1.08558,1.08633,1.08398,1.08628,9549,6,0
2024-03-04 16:00:00,1.0863,1.08666,1.0855,1.08563,6309,6,0
2024-03-04 20:00:00,1.08562,1.08593,1.08526,1.08544,3506,6,0
2024-03-05 00:00:00,1.08539,1.08551,1.08474,1.0854,3360,6,0
2024-03-05 04:00:00,1.0854,1.0854,1.08413,1.08461,4116,6,0
2024-03-05 08:00:00,1.0846,1.08555,1.08429,1.08496,7164,6,0
2024-03-05 12:00:00,1.08496,1.0876,1.084,1.0871,12228,6,0
2024-03-05 16:00:00,1.08711,1.08716,1.08512,1.08527,7513,6,0
2024-03-05 20:00:00,1.08528,1.08587,1.08488,1.08557,3548,6,0
2024-03-06 00:00:00,1.0855299999999999,1.08555,1.0842,1.08504,4280,6,0
2024-03-06 04:00:00,1.08505,1.0866,1.08493,1.08615,4569,6,0
2024-03-06 08:00:00,1.08613,1.08792,1.08589,1.08754,6808,6,0
2024-03-06 12:00:00,1.08753,1.09083,1.08674,1.09048,12942,6,0
2024-03-06 16:00:00,1.09047,1.0915,1.08931,1.08967,10299,6,0
2024-03-06 20:00:00,1.08964,1.09011,1.08927,1.08981,4131,6,0
2024-03-07 00:00:00,1.08992,1.09071,1.08934,1.09002,5156,6,0
2024-03-07 04:00:00,1.09002,1.09052,1.0891,1.08937,5346,6,0
2024-03-07 08:00:00,1.08937,1.09024,1.08875,1.08939,7763,6,0
2024-03-07 12:00:00,1.08938,1.09305,1.08677,1.09296,16295,6,0
2024-03-07 16:00:00,1.09295,1.09487,1.09244,1.09464,8179,6,0
2024-03-07 20:00:00,1.09464,1.095,1.09422,1.095,3512,6,0
2024-03-08 00:00:00,1.09509,1.09555,1.0944,1.09471,4028,6,0
2024-03-08 04:00:00,1.09472,1.09507,1.09315,1.09336,5128,6,0
2024-03-08 08:00:00,1.09336,1.09387,1.0925799999999999,1.09342,8378,6,0
2024-03-08 12:00:00,1.0934,1.09809,1.09177,1.09604,18320,6,0
2024-03-08 16:00:00,1.09606,1.0961,1.09332,1.09414,10009,6,0
2024-03-08 20:00:00,1.09413,1.09434,1.09343,1.09381,2493,6,0
2024-03-10 20:00:00,1.09354,1.09433,1.09346,1.09422,2051,6,0
2024-03-11 00:00:00,1.09424,1.09463,1.09371,1.0941,4633,6,0
2024-03-11 04:00:00,1.09409,1.0947,1.09352,1.09417,4485,6,0
2024-03-11 08:00:00,1.09415,1.09479,1.09328,1.09426,7397,6,0
2024-03-11 12:00:00,1.09423,1.09429,1.09143,1.09266,9158,6,0
2024-03-11 16:00:00,1.09264,1.09303,1.09181,1.09259,6551,6,0
2024-03-11 20:00:00,1.09259,1.09306,1.09195,1.09304,2972,6,0
2024-03-12 00:00:00,1.09302,1.09378,1.09265,1.09358,3868,6,0
2024-03-12 04:00:00,1.09358,1.09391,1.09314,1.09317,4566,6,0
2024-03-12 08:00:00,1.09316,1.09351,1.0921,1.09331,6719,6,0
2024-03-12 12:00:00,1.09329,1.09437,1.0902,1.09171,17828,6,0
2024-03-12 16:00:00,1.09173,1.09254,1.09125,1.09253,6507,6,0
2024-03-12 20:00:00,1.09253,1.09287,1.0924,1.09266,2232,6,0
2024-03-13 00:00:00,1.09264,1.09303,1.09231,1.09276,3845,6,0
2024-03-13 04:00:00,1.09276,1.09315,1.09207,1.09263,4556,6,0
2024-03-13 08:00:00,1.09265,1.09454,1.09199,1.09417,6819,6,0
2024-03-13 12:00:00,1.09418,1.09471,1.09312,1.0943100000000001,9548,6,0
2024-03-13 16:00:00,1.09428,1.09636,1.09398,1.09471,6813,6,0
2024-03-13 20:00:00,1.0947,1.09527,1.09449,1.09527,2873,6,0
2024-03-14 00:00:00,1.09528,1.09544,1.09411,1.09423,3197,6,0
2024-03-14 04:00:00,1.09423,1.0943,1.09316,1.09352,4005,6,0
2024-03-14 08:00:00,1.09352,1.09452,1.09349,1.0941,6709,6,0
2024-03-14 12:00:00,1.09412,1.09444,1.08827,1.08875,14889,6,0
2024-03-14 16:00:00,1.08875,1.08924,1.08804,1.08906,6315,6,0
2024-03-14 20:00:00,1.08906,1.08915,1.08811,1.08827,3178,6,0
2024-03-15 00:00:00,1.08825,1.08844,1.08725,1.08768,3588,6,0
2024-03-15 04:00:00,1.08768,1.08845,1.0873,1.08805,3883,6,0
2024-03-15 08:00:00,1.08804,1.08994,1.08777,1.08932,6593,6,0
2024-03-15 12:00:00,1.08931,1.08945,1.08812,1.08873,10343,6,0
2024-03-15 16:00:00,1.08872,1.08911,1.0883099999999999,1.0889199999999999,5832,6,0
2024-03-15 20:00:00,1.0889199999999999,1.08897,1.08866,1.08868,613,6,0
2024-03-17 20:00:00,1.08887,1.08905,1.08815,1.08828,1932,6,0
2024-03-18 00:00:00,1.08832,1.08913,1.08803,1.08853,3220,6,0
2024-03-18 04:00:00,1.08853,1.08962,1.0885,1.08923,3182,6,0
2024-03-18 08:00:00,1.08921,1.09057,1.08906,1.09021,6158,6,0
2024-03-18 12:00:00,1.09021,1.09047,1.08808,1.0885,7567,6,0
2024-03-18 16:00:00,1.0885,1.0885,1.08659,1.08691,5290,6,0
2024-03-18 20:00:00,1.0869,1.0873599999999999,1.08688,1.08732,2303,6,0
2024-03-19 00:00:00,1.08732,1.08762,1.08666,1.0873599999999999,4653,6,0
2024-03-19 04:00:00,1.0873599999999999,1.08763,1.08514,1.08546,5881,6,0
2024-03-19 08:00:00,1.08544,1.08561,1.08345,1.08499,8041,6,0
2024-03-19 12:00:00,1.08501,1.08649,1.08454,1.08579,8088,6,0
2024-03-19 16:00:00,1.0858,1.08672,1.08545,1.08644,5053,6,0
2024-03-19 20:00:00,1.08642,1.08663,1.08618,1.08618,2311,6,0
2024-03-20 00:00:00,1.08616,1.08707,1.08581,1.08695,2850,6,0
2024-03-20 04:00:00,1.08695,1.08719,1.08645,1.08653,3897,6,0
2024-03-20 08:00:00,1.0865,1.08652,1.08363,1.08424,6775,6,0
2024-03-20 12:00:00,1.08422,1.08557,1.08371,1.0854300000000001,6603,6,0
2024-03-20 16:00:00,1.08545,1.09224,1.08532,1.09206,18955,6,0
2024-03-20 20:00:00,1.09203,1.09369,1.09183,1.09368,3631,6,0
2024-03-21 00:00:00,1.09369,1.09385,1.09304,1.09347,4451,6,0
2024-03-21 04:00:00,1.09347,1.09423,1.09254,1.09285,4180,6,0
2024-03-21 08:00:00,1.09285,1.09285,1.0887,1.09095,10891,6,0
2024-03-21 12:00:00,1.09096,1.09169,1.08555,1.0860400000000001,12700,6,0
2024-03-21 16:00:00,1.08602,1.08661,1.08552,1.08566,5936,6,0
2024-03-21 20:00:00,1.08568,1.08628,1.08566,1.08617,2291,6,0
2024-03-22 00:00:00,1.08616,1.08676,1.08358,1.08378,4099,6,0
2024-03-22 04:00:00,1.08378,1.08416,1.08206,1.08246,5102,6,0
2024-03-22 08:00:00,1.08246,1.08295,1.08078,1.0816,7124,6,0
2024-03-22 12:00:00,1.08162,1.08314,1.081,1.08156,8816,6,0
2024-03-22 16:00:00,1.08156,1.08168,1.08014,1.08053,4364,6,0
2024-03-22 20:00:00,1.08051,1.08094,1.08048,1.08084,720,6,0
2024-03-24 20:00:00,1.08075,1.08098,1.08041,1.08071,1285,6,0
2024-03-25 00:00:00,1.08072,1.08219,1.0802,1.08134,4242,6,0
2024-03-25 04:00:00,1.08135,1.08226,1.08105,1.08134,3678,6,0
2024-03-25 08:00:00,1.08135,1.08292,1.0807,1.0828,5723,6,0
2024-03-25 12:00:00,1.0828,1.08421,1.08274,1.08361,5765,6,0
2024-03-25 16:00:00,1.08362,1.08398,1.08328,1.08388,3118,6,0
2024-03-25 20:00:00,1.08388,1.08407,1.08339,1.08366,2675,6,0
2024-03-26 00:00:00,1.08368,1.08453,1.08356,1.08367,3154,6,0
2024-03-26 04:00:00,1.08367,1.08524,1.08363,1.08421,3641,6,0
2024-03-26 08:00:00,1.08422,1.0864,1.08383,1.08564,6939,6,0
2024-03-26 12:00:00,1.08566,1.0859,1.0825,1.0828,8532,6,0
2024-03-26 16:00:00,1.08279,1.08353,1.0824,1.08285,4298,6,0
2024-03-26 20:00:00,1.08285,1.08329,1.08281,1.08318,2172,6,0
2024-03-27 00:00:00,1.08323,1.08324,1.08201,1.08258,3470,6,0
2024-03-27 04:00:00,1.08258,1.08336,1.08228,1.08258,3731,6,0
2024-03-27 08:00:00,1.08258,1.0838700000000001,1.08178,1.08208,7154,6,0
2024-03-27 12:00:00,1.0821,1.08223,1.08106,1.082,7577,6,0
2024-03-27 16:00:00,1.08199,1.08273,1.08172,1.08268,4624,6,0
2024-03-27 20:00:00,1.0826500000000001,1.08285,1.08085,1.08122,2849,6,0
2024-03-28 00:00:00,1.08124,1.08257,1.08077,1.08212,3823,6,0
2024-03-28 04:00:00,1.08212,1.08263,1.07999,1.08008,3985,6,0
2024-03-28 08:00:00,1.08007,1.0802,1.07748,1.07837,6417,6,0
2024-03-28 12:00:00,1.07837,1.08185,1.07835,1.0801,11010,6,0
2024-03-28 16:00:00,1.08008,1.0805,1.07845,1.0788,5450,6,0
2024-03-28 20:00:00,1.07879,1.07934,1.07846,1.07906,5402,6,0
2024-03-29 00:00:00,1.07906,1.07908,1.07734,1.07744,3233,6,0
2024-03-29 04:00:00,1.07744,1.07816,1.0768,1.07682,2201,6,0
2024-03-29 08:00:00,1.07683,1.07893,1.07681,1.0785,4374,6,0
2024-03-29 12:00:00,1.0785,1.08031,1.07788,1.07888,5013,31,0
2024-03-29 16:00:00,1.07888,1.07901,1.07823,1.0787,3208,75,0
2024-03-29 20:00:00,1.07867,1.0793,1.07688,1.07817,1115,76,0
2024-03-31 20:00:00,1.0789900000000001,1.07944,1.07847,1.07915,2317,6,0
2024-04-01 00:00:00,1.07929,1.07986,1.07844,1.0789900000000001,4429,6,0
2024-04-01 04:00:00,1.0789900000000001,1.07919,1.07825,1.0786,3623,6,0
2024-04-01 08:00:00,1.07859,1.07914,1.07793,1.07839,3740,6,0
2024-04-01 12:00:00,1.07839,1.07857,1.07309,1.07325,9019,6,0
2024-04-01 16:00:00,1.07325,1.07437,1.0731,1.07415,4082,6,0
2024-04-01 20:00:00,1.07415,1.07436,1.07355,1.07366,2514,6,0
2024-04-02 00:00:00,1.07372,1.07387,1.07293,1.07297,3820,6,0
2024-04-02 04:00:00,1.073,1.07424,1.07242,1.07414,4915,6,0
2024-04-02 08:00:00,1.07411,1.07531,1.07264,1.07513,7002,6,0
2024-04-02 12:00:00,1.07511,1.0778699999999999,1.07453,1.07686,10233,6,0
2024-04-02 16:00:00,1.07685,1.07699,1.07599,1.07676,3693,6,0
2024-04-02 20:00:00,1.07674,1.07728,1.07654,1.07679,2322,6,0
2024-04-03 00:00:00,1.07679,1.07791,1.07656,1.07771,2970,6,0
2024-04-03 04:00:00,1.07772,1.07778,1.07637,1.07701,4014,6,0
2024-04-03 08:00:00,1.07701,1.07846,1.07647,1.07833,5424,6,0
2024-04-03 12:00:00,1.07833,1.08303,1.0772599999999999,1.08261,12679,6,0
2024-04-03 16:00:00,1.08261,1.08365,1.082,1.08331,5747,6,0
2024-04-03 20:00:00,1.08331,1.08405,1.0832,1.08374,2288,6,0
2024-04-04 00:00:00,1.08374,1.08442,1.08343,1.08422,2805,6,0
2024-04-04 04:00:00,1.08424,1.0858,1.08388,1.0857,4562,6,0
2024-04-04 08:00:00,1.08571,1.08652,1.08505,1.08526,6044,6,0
2024-04-04 12:00:00,1.08526,1.08763,1.08505,1.08645,7825,6,0
2024-04-04 16:00:00,1.08645,1.08668,1.08333,1.08335,6799,6,0
2024-04-04 20:00:00,1.08336,1.08401,1.08318,1.08359,3855,6,0
2024-04-05 00:00:00,1.08363,1.08436,1.08232,1.08267,4178,6,0
2024-04-05 04:00:00,1.08267,1.08408,1.08225,1.0838700000000001,4595,6,0
2024-04-05 08:00:00,1.08385,1.08459,1.08305,1.08349,5303,6,0
2024-04-05 12:00:00,1.0835,1.08477,1.07912,1.08398,15366,6,0
2024-04-05 16:00:00,1.08399,1.0844,1.08305,1.08351,5314,6,0
2024-04-05 20:00:00,1.08349,1.08376,1.08334,1.08368,614,6,0
2024-04-07 20:00:00,1.08369,1.08377,1.08262,1.08292,1716,6,0
2024-04-08 00:00:00,1.08297,1.08429,1.08228,1.08332,4754,6,0
2024-04-08 04:00:00,1.08333,1.08376,1.08281,1.08321,5312,6,0
2024-04-08 08:00:00,1.08321,1.0835,1.08206,1.08235,6551,6,0
2024-04-08 12:00:00,1.08234,1.08585,1.08212,1.08522,9446,6,0
2024-04-08 16:00:00,1.08522,1.08619,1.08465,1.08563,4369,6,0
2024-04-08 20:00:00,1.0856,1.08632,1.08559,1.0861399999999999,2592,6,0
2024-04-09 00:00:00,1.08617,1.08631,1.08538,1.0855,3184,6,0
2024-04-09 04:00:00,1.0855,1.08624,1.0851,1.08531,4032,6,0
2024-04-09 08:00:00,1.08533,1.08725,1.08489,1.08612,5815,6,0
2024-04-09 12:00:00,1.08613,1.08847,1.0852,1.08555,10207,6,0
2024-04-09 16:00:00,1.08554,1.08598,1.08474,1.08562,5021,6,0
2024-04-09 20:00:00,1.08563,1.08595,1.08541,1.08582,2711,6,0
2024-04-10 00:00:00,1.08585,1.08587,1.08506,1.08529,3299,6,0
2024-04-10 04:00:00,1.08529,1.08571,1.08474,1.08548,4324,6,0
2024-04-10 08:00:00,1.08546,1.08662,1.0851,1.0855299999999999,5459,6,0
2024-04-10 12:00:00,1.08554,1.08642,1.07328,1.07367,22433,6,0
2024-04-10 16:00:00,1.07366,1.0754,1.07285,1.07437,11118,6,0
2024-04-10 20:00:00,1.07434,1.07456,1.0739,1.07412,2562,6,0
2024-04-11 00:00:00,1.07411,1.07487,1.0738,1.07445,4329,6,0
2024-04-11 04:00:00,1.07445,1.0747,1.07264,1.07429,5629,6,0
2024-04-11 08:00:00,1.07431,1.07496,1.07251,1.07283,7728,6,0
2024-04-11 12:00:00,1.07282,1.07561,1.0699,1.07208,20020,6,0
2024-04-11 16:00:00,1.0721,1.07342,1.07134,1.07285,7787,6,0
2024-04-11 20:00:00,1.07287,1.0729,1.07237,1.0726,2083,6,0
2024-04-12 00:00:00,1.0726,1.0728,1.07149,1.07168,3673,6,0
2024-04-12 04:00:00,1.07168,1.07173,1.06739,1.06837,6924,6,0
2024-04-12 08:00:00,1.06839,1.06848,1.06437,1.06508,8749,6,0
2024-04-12 12:00:00,1.0651,1.06555,1.06223,1.06463,14694,6,0
2024-04-12 16:00:00,1.06462,1.06503,1.06371,1.06382,7787,6,0
2024-04-12 20:00:00,1.06381,1.06439,1.06369,1.06405,751,6,0
2024-04-14 20:00:00,1.06318,1.06498,1.06295,1.0647,2671,6,0
2024-04-15 00:00:00,1.06461,1.06545,1.06389,1.06518,5123,6,0
2024-04-15 04:00:00,1.06518,1.06644,1.06467,1.06577,7420,6,0
2024-04-15 08:00:00,1.06576,1.06649,1.06511,1.06545,7744,6,0
2024-04-15 12:00:00,1.06544,1.06603,1.06216,1.0643,15518,6,0
2024-04-15 16:00:00,1.0643,1.06471,1.06199,1.06263,7854,6,0
2024-04-15 20:00:00,1.06261,1.06281,1.06206,1.06246,2618,6,0
2024-04-16 00:00:00,1.06247,1.06252,1.06059,1.06112,5397,6,0
2024-04-16 04:00:00,1.06112,1.06225,1.06019,1.06175,7119,6,0
2024-04-16 08:00:00,1.06176,1.06469,1.06123,1.06421,9120,6,0
2024-04-16 12:00:00,1.06421,1.0653299999999999,1.06215,1.06276,15287,6,0
2024-04-16 16:00:00,1.06276,1.06346,1.06007,1.06216,13283,6,0
2024-04-16 20:00:00,1.06215,1.06249,1.06122,1.06202,3629,6,0
2024-04-17 00:00:00,1.06209,1.06352,1.06169,1.0627,4798,6,0
2024-04-17 04:00:00,1.0627,1.06374,1.06058,1.06251,7609,6,0
2024-04-17 08:00:00,1.06251,1.06487,1.06236,1.06354,8589,6,0
2024-04-17 12:00:00,1.06355,1.06525,1.06296,1.06426,11926,6,0
2024-04-17 16:00:00,1.06426,1.06792,1.06355,1.06708,10603,6,0
2024-04-17 20:00:00,1.06709,1.06748,1.06679,1.06682,2785,6,0
2024-04-18 00:00:00,1.06687,1.068,1.06641,1.06795,4306,6,0
2024-04-18 04:00:00,1.06795,1.0689899999999999,1.06745,1.06809,5818,6,0
2024-04-18 08:00:00,1.06809,1.0683799999999999,1.06695,1.06768,6928,6,0
2024-04-18 12:00:00,1.06769,1.06795,1.06463,1.06595,13639,6,0
2024-04-18 16:00:00,1.06593,1.06615,1.06417,1.06432,6853,6,0
2024-04-18 20:00:00,1.06432,1.06457,1.06399,1.06429,2126,6,0
2024-04-19 00:00:00,1.06422,1.0644,1.061,1.0637,13926,6,0
2024-04-19 04:00:00,1.06368,1.06589,1.0627,1.0655000000000001,10378,6,0
2024-04-19 08:00:00,1.06548,1.06617,1.06426,1.06513,8954,6,0
2024-04-19 12:00:00,1.06516,1.06776,1.06491,1.06548,12961,6,0
2024-04-19 16:00:00,1.06545,1.06596,1.06399,1.06546,8156,6,0
2024-04-19 20:00:00,1.06546,1.06575,1.06529,1.06562,610,6,0
2024-04-21 20:00:00,1.0653299999999999,1.0661,1.06506,1.06573,1751,6,0
2024-04-22 00:00:00,1.06573,1.06702,1.06526,1.06615,5164,6,0
2024-04-22 04:00:00,1.06615,1.0669,1.06523,1.06582,5765,6,0
2024-04-22 08:00:00,1.06581,1.06619,1.06326,1.06351,7752,6,0
2024-04-22 12:00:00,1.06351,1.06476,1.06238,1.06467,9151,6,0
2024-04-22 16:00:00,1.06468,1.06606,1.06457,1.06518,4490,6,0
2024-04-22 20:00:00,1.06518,1.06557,1.06502,1.06535,2235,6,0
2024-04-23 00:00:00,1.06535,1.06602,1.06532,1.0656,3461,6,0
2024-04-23 04:00:00,1.0656,1.06949,1.06383,1.06792,7460,6,0
2024-04-23 08:00:00,1.06789,1.06829,1.0653,1.06743,8288,6,0
2024-04-23 12:00:00,1.06745,1.0711,1.06597,1.06945,14552,6,0
2024-04-23 16:00:00,1.06947,1.07074,1.0692,1.07028,5382,6,0
2024-04-23 20:00:00,1.07027,1.07042,1.06995,1.0702,2078,6,0
2024-04-24 00:00:00,1.0702,1.0714,1.06999,1.0706,4282,6,0
2024-04-24 04:00:00,1.07058,1.07087,1.06846,1.06882,5147,6,0
2024-04-24 08:00:00,1.06882,1.06924,1.06804,1.06886,5662,6,0
2024-04-24 12:00:00,1.06888,1.07022,1.0677699999999999,1.0686,11037,6,0
2024-04-24 16:00:00,1.06858,1.07063,1.0683,1.07004,5939,6,0
2024-04-24 20:00:00,1.07003,1.07005,1.06942,1.06997,2357,6,0
2024-04-25 00:00:00,1.07,1.07085,1.06968,1.07058,3674,6,0
2024-04-25 04:00:00,1.07058,1.07273,1.07049,1.07206,5331,6,0
2024-04-25 08:00:00,1.07206,1.07296,1.07168,1.072,6179,6,0
2024-04-25 12:00:00,1.07201,1.07397,1.06782,1.07199,18878,6,0
2024-04-25 16:00:00,1.07198,1.07384,1.07147,1.07291,7263,6,0
2024-04-25 20:00:00,1.0729,1.07305,1.07262,1.07266,1972,6,0
2024-04-26 00:00:00,1.07266,1.07291,1.07184,1.0723,3814,6,0
2024-04-26 04:00:00,1.0723,1.07385,1.07207,1.07295,5540,6,0
2024-04-26 08:00:00,1.07295,1.07526,1.07149,1.07158,8947,6,0
2024-04-26 12:00:00,1.07158,1.07411,1.06736,1.06854,15737,6,0
2024-04-26 16:00:00,1.06856,1.07068,1.06837,1.06997,4704,6,0
2024-04-26 20:00:00,1.06994,1.07014,1.06908,1.06927,1052,6,0
2024-04-28 20:00:00,1.06913,1.07069,1.06893,1.07068,1820,6,0
2024-04-29 00:00:00,1.07067,1.0719400000000001,1.07059,1.07158,4654,6,0
2024-04-29 04:00:00,1.07158,1.07333,1.0708199999999999,1.07178,11831,6,0
2024-04-29 08:00:00,1.07176,1.07269,1.06969,1.07144,8997,6,0
2024-04-29 12:00:00,1.0714299999999999,1.07233,1.0689899999999999,1.07163,9523,6,0
2024-04-29 16:00:00,1.07162,1.07293,1.07149,1.07208,6340,6,0
2024-04-29 20:00:00,1.07208,1.07227,1.07138,1.07146,2243,6,0
2024-04-30 00:00:00,1.07146,1.07178,1.07024,1.07049,3618,6,0
2024-04-30 04:00:00,1.0705,1.07095,1.0689899999999999,1.07049,5764,6,0
2024-04-30 08:00:00,1.07047,1.07349,1.06927,1.072,7495,6,0
2024-04-30 12:00:00,1.07201,1.0723799999999999,1.06829,1.06836,17841,6,0
2024-04-30 16:00:00,1.06836,1.06864,1.06714,1.06725,6151,6,0
2024-04-30 20:00:00,1.06723,1.0673300000000001,1.06606,1.06658,2968,6,0
2024-05-01 00:00:00,1.0666,1.0667,1.06556,1.06564,2647,6,0
2024-05-01 04:00:00,1.06563,1.06616,1.06492,1.06609,3572,6,0
2024-05-01 08:00:00,1.06609,1.0673,1.06609,1.06714,5058,6,0
2024-05-01 12:00:00,1.06714,1.06925,1.06707,1.06791,10761,6,0
2024-05-01 16:00:00,1.06791,1.07324,1.06704,1.06892,22103,6,0
2024-05-01 20:00:00,1.06894,1.07228,1.06866,1.07168,6712,6,0
2024-05-02 00:00:00,1.07168,1.07205,1.07068,1.07144,4527,6,0
2024-05-02 04:00:00,1.07144,1.0728,1.07119,1.07153,6855,6,0
2024-05-02 08:00:00,1.07154,1.07189,1.06953,1.0702099999999999,8110,6,0
2024-05-02 12:00:00,1.07022,1.0712,1.0674,1.07046,13897,6,0
2024-05-02 16:00:00,1.07048,1.07298,1.07013,1.07267,6921,6,0
2024-05-02 20:00:00,1.07268,1.07306,1.07223,1.07295,2579,6,0
2024-05-03 00:00:00,1.07297,1.07392,1.0724,1.07347,4204,6,0
2024-05-03 04:00:00,1.07347,1.07378,1.07243,1.07341,5259,6,0
2024-05-03 08:00:00,1.07341,1.07493,1.07322,1.07455,6693,6,0
2024-05-03 12:00:00,1.07452,1.08118,1.07433,1.07687,25890,6,0
2024-05-03 16:00:00,1.0769,1.0773,1.07588,1.07639,5618,6,0
2024-05-03 20:00:00,1.07641,1.0766499999999999,1.07624,1.07625,691,6,0
2024-05-05 20:00:00,1.07619,1.07646,1.07572,1.07582,1499,6,0
2024-05-06 00:00:00,1.07581,1.07712,1.07551,1.07647,4406,6,0
2024-05-06 04:00:00,1.07645,1.07694,1.07592,1.07613,5051,6,0
2024-05-06 08:00:00,1.07616,1.07758,1.07573,1.07723,6481,6,0
2024-05-06 12:00:00,1.07723,1.07904,1.07721,1.07785,7073,6,0
2024-05-06 16:00:00,1.07783,1.0778699999999999,1.07661,1.0767,3979,6,0
2024-05-06 20:00:00,1.07672,1.07706,1.07658,1.07671,1811,6,0
2024-05-07 00:00:00,1.07671,1.07765,1.07606,1.07683,4328,6,0
2024-05-07 04:00:00,1.07683,1.07692,1.0754,1.07643,6013,6,0
2024-05-07 08:00:00,1.07641,1.07699,1.07548,1.07662,6799,6,0
2024-05-07 12:00:00,1.07663,1.07871,1.07638,1.0766499999999999,8709,6,0
2024-05-07 16:00:00,1.07667,1.0774,1.07477,1.07559,5935,6,0
2024-05-07 20:00:00,1.07559,1.07561,1.07473,1.07497,1937,6,0
2024-05-08 00:00:00,1.07495,1.0754,1.07378,1.0741,3918,6,0
2024-05-08 04:00:00,1.0741,1.07488,1.07369,1.07384,4643,6,0
2024-05-08 08:00:00,1.07382,1.07537,1.07346,1.0746,6548,6,0
2024-05-08 12:00:00,1.0746,1.0757,1.07396,1.07544,7955,6,0
2024-05-08 16:00:00,1.07544,1.07544,1.07405,1.07452,4386,6,0
2024-05-08 20:00:00,1.07451,1.07501,1.07433,1.07467,1902,6,0
2024-05-09 00:00:00,1.07467,1.07514,1.0742,1.07471,3329,6,0
2024-05-09 04:00:00,1.07474,1.07501,1.07294,1.07345,4235,6,0
2024-05-09 08:00:00,1.07344,1.07381,1.07236,1.07271,6738,6,0
2024-05-09 12:00:00,1.0727,1.07814,1.07266,1.077,11086,6,0
2024-05-09 16:00:00,1.07701,1.0784,1.07699,1.07823,4661,6,0
2024-05-09 20:00:00,1.07821,1.07853,1.07797,1.07813,1923,6,0
2024-05-10 00:00:00,1.07813,1.07822,1.07728,1.07757,3144,6,0
2024-05-10 04:00:00,1.07757,1.0783800000000001,1.07714,1.07811,5065,6,0
2024-05-10 08:00:00,1.07811,1.07863,1.07749,1.07789,6406,6,0
2024-05-10 12:00:00,1.07788,1.07896,1.076,1.0771600000000001,9745,6,0
2024-05-10 16:00:00,1.07718,1.0779,1.07692,1.0771600000000001,4290,6,0
2024-05-10 20:00:00,1.0771600000000001,1.07721,1.07683,1.07705,737,6,0
2024-05-12 20:00:00,1.07714,1.07749,1.07669,1.07698,1587,6,0
2024-05-13 00:00:00,1.07698,1.07727,1.07656,1.07713,4166,6,0
2024-05-13 04:00:00,1.07711,1.07796,1.07686,1.07756,4200,6,0
2024-05-13 08:00:00,1.07753,1.07941,1.07733,1.07889,5774,6,0
2024-05-13 12:00:00,1.0789,1.0806499999999999,1.07885,1.07952,7443,6,0
2024-05-13 16:00:00,1.07951,1.07988,1.07865,1.07888,3669,6,0
2024-05-13 20:00:00,1.07888,1.07934,1.07872,1.07918,1733,6,0
2024-05-14 00:00:00,1.07918,1.07921,1.07842,1.07874,2981,6,0
2024-05-14 04:00:00,1.07874,1.07893,1.07828,1.07869,3663,6,0
2024-05-14 08:00:00,1.0787,1.07986,1.0775,1.07924,5819,6,0
2024-05-14 12:00:00,1.07924,1.08253,1.0767,1.08182,13415,6,0
2024-05-14 16:00:00,1.08181,1.08227,1.08137,1.08199,3713,6,0
2024-05-14 20:00:00,1.08201,1.08206,1.08133,1.08134,2267,6,0
2024-05-15 00:00:00,1.08134,1.08273,1.08129,1.08257,3027,6,0
2024-05-15 04:00:00,1.08257,1.08324,1.0820400000000001,1.08259,4561,6,0
2024-05-15 08:00:00,1.08258,1.08342,1.08216,1.08292,6070,6,0
2024-05-15 12:00:00,1.08294,1.08742,1.08279,1.08599,16612,6,0
2024-05-15 16:00:00,1.08597,1.08826,1.08559,1.08814,5463,6,0
2024-05-15 20:00:00,1.08813,1.08899,1.08784,1.0888,2946,6,0
2024-05-16 00:00:00,1.0888,1.08948,1.08811,1.08868,4792,6,0
2024-05-16 04:00:00,1.08868,1.08869,1.08729,1.08739,5010,6,0
2024-05-16 08:00:00,1.0874,1.08764,1.08615,1.0866500000000001,5516,6,0
2024-05-16 12:00:00,1.08666,1.08755,1.08541,1.08747,9803,6,0
2024-05-16 16:00:00,1.08746,1.08754,1.08654,1.08666,4323,6,0
2024-05-16 20:00:00,1.08666,1.08689,1.08628,1.08676,1971,6,0
2024-05-17 00:00:00,1.08676,1.08685,1.08541,1.0859,3323,6,0
2024-05-17 04:00:00,1.0859,1.0868,1.0855299999999999,1.08587,4166,6,0
2024-05-17 08:00:00,1.08587,1.08593,1.08355,1.08429,5314,6,0
2024-05-17 12:00:00,1.08428,1.08781,1.08384,1.08682,7733,6,0
2024-05-17 16:00:00,1.08682,1.08763,1.08667,1.08724,4324,6,0
2024-05-17 20:00:00,1.08724,1.0872600000000001,1.0867499999999999,1.08688,657,6,0
2024-05-19 20:00:00,1.08679,1.0874,1.08658,1.08718,1177,6,0
2024-05-20 00:00:00,1.08719,1.08783,1.08686,1.08777,3475,6,0
2024-05-20 04:00:00,1.08776,1.08841,1.08691,1.08728,4535,6,0
2024-05-20 08:00:00,1.08728,1.08761,1.08597,1.08598,4552,6,0
2024-05-20 12:00:00,1.08599,1.08695,1.08538,1.08603,7639,6,0
2024-05-20 16:00:00,1.08605,1.08703,1.08585,1.08596,3450,6,0
2024-05-20 20:00:00,1.08596,1.08606,1.0855299999999999,1.08602,2045,6,0
2024-05-21 00:00:00,1.08602,1.08615,1.08507,1.08558,3572,6,0
2024-05-21 04:00:00,1.08557,1.08666,1.08549,1.0864,4493,6,0
2024-05-21 08:00:00,1.0864,1.08745,1.08596,1.08682,5555,6,0
2024-05-21 12:00:00,1.08683,1.08703,1.08423,1.08536,11138,6,0
2024-05-21 16:00:00,1.08536,1.08565,1.08462,1.0855299999999999,4214,6,0
2024-05-21 20:00:00,1.08552,1.08592,1.0851,1.08537,1959,6,0
2024-05-22 00:00:00,1.08537,1.08632,1.08534,1.08557,3609,6,0
2024-05-22 04:00:00,1.08557,1.08632,1.08498,1.08573,5100,6,0
2024-05-22 08:00:00,1.08573,1.08578,1.08218,1.08271,6021,6,0
2024-05-22 12:00:00,1.08273,1.0842,1.08263,1.08359,8648,6,0
2024-05-22 16:00:00,1.08359,1.08465,1.08172,1.08207,6950,6,0
2024-05-22 20:00:00,1.0821,1.08266,1.08189,1.0824799999999999,2556,6,0
2024-05-23 00:00:00,1.0824799999999999,1.08311,1.08218,1.08299,3381,6,0
2024-05-23 04:00:00,1.08299,1.0834,1.08123,1.08293,6425,6,0
2024-05-23 08:00:00,1.08288,1.08521,1.08278,1.08501,7145,6,0
2024-05-23 12:00:00,1.08503,1.08605,1.08203,1.08261,13262,6,0
2024-05-23 16:00:00,1.08261,1.08307,1.08045,1.081,6634,6,0
2024-05-23 20:00:00,1.081,1.08153,1.0808200000000001,1.08114,2674,6,0
2024-05-24 00:00:00,1.08114,1.08135,1.08053,1.08062,3667,6,0
2024-05-24 04:00:00,1.08062,1.08253,1.08053,1.08238,4618,6,0
2024-05-24 08:00:00,1.0824,1.08439,1.08195,1.08404,5565,6,0
2024-05-24 12:00:00,1.08404,1.08556,1.08372,1.08507,9154,6,0
2024-05-24 16:00:00,1.08507,1.08575,1.08457,1.08488,4257,6,0
2024-05-24 20:00:00,1.08487,1.08489,1.08456,1.08458,521,6,0
2024-05-26 20:00:00,1.08487,1.08503,1.08423,1.08464,1510,6,0
2024-05-27 00:00:00,1.08463,1.08519,1.08463,1.08489,2460,6,0
2024-05-27 04:00:00,1.08489,1.08523,1.08439,1.08505,3060,6,0
2024-05-27 08:00:00,1.08508,1.08671,1.08447,1.08573,4996,6,0
2024-05-27 12:00:00,1.08573,1.08602,1.08405,1.08594,6531,6,0
2024-05-27 16:00:00,1.08594,1.08616,1.08567,1.08593,1231,6,0
2024-05-27 20:00:00,1.08593,1.08617,1.08522,1.08609,2291,6,0
2024-05-28 00:00:00,1.08612,1.08783,1.08603,1.08779,4102,6,0
2024-05-28 04:00:00,1.0878,1.08797,1.08712,1.08772,4836,6,0
2024-05-28 08:00:00,1.08771,1.08887,1.08668,1.08839,5622,6,0
2024-05-28 12:00:00,1.08838,1.08843,1.08576,1.08778,9536,6,0
2024-05-28 16:00:00,1.08776,1.08785,1.08549,1.0861,5977,6,0
2024-05-28 20:00:00,1.0861,1.08615,1.0851,1.08511,2338,6,0
2024-05-29 00:00:00,1.08511,1.08566,1.08453,1.0847,3535,6,0
2024-05-29 04:00:00,1.0847,1.08585,1.08436,1.0852,5015,6,0
2024-05-29 08:00:00,1.08516,1.08558,1.08292,1.08497,8067,6,0
2024-05-29 12:00:00,1.08497,1.08583,1.08087,1.0811,10946,6,0
2024-05-29 16:00:00,1.08109,1.08171,1.07996,1.08016,6099,6,0
2024-05-29 20:00:00,1.08018,1.08037,1.07969,1.08011,2408,6,0
2024-05-30 00:00:00,1.08009,1.08042,1.07936,1.07977,4282,6,0
2024-05-30 04:00:00,1.07977,1.08109,1.0788,1.08081,6489,6,0
2024-05-30 08:00:00,1.0808,1.08214,1.08032,1.0818,7280,6,0
2024-05-30 12:00:00,1.08178,1.08448,1.08125,1.0836,10552,6,0
2024-05-30 16:00:00,1.08362,1.0843,1.08267,1.083,4754,6,0
2024-05-30 20:00:00,1.08298,1.08337,1.08286,1.08311,2225,6,0
2024-05-31 00:00:00,1.08312,1.08335,1.08109,1.08188,4559,6,0
2024-05-31 04:00:00,1.08188,1.08251,1.08142,1.08224,5611,6,0
2024-05-31 08:00:00,1.08224,1.08549,1.08221,1.08523,7037,6,0
2024-05-31 12:00:00,1.08523,1.08822,1.08416,1.08459,14273,6,0
2024-05-31 16:00:00,1.08459,1.08524,1.08396,1.08506,5533,6,0
2024-05-31 20:00:00,1.08508,1.08518,1.08459,1.08485,962,6,0
2024-06-02 20:00:00,1.08472,1.08532,1.08458,1.08526,1634,6,0
2024-06-03 00:00:00,1.08524,1.08583,1.08489,1.08493,3879,6,0
2024-06-03 04:00:00,1.08493,1.08586,1.08396,1.08397,5316,6,0
2024-06-03 08:00:00,1.08396,1.08445,1.08276,1.08428,7676,6,0
2024-06-03 12:00:00,1.0843099999999999,1.08901,1.084,1.0889199999999999,11021,6,0
2024-06-03 16:00:00,1.0889199999999999,1.08998,1.08812,1.08994,6122,6,0
2024-06-03 20:00:00,1.08996,1.09093,1.08991,1.09068,2252,6,0
2024-06-04 00:00:00,1.09068,1.09156,1.0905,1.09071,3925,6,0
2024-06-04 04:00:00,1.09071,1.09108,1.08845,1.08899,5824,6,0
2024-06-04 08:00:00,1.08899,1.08906,1.08587,1.0861399999999999,9516,6,0
2024-06-04 12:00:00,1.08615,1.08832,1.08615,1.08773,11676,6,0
2024-06-04 16:00:00,1.08773,1.08872,1.08771,1.08809,6427,6,0
2024-06-04 20:00:00,1.08808,1.08817,1.08769,1.08816,1781,6,0
2024-06-05 00:00:00,1.08816,1.08859,1.08764,1.08783,3478,6,0
2024-06-05 04:00:00,1.08781,1.08821,1.08706,1.08713,4979,6,0
2024-06-05 08:00:00,1.08712,1.08769,1.08595,1.08678,6010,6,0
2024-06-05 12:00:00,1.08678,1.08913,1.08618,1.08648,12843,6,0
2024-06-05 16:00:00,1.08647,1.0877,1.08542,1.08739,5289,6,0
2024-06-05 20:00:00,1.08741,1.08741,1.0866,1.08738,2198,6,0
2024-06-06 00:00:00,1.08738,1.08955,1.08735,1.08902,3993,6,0
2024-06-06 04:00:00,1.08902,1.08906,1.08757,1.08781,4917,6,0
2024-06-06 08:00:00,1.08781,1.08819,1.08618,1.08672,5551,6,0
2024-06-06 12:00:00,1.08674,1.09017,1.0864,1.08818,13893,6,0
2024-06-06 16:00:00,1.08819,1.0894,1.08796,1.0889,4531,6,0
2024-06-06 20:00:00,1.08891,1.08929,1.08869,1.08913,2001,6,0
2024-06-07 00:00:00,1.08911,1.08977,1.08865,1.08944,3615,6,0
2024-06-07 04:00:00,1.08944,1.0898,1.08877,1.08925,4973,6,0
2024-06-07 08:00:00,1.08926,1.09017,1.08828,1.08981,7198,6,0
2024-06-07 12:00:00,1.08979,1.09012,1.08038,1.08062,16919,6,0
2024-06-07 16:00:00,1.08061,1.08118,1.07996,1.07998,5966,6,0
2024-06-07 20:00:00,1.07998,1.08035,1.07992,1.08012,764,6,0
2024-06-09 20:00:00,1.07648,1.07796,1.07589,1.07786,2540,6,0
2024-06-10 00:00:00,1.07784,1.07811,1.07553,1.07555,3286,6,0
2024-06-10 04:00:00,1.07554,1.07661,1.07476,1.07643,7261,6,0
2024-06-10 08:00:00,1.07642,1.07677,1.07324,1.07532,7244,6,0
2024-06-10 12:00:00,1.07534,1.07601,1.07329,1.07497,9142,6,0
2024-06-10 16:00:00,1.07497,1.07652,1.07496,1.07625,5278,6,0
2024-06-10 20:00:00,1.07625,1.07676,1.07607,1.0763,2303,6,0
2024-06-11 00:00:00,1.0763,1.07689,1.07609,1.07681,3257,6,0
2024-06-11 04:00:00,1.07681,1.07733,1.07608,1.07639,4815,6,0
2024-06-11 08:00:00,1.07638,1.07645,1.07235,1.07284,9677,6,0
2024-06-11 12:00:00,1.07286,1.07364,1.07191,1.0732,10250,6,0
2024-06-11 16:00:00,1.07321,1.0749,1.07319,1.07399,4480,6,0
2024-06-11 20:00:00,1.074,1.07424,1.07382,1.07398,2131,6,0
2024-06-12 00:00:00,1.07395,1.07428,1.07344,1.07399,3289,6,0
2024-06-12 04:00:00,1.07399,1.07466,1.07355,1.07442,4515,6,0
2024-06-12 08:00:00,1.07442,1.07651,1.07439,1.07638,6436,6,0
2024-06-12 12:00:00,1.0764,1.0852,1.07616,1.08423,15996,6,0
2024-06-12 16:00:00,1.08424,1.08477,1.08035,1.08063,20634,6,0
2024-06-12 20:00:00,1.08063,1.08149,1.08041,1.0812599999999999,2883,6,0
2024-06-13 00:00:00,1.0812599999999999,1.08156,1.08037,1.08066,4041,6,0
2024-06-13 04:00:00,1.08066,1.0816,1.08002,1.0814,5196,6,0
2024-06-13 08:00:00,1.08138,1.08142,1.07824,1.07831,7115,6,0
2024-06-13 12:00:00,1.07831,1.0816,1.07531,1.07553,14204,6,0
2024-06-13 16:00:00,1.07553,1.07553,1.07324,1.07404,6906,6,0
2024-06-13 20:00:00,1.07402,1.07429,1.0734,1.07374,2449,6,0
2024-06-14 00:00:00,1.07374,1.07447,1.07352,1.07398,3836,6,0
2024-06-14 04:00:00,1.07397,1.07408,1.07057,1.07076,7009,6,0
2024-06-14 08:00:00,1.07073,1.07117,1.06712,1.06936,12069,6,0
2024-06-14 12:00:00,1.06938,1.06996,1.06673,1.06983,13892,6,0
2024-06-14 16:00:00,1.06982,1.07057,1.06926,1.07056,5555,6,0
2024-06-14 20:00:00,1.07058,1.0707200000000001,1.07018,1.0702,722,6,0
2024-06-16 20:00:00,1.0702,1.07079,1.06993,1.07024,1786,6,0
2024-06-17 00:00:00,1.07024,1.0707,1.06987,1.07034,4104,6,0
2024-06-17 04:00:00,1.07034,1.07084,1.06862,1.07004,8193,6,0
2024-06-17 08:00:00,1.07004,1.07173,1.06992,1.07091,8531,6,0
2024-06-17 12:00:00,1.07093,1.07244,1.07067,1.07219,9370,6,0
2024-06-17 16:00:00,1.07218,1.07374,1.07203,1.0732,5440,6,0
2024-06-17 20:00:00,1.0732,1.07406,1.07281,1.07396,2586,6,0
2024-06-18 00:00:00,1.07396,1.07405,1.07207,1.07245,3943,6,0
2024-06-18 04:00:00,1.07244,1.07348,1.07182,1.0723,6566,6,0
2024-06-18 08:00:00,1.07228,1.07256,1.07097,1.0716,7430,6,0
2024-06-18 12:00:00,1.07163,1.07611,1.07104,1.0738,12787,6,0
2024-06-18 16:00:00,1.0738,1.07431,1.07319,1.07385,6077,6,0
2024-06-18 20:00:00,1.07386,1.07408,1.07372,1.07382,1873,6,0
2024-06-19 00:00:00,1.07384,1.0742099999999999,1.0735,1.0737700000000001,2963,6,0
2024-06-19 04:00:00,1.0737700000000001,1.07412,1.07245,1.07362,6213,6,0
2024-06-19 08:00:00,1.07363,1.0753,1.07321,1.07505,8170,6,0
2024-06-19 12:00:00,1.07504,1.07528,1.07407,1.07489,5806,6,0
2024-06-19 16:00:00,1.07488,1.0749,1.0742099999999999,1.07445,1285,6,0
2024-06-19 20:00:00,1.07445,1.07485,1.07412,1.07468,1756,6,0
2024-06-20 00:00:00,1.07469,1.0748199999999999,1.07387,1.07416,3261,6,0
2024-06-20 04:00:00,1.07417,1.07446,1.07239,1.07246,5092,6,0
2024-06-20 08:00:00,1.07245,1.0731600000000001,1.07124,1.07148,7911,6,0
2024-06-20 12:00:00,1.07145,1.07303,1.07066,1.07071,11081,6,0
2024-06-20 16:00:00,1.07071,1.07174,1.07032,1.07051,6314,6,0
2024-06-20 20:00:00,1.0705,1.07073,1.06992,1.07059,2057,6,0
2024-06-21 00:00:00,1.07059,1.07173,1.0703,1.07158,3789,6,0
2024-06-21 04:00:00,1.07158,1.07204,1.06708,1.06779,6777,6,0
2024-06-21 08:00:00,1.0677699999999999,1.06977,1.06759,1.06886,9146,6,0
2024-06-21 12:00:00,1.06886,1.06974,1.0677699999999999,1.06933,11308,6,0
2024-06-21 16:00:00,1.06935,1.06965,1.06891,1.06918,4703,6,0
2024-06-21 20:00:00,1.06916,1.06947,1.0691,1.0692,792,6,0
2024-06-23 20:00:00,1.06886,1.06954,1.0686,1.06876,1685,6,0
2024-06-24 00:00:00,1.06876,1.06932,1.06836,1.06913,3766,6,0
2024-06-24 04:00:00,1.06912,1.07144,1.06907,1.07124,5231,6,0
2024-06-24 08:00:00,1.07123,1.07355,1.07081,1.07353,7979,6,0
2024-06-24 12:00:00,1.07352,1.0746,1.07233,1.0727,9081,6,0
2024-06-24 16:00:00,1.07267,1.0738,1.07217,1.07356,4863,6,0
2024-06-24 20:00:00,1.07354,1.0737,1.07307,1.07319,1963,6,0
2024-06-25 00:00:00,1.07317,1.0739,1.07315,1.07384,3322,6,0
2024-06-25 04:00:00,1.07383,1.07437,1.07207,1.07269,5346,6,0
2024-06-25 08:00:00,1.07268,1.07356,1.07089,1.07094,7013,6,0
2024-06-25 12:00:00,1.07093,1.07148,1.06903,1.07038,9120,6,0
2024-06-25 16:00:00,1.07041,1.07172,1.07016,1.07155,4656,6,0
2024-06-25 20:00:00,1.07155,1.07156,1.07087,1.0709,2008,6,0
2024-06-26 00:00:00,1.07089,1.07176,1.07061,1.07107,3686,6,0
2024-06-26 04:00:00,1.07106,1.07115,1.06852,1.06934,5404,6,0
2024-06-26 08:00:00,1.06932,1.06995,1.06795,1.06936,6937,6,0
2024-06-26 12:00:00,1.06938,1.06955,1.06657,1.06819,11825,6,0
2024-06-26 16:00:00,1.06819,1.06906,1.06748,1.06805,5476,6,0
2024-06-26 20:00:00,1.06805,1.06817,1.06772,1.06797,2116,6,0
2024-06-27 00:00:00,1.06797,1.06921,1.06767,1.06903,3790,6,0
2024-06-27 04:00:00,1.06903,1.06985,1.0688,1.06901,5347,6,0
2024-06-27 08:00:00,1.06898,1.0704,1.06803,1.06925,7916,6,0
2024-06-27 12:00:00,1.06928,1.07261,1.06925,1.07068,12188,6,0
2024-06-27 16:00:00,1.07066,1.07102,1.0701,1.07025,5443,6,0
2024-06-27 20:00:00,1.07028,1.07091,1.07003,1.07073,2043,6,0
2024-06-28 00:00:00,1.07073,1.07105,1.06852,1.0692,4705,6,0
2024-06-28 04:00:00,1.0692,1.07036,1.06853,1.06967,5224,6,0
2024-06-28 08:00:00,1.06965,1.07115,1.06919,1.06969,7303,6,0
2024-06-28 12:00:00,1.0697,1.07218,1.06924,1.07109,15564,6,0
2024-06-28 16:00:00,1.07107,1.07244,1.07059,1.0711,5943,6,0
2024-06-28 20:00:00,1.07107,1.07142,1.07076,1.0713300000000001,1044,6,0
2024-06-30 20:00:00,1.07371,1.07417,1.07309,1.07346,2557,6,0
2024-07-01 00:00:00,1.07347,1.07612,1.07344,1.07526,5596,6,0
2024-07-01 04:00:00,1.07526,1.07761,1.07512,1.07547,7882,6,0
2024-07-01 08:00:00,1.0754299999999999,1.07718,1.07423,1.07488,7603,6,0
2024-07-01 12:00:00,1.07488,1.07698,1.07193,1.07265,11803,6,0
2024-07-01 16:00:00,1.07265,1.07389,1.07239,1.0738,5375,6,0
2024-07-01 20:00:00,1.07379,1.0742099999999999,1.07354,1.07361,2230,6,0
2024-07-02 00:00:00,1.07361,1.07385,1.07306,1.07322,3474,6,0
2024-07-02 04:00:00,1.07322,1.07353,1.07119,1.07179,5796,6,0
2024-07-02 08:00:00,1.07179,1.07242,1.07098,1.07235,6988,6,0
2024-07-02 12:00:00,1.07236,1.07464,1.07236,1.07363,11939,6,0
2024-07-02 16:00:00,1.07361,1.07461,1.07303,1.07458,4224,6,0
2024-07-02 20:00:00,1.07457,1.07488,1.07427,1.07477,1956,6,0
2024-07-03 00:00:00,1.07478,1.07539,1.07401,1.07433,2985,6,0
2024-07-03 04:00:00,1.07433,1.07615,1.07359,1.07592,4914,6,0
2024-07-03 08:00:00,1.07591,1.07632,1.07523,1.07574,6065,6,0
2024-07-03 12:00:00,1.07577,1.08165,1.07548,1.07985,12251,6,0
2024-07-03 16:00:00,1.07986,1.08003,1.0778,1.07845,4236,6,0
2024-07-03 20:00:00,1.07845,1.07913,1.07831,1.07906,2049,6,0
2024-07-04 00:00:00,1.07907,1.07946,1.07834,1.07849,3077,6,0
2024-07-04 04:00:00,1.0785,1.07962,1.07845,1.07943,5050,6,0
2024-07-04 08:00:00,1.07943,1.08028,1.07935,1.07968,6012,6,0
2024-07-04 12:00:00,1.07967,1.08135,1.07943,1.08103,5383,6,0
2024-07-04 16:00:00,1.08103,1.08134,1.08094,1.08125,1310,6,0
2024-07-04 20:00:00,1.08124,1.08135,1.08087,1.08102,1743,6,0
2024-07-05 00:00:00,1.08102,1.08241,1.08099,1.08217,3541,6,0
2024-07-05 04:00:00,1.08217,1.083,1.08162,1.0829,4695,6,0
2024-07-05 08:00:00,1.08288,1.08315,1.08182,1.08188,5392,6,0
2024-07-05 12:00:00,1.0819,1.08415,1.08016,1.08273,15782,6,0
2024-07-05 16:00:00,1.08273,1.08423,1.08231,1.08409,4463,6,0
2024-07-05 20:00:00,1.0841,1.0841,1.08373,1.08392,939,6,0
2024-07-07 20:00:00,1.08037,1.08323,1.08014,1.08254,2773,6,0
2024-07-08 00:00:00,1.08254,1.08359,1.08189,1.0831,4438,6,0
2024-07-08 04:00:00,1.08313,1.08379,1.08145,1.08365,6853,6,0
2024-07-08 08:00:00,1.08366,1.08427,1.08234,1.08332,7075,6,0
2024-07-08 12:00:00,1.08333,1.0845,1.0831,1.08347,8369,6,0
2024-07-08 16:00:00,1.08345,1.0836,1.08222,1.08249,3817,6,0
2024-07-08 20:00:00,1.0824799999999999,1.08311,1.08226,1.08301,1763,6,0
2024-07-09 00:00:00,1.08302,1.0833,1.0819,1.0828,3174,6,0
2024-07-09 04:00:00,1.0828,1.0830899999999999,1.08167,1.08174,4730,6,0
2024-07-09 08:00:00,1.08174,1.0828,1.08118,1.08136,6058,6,0
2024-07-09 12:00:00,1.08137,1.08281,1.08053,1.08123,10471,6,0
2024-07-09 16:00:00,1.0812599999999999,1.08158,1.08057,1.08141,5099,6,0
2024-07-09 20:00:00,1.0814,1.08162,1.08104,1.0814,1796,6,0
2024-07-10 00:00:00,1.0814,1.08209,1.08104,1.08196,3282,6,0
2024-07-10 04:00:00,1.08196,1.08246,1.08144,1.08161,4872,6,0
2024-07-10 08:00:00,1.08159,1.08267,1.08116,1.08251,6154,6,0
2024-07-10 12:00:00,1.0825,1.08286,1.08195,1.08223,7801,6,0
2024-07-10 16:00:00,1.08223,1.08294,1.08172,1.08283,4061,6,0
2024-07-10 20:00:00,1.08283,1.08364,1.08261,1.08329,2108,6,0
2024-07-11 00:00:00,1.08329,1.08399,1.0832,1.08375,3020,6,0
2024-07-11 04:00:00,1.08375,1.08397,1.08319,1.0839,4349,6,0
2024-07-11 08:00:00,1.0839,1.08576,1.08378,1.08544,5842,6,0
2024-07-11 12:00:00,1.08544,1.08996,1.08442,1.08696,21617,6,0
2024-07-11 16:00:00,1.08696,1.08705,1.08596,1.08646,6551,6,0
2024-07-11 20:00:00,1.08644,1.08741,1.0864,1.0873599999999999,2970,6,0
2024-07-12 00:00:00,1.0873599999999999,1.08743,1.08632,1.08686,4531,6,0
2024-07-12 04:00:00,1.08685,1.08757,1.08616,1.0875,5067,6,0
2024-07-12 08:00:00,1.0875,1.08921,1.08748,1.08876,6412,6,0
2024-07-12 12:00:00,1.08876,1.09108,1.08735,1.09012,14548,6,0
2024-07-12 16:00:00,1.0901,1.0911,1.09003,1.09061,4745,6,0
2024-07-12 20:00:00,1.09064,1.09077,1.09038,1.09062,679,6,0
2024-07-14 20:00:00,1.08865,1.08928,1.08827,1.08857,2486,1,0
2024-07-15 00:00:00,1.08856,1.0895299999999999,1.08832,1.0894,3883,6,0
2024-07-15 04:00:00,1.0894,1.08962,1.08835,1.08954,5140,6,0
2024-07-15 08:00:00,1.08955,1.09201,1.08954,1.09055,7322,6,0
2024-07-15 12:00:00,1.09055,1.09222,1.09019,1.09117,8855,6,0
2024-07-15 16:00:00,1.09118,1.09166,1.08931,1.08985,7930,6,0
2024-07-15 20:00:00,1.08982,1.08991,1.08917,1.0898,2369,4,0
2024-07-16 00:00:00,1.08981,1.08981,1.08885,1.08926,3486,6,0
2024-07-16 04:00:00,1.08928,1.09,1.08835,1.08988,5348,6,0
2024-07-16 08:00:00,1.08987,1.09037,1.08936,1.09016,7753,6,0
2024-07-16 12:00:00,1.09016,1.09052,1.08715,1.08842,11023,6,0
2024-07-16 16:00:00,1.08842,1.09024,1.08808,1.09013,4929,6,0
2024-07-16 20:00:00,1.0901,1.09028,1.08951,1.09019,2600,6,0
2024-07-17 00:00:00,1.0902,1.09066,1.08955,1.09058,3775,6,0
2024-07-17 04:00:00,1.09058,1.09132,1.08949,1.09083,6859,6,0
2024-07-17 08:00:00,1.09084,1.09448,1.0907499999999999,1.09346,9824,6,0
2024-07-17 12:00:00,1.09344,1.09479,1.09274,1.09321,11042,6,0
2024-07-17 16:00:00,1.09321,1.09395,1.09235,1.09359,6065,6,0
2024-07-17 20:00:00,1.09357,1.09407,1.09346,1.09398,3276,6,0
2024-07-18 00:00:00,1.09398,1.09404,1.0932,1.09325,4001,6,0
2024-07-18 04:00:00,1.09326,1.09379,1.09259,1.0931,5909,6,0
2024-07-18 08:00:00,1.0931,1.09385,1.0926,1.09273,6031,6,0
2024-07-18 12:00:00,1.09275,1.09365,1.09047,1.0912,11650,6,0
2024-07-18 16:00:00,1.09121,1.0916,1.08932,1.0897000000000001,6546,6,0
2024-07-18 20:00:00,1.08967,1.09015,1.08937,1.08998,2348,6,0
2024-07-19 00:00:00,1.08998,1.08999,1.08862,1.08881,4536,6,0
2024-07-19 04:00:00,1.08881,1.08903,1.08815,1.08878,6078,6,0
2024-07-19 08:00:00,1.08876,1.08929,1.0876,1.08929,7816,6,0
2024-07-19 12:00:00,1.08927,1.08937,1.08791,1.08877,9201,6,0
2024-07-19 16:00:00,1.08876,1.0891,1.08755,1.08791,5546,6,0
2024-07-19 20:00:00,1.08792,1.08834,1.0878700000000001,1.08832,922,6,0
2024-07-21 20:00:00,1.08815,1.09024,1.08815,1.08985,3001,6,0
2024-07-22 00:00:00,1.08985,1.08994,1.08845,1.08914,4114,6,0
2024-07-22 04:00:00,1.08913,1.08926,1.08783,1.0887,6582,6,0
2024-07-22 08:00:00,1.0887,1.08951,1.08836,1.08852,6282,6,0
2024-07-22 12:00:00,1.08853,1.08885,1.08728,1.08797,8430,6,0
2024-07-22 16:00:00,1.08797,1.08914,1.0878700000000001,1.08869,4401,6,0
2024-07-22 20:00:00,1.08869,1.08922,1.0886,1.08885,2036,6,0
2024-07-23 00:00:00,1.08885,1.08962,1.08868,1.0894,3691,6,0
2024-07-23 04:00:00,1.0894,1.08945,1.08734,1.0876,4882,6,0
2024-07-23 08:00:00,1.08761,1.0882,1.08558,1.0857,7631,6,0
2024-07-23 12:00:00,1.08568,1.08632,1.08436,1.0854,7968,6,0
2024-07-23 16:00:00,1.08542,1.08575,1.08488,1.08507,4533,6,0
2024-07-23 20:00:00,1.08506,1.0856,1.08484,1.08495,1913,6,0
2024-07-24 00:00:00,1.08495,1.08501,1.08416,1.08451,3458,6,0
2024-07-24 04:00:00,1.08451,1.08535,1.08256,1.08292,6480,6,0
2024-07-24 08:00:00,1.0829,1.08486,1.08257,1.08459,7000,6,0
2024-07-24 12:00:00,1.0846,1.08662,1.08452,1.08523,10239,6,0
2024-07-24 16:00:00,1.08526,1.08546,1.08356,1.0838700000000001,5793,6,0
2024-07-24 20:00:00,1.0838700000000001,1.08419,1.0836999999999999,1.08378,2176,6,0
2024-07-25 00:00:00,1.08377,1.08437,1.08347,1.08426,4780,6,0
2024-07-25 04:00:00,1.08426,1.08527,1.08281,1.08488,6911,6,0
2024-07-25 08:00:00,1.08491,1.08587,1.08432,1.08452,8899,6,0
2024-07-25 12:00:00,1.08454,1.08644,1.08301,1.08594,13471,6,0
2024-07-25 16:00:00,1.08595,1.08697,1.08453,1.08459,6811,6,0
2024-07-25 20:00:00,1.08457,1.08512,1.08423,1.0851,2760,6,0
2024-07-26 00:00:00,1.08509,1.08601,1.08509,1.08579,3453,6,0
2024-07-26 04:00:00,1.08579,1.08603,1.08447,1.0849199999999999,4805,6,0
2024-07-26 08:00:00,1.0849199999999999,1.0861,1.08419,1.08606,6247,6,0
2024-07-26 12:00:00,1.08606,1.08677,1.08485,1.08573,9839,6,0
2024-07-26 16:00:00,1.08575,1.08666,1.08552,1.08576,4701,6,0
2024-07-26 20:00:00,1.08574,1.08578,1.0855,1.08552,724,6,0
2024-07-28 20:00:00,1.08571,1.08598,1.08526,1.08526,1833,6,0
2024-07-29 00:00:00,1.08527,1.08696,1.08507,1.08622,3986,6,0
2024-07-29 04:00:00,1.08622,1.08638,1.0843099999999999,1.08442,5022,6,0
2024-07-29 08:00:00,1.08441,1.08441,1.08165,1.08177,6630,6,0
2024-07-29 12:00:00,1.08177,1.08235,1.08023,1.08188,7078,6,0
2024-07-29 16:00:00,1.08189,1.08255,1.08146,1.08235,3917,6,0
2024-07-29 20:00:00,1.08235,1.08235,1.08181,1.0819,1803,6,0
2024-07-30 00:00:00,1.0819,1.08221,1.0814,1.08216,3356,6,0
2024-07-30 04:00:00,1.08216,1.0826500000000001,1.08163,1.08184,4750,6,0
2024-07-30 08:00:00,1.0818699999999999,1.08355,1.08159,1.08243,5716,6,0
2024-07-30 12:00:00,1.08241,1.08258,1.07978,1.08084,9881,6,0
2024-07-30 16:00:00,1.08084,1.08172,1.0806499999999999,1.08106,5393,6,0
2024-07-30 20:00:00,1.08106,1.08175,1.08083,1.08155,2529,6,0
2024-07-31 00:00:00,1.08155,1.08298,1.08124,1.08221,5023,6,0
2024-07-31 04:00:00,1.0822,1.08267,1.08114,1.0818,7623,6,0
2024-07-31 08:00:00,1.08178,1.08398,1.08062,1.08279,7352,6,0
2024-07-31 12:00:00,1.0828,1.0849,1.08171,1.0823,11562,6,0
2024-07-31 16:00:00,1.08228,1.08325,1.08016,1.08228,11356,6,0
2024-07-31 20:00:00,1.08225,1.08306,1.08167,1.08237,3311,6,0
2024-08-01 00:00:00,1.08237,1.08343,1.08229,1.08325,5205,6,0
2024-08-01 04:00:00,1.08325,1.0835,1.0799,1.08011,6394,6,0
2024-08-01 08:00:00,1.0801,1.0802100000000001,1.07769,1.07915,8462,6,0
2024-08-01 12:00:00,1.07915,1.08178,1.07834,1.07883,13727,6,0
2024-08-01 16:00:00,1.07885,1.07964,1.07799,1.07895,7676,6,0
2024-08-01 20:00:00,1.07893,1.07928,1.07859,1.07863,3893,6,0
2024-08-02 00:00:00,1.07862,1.07948,1.07817,1.07927,4849,6,0
2024-08-02 04:00:00,1.07929,1.08084,1.0786,1.08036,8017,6,0
2024-08-02 08:00:00,1.08038,1.0836999999999999,1.08028,1.0831,9155,6,0
2024-08-02 12:00:00,1.08312,1.09263,1.0829,1.09131,20862,5,0
2024-08-02 16:00:00,1.09131,1.09165,1.09032,1.09123,8910,6,0
2024-08-02 20:00:00,1.09126,1.09146,1.0908,1.09105,1022,6,0
2024-08-04 20:00:00,1.09177,1.09212,1.09019,1.09101,4019,6,0
2024-08-05 00:00:00,1.09101,1.0930900000000001,1.09065,1.09302,10032,6,0
2024-08-05 04:00:00,1.09302,1.09666,1.08924,1.09487,24868,6,0
2024-08-05 08:00:00,1.09488,1.09745,1.09328,1.09624,18380,6,0
2024-08-05 12:00:00,1.09622,1.1008499999999999,1.09558,1.09562,29735,5,0
2024-08-05 16:00:00,1.09559,1.0964,1.09472,1.09586,12073,6,0
2024-08-05 20:00:00,1.09585,1.09617,1.09486,1.09503,4804,6,0
2024-08-06 00:00:00,1.09503,1.09627,1.09436,1.09536,8822,6,0
2024-08-06 04:00:00,1.09536,1.09556,1.09218,1.09265,12489,6,0
2024-08-06 08:00:00,1.09266,1.09346,1.09036,1.09163,12629,6,0
2024-08-06 12:00:00,1.09164,1.09345,1.09044,1.09247,13917,6,0
2024-08-06 16:00:00,1.09249,1.09334,1.09205,1.09294,8218,6,0
2024-08-06 20:00:00,1.09294,1.09318,1.09236,1.09257,3899,6,0
2024-08-07 00:00:00,1.09257,1.09302,1.09107,1.09158,7301,6,0
2024-08-07 04:00:00,1.0916,1.09275,1.09052,1.0922,8830,6,0
2024-08-07 08:00:00,1.09218,1.09278,1.09082,1.0923,9543,6,0
2024-08-07 12:00:00,1.09232,1.09364,1.09123,1.09245,9627,6,0
2024-08-07 16:00:00,1.09245,1.09268,1.09172,1.09228,7928,6,0
2024-08-07 20:00:00,1.09229,1.09336,1.09187,1.09273,3720,6,0
2024-08-08 00:00:00,1.09276,1.09351,1.09232,1.09348,6226,6,0
2024-08-08 04:00:00,1.09348,1.09449,1.09295,1.09394,7960,6,0
2024-08-08 08:00:00,1.09396,1.0944,1.09205,1.09299,7469,6,0
2024-08-08 12:00:00,1.09303,1.09322,1.08812,1.09126,13907,5,0
2024-08-08 16:00:00,1.09126,1.09186,1.09047,1.09154,6904,6,0
2024-08-08 20:00:00,1.09155,1.0919,1.09132,1.09144,2688,6,0
2024-08-09 00:00:00,1.09145,1.09241,1.09113,1.09224,4665,6,0
2024-08-09 04:00:00,1.09224,1.09288,1.09174,1.09218,5733,6,0
2024-08-09 08:00:00,1.09218,1.09254,1.09112,1.09157,6592,6,0
2024-08-09 12:00:00,1.09159,1.09312,1.09087,1.0924,7838,6,0
2024-08-09 16:00:00,1.09237,1.09245,1.0915,1.09185,4598,6,0
2024-08-09 20:00:00,1.09187,1.09192,1.09147,1.09152,722,6,0
2024-08-11 20:00:00,1.09147,1.09188,1.09099,1.09124,1861,6,0
2024-08-12 00:00:00,1.09124,1.09225,1.09116,1.09138,3151,6,0
2024-08-12 04:00:00,1.09139,1.09283,1.09134,1.0922,4669,6,0
2024-08-12 08:00:00,1.09221,1.09296,1.09158,1.09254,5843,6,0
2024-08-12 12:00:00,1.09255,1.0939,1.09148,1.09277,8470,6,0
2024-08-12 16:00:00,1.09274,1.09345,1.09217,1.09314,4397,6,0
2024-08-12 20:00:00,1.09314,1.09361,1.09271,1.09358,2213,6,0
2024-08-13 00:00:00,1.09358,1.0937999999999999,1.09289,1.09367,2964,6,0
2024-08-13 04:00:00,1.09366,1.09409,1.09262,1.09299,4798,6,0
2024-08-13 08:00:00,1.09298,1.09318,1.09135,1.09299,6019,6,0
2024-08-13 12:00:00,1.09299,1.09621,1.09253,1.0953,11002,5,0
2024-08-13 16:00:00,1.09534,1.09993,1.09524,1.09954,5483,6,0
2024-08-13 20:00:00,1.09957,1.09985,1.09888,1.09957,1566,6,0
2024-08-14 00:00:00,1.09953,1.09972,1.09883,1.09896,1997,6,0
2024-08-14 04:00:00,1.09897,1.10076,1.09862,1.10053,3032,6,0
2024-08-14 08:00:00,1.10051,1.10282,1.10022,1.10222,3589,6,0
2024-08-14 12:00:00,1.10221,1.10471,1.10039,1.10231,10469,5,0
2024-08-14 16:00:00,1.10228,1.1024,1.10106,1.10128,2381,6,0
2024-08-14 20:00:00,1.10127,1.10155,1.10096,1.10115,1296,6,0
2024-08-15 00:00:00,1.10117,1.10142,1.10031,1.10078,1497,6,0
2024-08-15 04:00:00,1.10079,1.10152,1.1007,1.10129,1877,6,0
2024-08-15 08:00:00,1.10127,1.10139,1.10031,1.1013,2060,6,0
2024-08-15 12:00:00,1.10126,1.10139,1.09494,1.09852,10688,5,0
2024-08-15 16:00:00,1.09854,1.09889,1.09714,1.0974,2685,6,0
2024-08-15 20:00:00,1.09738,1.09748,1.09685,1.09723,1474,6,0
2024-08-16 00:00:00,1.0971899999999999,1.09822,1.09716,1.09768,1773,6,0
2024-08-16 04:00:00,1.0977,1.09865,1.09759,1.09846,2430,6,0
2024-08-16 08:00:00,1.09849,1.09946,1.09785,1.0991900000000001,3253,6,0
2024-08-16 12:00:00,1.09921,1.10042,1.09825,1.09957,5616,5,0
2024-08-16 16:00:00,1.09955,1.10244,1.09951,1.10239,2731,6,0
2024-08-16 20:00:00,1.10241,1.10293,1.10218,1.10274,544,6,0
2024-08-18 20:00:00,1.10255,1.10337,1.10226,1.10244,1114,6,0
2024-08-19 00:00:00,1.10242,1.10401,1.10229,1.10386,2326,6,0
2024-08-19 04:00:00,1.10384,1.105,1.10361,1.1042399999999999,3387,6,0
2024-08-19 08:00:00,1.10426,1.10504,1.10307,1.10418,3870,6,0
2024-08-19 12:00:00,1.10419,1.10735,1.10299,1.10689,6944,6,0
2024-08-19 16:00:00,1.10691,1.10862,1.10669,1.10833,2895,6,0
2024-08-19 20:00:00,1.10831,1.10873,1.10809,1.1085,1482,6,0
2024-08-20 00:00:00,1.10853,1.1087,1.10746,1.10752,2417,6,0
2024-08-20 04:00:00,1.10755,1.10868,1.10715,1.10863,3213,6,0
2024-08-20 08:00:00,1.10865,1.10887,1.10746,1.10804,4414,6,0
2024-08-20 12:00:00,1.10806,1.11168,1.10801,1.11046,8736,5,0
2024-08-20 16:00:00,1.11047,1.11272,1.11036,1.11243,3553,6,0
2024-08-20 20:00:00,1.11245,1.11314,1.11234,1.11271,2102,6,0
2024-08-21 00:00:00,1.11272,1.11324,1.1117,1.11209,2424,6,0
2024-08-21 04:00:00,1.11206,1.11285,1.11103,1.11137,3420,6,0
2024-08-21 08:00:00,1.11138,1.11257,1.11096,1.11143,3694,6,0
2024-08-21 12:00:00,1.1114600000000001,1.11475,1.10989,1.11421,14626,6,0
2024-08-21 16:00:00,1.11417,1.1174,1.11413,1.11515,5041,6,0
2024-08-21 20:00:00,1.11516,1.11579,1.11458,1.11546,1905,6,0
2024-08-22 00:00:00,1.11547,1.11568,1.11402,1.11442,2060,6,0
2024-08-22 04:00:00,1.11444,1.1165,1.11272,1.11366,3755,6,0
2024-08-22 08:00:00,1.11364,1.11508,1.11318,1.11365,5341,6,0
2024-08-22 12:00:00,1.11369,1.11427,1.10979,1.11125,9359,5,0
2024-08-22 16:00:00,1.11127,1.11174,1.10984,1.11084,3749,6,0
2024-08-22 20:00:00,1.11081,1.11172,1.11072,1.11157,1706,6,0
2024-08-23 00:00:00,1.11154,1.11281,1.11125,1.11244,2360,6,0
2024-08-23 04:00:00,1.11246,1.11316,1.11122,1.11188,3006,6,0
2024-08-23 08:00:00,1.1118999999999999,1.1127,1.11105,1.11187,3921,6,0
2024-08-23 12:00:00,1.11184,1.11958,1.1105,1.11752,13951,5,0
2024-08-23 16:00:00,1.11753,1.12006,1.11642,1.1191,6203,6,0
2024-08-23 20:00:00,1.11909,1.1194,1.11873,1.11927,465,6,0
2024-08-25 20:00:00,1.11895,1.11939,1.1186099999999999,1.1189,1425,6,0
2024-08-26 00:00:00,1.11892,1.12014,1.11813,1.11832,3179,6,0
2024-08-26 04:00:00,1.11833,1.11889,1.11756,1.11807,3648,6,0
2024-08-26 08:00:00,1.11806,1.11845,1.11627,1.11652,4656,6,0
2024-08-26 12:00:00,1.1165,1.11784,1.11497,1.11635,9160,5,0
2024-08-26 16:00:00,1.11632,1.11749,1.11585,1.11593,3573,6,0
2024-08-26 20:00:00,1.11595,1.11669,1.11583,1.1164,1639,6,0
2024-08-27 00:00:00,1.11642,1.11702,1.11593,1.11665,1793,6,0
2024-08-27 04:00:00,1.11667,1.11724,1.11612,1.11637,3598,6,0
2024-08-27 08:00:00,1.11635,1.11786,1.11602,1.11603,4773,6,0
2024-08-27 12:00:00,1.11605,1.11716,1.11496,1.11596,8471,6,0
2024-08-27 16:00:00,1.11597,1.11903,1.11592,1.11839,3821,6,0
2024-08-27 20:00:00,1.11841,1.11854,1.11745,1.11767,2073,6,0
2024-08-28 00:00:00,1.11768,1.11799,1.11621,1.11656,2394,6,0
2024-08-28 04:00:00,1.11653,1.1167799999999999,1.11346,1.11559,4885,6,0
2024-08-28 08:00:00,1.11557,1.11591,1.11171,1.11204,6015,6,0
2024-08-28 12:00:00,1.11206,1.1137299999999999,1.11047,1.11256,9587,6,0
2024-08-28 16:00:00,1.11257,1.1126,1.11049,1.11129,3898,6,0
2024-08-28 20:00:00,1.11127,1.11257,1.11121,1.11242,1479,6,0
2024-08-29 00:00:00,1.1124,1.11354,1.1124,1.11354,1726,6,0
2024-08-29 04:00:00,1.11352,1.11395,1.1116,1.11296,3946,6,0
2024-08-29 08:00:00,1.11293,1.11293,1.10719,1.10959,9292,6,0
2024-08-29 12:00:00,1.10961,1.10977,1.10554,1.10845,12520,5,0
2024-08-29 16:00:00,1.10846,1.10876,1.10745,1.10755,5950,6,0
2024-08-29 20:00:00,1.10752,1.1083,1.10747,1.10798,2164,6,0
2024-08-30 00:00:00,1.10801,1.10827,1.10695,1.10734,3663,6,0
2024-08-30 04:00:00,1.10735,1.10887,1.10714,1.10838,5471,6,0
2024-08-30 08:00:00,1.10839,1.10946,1.10735,1.10813,8274,6,0
2024-08-30 12:00:00,1.10815,1.10879,1.10527,1.10593,16535,6,0
2024-08-30 16:00:00,1.10593,1.10596,1.10435,1.10521,7177,6,0
2024-08-30 20:00:00,1.1052,1.10549,1.10471,1.10475,897,6,0
2024-09-01 20:00:00,1.10477,1.10495,1.10438,1.10444,1542,6,0
2024-09-02 00:00:00,1.10444,1.10553,1.10415,1.10483,3918,6,0
2024-09-02 04:00:00,1.10483,1.10699,1.10437,1.10663,5486,6,0
2024-09-02 08:00:00,1.10663,1.1077,1.10594,1.10595,7256,6,0
2024-09-02 12:00:00,1.10595,1.10716,1.10581,1.10674,6247,6,0
2024-09-02 16:00:00,1.10674,1.10725,1.10622,1.10718,1430,6,0
2024-09-02 20:00:00,1.10718,1.10727,1.10645,1.10671,1761,6,0
2024-09-03 00:00:00,1.10671,1.10698,1.10572,1.1058,4274,6,0
2024-09-03 04:00:00,1.1058,1.10673,1.10509,1.10559,6437,6,0
2024-09-03 08:00:00,1.10557,1.10594,1.10327,1.10361,9353,6,0
2024-09-03 12:00:00,1.10362,1.10695,1.10334,1.10421,14598,5,0
2024-09-03 16:00:00,1.10419,1.10467,1.10261,1.10414,5695,6,0
2024-09-03 20:00:00,1.10415,1.10501,1.1039,1.10481,2921,6,0
2024-09-04 00:00:00,1.10481,1.1056,1.10461,1.10536,4680,6,0
2024-09-04 04:00:00,1.10535,1.10625,1.10466,1.1056,6527,6,0
2024-09-04 08:00:00,1.10556,1.10585,1.10426,1.10499,7015,6,0
2024-09-04 12:00:00,1.10499,1.1095,1.10397,1.10804,13278,4,0
2024-09-04 16:00:00,1.10803,1.10865,1.1065,1.10778,6154,6,0
2024-09-04 20:00:00,1.1078000000000001,1.1086,1.10752,1.10799,2733,6,0
2024-09-05 00:00:00,1.10799,1.1085099999999999,1.10756,1.10769,4235,6,0
2024-09-05 04:00:00,1.1077,1.1090200000000001,1.10744,1.10868,5739,6,0
2024-09-05 08:00:00,1.10867,1.11079,1.10838,1.1095,7621,6,0
2024-09-05 12:00:00,1.10952,1.11196,1.1076,1.10948,16770,5,0
2024-09-05 16:00:00,1.1095,1.11129,1.1095,1.11032,5969,6,0
2024-09-05 20:00:00,1.1103399999999999,1.11122,1.1103399999999999,1.11109,2097,6,0
2024-09-06 00:00:00,1.11109,1.11159,1.11089,1.1115,3138,6,0
2024-09-06 04:00:00,1.1115,1.11206,1.11106,1.11154,5147,6,0
2024-09-06 08:00:00,1.11156,1.11204,1.1102400000000001,1.11068,6514,6,0
2024-09-06 12:00:00,1.1107,1.11547,1.10655,1.10859,31680,5,0
2024-09-06 16:00:00,1.10857,1.10892,1.10693,1.1088,9645,6,0
2024-09-06 20:00:00,1.10883,1.10884,1.10843,1.10852,976,6,0
2024-09-08 20:00:00,1.10823,1.10906,1.10816,1.10864,2108,6,0
2024-09-09 00:00:00,1.10865,1.10908,1.10785,1.10795,4450,6,0
2024-09-09 04:00:00,1.10797,1.10801,1.10545,1.10591,6000,6,0
2024-09-09 08:00:00,1.10591,1.1062400000000001,1.10354,1.10447,7693,6,0
2024-09-09 12:00:00,1.10447,1.10517,1.10336,1.1041,9813,6,0
2024-09-09 16:00:00,1.10411,1.10533,1.10373,1.10381,5326,6,0
2024-09-09 20:00:00,1.10379,1.10396,1.1033,1.10351,2216,6,0
2024-09-10 00:00:00,1.10351,1.10388,1.10281,1.1038000000000001,3163,6,0
2024-09-10 04:00:00,1.1038000000000001,1.10493,1.10334,1.10367,5213,6,0
2024-09-10 08:00:00,1.10367,1.10435,1.10263,1.10309,6102,6,0
2024-09-10 12:00:00,1.10307,1.10365,1.10147,1.10247,10132,6,0
2024-09-10 16:00:00,1.10246,1.10285,1.10203,1.10266,4747,6,0
2024-09-10 20:00:00,1.10264,1.1026799999999999,1.10173,1.10202,2299,6,0
2024-09-11 00:00:00,1.10199,1.1044100000000001,1.10165,1.10381,5123,6,0
2024-09-11 04:00:00,1.10381,1.10517,1.10377,1.10408,6326,6,0
2024-09-11 08:00:00,1.10407,1.10547,1.10364,1.10431,6541,6,0
2024-09-11 12:00:00,1.1043,1.10486,1.10016,1.10118,17959,5,0
2024-09-11 16:00:00,1.10119,1.10262,1.10094,1.10173,6380,6,0
2024-09-11 20:00:00,1.10171,1.10179,1.10095,1.10101,2002,6,0
2024-09-12 00:00:00,1.10101,1.10137,1.10059,1.10135,3085,6,0
2024-09-12 04:00:00,1.10135,1.10234,1.10058,1.10076,4827,6,0
2024-09-12 08:00:00,1.1007500000000001,1.10232,1.10052,1.1013600000000001,6114,6,0
2024-09-12 12:00:00,1.1013600000000001,1.10468,1.10098,1.10397,14731,4,0
2024-09-12 16:00:00,1.10397,1.10713,1.10368,1.10701,8007,6,0
2024-09-12 20:00:00,1.10702,1.10788,1.10681,1.10785,2723,6,0
2024-09-13 00:00:00,1.10782,1.109,1.10772,1.10867,4594,6,0
2024-09-13 04:00:00,1.10867,1.10937,1.10728,1.1092,5379,6,0
2024-09-13 08:00:00,1.10921,1.11004,1.10808,1.1084100000000001,7541,6,0
2024-09-13 12:00:00,1.10842,1.11015,1.10791,1.10842,11854,5,0
2024-09-13 16:00:00,1.10845,1.10855,1.10759,1.10776,5031,6,0
2024-09-13 20:00:00,1.10774,1.10781,1.10723,1.10755,683,6,0
2024-09-15 20:00:00,1.10776,1.10892,1.10738,1.1087,1554,6,0
2024-09-16 00:00:00,1.10871,1.11046,1.10864,1.11037,3563,6,0
2024-09-16 04:00:00,1.11035,1.11196,1.10954,1.11147,5528,6,0
2024-09-16 08:00:00,1.1114600000000001,1.11291,1.11134,1.11233,6669,6,0
2024-09-16 12:00:00,1.11234,1.1137299999999999,1.11163,1.11222,10233,6,0
2024-09-16 16:00:00,1.11222,1.11296,1.11159,1.11284,5255,6,0
2024-09-16 20:00:00,1.11286,1.11332,1.11232,1.11287,2472,6,0
2024-09-17 00:00:00,1.11288,1.1131,1.11216,1.11238,3544,6,0
2024-09-17 04:00:00,1.11238,1.11376,1.11156,1.11362,5374,6,0
2024-09-17 08:00:00,1.11359,1.11459,1.11298,1.11382,7043,6,0
2024-09-17 12:00:00,1.11384,1.1143399999999999,1.11113,1.11172,15744,5,0
2024-09-17 16:00:00,1.1117,1.11232,1.11103,1.11158,6556,6,0
2024-09-17 20:00:00,1.11157,1.11235,1.11115,1.11215,2141,6,0
2024-09-18 00:00:00,1.11216,1.11301,1.11211,1.11258,3614,6,0
2024-09-18 04:00:00,1.11259,1.1131,1.11151,1.11307,5524,6,0
2024-09-18 08:00:00,1.11308,1.11395,1.11223,1.11243,6514,6,0
2024-09-18 12:00:00,1.11245,1.11397,1.11079,1.11154,9920,5,0
2024-09-18 16:00:00,1.11152,1.11888,1.10965,1.11057,31288,5,0
2024-09-18 20:00:00,1.11054,1.11236,1.1104,1.11137,4444,6,0
2024-09-19 00:00:00,1.11139,1.11188,1.10682,1.11181,9265,6,0
2024-09-19 04:00:00,1.11181,1.11529,1.1114600000000001,1.11454,9462,6,0
2024-09-19 08:00:00,1.11452,1.11784,1.11444,1.11577,11850,6,0
2024-09-19 12:00:00,1.11577,1.11581,1.11162,1.11462,18331,5,0
2024-09-19 16:00:00,1.11465,1.11676,1.11447,1.11618,7549,6,0
2024-09-19 20:00:00,1.11618,1.11641,1.11581,1.1159,2331,6,0
2024-09-20 00:00:00,1.1159,1.11689,1.1157,1.11656,4871,6,0
2024-09-20 04:00:00,1.11656,1.11815,1.11591,1.11625,7775,6,0
2024-09-20 08:00:00,1.11622,1.11688,1.11522,1.11613,8066,6,0
2024-09-20 12:00:00,1.11613,1.11765,1.11357,1.11585,14589,6,0
2024-09-20 16:00:00,1.11586,1.11757,1.11569,1.11616,8628,6,0
2024-09-20 20:00:00,1.11615,1.11635,1.11559,1.11627,964,6,0
2024-09-22 20:00:00,1.11613,1.11646,1.11583,1.11588,1774,6,0
2024-09-23 00:00:00,1.11586,1.11647,1.11553,1.11614,3922,6,0
2024-09-23 04:00:00,1.11614,1.1167,1.10975,1.11018,8437,6,0
2024-09-23 08:00:00,1.11011,1.11253,1.10829,1.11193,10533,6,0
2024-09-23 12:00:00,1.11193,1.1143,1.11082,1.113,14240,5,0
2024-09-23 16:00:00,1.11298,1.11298,1.11117,1.1114600000000001,7246,6,0
2024-09-23 20:00:00,1.11145,1.1114600000000001,1.11073,1.11108,2428,6,0
2024-09-24 00:00:00,1.11108,1.11136,1.11031,1.11123,4603,6,0
2024-09-24 04:00:00,1.11123,1.11319,1.1104,1.11272,7837,6,0
2024-09-24 08:00:00,1.11269,1.11457,1.11218,1.1129,8460,6,0
2024-09-24 12:00:00,1.1129,1.11632,1.11288,1.11497,13363,5,0
2024-09-24 16:00:00,1.11497,1.11765,1.11489,1.11765,6233,6,0
2024-09-24 20:00:00,1.11763,1.11906,1.11746,1.11904,2863,6,0
2024-09-25 00:00:00,1.11904,1.11984,1.11852,1.11976,4923,6,0
2024-09-25 04:00:00,1.11976,1.11983,1.11854,1.11913,6189,6,0
2024-09-25 08:00:00,1.11913,1.11971,1.11779,1.11954,8282,6,0
2024-09-25 12:00:00,1.11954,1.1213899999999999,1.11414,1.11431,15406,5,0
2024-09-25 16:00:00,1.1143,1.11475,1.11212,1.11259,7892,6,0
2024-09-25 20:00:00,1.11262,1.11328,1.11246,1.11294,2356,6,0
2024-09-26 00:00:00,1.11294,1.11449,1.11288,1.11403,3947,6,0
2024-09-26 04:00:00,1.11403,1.11576,1.11334,1.11348,6938,6,0
2024-09-26 08:00:00,1.11345,1.11612,1.11253,1.11538,10434,6,0
2024-09-26 12:00:00,1.11538,1.1189,1.11254,1.11825,19783,5,0
2024-09-26 16:00:00,1.11824,1.11838,1.1166,1.11777,8638,6,0
2024-09-26 20:00:00,1.1178,1.11785,1.11734,1.11765,2739,6,0
2024-09-27 00:00:00,1.11765,1.11774,1.11623,1.11688,5090,6,0
2024-09-27 04:00:00,1.11688,1.11757,1.11244,1.11327,12570,6,0
2024-09-27 08:00:00,1.11327,1.11707,1.11261,1.11623,9649,6,0
2024-09-27 12:00:00,1.11622,1.12026,1.11539,1.11584,18212,5,0
2024-09-27 16:00:00,1.11583,1.11675,1.11462,1.11639,8362,6,0
2024-09-27 20:00:00,1.11636,1.11675,1.11589,1.11633,950,6,0
2024-09-29 20:00:00,1.11586,1.11722,1.11575,1.11687,2020,6,0
2024-09-30 00:00:00,1.11687,1.11735,1.11559,1.11578,5133,6,0
2024-09-30 04:00:00,1.11578,1.11752,1.11559,1.11721,6703,6,0
2024-09-30 08:00:00,1.11723,1.12087,1.11723,1.11972,10601,6,0
2024-09-30 12:00:00,1.1197300000000001,1.12009,1.11348,1.1144,15631,6,0
2024-09-30 16:00:00,1.11442,1.11623,1.11134,1.11325,13704,6,0
2024-09-30 20:00:00,1.11326,1.11424,1.11299,1.11364,2693,6,0
2024-10-01 00:00:00,1.11364,1.11431,1.1127,1.11375,4759,6,0
2024-10-01 04:00:00,1.11375,1.11438,1.11112,1.11149,8987,6,0
2024-10-01 08:00:00,1.11151,1.11197,1.10785,1.10845,11443,6,0
2024-10-01 12:00:00,1.10845,1.10884,1.10573,1.10662,20080,5,0
2024-10-01 16:00:00,1.1066,1.10769,1.10455,1.10672,11469,6,0
2024-10-01 20:00:00,1.10674,1.10724,1.10633,1.10643,2781,6,0
2024-10-02 00:00:00,1.10644,1.10737,1.1063,1.10702,4875,6,0
2024-10-02 04:00:00,1.10702,1.10735,1.10536,1.10661,8433,6,0
2024-10-02 08:00:00,1.10661,1.10826,1.10609,1.10753,9261,6,0
2024-10-02 12:00:00,1.10754,1.1077,1.10325,1.10489,13554,5,0
2024-10-02 16:00:00,1.10491,1.1054599999999999,1.10366,1.1048499999999999,6434,6,0
2024-10-02 20:00:00,1.10482,1.10522,1.10425,1.10457,2955,6,0
2024-10-03 00:00:00,1.10456,1.10464,1.10317,1.10354,4625,6,0
2024-10-03 04:00:00,1.10356,1.10418,1.10246,1.10327,8475,6,0
2024-10-03 08:00:00,1.10328,1.10464,1.10291,1.10427,9823,6,0
2024-10-03 12:00:00,1.1042399999999999,1.10465,1.10081,1.10145,18614,5,0
2024-10-03 16:00:00,1.10147,1.10358,1.10139,1.10282,6953,6,0
2024-10-03 20:00:00,1.10284,1.1037,1.1025800000000001,1.10348,2430,6,0
2024-10-04 00:00:00,1.10348,1.10393,1.10251,1.1027,5146,6,0
2024-10-04 04:00:00,1.1027,1.10352,1.10247,1.10278,6677,6,0
2024-10-04 08:00:00,1.10278,1.10368,1.1019700000000001,1.1032,8071,6,0
2024-10-04 12:00:00,1.1032,1.10327,1.09545,1.09605,21127,5,0
2024-10-04 16:00:00,1.09607,1.09774,1.0951,1.0976,6724,6,0
2024-10-04 20:00:00,1.09762,1.09774,1.09721,1.09745,1004,6,0
2024-10-06 20:00:00,1.09674,1.09717,1.09624,1.09703,2501,6,0
2024-10-07 00:00:00,1.09702,1.09774,1.09681,1.0971899999999999,5552,6,0
2024-10-07 04:00:00,1.0972,1.09733,1.09579,1.09692,7310,6,0
2024-10-07 08:00:00,1.09694,1.09804,1.09541,1.09767,10129,6,0
2024-10-07 12:00:00,1.09769,1.09847,1.09693,1.09755,12937,6,0
2024-10-07 16:00:00,1.09755,1.09866,1.09655,1.0972,6373,6,0
2024-10-07 20:00:00,1.09718,1.09788,1.09706,1.09742,2878,6,0
2024-10-08 00:00:00,1.09742,1.09867,1.09726,1.0983,5970,6,0
2024-10-08 04:00:00,1.0983,1.09953,1.09782,1.09949,7251,6,0
2024-10-08 08:00:00,1.09951,1.09969,1.09783,1.09874,8407,6,0
2024-10-08 12:00:00,1.09873,1.09896,1.09606,1.09695,10908,6,0
2024-10-08 16:00:00,1.09695,1.09778,1.09655,1.09774,5838,6,0
2024-10-08 20:00:00,1.09772,1.09806,1.0975,1.09754,2369,6,0
2024-10-09 00:00:00,1.09753,1.09784,1.09666,1.0967500000000001,4984,6,0
2024-10-09 04:00:00,1.0967500000000001,1.09756,1.09507,1.096,7994,6,0
2024-10-09 08:00:00,1.09601,1.09704,1.0953,1.09539,7641,6,0
2024-10-09 12:00:00,1.09539,1.09594,1.09394,1.09507,10158,6,0
2024-10-09 16:00:00,1.09506,1.09506,1.09358,1.09381,6119,6,0
2024-10-09 20:00:00,1.09381,1.09427,1.09365,1.09415,2239,6,0
2024-10-10 00:00:00,1.09414,1.09456,1.09386,1.09433,4659,6,0
2024-10-10 04:00:00,1.09432,1.09443,1.09327,1.09372,5849,6,0
2024-10-10 08:00:00,1.09374,1.09394,1.09269,1.09305,7323,6,0
2024-10-10 12:00:00,1.09305,1.09542,1.09074,1.09247,22373,5,0
2024-10-10 16:00:00,1.09249,1.09342,1.08999,1.09339,9030,6,0
2024-10-10 20:00:00,1.09341,1.09374,1.09322,1.09332,2676,6,0
2024-10-11 00:00:00,1.09331,1.09404,1.09295,1.09392,3677,6,0
2024-10-11 04:00:00,1.09392,1.0945,1.0931899999999999,1.09442,5102,6,0
2024-10-11 08:00:00,1.09442,1.09537,1.09271,1.09307,6675,6,0
2024-10-11 12:00:00,1.0930900000000001,1.09521,1.0925799999999999,1.0941,13249,5,0
2024-10-11 16:00:00,1.09411,1.09474,1.09328,1.09331,4497,6,0
2024-10-11 20:00:00,1.09328,1.09379,1.09321,1.09359,966,6,0
2024-10-13 20:00:00,1.09318,1.09328,1.0922,1.0923,1501,6,0
2024-10-14 00:00:00,1.09231,1.09289,1.09151,1.09254,4869,6,0
2024-10-14 04:00:00,1.09254,1.09308,1.0922,1.09281,4856,6,0
2024-10-14 08:00:00,1.09281,1.09363,1.09088,1.09127,6946,6,0
2024-10-14 12:00:00,1.09126,1.09269,1.09043,1.09067,10660,6,0
2024-10-14 16:00:00,1.09068,1.09085,1.08877,1.09035,5446,6,0
2024-10-14 20:00:00,1.09033,1.091,1.09025,1.09088,2218,6,0
2024-10-15 00:00:00,1.0909,1.09095,1.08955,1.08965,4013,6,0
2024-10-15 04:00:00,1.08964,1.08983,1.08845,1.08982,6684,6,0
2024-10-15 08:00:00,1.08981,1.09157,1.08967,1.09007,8542,6,0
2024-10-15 12:00:00,1.0901,1.09167,1.08982,1.08989,11403,5,0
2024-10-15 16:00:00,1.08988,1.08997,1.08856,1.08868,2245,6,0
2024-10-15 20:00:00,1.08866,1.08926,1.08827,1.0883099999999999,2264,6,0
2024-10-16 00:00:00,1.08829,1.0895299999999999,1.08819,1.08906,4153,6,0
2024-10-16 04:00:00,1.08906,1.08929,1.08749,1.08821,6695,6,0
2024-10-16 08:00:00,1.0882,1.08969,1.08776,1.08942,7887,6,0
2024-10-16 12:00:00,1.08942,1.0901399999999999,1.08659,1.08723,9828,5,0
2024-10-16 16:00:00,1.08723,1.08764,1.08529,1.08576,5250,6,0
2024-10-16 20:00:00,1.08575,1.08669,1.08562,1.08588,2641,6,0
2024-10-17 00:00:00,1.08587,1.08648,1.08508,1.08525,4942,6,0
2024-10-17 04:00:00,1.08526,1.08581,1.08486,1.0854300000000001,5759,6,0
2024-10-17 08:00:00,1.0854300000000001,1.0867,1.08486,1.08628,6674,6,0
2024-10-17 12:00:00,1.08629,1.08731,1.08108,1.08363,18238,5,0
2024-10-17 16:00:00,1.08365,1.08369,1.08207,1.08276,5868,6,0
2024-10-17 20:00:00,1.08276,1.08328,1.08252,1.08289,2105,6,0
2024-10-18 00:00:00,1.08289,1.08393,1.0827,1.08384,4730,6,0
2024-10-18 04:00:00,1.08384,1.08484,1.08365,1.08408,6001,6,0
2024-10-18 08:00:00,1.0841,1.08516,1.08339,1.08478,7333,6,0
2024-10-18 12:00:00,1.08479,1.08642,1.0846,1.08533,9259,5,0
2024-10-18 16:00:00,1.08533,1.08679,1.08526,1.08636,4875,6,0
2024-10-18 20:00:00,1.08634,1.08694,1.08626,1.08674,747,6,0
2024-10-20 20:00:00,1.08611,1.08699,1.08597,1.0868,1717,6,0
2024-10-21 00:00:00,1.08681,1.08687,1.08634,1.08658,4470,6,0
2024-10-21 04:00:00,1.08658,1.0866,1.08457,1.0848,5295,6,0
2024-10-21 08:00:00,1.08479,1.08579,1.08444,1.0855299999999999,6277,6,0
2024-10-21 12:00:00,1.0855299999999999,1.08588,1.08196,1.08199,8887,6,0
2024-10-21 16:00:00,1.08198,1.08229,1.08108,1.08151,5223,6,0
2024-10-21 20:00:00,1.08151,1.08175,1.0812,1.08153,2518,6,0
2024-10-22 00:00:00,1.08152,1.08211,1.0814,1.08189,4308,6,0
2024-10-22 04:00:00,1.08189,1.08378,1.08177,1.08362,5339,6,0
2024-10-22 08:00:00,1.08361,1.08367,1.0814,1.08175,7042,6,0
2024-10-22 12:00:00,1.08175,1.08216,1.08005,1.08044,10602,6,0
2024-10-22 16:00:00,1.08044,1.0814,1.07937,1.07946,5099,6,0
2024-10-22 20:00:00,1.07946,1.08002,1.07924,1.07962,2029,6,0
2024-10-23 00:00:00,1.07961,1.0805,1.0792,1.0802,4508,6,0
2024-10-23 04:00:00,1.0802,1.08063,1.07804,1.07817,6310,6,0
2024-10-23 08:00:00,1.07815,1.07911,1.07628,1.07631,7152,6,0
2024-10-23 12:00:00,1.07632,1.07858,1.07607,1.0778699999999999,9681,6,0
2024-10-23 16:00:00,1.07786,1.07863,1.0767,1.07854,6641,6,0
2024-10-23 20:00:00,1.07854,1.07862,1.07792,1.07799,2542,6,0
2024-10-24 00:00:00,1.078,1.07896,1.07793,1.07866,4867,6,0
2024-10-24 04:00:00,1.07868,1.07984,1.07702,1.07956,7732,6,0
2024-10-24 08:00:00,1.07956,1.08078,1.07918,1.07947,8562,6,0
2024-10-24 12:00:00,1.07948,1.08109,1.07884,1.08047,12176,5,0
2024-10-24 16:00:00,1.08045,1.08286,1.08023,1.08286,5776,6,0
2024-10-24 20:00:00,1.08288,1.08297,1.08225,1.08235,2092,6,0
2024-10-25 00:00:00,1.08235,1.08273,1.08197,1.08216,3996,6,0
2024-10-25 04:00:00,1.08216,1.08273,1.08135,1.08242,5611,6,0
2024-10-25 08:00:00,1.0824,1.08367,1.08211,1.08214,6502,6,0
2024-10-25 12:00:00,1.08213,1.08391,1.08106,1.08121,9674,5,0
2024-10-25 16:00:00,1.0812,1.0812,1.07929,1.07956,6066,6,0
2024-10-25 20:00:00,1.07958,1.07972,1.07943,1.07955,821,6,0
2024-10-27 20:00:00,1.07925,1.08016,1.07862,1.07959,2562,6,0
2024-10-28 00:00:00,1.07958,1.0801,1.07819,1.07828,5390,6,0
2024-10-28 04:00:00,1.07828,1.08053,1.0782,1.08038,5100,6,0
2024-10-28 08:00:00,1.08036,1.08211,1.08004,1.08193,7386,6,0
2024-10-28 12:00:00,1.08191,1.08274,1.08127,1.08184,8930,6,0
2024-10-28 16:00:00,1.08184,1.08258,1.08098,1.08151,5959,6,0
2024-10-28 20:00:00,1.08153,1.08173,1.08097,1.08172,1961,6,0
2024-10-29 00:00:00,1.08173,1.0819,1.08057,1.08076,4532,6,0
2024-10-29 04:00:00,1.08076,1.08158,1.08054,1.08093,4627,6,0
2024-10-29 08:00:00,1.08092,1.0826,1.07965,1.0799,8702,6,0
2024-10-29 12:00:00,1.07987,1.08117,1.07683,1.07974,15399,5,0
2024-10-29 16:00:00,1.07973,1.08159,1.0792,1.08136,8333,6,0
2024-10-29 20:00:00,1.08134,1.08215,1.08128,1.08196,2342,6,0
2024-10-30 00:00:00,1.08195,1.08259,1.08133,1.08137,4408,6,0
2024-10-30 04:00:00,1.08137,1.08262,1.08129,1.08185,4517,6,0
2024-10-30 08:00:00,1.0818699999999999,1.08591,1.0818699999999999,1.08241,10167,6,0
2024-10-30 12:00:00,1.08239,1.0866500000000001,1.08076,1.08632,15698,5,0
2024-10-30 16:00:00,1.08631,1.08711,1.08532,1.08603,7255,6,0
2024-10-30 20:00:00,1.08605,1.08617,1.08541,1.08578,2842,6,0
2024-10-31 00:00:00,1.08578,1.08592,1.08441,1.08497,4635,6,0
2024-10-31 04:00:00,1.08497,1.08631,1.08449,1.08586,5637,6,0
2024-10-31 08:00:00,1.08589,1.0875,1.08508,1.08678,8893,6,0
2024-10-31 12:00:00,1.0868,1.08877,1.08458,1.0855299999999999,18161,5,0
2024-10-31 16:00:00,1.0855,1.08779,1.08534,1.08769,10083,6,0
2024-10-31 20:00:00,1.08771,1.08861,1.08766,1.08835,3078,6,0
2024-11-01 00:00:00,1.08835,1.08885,1.08748,1.08761,4393,6,0
2024-11-01 04:00:00,1.0876,1.08788,1.08679,1.0868,4623,6,0
2024-11-01 08:00:00,1.08678,1.0869,1.0852,1.0867499999999999,7262,6,0
2024-11-01 12:00:00,1.0867499999999999,1.09054,1.08469,1.08483,18653,5,0
2024-11-01 16:00:00,1.08484,1.08541,1.0834,1.08357,7157,6,0
2024-11-01 20:00:00,1.08359,1.08369,1.08316,1.08334,893,6,0
2024-11-03 20:00:00,1.08791,1.08814,1.08718,1.08725,2042,6,0
2024-11-04 00:00:00,1.08725,1.09047,1.08696,1.09012,6100,6,0
2024-11-04 04:00:00,1.0901,1.09026,1.0887,1.0890900000000001,6151,6,0
2024-11-04 08:00:00,1.0890900000000001,1.09139,1.08891,1.09131,7977,6,0
2024-11-04 12:00:00,1.09132,1.09145,1.08933,1.0899,10722,5,0
2024-11-04 16:00:00,1.0899,1.09009,1.08774,1.08785,7794,6,0
2024-11-04 20:00:00,1.08786,1.08812,1.08733,1.08734,2913,6,0
2024-11-05 00:00:00,1.0873599999999999,1.08797,1.0872,1.08755,3540,6,0
2024-11-05 04:00:00,1.08755,1.08904,1.08741,1.08881,3892,6,0
2024-11-05 08:00:00,1.08884,1.09017,1.08838,1.0899,5872,6,0
2024-11-05 12:00:00,1.08993,1.09119,1.08893,1.09018,9673,5,0
2024-11-05 16:00:00,1.09017,1.09361,1.09008,1.09306,7324,6,0
2024-11-05 20:00:00,1.0930900000000001,1.0937000000000001,1.09117,1.09337,4873,6,0
2024-11-06 00:00:00,1.09337,1.09337,1.07184,1.07463,43914,6,0
2024-11-06 04:00:00,1.07462,1.07942,1.0702099999999999,1.07342,31888,6,0
2024-11-06 08:00:00,1.0734,1.07811,1.07009,1.0708,20458,6,0
2024-11-06 12:00:00,1.07079,1.07395,1.06821,1.07379,25446,6,0
2024-11-06 16:00:00,1.07376,1.07578,1.07253,1.07349,15443,6,0
2024-11-06 20:00:00,1.07349,1.07382,1.0726,1.07315,4792,6,0
2024-11-07 00:00:00,1.07315,1.07412,1.07126,1.07395,7104,6,0
2024-11-07 04:00:00,1.07395,1.07697,1.07341,1.07518,7547,6,0
2024-11-07 08:00:00,1.0752,1.07714,1.07458,1.07587,10840,6,0
2024-11-07 12:00:00,1.07587,1.08249,1.07565,1.08106,17705,6,0
2024-11-07 16:00:00,1.08104,1.08146,1.07666,1.07818,19089,5,0
2024-11-07 20:00:00,1.07814,1.08092,1.07798,1.07953,7877,6,0
2024-11-08 00:00:00,1.07953,1.07972,1.07768,1.0778,6843,6,0
2024-11-08 04:00:00,1.07781,1.07862,1.07725,1.07796,6938,6,0
2024-11-08 08:00:00,1.07794,1.07971,1.07605,1.07829,13757,6,0
2024-11-08 12:00:00,1.07831,1.07843,1.07397,1.07481,15060,5,0
2024-11-08 16:00:00,1.07479,1.07501,1.06864,1.07132,12079,6,0
2024-11-08 20:00:00,1.0713,1.07211,1.07103,1.0718,2562,6,0
2024-11-10 20:00:00,1.07097,1.07167,1.07055,1.0713,2014,6,0
2024-11-11 00:00:00,1.07132,1.07277,1.07083,1.07167,5993,6,0
2024-11-11 04:00:00,1.07167,1.0722,1.06857,1.0689899999999999,7140,6,0
2024-11-11 08:00:00,1.06901,1.06943,1.06554,1.06624,12625,6,0
2024-11-11 12:00:00,1.06624,1.06645,1.06281,1.06468,12283,6,0
2024-11-11 16:00:00,1.0647,1.06569,1.06444,1.06507,6812,6,0
2024-11-11 20:00:00,1.06509,1.06628,1.06509,1.06628,3039,6,0
2024-11-12 00:00:00,1.06628,1.06628,1.06379,1.06383,6470,6,0
2024-11-12 04:00:00,1.06382,1.06455,1.06212,1.06317,8037,6,0
2024-11-12 08:00:00,1.06318,1.06338,1.06108,1.06187,11506,6,0
2024-11-12 12:00:00,1.06189,1.06269,1.06015,1.06087,13431,6,0
2024-11-12 16:00:00,1.06086,1.06182,1.05945,1.06122,10580,6,0
2024-11-12 20:00:00,1.0612,1.06264,1.06091,1.06165,4297,6,0
2024-11-13 00:00:00,1.06164,1.06291,1.06108,1.06189,6141,6,0
2024-11-13 04:00:00,1.06189,1.06225,1.06021,1.06029,6025,6,0
2024-11-13 08:00:00,1.06027,1.06378,1.05931,1.06372,10266,6,0
2024-11-13 12:00:00,1.06373,1.06537,1.05555,1.05884,28157,5,0
2024-11-13 16:00:00,1.05887,1.05918,1.05561,1.05651,13315,6,0
2024-11-13 20:00:00,1.05653,1.05686,1.0556,1.05655,4518,6,0
2024-11-14 00:00:00,1.05655,1.05684,1.05451,1.05475,6542,6,0
2024-11-14 04:00:00,1.05475,1.05545,1.05336,1.0551,7454,6,0
2024-11-14 08:00:00,1.05511,1.05577,1.04958,1.05285,14128,6,0
2024-11-14 12:00:00,1.05284,1.05775,1.05134,1.05746,22630,5,0
2024-11-14 16:00:00,1.05743,1.05825,1.05432,1.05474,10275,6,0
2024-11-14 20:00:00,1.05474,1.05486,1.05117,1.05294,10051,6,0
2024-11-15 00:00:00,1.05294,1.05458,1.05233,1.05398,6798,6,0
2024-11-15 04:00:00,1.05397,1.05636,1.05333,1.05561,7421,6,0
2024-11-15 08:00:00,1.0556,1.05797,1.0552,1.05768,11341,6,0
2024-11-15 12:00:00,1.05769,1.05928,1.05227,1.05349,21995,5,0
2024-11-15 16:00:00,1.0535,1.05598,1.05327,1.05369,12478,6,0
2024-11-15 20:00:00,1.05369,1.05379,1.0516,1.05378,3851,6,0
2024-11-17 20:00:00,1.05283,1.05377,1.05283,1.05363,1695,6,0
2024-11-18 00:00:00,1.05364,1.05503,1.05301,1.05337,7827,6,0
2024-11-18 04:00:00,1.05338,1.0548,1.05333,1.05467,6613,6,0
2024-11-18 08:00:00,1.05468,1.05709,1.05322,1.05419,11684,6,0
2024-11-18 12:00:00,1.05421,1.05754,1.05345,1.05732,12399,6,0
2024-11-18 16:00:00,1.05732,1.06069,1.05648,1.05905,8708,6,0
2024-11-18 20:00:00,1.05904,1.06004,1.05888,1.05943,3892,6,0
2024-11-19 00:00:00,1.05942,1.06006,1.0587,1.05966,6151,6,0
2024-11-19 04:00:00,1.0596700000000001,1.06004,1.05743,1.05774,7103,6,0
2024-11-19 08:00:00,1.05771,1.05877,1.05229,1.05615,20312,6,0
2024-11-19 12:00:00,1.05617,1.06009,1.0559,1.05865,19030,6,0
2024-11-19 16:00:00,1.05867,1.0594999999999999,1.05708,1.05932,10341,6,0
2024-11-19 20:00:00,1.05932,1.06076,1.05908,1.06067,4306,6,0
2024-11-20 00:00:00,1.06067,1.06095,1.05882,1.05896,5169,6,0
2024-11-20 04:00:00,1.05897,1.05951,1.05762,1.05781,7169,6,0
2024-11-20 08:00:00,1.05781,1.0579,1.05418,1.05541,11801,6,0
2024-11-20 12:00:00,1.05545,1.05676,1.05152,1.05214,14845,6,0
2024-11-20 16:00:00,1.05215,1.05421,1.0506199999999999,1.05391,10306,6,0
2024-11-20 20:00:00,1.05391,1.05455,1.05358,1.05453,3346,6,0
2024-11-21 00:00:00,1.05453,1.05529,1.05419,1.05527,4061,6,0
2024-11-21 04:00:00,1.05527,1.05546,1.05294,1.05361,7235,6,0
2024-11-21 08:00:00,1.05363,1.05429,1.05134,1.0520100000000001,12724,6,0
2024-11-21 12:00:00,1.05203,1.05446,1.05088,1.05102,16134,5,0
2024-11-21 16:00:00,1.05104,1.05146,1.04619,1.04842,16929,6,0
2024-11-21 20:00:00,1.04839,1.04865,1.04673,1.04687,4122,6,0
2024-11-22 00:00:00,1.04685,1.0478,1.0466,1.04747,5715,6,0
2024-11-22 04:00:00,1.04747,1.0489,1.04612,1.04858,7175,6,0
2024-11-22 08:00:00,1.0486,1.04978,1.03318,1.04164,33334,6,0
2024-11-22 12:00:00,1.04167,1.04346,1.03948,1.04104,22953,6,0
2024-11-22 16:00:00,1.04105,1.0425200000000001,1.03917,1.04106,10301,6,0
2024-11-22 20:00:00,1.04105,1.042,1.04078,1.04184,2630,6,0
2024-11-24 20:00:00,1.04761,1.05009,1.04622,1.0479,4756,6,0
2024-11-25 00:00:00,1.0479,1.049,1.04734,1.04776,9021,6,0
2024-11-25 04:00:00,1.04776,1.04895,1.04494,1.04503,8194,6,0
2024-11-25 08:00:00,1.04506,1.04971,1.04486,1.0479,16668,6,0
2024-11-25 12:00:00,1.04791,1.053,1.04737,1.04884,20842,5,0
2024-11-25 16:00:00,1.04885,1.05104,1.04663,1.05055,12421,6,0
2024-11-25 20:00:00,1.05055,1.05094,1.04424,1.04436,6687,6,0
2024-11-26 00:00:00,1.04437,1.04799,1.04247,1.04776,16242,6,0
2024-11-26 04:00:00,1.04776,1.04902,1.04715,1.04715,9320,6,0
2024-11-26 08:00:00,1.04718,1.05209,1.04698,1.05132,16338,6,0
2024-11-26 12:00:00,1.0513,1.05448,1.04782,1.04796,23021,5,0
2024-11-26 16:00:00,1.04797,1.04859,1.04569,1.04723,15138,6,0
2024-11-26 20:00:00,1.04724,1.04915,1.04713,1.04912,5920,6,0
2024-11-27 00:00:00,1.04914,1.04961,1.04776,1.04826,7134,6,0
2024-11-27 04:00:00,1.04825,1.05049,1.04742,1.04979,7417,6,0
2024-11-27 08:00:00,1.04979,1.05401,1.0495700000000001,1.05258,19000,6,0
2024-11-27 12:00:00,1.05258,1.05797,1.05197,1.05703,23235,5,0
2024-11-27 16:00:00,1.057,1.05873,1.05546,1.05629,12953,6,0
2024-11-27 20:00:00,1.05627,1.05693,1.05591,1.05619,4341,6,0
2024-11-28 00:00:00,1.05619,1.05626,1.05473,1.0552,6599,6,0
2024-11-28 04:00:00,1.05522,1.05578,1.05315,1.05412,7232,6,0
2024-11-28 08:00:00,1.05409,1.05562,1.05274,1.05497,16368,6,0
2024-11-28 12:00:00,1.05496,1.05567,1.05301,1.05522,12310,5,0
2024-11-28 16:00:00,1.05519,1.05566,1.05471,1.05564,3496,6,0
2024-11-28 20:00:00,1.05564,1.0562,1.05497,1.05597,2230,6,0
2024-11-29 00:00:00,1.05597,1.05756,1.05562,1.05734,8401,6,0
2024-11-29 04:00:00,1.05734,1.05968,1.05647,1.05791,8984,6,0
2024-11-29 08:00:00,1.05793,1.0582,1.05517,1.05623,16404,6,0
2024-11-29 12:00:00,1.05626,1.05681,1.05453,1.05612,15716,6,0
2024-11-29 16:00:00,1.05614,1.05793,1.0541,1.05788,10663,6,0
2024-11-29 20:00:00,1.05788,1.05838,1.05747,1.05773,2672,12,0
2024-12-01 20:00:00,1.05694,1.05714,1.05331,1.05437,3229,6,0
2024-12-02 00:00:00,1.05438,1.05463,1.05196,1.05232,9227,6,0
2024-12-02 04:00:00,1.05232,1.05369,1.05017,1.05026,11621,6,0
2024-12-02 08:00:00,1.05024,1.05285,1.04958,1.05228,17866,6,0
2024-12-02 12:00:00,1.05226,1.05381,1.04616,1.04689,23511,5,0
2024-12-02 16:00:00,1.04691,1.04986,1.04601,1.04899,14068,6,0
2024-12-02 20:00:00,1.04899,1.05155,1.04885,1.05004,7273,6,0
2024-12-03 00:00:00,1.05002,1.05013,1.0482,1.04901,7955,6,0
2024-12-03 04:00:00,1.04902,1.05113,1.04804,1.04978,8107,6,0
2024-12-03 08:00:00,1.0498,1.05306,1.0497,1.05223,14094,6,0
2024-12-03 12:00:00,1.05222,1.05287,1.04919,1.05161,17339,5,0
2024-12-03 16:00:00,1.05164,1.05348,1.05028,1.05045,12378,6,0
2024-12-03 20:00:00,1.05043,1.0512299999999999,1.05015,1.05099,4087,6,0
2024-12-04 00:00:00,1.05099,1.0512299999999999,1.04876,1.04936,7925,6,0
2024-12-04 04:00:00,1.04936,1.05286,1.04904,1.0509,8928,6,0
2024-12-04 08:00:00,1.05088,1.05149,1.04823,1.05048,14773,6,0
2024-12-04 12:00:00,1.05046,1.05437,1.0472,1.05293,22828,5,0
2024-12-04 16:00:00,1.05295,1.05423,1.05071,1.05135,15188,6,0
2024-12-04 20:00:00,1.05137,1.05172,1.05048,1.05122,4628,6,0
2024-12-05 00:00:00,1.0512299999999999,1.0523,1.0508,1.05225,5868,6,0
2024-12-05 04:00:00,1.05225,1.05383,1.05167,1.0535,6753,6,0
2024-12-05 08:00:00,1.05349,1.05461,1.05211,1.05359,11404,6,0
2024-12-05 12:00:00,1.05361,1.05893,1.05235,1.05719,20645,6,0
2024-12-05 16:00:00,1.05717,1.05882,1.05568,1.05868,11264,6,0
2024-12-05 20:00:00,1.0587,1.05881,1.05807,1.0586,4318,6,0
2024-12-06 00:00:00,1.0586,1.05863,1.05658,1.05758,6062,6,0
2024-12-06 04:00:00,1.05757,1.05842,1.05672,1.05834,6297,6,0
2024-12-06 08:00:00,1.05833,1.05938,1.05711,1.05865,10368,6,0
2024-12-06 12:00:00,1.05864,1.06292,1.05439,1.05631,26734,5,0
2024-12-06 16:00:00,1.05631,1.05752,1.05422,1.05539,11607,6,0
2024-12-06 20:00:00,1.05541,1.05693,1.05538,1.05674,2638,6,0
2024-12-08 20:00:00,1.05577,1.05691,1.05551,1.05655,1792,6,0
2024-12-09 00:00:00,1.05655,1.05657,1.05364,1.05371,5348,6,0
2024-12-09 04:00:00,1.05371,1.05662,1.05319,1.05639,8207,6,0
2024-12-09 08:00:00,1.05641,1.0585,1.05562,1.05688,12186,6,0
2024-12-09 12:00:00,1.05687,1.05925,1.05576,1.0590600000000001,14136,6,0
2024-12-09 16:00:00,1.0590600000000001,1.05941,1.05514,1.0555,8156,6,0
2024-12-09 20:00:00,1.05553,1.05576,1.05469,1.05541,4072,6,0
2024-12-10 00:00:00,1.05543,1.05612,1.05449,1.05564,6178,6,0
2024-12-10 04:00:00,1.05564,1.05678,1.05466,1.05488,6463,6,0
2024-12-10 08:00:00,1.0549,1.05514,1.05228,1.0531,11502,6,0
2024-12-10 12:00:00,1.05312,1.05335,1.04983,1.05034,14494,6,0
2024-12-10 16:00:00,1.05035,1.05308,1.04997,1.05267,9718,6,0
2024-12-10 20:00:00,1.05265,1.05315,1.05234,1.05307,3663,6,0
2024-12-11 00:00:00,1.0531,1.0539,1.05272,1.0528,4972,6,0
2024-12-11 04:00:00,1.05279,1.05302,1.0488,1.04888,8579,6,0
2024-12-11 08:00:00,1.04962,1.05122,1.04868,1.05032,13074,6,0
2024-12-11 12:00:00,1.05033,1.0537,1.04799,1.04903,23964,6,0
2024-12-11 16:00:00,1.04903,1.05117,1.04812,1.04911,12001,6,0
2024-12-11 20:00:00,1.04912,1.05061,1.04882,1.0505,3650,6,0
2024-12-12 00:00:00,1.0505,1.05084,1.05005,1.05049,5453,6,0
2024-12-12 04:00:00,1.05049,1.05306,1.0503,1.05163,6611,6,0
2024-12-12 08:00:00,1.05161,1.05206,1.04941,1.0502,12344,6,0
2024-12-12 12:00:00,1.05021,1.05209,1.04634,1.04727,28982,6,0
2024-12-12 16:00:00,1.04725,1.0517,1.04715,1.04725,13697,6,0
2024-12-12 20:00:00,1.04724,1.04746,1.04629,1.04736,4695,6,0
2024-12-13 00:00:00,1.04737,1.04804,1.04594,1.04602,6938,6,0
2024-12-13 04:00:00,1.04601,1.04659,1.04528,1.04592,7150,6,0
2024-12-13 08:00:00,1.0459,1.0495700000000001,1.04562,1.04885,12691,6,0
2024-12-13 12:00:00,1.04883,1.05239,1.04819,1.04887,15779,6,0
2024-12-13 16:00:00,1.04885,1.05057,1.04865,1.04944,10313,6,0
2024-12-13 20:00:00,1.04946,1.05043,1.04924,1.05029,2472,6,0
2024-12-15 20:00:00,1.04872,1.05107,1.04836,1.05092,1839,6,0
2024-12-16 00:00:00,1.05092,1.05227,1.05088,1.05115,6159,6,0
2024-12-16 04:00:00,1.05117,1.05212,1.05043,1.05048,5989,6,0
2024-12-16 08:00:00,1.05045,1.05247,1.04829,1.04902,11931,6,0
2024-12-16 12:00:00,1.04905,1.05126,1.04745,1.0506199999999999,13787,6,0
2024-12-16 16:00:00,1.05061,1.05223,1.04951,1.05096,10556,6,0
2024-12-16 20:00:00,1.05099,1.05183,1.05053,1.05164,3776,6,0
2024-12-17 00:00:00,1.05164,1.05343,1.05111,1.05122,5879,6,0
2024-12-17 04:00:00,1.05122,1.05124,1.04954,1.04974,6507,6,0
2024-12-17 08:00:00,1.04972,1.05002,1.04787,1.04912,11306,6,0
2024-12-17 12:00:00,1.04912,1.05112,1.04878,1.04984,14393,6,0
2024-12-17 16:00:00,1.04987,1.05156,1.04877,1.04882,10460,6,0
2024-12-17 20:00:00,1.04882,1.04949,1.0485,1.0493999999999999,3066,6,0
2024-12-18 00:00:00,1.0493999999999999,1.05034,1.04925,1.04991,5179,6,0
2024-12-18 04:00:00,1.0499,1.05124,1.04934,1.04968,6204,6,0
2024-12-18 08:00:00,1.04966,1.05031,1.04874,1.04964,9951,6,0
2024-12-18 12:00:00,1.04966,1.05029,1.04695,1.04737,13451,6,0
2024-12-18 16:00:00,1.04739,1.04922,1.0373,1.03773,21720,6,0
2024-12-18 20:00:00,1.03775,1.03804,1.03436,1.03508,14924,6,0
2024-12-19 00:00:00,1.03505,1.03904,1.03504,1.0378,9949,6,0
2024-12-19 04:00:00,1.03779,1.0409,1.03745,1.03948,10654,6,0
2024-12-19 08:00:00,1.03946,1.04223,1.03903,1.04033,15942,6,0
2024-12-19 12:00:00,1.04033,1.04138,1.03766,1.03795,21462,5,0
2024-12-19 16:00:00,1.03796,1.03843,1.03544,1.03611,14348,6,0
2024-12-19 20:00:00,1.03613,1.03689,1.03585,1.03644,4298,6,0
2024-12-20 00:00:00,1.03644,1.0369,1.03586,1.03619,6538,6,0
2024-12-20 04:00:00,1.03621,1.0385,1.03428,1.03824,10710,6,0
2024-12-20 08:00:00,1.03823,1.0398,1.03757,1.03913,12475,6,0
2024-12-20 12:00:00,1.03916,1.04188,1.03857,1.03965,18194,5,0
2024-12-20 16:00:00,1.03966,1.04471,1.03956,1.04444,13851,6,0
2024-12-20 20:00:00,1.04443,1.04467,1.04219,1.04284,3643,6,0
2024-12-22 20:00:00,1.04284,1.04434,1.04269,1.04334,2155,6,0
2024-12-23 00:00:00,1.04336,1.04428,1.04267,1.0439,4798,6,0
2024-12-23 04:00:00,1.04389,1.04451,1.0411,1.04125,5610,6,0
2024-12-23 08:00:00,1.04125,1.04192,1.03864,1.03996,9548,6,0
2024-12-23 12:00:00,1.03996,1.04081,1.03838,1.03907,12751,5,0
2024-12-23 16:00:00,1.03904,1.04175,1.03891,1.04109,9079,6,0
2024-12-23 20:00:00,1.04109,1.0414,1.04022,1.04041,3922,6,0
2024-12-24 00:00:00,1.04041,1.04083,1.03885,1.03908,4079,6,0
2024-12-24 04:00:00,1.03908,1.03983,1.03899,1.03904,4017,6,0
2024-12-24 08:00:00,1.03904,1.04054,1.03889,1.03945,6779,6,0
2024-12-24 12:00:00,1.03947,1.04097,1.03888,1.03916,9184,5,0
2024-12-24 16:00:00,1.03916,1.03969,1.03832,1.03925,5109,6,0
2024-12-24 20:00:00,1.03924,1.04008,1.03896,1.03938,2593,18,0
2024-12-25 20:00:00,1.04001,1.04029,1.03961,1.03988,1456,6,0
2024-12-26 00:00:00,1.03987,1.04039,1.03927,1.04007,4004,6,0
2024-12-26 04:00:00,1.04008,1.04024,1.03903,1.03972,3399,6,0
2024-12-26 08:00:00,1.0397,1.04028,1.0391,1.04008,3910,6,0
2024-12-26 12:00:00,1.04009,1.04148,1.03924,1.04087,7842,6,0
2024-12-26 16:00:00,1.04085,1.04298,1.04062,1.04175,7428,6,0
2024-12-26 20:00:00,1.04173,1.04246,1.04154,1.04215,3410,6,0
2024-12-27 00:00:00,1.04216,1.0423499999999999,1.04065,1.04125,4247,6,0
2024-12-27 04:00:00,1.04124,1.04245,1.04048,1.04216,4453,6,0
2024-12-27 08:00:00,1.04213,1.04404,1.04087,1.04383,7558,6,0
2024-12-27 12:00:00,1.04383,1.04437,1.04157,1.04217,10652,5,0
2024-12-27 16:00:00,1.04219,1.04322,1.04142,1.0428,8471,6,0
2024-12-27 20:00:00,1.04278,1.04283,1.04217,1.04254,2176,6,0
2024-12-29 20:00:00,1.0428,1.04339,1.04264,1.04293,1431,6,0
2024-12-30 00:00:00,1.04293,1.0431,1.04207,1.04245,3379,6,0
2024-12-30 04:00:00,1.04245,1.04311,1.04209,1.04267,3807,6,0
2024-12-30 08:00:00,1.04266,1.04519,1.04092,1.04477,10021,6,0
2024-12-30 12:00:00,1.04478,1.04579,1.03715,1.03802,18984,6,0
2024-12-30 16:00:00,1.03804,1.04068,1.03746,1.03965,10476,6,0
2024-12-30 20:00:00,1.03964,1.04062,1.03951,1.04053,3807,6,0
2024-12-31 00:00:00,1.04054,1.04145,1.03969,1.04084,4234,6,0
2024-12-31 04:00:00,1.04084,1.04126,1.03992,1.04114,3896,6,0
2024-12-31 08:00:00,1.04116,1.04242,1.04051,1.04101,9679,6,0
2024-12-31 12:00:00,1.04101,1.0414,1.03523,1.0354700000000001,15398,6,0
2024-12-31 16:00:00,1.03546,1.03643,1.03433,1.03543,11677,6,0
2024-12-31 20:00:00,1.03544,1.03628,1.03525,1.0352999999999999,1861,6,0
2025-01-01 20:00:00,1.03511,1.03567,1.03463,1.03509,1703,6,0
2025-01-02 00:00:00,1.03509,1.03738,1.03435,1.03712,5840,6,0
2025-01-02 04:00:00,1.03713,1.03752,1.03597,1.03625,5418,6,0
2025-01-02 08:00:00,1.03627,1.03706,1.03133,1.03319,14377,6,0
2025-01-02 12:00:00,1.03319,1.0334,1.02721,1.0274,19082,5,0
2025-01-02 16:00:00,1.02739,1.02762,1.02236,1.02511,19926,6,0
2025-01-02 20:00:00,1.0251,1.02684,1.02505,1.02677,3924,6,0
2025-01-03 00:00:00,1.02677,1.02744,1.02654,1.02707,4053,6,0
2025-01-03 04:00:00,1.02706,1.02846,1.02644,1.02806,5958,6,0
2025-01-03 08:00:00,1.02806,1.02997,1.02725,1.02993,9471,6,0
2025-01-03 12:00:00,1.02981,1.03056,1.02728,1.02888,11482,6,0
2025-01-03 16:00:00,1.02889,1.03058,1.02833,1.03008,8593,6,0
2025-01-03 20:00:00,1.03007,1.03096,1.02985,1.03085,2254,6,0
2025-01-05 20:00:00,1.03047,1.03076,1.02974,1.03048,1371,6,0
2025-01-06 00:00:00,1.03048,1.0318,1.02955,1.03162,5520,6,0
2025-01-06 04:00:00,1.03162,1.0328,1.03075,1.03268,5542,6,0
2025-01-06 08:00:00,1.0327,1.04326,1.03261,1.04214,24547,6,0
2025-01-06 12:00:00,1.04211,1.04366,1.03521,1.03931,34087,5,0
2025-01-06 16:00:00,1.03933,1.04026,1.0377,1.03879,11824,6,0
2025-01-06 20:00:00,1.03881,1.0392,1.03813,1.03831,3938,6,0
2025-01-07 00:00:00,1.0383,1.03925,1.03759,1.03924,5343,6,0
2025-01-07 04:00:00,1.03924,1.04241,1.039,1.04142,7284,6,0
2025-01-07 08:00:00,1.0414,1.04342,1.0403,1.0413000000000001,12910,6,0
2025-01-07 12:00:00,1.0413000000000001,1.04167,1.0355,1.03726,18327,5,0
2025-01-07 16:00:00,1.03728,1.03811,1.03493,1.0355,16000,6,0
2025-01-07 20:00:00,1.03549,1.0356,1.03372,1.03415,3779,6,0
2025-01-08 00:00:00,1.03415,1.03546,1.03414,1.03473,4437,6,0
2025-01-08 04:00:00,1.03471,1.03573,1.03282,1.03322,6244,6,0
2025-01-08 08:00:00,1.03322,1.03395,1.02727,1.02973,17337,6,0
2025-01-08 12:00:00,1.02974,1.03099,1.02806,1.03014,21571,5,0
2025-01-08 16:00:00,1.03014,1.03241,1.02943,1.0309,11246,5,0
2025-01-08 20:00:00,1.0309,1.03191,1.03077,1.0313,4157,6,0
2025-01-09 00:00:00,1.03131,1.03211,1.03046,1.03112,4728,6,0
2025-01-09 04:00:00,1.0311,1.03123,1.02876,1.02908,7493,6,0
2025-01-09 08:00:00,1.02911,1.03174,1.02834,1.03007,12893,6,0
2025-01-09 12:00:00,1.03007,1.03187,1.02944,1.02994,10868,6,0
2025-01-09 16:00:00,1.02993,1.03023,1.02909,1.0298,5558,6,0
2025-01-09 20:00:00,1.02979,1.03034,1.02955,1.02961,2437,6,0
2025-01-10 00:00:00,1.02961,1.03041,1.0292,1.02984,4329,6,0
2025-01-10 04:00:00,1.02984,1.02996,1.02809,1.02966,5427,6,0
2025-01-10 08:00:00,1.02968,1.03116,1.02925,1.03015,9665,6,0
2025-01-10 12:00:00,1.03016,1.03116,1.02127,1.02503,32432,5,0
2025-01-10 16:00:00,1.02501,1.02508,1.02273,1.02452,14011,6,0
2025-01-10 20:00:00,1.02451,1.02486,1.02368,1.02449,2866,6,0
2025-01-12 20:00:00,1.0238,1.02467,1.02374,1.02429,1497,6,0
2025-01-13 00:00:00,1.02429,1.02497,1.02125,1.0215,6805,6,0
2025-01-13 04:00:00,1.02152,1.02247,1.02072,1.02154,8875,6,0
2025-01-13 08:00:00,1.02151,1.02309,1.01769,1.01954,18902,6,0
2025-01-13 12:00:00,1.01954,1.02204,1.0187599999999999,1.01968,16316,6,0
2025-01-13 16:00:00,1.01968,1.0221,1.01915,1.02071,9811,6,0
2025-01-13 20:00:00,1.02071,1.02771,1.02069,1.02638,6984,6,0
2025-01-14 00:00:00,1.02636,1.02638,1.02383,1.02482,7639,6,0
2025-01-14 04:00:00,1.02484,1.02657,1.02421,1.02541,8398,6,0
2025-01-14 08:00:00,1.02543,1.02745,1.02517,1.02535,13643,6,0
2025-01-14 12:00:00,1.02533,1.02954,1.02392,1.02945,22095,5,0
2025-01-14 16:00:00,1.02944,1.03051,1.02788,1.02978,11108,6,0
2025-01-14 20:00:00,1.02979,1.03085,1.0296,1.03058,3957,6,0
2025-01-15 00:00:00,1.03059,1.03059,1.02951,1.03014,4649,6,0
2025-01-15 04:00:00,1.03015,1.0308,1.02865,1.03053,7235,6,0
2025-01-15 08:00:00,1.03055,1.03167,1.0294,1.0301,11393,6,0
2025-01-15 12:00:00,1.0301,1.03538,1.02933,1.03059,23040,6,0
2025-01-15 16:00:00,1.03058,1.03076,1.02577,1.02931,12308,6,0
2025-01-15 20:00:00,1.02929,1.02986,1.02874,1.02949,4013,6,0
2025-01-16 00:00:00,1.02947,1.02995,1.02844,1.02887,7017,6,0
2025-01-16 04:00:00,1.02886,1.03013,1.02806,1.02973,6457,6,0
2025-01-16 08:00:00,1.02975,1.02998,1.02814,1.02897,10234,6,0
2025-01-16 12:00:00,1.02897,1.03054,1.02603,1.03005,22156,6,0
2025-01-16 16:00:00,1.03003,1.03149,1.02856,1.03017,14588,6,0
2025-01-16 20:00:00,1.03014,1.03041,1.02966,1.03012,3666,6,0
2025-01-17 00:00:00,1.03012,1.03093,1.02979,1.03004,4835,6,0
2025-01-17 04:00:00,1.03004,1.03007,1.02774,1.02846,6320,6,0
2025-01-17 08:00:00,1.02844,1.031,1.02844,1.03041,10241,6,0
2025-01-17 12:00:00,1.03041,1.03303,1.0265,1.02989,21902,6,0
2025-01-17 16:00:00,1.02988,1.02999,1.02726,1.02759,10747,6,0
2025-01-17 20:00:00,1.02759,1.02812,1.02689,1.0270299999999999,2788,6,0
2025-01-19 20:00:00,1.02782,1.02802,1.02662,1.028,1897,6,0
2025-01-20 00:00:00,1.02801,1.0306,1.02778,1.03056,5943,6,0
2025-01-20 04:00:00,1.03057,1.03186,1.02992,1.03163,6327,6,0
2025-01-20 08:00:00,1.03166,1.03262,1.03046,1.03255,10913,6,0
2025-01-20 12:00:00,1.03255,1.04298,1.03076,1.04001,43344,6,0
2025-01-20 16:00:00,1.04001,1.0423,1.03532,1.04203,15514,6,0
2025-01-20 20:00:00,1.04202,1.04344,1.04096,1.04208,7086,6,0
2025-01-21 00:00:00,1.04207,1.0434,1.03522,1.0387,27035,6,0
2025-01-21 04:00:00,1.03871,1.03989,1.03647,1.03733,8290,6,0
2025-01-21 08:00:00,1.0373,1.0373,1.03415,1.03529,14451,6,0
2025-01-21 12:00:00,1.03532,1.04101,1.03455,1.04003,19208,6,0
2025-01-21 16:00:00,1.04,1.04352,1.03978,1.04179,10775,6,0
2025-01-21 20:00:00,1.04178,1.0429599999999999,1.03922,1.04055,8013,6,0
2025-01-22 00:00:00,1.04054,1.04242,1.04054,1.04117,7089,6,0
2025-01-22 04:00:00,1.04117,1.0421,1.03996,1.04114,7372,6,0
2025-01-22 08:00:00,1.04116,1.04571,1.04091,1.04427,14307,6,0
2025-01-22 12:00:00,1.04424,1.04455,1.0414,1.04199,15703,6,0
2025-01-22 16:00:00,1.04196,1.04227,1.04115,1.04201,8692,6,0
2025-01-22 20:00:00,1.042,1.04227,1.04054,1.04076,3793,6,0
2025-01-23 00:00:00,1.04075,1.04156,1.03968,1.04086,5790,6,0
2025-01-23 04:00:00,1.04086,1.04126,1.03896,1.03999,6726,6,0
2025-01-23 08:00:00,1.03998,1.04199,1.03899,1.04032,10537,6,0
2025-01-23 12:00:00,1.04031,1.04176,1.03867,1.03968,14423,6,0
2025-01-23 16:00:00,1.0397,1.04377,1.03717,1.04226,21421,6,0
2025-01-23 20:00:00,1.04227,1.04289,1.04121,1.04154,4540,6,0
2025-01-24 00:00:00,1.04156,1.04537,1.04114,1.04458,9836,6,0
2025-01-24 04:00:00,1.04458,1.04704,1.04433,1.04608,11139,6,0
2025-01-24 08:00:00,1.04605,1.05147,1.04575,1.04857,16592,6,0
2025-01-24 12:00:00,1.04858,1.05205,1.04635,1.05158,16603,5,0
2025-01-24 16:00:00,1.05157,1.05212,1.04919,1.04952,10103,6,0
2025-01-24 20:00:00,1.04951,1.04972,1.0488,1.04944,2587,6,0
2025-01-26 20:00:00,1.04802,1.04853,1.0465,1.04673,2145,6,0
2025-01-27 00:00:00,1.04673,1.04785,1.04588,1.04684,8189,6,0
2025-01-27 04:00:00,1.04684,1.04709,1.04536,1.04571,8080,6,0
2025-01-27 08:00:00,1.0457,1.05182,1.04542,1.05127,18124,6,0
2025-01-27 12:00:00,1.05126,1.05329,1.04936,1.04988,18134,5,0
2025-01-27 16:00:00,1.0499,1.05073,1.04791,1.04922,12735,6,0
2025-01-27 20:00:00,1.04922,1.0493999999999999,1.04281,1.04369,9697,6,0
2025-01-28 00:00:00,1.04372,1.04563,1.04239,1.04291,13143,6,0
2025-01-28 04:00:00,1.04293,1.04439,1.04254,1.04341,7499,6,0
2025-01-28 08:00:00,1.04342,1.04439,1.0419100000000001,1.04233,13220,6,0
2025-01-28 12:00:00,1.0423499999999999,1.04407,1.04136,1.0424,14598,5,0
2025-01-28 16:00:00,1.04241,1.04379,1.04221,1.04346,10265,6,0
2025-01-28 20:00:00,1.04347,1.04351,1.04259,1.0427,3947,6,0
2025-01-29 00:00:00,1.04271,1.04386,1.04257,1.04371,5056,6,0
2025-01-29 04:00:00,1.04372,1.0443500000000001,1.0413000000000001,1.0416,6765,6,0
2025-01-29 08:00:00,1.04162,1.04302,1.03944,1.04013,12019,6,0
2025-01-29 12:00:00,1.04013,1.04267,1.03819,1.0419,15751,6,0
2025-01-29 16:00:00,1.0419100000000001,1.04285,1.03882,1.0416,21824,5,0
2025-01-29 20:00:00,1.04159,1.0427,1.04044,1.04244,9251,6,0
2025-01-30 00:00:00,1.04244,1.04286,1.04188,1.04248,4518,6,0
2025-01-30 04:00:00,1.04249,1.04275,1.04092,1.04234,6073,6,0
2025-01-30 08:00:00,1.04237,1.04284,1.03911,1.03918,12851,6,0
2025-01-30 12:00:00,1.03917,1.04674,1.03898,1.04312,24323,6,0
2025-01-30 16:00:00,1.0431,1.04345,1.04092,1.04275,9020,6,0
2025-01-30 20:00:00,1.04277,1.04321,1.03842,1.03965,13853,6,0
2025-01-31 00:00:00,1.03965,1.04021,1.03765,1.03849,7698,6,0
2025-01-31 04:00:00,1.03851,1.04124,1.03824,1.04036,7418,6,0
2025-01-31 08:00:00,1.04034,1.04066,1.0365,1.03754,13897,6,0
2025-01-31 12:00:00,1.03754,1.04005,1.03599,1.0396,16778,6,0
2025-01-31 16:00:00,1.03961,1.04337,1.03614,1.03759,28226,6,0
2025-01-31 20:00:00,1.0376,1.03869,1.03496,1.03586,11506,6,0
2025-02-02 20:00:00,1.02408,1.02696,1.02341,1.02468,5449,15,0
2025-02-03 00:00:00,1.0247,1.0267,1.02105,1.02214,23619,6,0
2025-02-03 04:00:00,1.02213,1.02515,1.02204,1.02247,15405,6,0
2025-02-03 08:00:00,1.02249,1.02556,1.02126,1.0252,17973,6,0
2025-02-03 12:00:00,1.0252,1.03354,1.02417,1.0316,38172,6,0
2025-02-03 16:00:00,1.03161,1.03213,1.02696,1.02845,30559,6,0
2025-02-03 20:00:00,1.02847,1.03503,1.02826,1.0328,12946,6,0
2025-02-04 00:00:00,1.0328,1.0331,1.03084,1.03145,8441,6,0
2025-02-04 04:00:00,1.03145,1.03169,1.02716,1.03112,12830,6,0
2025-02-04 08:00:00,1.03113,1.03492,1.03085,1.0322,14212,6,0
2025-02-04 12:00:00,1.03221,1.03856,1.03198,1.03802,18413,6,0
2025-02-04 16:00:00,1.03799,1.03873,1.03654,1.03818,12271,6,0
2025-02-04 20:00:00,1.03819,1.03875,1.03709,1.03714,4566,6,0
2025-02-05 00:00:00,1.03716,1.03863,1.03696,1.03792,7330,6,0
2025-02-05 04:00:00,1.03792,1.04092,1.03731,1.04023,8371,6,0
2025-02-05 08:00:00,1.04021,1.04302,1.03897,1.04143,14051,6,0
2025-02-05 12:00:00,1.04144,1.04422,1.04014,1.04218,17774,6,0
2025-02-05 16:00:00,1.04216,1.04246,1.04043,1.04071,10205,6,0
2025-02-05 20:00:00,1.0407,1.0407,1.03967,1.03985,4431,6,0
2025-02-06 00:00:00,1.03987,1.0405,1.03895,1.03918,6409,6,0
2025-02-06 04:00:00,1.03918,1.03936,1.03777,1.03797,6453,6,0
2025-02-06 08:00:00,1.03798,1.03808,1.03557,1.03621,11327,6,0
2025-02-06 12:00:00,1.03619,1.03761,1.03524,1.0369,16434,6,0
2025-02-06 16:00:00,1.03687,1.03966,1.03656,1.03844,10392,6,0
2025-02-06 20:00:00,1.03843,1.03906,1.03803,1.03847,3614,6,0
2025-02-07 00:00:00,1.03848,1.03907,1.03742,1.03798,6148,6,0
2025-02-07 04:00:00,1.03798,1.03899,1.03724,1.03888,5900,6,0
2025-02-07 08:00:00,1.03888,1.03997,1.03773,1.03822,8624,6,0
2025-02-07 12:00:00,1.03822,1.04124,1.03274,1.03549,26282,6,0
2025-02-07 16:00:00,1.0355,1.03605,1.03051,1.03319,28960,6,0
2025-02-07 20:00:00,1.0332,1.0338,1.03213,1.03266,3228,6,0
2025-02-09 20:00:00,1.0284,1.03132,1.02817,1.03096,2342,6,0
2025-02-10 00:00:00,1.03095,1.03181,1.02984,1.03114,6304,6,0
2025-02-10 04:00:00,1.03114,1.03252,1.03097,1.03126,6366,6,0
2025-02-10 08:00:00,1.03125,1.03362,1.03065,1.03206,10613,6,0
2025-02-10 12:00:00,1.03203,1.03261,1.03041,1.03149,11031,6,0
2025-02-10 16:00:00,1.0315,1.03181,1.03043,1.03066,7592,6,0
2025-02-10 20:00:00,1.03067,1.03082,1.02983,1.03005,3800,6,0
2025-02-11 00:00:00,1.03007,1.03065,1.02919,1.02978,4896,6,0
2025-02-11 04:00:00,1.02978,1.03102,1.02971,1.03029,5667,6,0
2025-02-11 08:00:00,1.03029,1.03248,1.02996,1.03216,9072,6,0
2025-02-11 12:00:00,1.03215,1.0343,1.03163,1.03397,10603,6,0
2025-02-11 16:00:00,1.03395,1.03812,1.03387,1.03577,10354,6,0
2025-02-11 20:00:00,1.03576,1.03674,1.03571,1.03628,4389,6,0
2025-02-12 00:00:00,1.0363,1.03675,1.03538,1.03619,5055,6,0
2025-02-12 04:00:00,1.03619,1.03789,1.0354700000000001,1.03753,5596,6,0
2025-02-12 08:00:00,1.03755,1.03856,1.03644,1.03751,9899,6,0
2025-02-12 12:00:00,1.03749,1.03825,1.03169,1.0374,24320,6,0
2025-02-12 16:00:00,1.03739,1.04298,1.03499,1.03909,19428,6,0
2025-02-12 20:00:00,1.03908,1.03973,1.038,1.03921,4952,6,0
2025-02-13 00:00:00,1.03921,1.04214,1.03871,1.04187,6580,6,0
2025-02-13 04:00:00,1.04187,1.04397,1.04183,1.04256,9744,6,0
2025-02-13 08:00:00,1.04255,1.04288,1.03923,1.04027,13112,6,0
2025-02-13 12:00:00,1.04027,1.04379,1.03752,1.04331,23849,5,0
2025-02-13 16:00:00,1.04328,1.0445,1.03729,1.04368,23044,6,0
2025-02-13 20:00:00,1.04367,1.0467,1.04353,1.04613,5702,6,0
2025-02-14 00:00:00,1.04613,1.0467,1.04537,1.04584,6115,6,0
2025-02-14 04:00:00,1.04584,1.04717,1.0447,1.04646,7090,6,0
2025-02-14 08:00:00,1.04649,1.04875,1.04628,1.04673,11340,6,0
2025-02-14 12:00:00,1.04671,1.05138,1.04567,1.0507900000000001,16208,6,0
2025-02-14 16:00:00,1.05077,1.05099,1.04939,1.04985,8517,6,0
2025-02-14 20:00:00,1.04983,1.04983,1.04884,1.0491,2222,6,0
2025-02-16 20:00:00,1.0485,1.0493999999999999,1.04839,1.0488,1769,6,0
2025-02-17 00:00:00,1.0488,1.0506,1.04851,1.04943,5736,6,0
2025-02-17 04:00:00,1.04944,1.04979,1.04801,1.04824,7542,6,0
2025-02-17 08:00:00,1.04824,1.0489,1.04708,1.04817,9522,6,0
2025-02-17 12:00:00,1.04818,1.04849,1.04668,1.04791,7932,6,0
2025-02-17 16:00:00,1.04794,1.04847,1.04764,1.04815,3768,6,0
2025-02-17 20:00:00,1.04815,1.04853,1.0477,1.04847,2408,6,0
2025-02-18 00:00:00,1.04847,1.0486,1.04618,1.0463,6044,6,0
2025-02-18 04:00:00,1.0463,1.04689,1.0452,1.04633,6284,6,0
2025-02-18 08:00:00,1.04631,1.04691,1.04545,1.04625,8971,6,0
2025-02-18 12:00:00,1.04626,1.04667,1.04413,1.04658,11624,6,0
2025-02-18 16:00:00,1.04659,1.04693,1.04348,1.04449,7711,6,0
2025-02-18 20:00:00,1.04448,1.04508,1.0441,1.0448,3943,6,0
2025-02-19 00:00:00,1.0448,1.0452,1.04409,1.04512,4903,6,0
2025-02-19 04:00:00,1.04512,1.04611,1.0448,1.0451,5370,6,0
2025-02-19 08:00:00,1.04511,1.04558,1.04184,1.04243,10978,6,0
2025-02-19 12:00:00,1.04243,1.0441,1.04212,1.04238,11779,6,0
2025-02-19 16:00:00,1.04238,1.04322,1.04006,1.04256,9554,6,0
2025-02-19 20:00:00,1.04254,1.04262,1.04194,1.04207,3543,6,0
2025-02-20 00:00:00,1.04206,1.04372,1.04184,1.04309,7227,6,0
2025-02-20 04:00:00,1.04308,1.04342,1.04234,1.04312,6314,6,0
2025-02-20 08:00:00,1.0431,1.04459,1.04285,1.0438,9354,6,0
2025-02-20 12:00:00,1.04381,1.04751,1.0433,1.04737,14884,6,0
2025-02-20 16:00:00,1.04735,1.05031,1.04641,1.05012,9840,6,0
2025-02-20 20:00:00,1.05013,1.05054,1.04942,1.05,4035,6,0
2025-02-21 00:00:00,1.05,1.05043,1.04843,1.05022,6365,6,0
2025-02-21 04:00:00,1.05022,1.05045,1.04876,1.0492,6351,6,0
2025-02-21 08:00:00,1.0492,1.0493999999999999,1.0463,1.04691,11434,6,0
2025-02-21 12:00:00,1.04693,1.04922,1.04523,1.04539,13844,6,0
2025-02-21 16:00:00,1.0454,1.04676,1.0449,1.0462,10262,6,0
2025-02-21 20:00:00,1.04617,1.04642,1.04569,1.04605,2891,6,0
2025-02-23 20:00:00,1.04667,1.04844,1.04601,1.04738,2586,6,0
2025-02-24 00:00:00,1.04738,1.05279,1.04716,1.0519,11274,6,0
2025-02-24 04:00:00,1.0519,1.05203,1.04865,1.04908,8796,6,0
2025-02-24 08:00:00,1.04911,1.04926,1.04634,1.04684,11933,6,0
2025-02-24 12:00:00,1.04682,1.04753,1.04527,1.04688,11879,6,0
2025-02-24 16:00:00,1.04689,1.04856,1.04654,1.04749,10080,6,0
2025-02-24 20:00:00,1.04751,1.04791,1.04601,1.04611,5211,6,0
2025-02-25 00:00:00,1.04613,1.04759,1.04593,1.04728,5024,6,0
2025-02-25 04:00:00,1.04728,1.04799,1.04632,1.04642,6545,6,0
2025-02-25 08:00:00,1.0464,1.04895,1.04561,1.0489,11813,6,0
2025-02-25 12:00:00,1.0489,1.05189,1.0488,1.04982,14057,6,0
2025-02-25 16:00:00,1.04984,1.05179,1.04838,1.05102,10701,6,0
2025-02-25 20:00:00,1.05102,1.05225,1.05087,1.0520100000000001,4667,6,0
2025-02-26 00:00:00,1.05203,1.05246,1.05012,1.05043,6259,6,0
2025-02-26 04:00:00,1.05043,1.05052,1.04868,1.04936,6848,6,0
2025-02-26 08:00:00,1.04935,1.05111,1.04863,1.04912,10841,6,0
2025-02-26 12:00:00,1.0491,1.05087,1.04747,1.05055,14370,6,0
2025-02-26 16:00:00,1.05057,1.05285,1.04817,1.04909,18264,6,0
2025-02-26 20:00:00,1.04907,1.04922,1.04783,1.04878,4231,6,0
2025-02-27 00:00:00,1.04878,1.04878,1.04646,1.04655,5644,6,0
2025-02-27 04:00:00,1.04655,1.04797,1.0459,1.04752,7014,6,0
2025-02-27 08:00:00,1.04754,1.0487,1.047,1.04757,9954,6,0
2025-02-27 12:00:00,1.04757,1.04891,1.04093,1.04149,23167,6,0
2025-02-27 16:00:00,1.0415,1.04179,1.04,1.04042,10342,6,0
2025-02-27 20:00:00,1.04044,1.04082,1.03886,1.03937,4794,6,0
2025-02-28 00:00:00,1.03939,1.04039,1.03801,1.03879,7811,6,0
2025-02-28 04:00:00,1.03879,1.04003,1.03825,1.03958,7246,6,0
2025-02-28 08:00:00,1.03959,1.04076,1.03922,1.03982,9780,6,0
2025-02-28 12:00:00,1.03981,1.04196,1.03929,1.03997,14898,6,0
2025-02-28 16:00:00,1.03994,1.04111,1.03595,1.03676,19301,6,0
2025-02-28 20:00:00,1.03677,1.03768,1.0362,1.0375,4437,6,0
2025-03-02 20:00:00,1.03993,1.04207,1.03963,1.04118,2531,6,0
2025-03-03 00:00:00,1.04117,1.0423,1.04021,1.04167,9175,6,0
2025-03-03 04:00:00,1.04167,1.04202,1.04018,1.04051,7250,6,0
2025-03-03 08:00:00,1.04049,1.04578,1.03884,1.04521,13808,6,0
2025-03-03 12:00:00,1.04521,1.05037,1.04521,1.04843,18627,6,0
2025-03-03 16:00:00,1.04841,1.0504,1.04722,1.04728,15101,6,0
2025-03-03 20:00:00,1.04726,1.04923,1.04662,1.04851,9943,6,0
2025-03-04 00:00:00,1.04851,1.04959,1.04748,1.0477,9497,6,0
2025-03-04 04:00:00,1.0477,1.05004,1.04708,1.04929,10701,6,0
2025-03-04 08:00:00,1.04927,1.05444,1.04861,1.05436,17279,6,0
2025-03-04 12:00:00,1.05438,1.05594,1.04962,1.05263,23842,6,0
2025-03-04 16:00:00,1.0526,1.06018,1.05149,1.06003,20661,6,0
2025-03-04 20:00:00,1.06003,1.0636700000000001,1.06003,1.06229,11183,6,0
2025-03-05 00:00:00,1.06229,1.06274,1.06019,1.0618,13382,6,0
2025-03-05 04:00:00,1.0618,1.0676,1.06151,1.06744,12838,6,0
2025-03-05 08:00:00,1.06742,1.07223,1.06584,1.06786,22114,6,0
2025-03-05 12:00:00,1.06788,1.07767,1.06783,1.07649,33841,6,0
2025-03-05 16:00:00,1.07647,1.07906,1.07607,1.07898,24122,6,0
2025-03-05 20:00:00,1.07898,1.07966,1.07853,1.07937,5349,6,0
2025-03-06 00:00:00,1.07937,1.08199,1.07871,1.07895,10985,6,0
2025-03-06 04:00:00,1.07896,1.0822,1.07839,1.07991,13538,6,0
2025-03-06 08:00:00,1.07991,1.08164,1.07799,1.07988,22786,6,0
2025-03-06 12:00:00,1.07989,1.08535,1.07879,1.08169,34093,6,0
2025-03-06 16:00:00,1.08171,1.08381,1.07657,1.08015,19861,6,0
2025-03-06 20:00:00,1.08015,1.08033,1.07746,1.0787,6225,6,0
2025-03-07 00:00:00,1.07868,1.08147,1.0781,1.08054,8179,6,0
2025-03-07 04:00:00,1.08052,1.08404,1.08027,1.08296,9070,6,0
2025-03-07 08:00:00,1.08297,1.08713,1.08259,1.08493,16223,6,0
2025-03-07 12:00:00,1.0849,1.08885,1.08352,1.08698,33694,6,0
2025-03-07 16:00:00,1.08699,1.08724,1.08255,1.08425,18789,6,0
2025-03-07 20:00:00,1.08425,1.08509,1.08327,1.0833,3600,6,0
2025-03-09 20:00:00,1.08318,1.08651,1.08297,1.08599,3952,6,0
2025-03-10 00:00:00,1.08599,1.0871,1.08299,1.08313,9235,6,0
2025-03-10 04:00:00,1.08315,1.08445,1.08107,1.0822,10064,6,0
2025-03-10 08:00:00,1.08221,1.08744,1.08047,1.08504,26904,6,0
2025-03-10 12:00:00,1.08506,1.08599,1.08206,1.08367,19590,6,0
2025-03-10 16:00:00,1.08365,1.08455,1.08173,1.08312,13185,6,0
2025-03-10 20:00:00,1.08314,1.08432,1.08256,1.08391,3865,6,0
2025-03-11 00:00:00,1.08392,1.08602,1.08389,1.08541,9001,6,0
2025-03-11 04:00:00,1.08541,1.09012,1.08355,1.08904,14708,6,0
2025-03-11 08:00:00,1.08907,1.09205,1.08807,1.09045,18396,6,0
2025-03-11 12:00:00,1.09044,1.09304,1.08949,1.09269,22084,6,0
2025-03-11 16:00:00,1.09269,1.09468,1.09177,1.0919699999999999,13633,6,0
2025-03-11 20:00:00,1.09199,1.09209,1.0907499999999999,1.09139,3444,6,0
2025-03-12 00:00:00,1.09138,1.09154,1.08959,1.08971,5974,6,0
2025-03-12 04:00:00,1.08971,1.09086,1.08873,1.09013,8991,6,0
2025-03-12 08:00:00,1.09012,1.09264,1.08974,1.09008,16573,6,0
2025-03-12 12:00:00,1.09008,1.09313,1.08753,1.09239,26938,5,0
2025-03-12 16:00:00,1.09241,1.09278,1.08796,1.08902,11404,6,0
2025-03-12 20:00:00,1.089,1.08934,1.08833,1.08854,2616,6,0
2025-03-13 00:00:00,1.08854,1.08968,1.08822,1.0884800000000001,5131,6,0
2025-03-13 04:00:00,1.08846,1.08931,1.08594,1.08652,9131,6,0
2025-03-13 08:00:00,1.0865,1.08851,1.08441,1.08558,17731,6,0
2025-03-13 12:00:00,1.08557,1.0878,1.08224,1.08581,24544,5,0
2025-03-13 16:00:00,1.08581,1.08781,1.08475,1.0848200000000001,12120,6,0
2025-03-13 20:00:00,1.08483,1.08555,1.08463,1.08548,3162,6,0
2025-03-14 00:00:00,1.08547,1.08583,1.08341,1.08453,5981,6,0
2025-03-14 04:00:00,1.08452,1.0851,1.08305,1.08388,8281,6,0
2025-03-14 08:00:00,1.08388,1.09126,1.08351,1.08965,22080,6,0
2025-03-14 12:00:00,1.08965,1.09113,1.08655,1.08715,19988,6,0
2025-03-14 16:00:00,1.08714,1.08897,1.08701,1.08826,8702,6,0
2025-03-14 20:00:00,1.08825,1.08855,1.08771,1.08785,976,6,0
2025-03-16 20:00:00,1.08798,1.08849,1.08743,1.08796,2187,6,0
2025-03-17 00:00:00,1.08795,1.089,1.0874,1.08833,5444,6,0
2025-03-17 04:00:00,1.08834,1.08936,1.08682,1.08761,8222,6,0
2025-03-17 08:00:00,1.08762,1.09115,1.08704,1.09017,12155,6,0
2025-03-17 12:00:00,1.09018,1.09294,1.08871,1.0921,15044,6,0
2025-03-17 16:00:00,1.09212,1.09262,1.09113,1.09202,7585,6,0
2025-03-17 20:00:00,1.09205,1.09276,1.09169,1.0918,2671,6,0
2025-03-18 00:00:00,1.0918,1.09209,1.09061,1.09081,4370,6,0
2025-03-18 04:00:00,1.09081,1.09364,1.09033,1.09347,6082,6,0
2025-03-18 08:00:00,1.09346,1.09545,1.09139,1.09162,12670,6,0
2025-03-18 12:00:00,1.09162,1.09338,1.08924,1.09265,17519,6,0
2025-03-18 16:00:00,1.09263,1.09515,1.09231,1.0946,10798,6,0
2025-03-18 20:00:00,1.09459,1.09485,1.09376,1.09384,2768,6,0
2025-03-19 00:00:00,1.09384,1.09449,1.09317,1.0937999999999999,4303,6,0
2025-03-19 04:00:00,1.0937999999999999,1.0937999999999999,1.0873,1.08924,9957,6,0
2025-03-19 08:00:00,1.08925,1.09132,1.08911,1.09079,12946,6,0
2025-03-19 12:00:00,1.09082,1.09173,1.08753,1.08767,13398,6,0
2025-03-19 16:00:00,1.08769,1.0913,1.08603,1.08985,18751,5,0
2025-03-19 20:00:00,1.08984,1.09117,1.08955,1.09117,3153,6,0
2025-03-20 00:00:00,1.09117,1.0917,1.0903100000000001,1.09096,6756,6,0
2025-03-20 04:00:00,1.09096,1.09103,1.08646,1.08788,7430,6,0
2025-03-20 08:00:00,1.0879,1.08853,1.08332,1.0849199999999999,16268,6,0
2025-03-20 12:00:00,1.0849199999999999,1.08557,1.08145,1.08468,16382,6,0
2025-03-20 16:00:00,1.08467,1.08539,1.0839,1.08528,8073,6,0
2025-03-20 20:00:00,1.08529,1.08587,1.085,1.08531,2736,6,0
2025-03-21 00:00:00,1.0853,1.08584,1.08332,1.08345,5497,6,0
2025-03-21 04:00:00,1.08345,1.08417,1.08198,1.08388,7837,6,0
2025-03-21 08:00:00,1.0838700000000001,1.08508,1.08237,1.08504,10855,6,0
2025-03-21 12:00:00,1.08506,1.08612,1.07967,1.0806,15661,6,0
2025-03-21 16:00:00,1.08059,1.0826500000000001,1.08044,1.08177,10224,6,0
2025-03-21 20:00:00,1.08174,1.08174,1.08116,1.08148,1020,6,0
2025-03-23 20:00:00,1.08139,1.08367,1.08125,1.08356,2494,6,0
2025-03-24 00:00:00,1.08356,1.08397,1.08198,1.08199,6232,6,0
2025-03-24 04:00:00,1.082,1.08496,1.08166,1.08378,7800,6,0
2025-03-24 08:00:00,1.08381,1.0858,1.08283,1.08325,12517,6,0
2025-03-24 12:00:00,1.08323,1.08346,1.07902,1.0794,16262,6,0
2025-03-24 16:00:00,1.07937,1.08128,1.07812,1.0802100000000001,11033,6,0
2025-03-24 20:00:00,1.08019,1.08059,1.07939,1.08023,2722,6,0
2025-03-25 00:00:00,1.08023,1.08081,1.07939,1.08028,5206,6,0
2025-03-25 04:00:00,1.0803,1.08087,1.07849,1.07872,6461,6,0
2025-03-25 08:00:00,1.07873,1.08273,1.07767,1.08175,12595,6,0
2025-03-25 12:00:00,1.08177,1.08301,1.07971,1.08031,14297,6,0
2025-03-25 16:00:00,1.08029,1.08166,1.07907,1.07953,8842,6,0
2025-03-25 20:00:00,1.07951,1.07956,1.07852,1.07886,2425,6,0
2025-03-26 00:00:00,1.07888,1.07968,1.0777700000000001,1.07859,5577,6,0
2025-03-26 04:00:00,1.07859,1.07912,1.07775,1.07858,7059,6,0
2025-03-26 08:00:00,1.07861,1.08023,1.07852,1.07918,10790,6,0
2025-03-26 12:00:00,1.07918,1.07951,1.07674,1.07808,16102,6,0
2025-03-26 16:00:00,1.07807,1.07915,1.0743800000000001,1.07509,12199,6,0
2025-03-26 20:00:00,1.07511,1.07564,1.07327,1.0741,4858,6,0
2025-03-27 00:00:00,1.07413,1.07796,1.07404,1.07778,6124,6,0
2025-03-27 04:00:00,1.07778,1.07868,1.07541,1.07643,9125,6,0
2025-03-27 08:00:00,1.07645,1.07994,1.07556,1.07868,14244,6,0
2025-03-27 12:00:00,1.0787,1.08209,1.07763,1.07996,16819,6,0
2025-03-27 16:00:00,1.07996,1.08084,1.07881,1.07948,9373,6,0
2025-03-27 20:00:00,1.07946,1.0802,1.07932,1.08007,2334,6,0
2025-03-28 00:00:00,1.08006,1.08006,1.07882,1.07916,4993,6,0
2025-03-28 04:00:00,1.07917,1.07997,1.07813,1.0787,6496,6,0
2025-03-28 08:00:00,1.07867,1.07963,1.07641,1.07714,10967,6,0
2025-03-28 12:00:00,1.07715,1.08443,1.07651,1.0825,19193,6,0
2025-03-28 16:00:00,1.0824799999999999,1.08328,1.08118,1.08253,9709,6,0
2025-03-28 20:00:00,1.08251,1.08359,1.08249,1.08302,1149,6,0
2025-03-30 20:00:00,1.08273,1.08291,1.08043,1.08234,3873,6,0
