Date,Open,High,Low,Close,Volume,spread,real_volume
2018-07-03,1.31416,1.32062,1.31145,1.31938,55362,50,0
2018-07-04,1.31936,1.3249,1.31708,1.32276,49387,50,0
2018-07-05,1.32276,1.32739,1.32038,1.32214,56867,50,0
2018-07-06,1.32215,1.32898,1.32031,1.3285,47666,50,0
2018-07-08,1.3317999999999999,1.33196,1.3285,1.32945,3168,50,0
2018-07-09,1.32941,1.33623,1.31886,1.3253599999999999,59844,50,0
2018-07-10,1.32535,1.33007,1.32232,1.3258,55487,50,0
2018-07-11,1.32578,1.32851,1.31994,1.3206,62251,50,0
2018-07-12,1.32059,1.32443,1.31688,1.31781,54386,50,0
2018-07-13,1.3178,1.3237700000000001,1.31025,1.32331,50755,50,0
2018-07-15,1.32274,1.32306,1.32233,1.32267,1882,50,0
2018-07-16,1.32266,1.32924,1.32168,1.3235999999999999,47501,50,0
2018-07-17,1.3235700000000001,1.3268499999999999,1.30686,1.31045,57523,50,0
2018-07-18,1.31047,1.31165,1.30101,1.30773,55544,50,0
2018-07-19,1.30771,1.30826,1.29575,1.30216,61040,50,0
2018-07-20,1.30215,1.31395,1.29948,1.31289,56548,50,0
2018-07-22,1.3124,1.3147,1.31192,1.31456,3232,50,0
2018-07-23,1.31455,1.31579,1.30823,1.31026,50818,50,0
2018-07-24,1.31025,1.31589,1.30708,1.3149,52124,50,0
2018-07-25,1.31491,1.32002,1.31329,1.31988,55642,50,0
2018-07-26,1.31989,1.32128,1.3101,1.31082,51673,50,0
2018-07-27,1.31079,1.31305,1.30823,1.30983,43091,50,0
2018-07-29,1.31058,1.31102,1.3096999999999999,1.3109600000000001,3449,50,0
2018-07-30,1.31095,1.31517,1.3096999999999999,1.31354,41679,50,0
2018-07-31,1.31354,1.31723,1.30899,1.31183,50574,50,0
2018-08-01,1.31182,1.3143799999999999,1.30951,1.31242,45739,50,0
2018-08-02,1.31241,1.31251,1.30121,1.30158,53178,50,0
2018-08-03,1.30158,1.30426,1.29752,1.29992,48020,50,0
2018-08-05,1.3002,1.30047,1.2998,1.30014,2895,50,0
2018-08-06,1.30014,1.30046,1.29197,1.29434,41899,50,0
2018-08-07,1.29432,1.2973,1.29238,1.2945,44313,50,0
2018-08-08,1.2945,1.29595,1.28536,1.2877100000000001,47327,50,0
2018-08-09,1.2877,1.29115,1.28167,1.28281,50919,50,0
2018-08-10,1.28282,1.28361,1.27229,1.27681,64434,50,0
2018-08-12,1.2757399999999999,1.2775699999999999,1.27416,1.27592,4891,50,0
2018-08-13,1.27594,1.2791000000000001,1.2730000000000001,1.27587,60190,50,0
2018-08-14,1.27586,1.28268,1.27045,1.27176,58972,50,0
2018-08-15,1.27175,1.27347,1.26616,1.26924,59683,50,0
2018-08-16,1.26923,1.2753700000000001,1.26852,1.2711999999999999,60334,50,0
2018-08-17,1.27119,1.27525,1.26977,1.27477,52086,50,0
2018-08-19,1.27482,1.27492,1.27421,1.2746,2472,50,0
2018-08-20,1.27459,1.28042,1.27292,1.28039,47869,50,0
2018-08-21,1.28037,1.29243,1.27986,1.2904900000000001,57599,50,0
2018-08-22,1.2904900000000001,1.29358,1.28685,1.29054,53614,50,0
2018-08-23,1.29052,1.29092,1.28012,1.28091,53860,50,0
2018-08-24,1.28087,1.2880099999999999,1.27991,1.28472,49897,50,0
2018-08-26,1.28439,1.2860800000000001,1.28355,1.28578,3657,50,0
2018-08-27,1.28577,1.29007,1.28286,1.2897,46197,50,0
2018-08-28,1.28967,1.29315,1.28613,1.28689,53799,50,0
2018-08-29,1.28689,1.30359,1.28451,1.3035700000000001,61501,50,0
2018-08-30,1.30354,1.30424,1.29851,1.30109,57437,50,0
2018-08-31,1.30108,1.30282,1.29448,1.2956400000000001,57070,50,0
2018-09-02,1.29402,1.29402,1.29112,1.29211,4134,50,0
2018-09-03,1.2921,1.29333,1.28548,1.2867899999999999,48197,50,0
2018-09-04,1.2867899999999999,1.28705,1.28097,1.28574,56299,50,0
2018-09-05,1.28575,1.29823,1.2785199999999999,1.29141,61924,50,0
2018-09-06,1.2913999999999999,1.29614,1.28955,1.29244,57261,50,0
2018-09-07,1.29244,1.30278,1.29081,1.2917,61400,50,0
2018-09-09,1.2917399999999999,1.2928600000000001,1.29153,1.29285,2407,50,0
2018-09-10,1.2928600000000001,1.30511,1.28962,1.30266,55566,50,0
2018-09-11,1.30264,1.30869,1.29641,1.30158,58297,50,0
2018-09-12,1.30158,1.3081,1.29794,1.30441,57798,50,0
2018-09-13,1.30439,1.31226,1.30256,1.311,56565,50,0
2018-09-14,1.311,1.31405,1.30564,1.30666,55996,50,0
2018-09-16,1.30682,1.30749,1.3066499999999999,1.30707,3142,50,0
2018-09-17,1.30708,1.3164500000000001,1.30697,1.31453,58602,50,0
2018-09-18,1.31452,1.31737,1.31188,1.31665,63592,50,0
2018-09-19,1.31664,1.32144,1.30957,1.314,67191,50,0
2018-09-20,1.314,1.32977,1.31388,1.32699,63534,50,0
2018-09-21,1.32698,1.32763,1.30549,1.3078,62725,50,0
2018-09-23,1.30789,1.30836,1.30705,1.30793,3393,50,0
2018-09-24,1.30792,1.31664,1.30627,1.31158,55895,50,0
2018-09-25,1.3115700000000001,1.31932,1.3094999999999999,1.31795,58726,50,0
2018-09-26,1.3179400000000001,1.32168,1.31383,1.31699,61447,50,0
2018-09-27,1.31696,1.31778,1.30731,1.3075700000000001,63056,50,0
2018-09-28,1.30758,1.309,1.30006,1.303,55534,50,0
2018-09-30,1.3034,1.30386,1.30304,1.30379,1602,50,0
2018-10-01,1.30379,1.31112,1.30119,1.3042799999999999,55860,50,0
2018-10-02,1.3042799999999999,1.30481,1.2940800000000001,1.29789,58001,50,0
2018-10-03,1.29789,1.30222,1.29237,1.29397,67777,50,0
2018-10-04,1.29395,1.30409,1.29219,1.30223,66446,50,0
2018-10-05,1.30222,1.3121800000000001,1.30033,1.31143,62095,50,0
2018-10-07,1.31189,1.3129,1.31177,1.3125499999999999,2854,50,0
2018-10-08,1.31257,1.31323,1.30281,1.3092,56893,50,0
2018-10-09,1.30921,1.31566,1.30329,1.31565,64546,50,0
2018-10-10,1.31563,1.32155,1.31363,1.32043,65294,50,0
2018-10-11,1.32042,1.32456,1.31818,1.32331,76650,50,0
2018-10-12,1.32332,1.32574,1.31463,1.3152300000000001,64198,50,0
2018-10-14,1.3132,1.3132,1.30897,1.31024,4179,50,0
2018-10-15,1.31025,1.31812,1.31012,1.31537,63793,50,0
2018-10-16,1.31536,1.32358,1.31407,1.31872,65495,50,0
2018-10-17,1.31873,1.31922,1.30931,1.3101,65865,50,0
2018-10-18,1.31009,1.31311,1.30159,1.3018,66389,50,0
2018-10-19,1.30182,1.31017,1.30111,1.3066200000000001,62492,50,0
2018-10-21,1.30687,1.30721,1.30575,1.30661,2484,50,0
2018-10-22,1.3066200000000001,1.30898,1.29563,1.29648,62544,50,0
2018-10-23,1.29647,1.30437,1.2937,1.29793,68627,50,0
2018-10-24,1.29791,1.299,1.2867,1.28837,70053,50,0
2018-10-25,1.28837,1.29184,1.2796,1.28206,68843,50,0
2018-10-26,1.28205,1.28409,1.27768,1.2827600000000001,70364,50,0
2018-10-28,1.28235,1.28348,1.28219,1.28305,2234,50,0
2018-10-29,1.28304,1.2852299999999999,1.2792,1.28016,64034,50,0
2018-10-30,1.28016,1.2812000000000001,1.2696,1.27072,63199,50,0
2018-10-31,1.2707,1.2830300000000001,1.27004,1.27672,65255,50,0
2018-11-01,1.27672,1.30337,1.27645,1.30024,73829,50,0
2018-11-02,1.30023,1.30405,1.29513,1.2965200000000001,64315,50,0
2018-11-04,1.30072,1.3017400000000001,1.3,1.30056,3002,50,0
2018-11-05,1.3005499999999999,1.30667,1.29644,1.30573,62131,50,0
2018-11-06,1.30573,1.31122,1.30209,1.31122,63974,50,0
2018-11-07,1.31122,1.31738,1.3073000000000001,1.31269,74538,50,0
2018-11-08,1.3127,1.31495,1.3045,1.30656,68997,50,0
2018-11-09,1.30656,1.30675,1.29578,1.29746,65514,50,0
2018-11-11,1.29172,1.2937400000000001,1.29094,1.2937400000000001,4039,50,0
2018-11-12,1.2937400000000001,1.29463,1.2827,1.28545,71700,50,0
2018-11-13,1.28544,1.30464,1.2852000000000001,1.30149,79512,50,0
2018-11-14,1.3014999999999999,1.30712,1.28807,1.29839,89408,50,0
2018-11-15,1.2984,1.30294,1.27238,1.27657,91765,50,0
2018-11-16,1.27656,1.2877100000000001,1.27649,1.28257,72681,50,0
2018-11-18,1.28335,1.28487,1.28254,1.28336,2960,50,0
2018-11-19,1.28336,1.2883200000000001,1.27928,1.28562,65255,50,0
2018-11-20,1.28563,1.28821,1.2776,1.27875,65788,50,0
2018-11-21,1.27874,1.28192,1.27638,1.2776399999999999,61930,50,0
2018-11-22,1.2776399999999999,1.2926199999999999,1.27716,1.28761,54771,50,0
2018-11-23,1.28758,1.2882,1.27987,1.28099,56518,50,0
2018-11-25,1.2824,1.28255,1.2811,1.2812700000000001,3180,50,0
2018-11-26,1.28128,1.28633,1.27951,1.28125,60879,50,0
2018-11-27,1.28125,1.28192,1.27249,1.27416,70056,50,0
2018-11-28,1.27416,1.28465,1.27319,1.28224,68019,50,0
2018-11-29,1.28224,1.2849300000000001,1.27551,1.27841,66466,50,0
2018-11-30,1.27841,1.28091,1.27341,1.27506,62296,50,0
2018-12-02,1.27738,1.27766,1.27324,1.27508,3369,50,0
2018-12-03,1.27509,1.2824200000000001,1.26987,1.27248,66014,50,0
2018-12-04,1.27249,1.28388,1.26585,1.27189,75091,50,0
2018-12-05,1.27188,1.27977,1.26711,1.27247,66109,50,0
2018-12-06,1.27246,1.28106,1.26993,1.27786,74779,50,0
2018-12-07,1.27794,1.27897,1.27108,1.27306,64436,50,0
2018-12-09,1.27021,1.27245,1.27011,1.2719,4026,50,0
2018-12-10,1.2719,1.27586,1.2506599999999999,1.25598,77195,50,0
2018-12-11,1.25597,1.2637399999999999,1.24795,1.24922,75421,50,0
2018-12-12,1.24921,1.26707,1.24763,1.26244,81538,50,0
2018-12-13,1.2624,1.2686,1.26097,1.2652999999999999,66709,50,0
2018-12-14,1.2653400000000001,1.2653699999999999,1.25278,1.25849,63145,50,0
2018-12-16,1.25971,1.26013,1.2575,1.25843,3905,50,0
2018-12-17,1.25842,1.26465,1.25746,1.26144,65959,50,0
2018-12-18,1.26143,1.27051,1.26099,1.2654,69198,50,0
2018-12-19,1.26541,1.26784,1.26068,1.26257,75109,50,0
2018-12-20,1.2625600000000001,1.27063,1.26129,1.2668599999999999,76958,50,0
2018-12-21,1.26687,1.2697,1.26176,1.26303,71456,50,0
2018-12-23,1.26327,1.26493,1.26327,1.2649,3563,50,0
2018-12-24,1.2649599999999999,1.27379,1.2634699999999999,1.27164,51827,50,0
2018-12-26,1.26861,1.2718,1.26298,1.2647300000000001,47340,50,0
2018-12-27,1.26472,1.26742,1.26157,1.26447,77328,50,0
2018-12-28,1.26446,1.27066,1.26349,1.26975,57760,50,0
2018-12-30,1.26976,1.27045,1.26883,1.26898,3245,50,0
2018-12-31,1.2689599999999999,1.28142,1.268,1.27534,51596,50,0
2019-01-02,1.27526,1.27725,1.2497099999999999,1.25153,66510,50,0
2019-01-03,1.2515399999999999,1.26471,1.25149,1.26275,74432,50,0
2019-01-04,1.26274,1.27442,1.26159,1.27224,66992,50,0
2019-01-06,1.2723,1.27392,1.27157,1.27324,3182,50,0
2019-01-07,1.2732299999999999,1.27877,1.27206,1.27847,57796,50,0
2019-01-08,1.27848,1.27969,1.27067,1.27375,62340,50,0
2019-01-09,1.27386,1.28033,1.27154,1.27981,70286,50,0
2019-01-10,1.27984,1.28006,1.27277,1.27529,65310,50,0
2019-01-11,1.27528,1.28653,1.27097,1.28381,66535,50,0
2019-01-13,1.28481,1.28625,1.28453,1.2848,3247,50,0
2019-01-14,1.28479,1.29298,1.28185,1.28743,67282,50,0
2019-01-15,1.28744,1.29149,1.26687,1.28712,78724,50,0
2019-01-16,1.28711,1.28967,1.2824900000000001,1.28856,70540,50,0
2019-01-17,1.28868,1.30004,1.2832,1.29827,69140,50,0
2019-01-18,1.29827,1.29925,1.28569,1.28741,62437,50,0
2019-01-20,1.28693,1.2877,1.28494,1.28514,3350,50,0
2019-01-21,1.2851,1.29102,1.2830300000000001,1.28902,53814,50,0
2019-01-22,1.28901,1.2974999999999999,1.28551,1.29558,64836,50,0
2019-01-23,1.29558,1.30811,1.2941799999999999,1.30811,66199,50,0
2019-01-24,1.30813,1.31195,1.30121,1.31177,69286,50,0
2019-01-25,1.31186,1.3216700000000001,1.30617,1.31995,69121,50,0
2019-01-27,1.31798,1.32096,1.31798,1.32074,3299,50,0
2019-01-28,1.32076,1.32087,1.3136999999999999,1.31593,56446,50,0
2019-01-29,1.31597,1.31994,1.3056,1.30779,67866,50,0
2019-01-30,1.30792,1.3145,1.30542,1.31162,64616,50,0
2019-01-31,1.31161,1.31593,1.30964,1.31084,60800,50,0
2019-02-01,1.31082,1.31146,1.30431,1.30793,56288,50,0
2019-02-03,1.30673,1.308,1.30584,1.3076699999999999,3059,50,0
2019-02-04,1.30766,1.3103099999999999,1.30259,1.30266,54524,50,0
2019-02-05,1.30263,1.30508,1.29244,1.29563,53020,50,0
2019-02-06,1.2956699999999999,1.29789,1.29247,1.29334,55611,50,0
2019-02-07,1.29334,1.2995700000000001,1.28542,1.29483,57899,50,0
2019-02-08,1.29485,1.29755,1.2921,1.29422,50114,50,0
2019-02-10,1.29407,1.29423,1.29263,1.29363,2577,50,0
2019-02-11,1.29365,1.29385,1.28448,1.28633,55325,50,0
2019-02-12,1.28636,1.2909,1.28326,1.28908,53854,50,0
2019-02-13,1.28908,1.29582,1.2843499999999999,1.28546,57806,50,0
2019-02-14,1.28545,1.28773,1.27726,1.27978,59759,50,0
2019-02-15,1.27977,1.28972,1.27844,1.28883,54670,50,0
2019-02-17,1.2911000000000001,1.29134,1.28996,1.29041,2941,50,0
2019-02-18,1.2904,1.29383,1.28913,1.29227,53729,50,0
2019-02-19,1.2922500000000001,1.30725,1.28955,1.30591,57410,50,0
2019-02-20,1.3059,1.31086,1.30115,1.3044,59378,50,0
2019-02-21,1.30439,1.3094700000000001,1.30258,1.30399,61921,50,0
2019-02-22,1.30402,1.30796,1.29676,1.30546,53841,50,0
2019-02-24,1.30598,1.30722,1.30556,1.30644,3591,50,0
2019-02-25,1.30644,1.31333,1.30507,1.3126,58020,50,0
2019-02-26,1.31265,1.32878,1.31223,1.3258,67981,50,0
2019-02-27,1.32588,1.3349199999999999,1.3233,1.33171,67465,50,0
2019-02-28,1.33173,1.33193,1.3253300000000001,1.32641,61774,50,0
2019-03-01,1.3264,1.32862,1.31717,1.32053,58416,50,0
2019-03-03,1.32572,1.3267,1.3229600000000001,1.32371,3838,50,0
2019-03-04,1.3237,1.32539,1.31663,1.3178,56447,50,0
2019-03-05,1.3178,1.31981,1.30979,1.3155299999999999,59708,50,0
2019-03-06,1.31554,1.31807,1.31237,1.31802,57476,50,0
2019-03-07,1.31803,1.31848,1.30675,1.30904,61854,50,0
2019-03-08,1.30902,1.3108,1.2989600000000001,1.30151,60186,50,0
2019-03-10,1.29678,1.2993999999999999,1.29678,1.29843,3195,50,0
2019-03-11,1.2984200000000001,1.32626,1.29597,1.32453,63162,50,0
2019-03-12,1.32452,1.32458,1.30041,1.30639,66391,50,0
2019-03-13,1.3063799999999999,1.3379699999999999,1.30627,1.32867,61385,50,0
2019-03-14,1.32867,1.3330600000000001,1.32057,1.32572,64484,50,0
2019-03-15,1.32571,1.32999,1.32026,1.32928,52872,50,0
2019-03-17,1.3290199999999999,1.32999,1.32895,1.32958,2507,50,0
2019-03-18,1.32959,1.32995,1.31843,1.32638,54588,50,0
2019-03-19,1.32641,1.33106,1.32397,1.3268900000000001,53502,50,0
2019-03-20,1.3269,1.3269,1.31456,1.32042,61373,50,0
2019-03-21,1.3204099999999999,1.32269,1.30037,1.31295,64428,50,0
2019-03-22,1.31294,1.3223099999999999,1.30806,1.32089,58886,50,0
2019-03-24,1.32094,1.32164,1.31973,1.32054,2788,50,0
2019-03-25,1.32054,1.32457,1.31596,1.32121,59362,50,0
2019-03-26,1.32122,1.3261,1.31576,1.32096,58854,50,0
2019-03-27,1.32094,1.32688,1.31425,1.31516,66173,50,0
2019-03-28,1.31509,1.31981,1.30342,1.30534,62799,50,0
2019-03-29,1.30533,1.31353,1.29767,1.30336,58095,50,0
2019-03-31,1.30343,1.30379,1.30165,1.3021,3136,50,0
2019-04-01,1.30209,1.3149199999999999,1.30091,1.30674,57222,50,0
2019-04-02,1.30673,1.31491,1.30134,1.31263,60219,50,0
2019-04-03,1.31263,1.31956,1.31189,1.31757,58680,50,0
2019-04-04,1.31757,1.31903,1.30598,1.30732,54419,50,0
2019-04-05,1.30731,1.3121,1.29868,1.30361,48632,50,0
2019-04-07,1.30319,1.30381,1.3023500000000001,1.30381,2793,50,0
2019-04-08,1.3038,1.30737,1.3033299999999999,1.30609,50622,50,0
2019-04-09,1.3060800000000001,1.31202,1.30301,1.3054700000000001,52398,50,0
2019-04-10,1.30546,1.31195,1.30477,1.30973,53284,50,0
2019-04-11,1.30972,1.31083,1.30506,1.3054700000000001,50870,50,0
2019-04-12,1.30545,1.31323,1.30502,1.30697,47083,50,0
2019-04-14,1.30731,1.30833,1.3068,1.30832,2761,50,0
2019-04-15,1.3083,1.3118699999999999,1.30782,1.30989,48089,50,0
2019-04-16,1.30989,1.31003,1.3038699999999999,1.30434,49439,50,0
2019-04-17,1.30435,1.3067,1.30283,1.30377,47390,50,0
2019-04-18,1.30378,1.30522,1.29782,1.29916,52759,50,0
2019-04-19,1.29916,1.30053,1.2983,1.29887,42249,50,0
2019-04-21,1.29901,1.29952,1.2986,1.29914,2931,50,0
2019-04-22,1.29913,1.29975,1.29749,1.29807,21623,50,0
2019-04-23,1.29806,1.30183,1.29275,1.29373,33758,50,0
2019-04-24,1.29372,1.2962799999999999,1.28877,1.2903,37095,50,0
2019-04-25,1.29029,1.29163,1.28656,1.2894,35757,50,0
2019-04-26,1.2894,1.2943,1.28766,1.29159,32481,50,0
2019-04-28,1.29206,1.29237,1.29173,1.29188,2747,50,0
2019-04-29,1.29188,1.29466,1.29048,1.29314,30936,50,0
2019-04-30,1.2931300000000001,1.3048199999999999,1.29264,1.3039399999999999,36574,50,0
2019-05-01,1.30392,1.31019,1.30332,1.30528,32392,50,0
2019-05-02,1.30529,1.30798,1.30175,1.30316,34397,50,0
2019-05-03,1.30317,1.31759,1.29884,1.31737,33320,50,0
2019-05-05,1.31442,1.31696,1.31442,1.31503,3843,50,0
2019-05-06,1.31504,1.31504,1.30812,1.30972,32248,50,0
2019-05-07,1.30971,1.3131300000000001,1.3039399999999999,1.30673,33491,50,0
2019-05-08,1.30671,1.308,1.29866,1.30073,35497,50,0
2019-05-09,1.30076,1.30356,1.29671,1.3008600000000001,36111,50,0
2019-05-10,1.30088,1.30471,1.2990300000000001,1.30008,31750,50,0
2019-05-12,1.2998,1.3011599999999999,1.2998,1.30077,2897,50,0
2019-05-13,1.30078,1.30403,1.2941099999999999,1.29629,32425,50,0
2019-05-14,1.29631,1.29698,1.29026,1.29062,31939,50,0
2019-05-15,1.29063,1.29227,1.28258,1.28465,32816,50,0
2019-05-16,1.28465,1.28516,1.2787600000000001,1.27963,30248,50,0
2019-05-17,1.27965,1.2797,1.27138,1.2717399999999999,30431,50,0
2019-05-19,1.27301,1.27332,1.27249,1.2730299999999999,3144,50,0
2019-05-20,1.27301,1.27569,1.27146,1.27275,29274,50,0
2019-05-21,1.27275,1.28041,1.26849,1.27068,36072,50,0
2019-05-22,1.27068,1.27192,1.26241,1.26631,33469,50,0
2019-05-23,1.2663,1.26833,1.2605,1.26626,36010,50,0
2019-05-24,1.26627,1.27319,1.26472,1.27122,30835,50,0
2019-05-26,1.27258,1.27277,1.27168,1.27227,2810,50,0
2019-05-27,1.27224,1.27475,1.26667,1.26807,27710,50,0
2019-05-28,1.26807,1.27008,1.2650299999999999,1.26585,32863,50,0
2019-05-29,1.26584,1.26707,1.26116,1.26288,34073,50,0
2019-05-30,1.26289,1.26397,1.25794,1.2606600000000001,29990,50,0
2019-05-31,1.26062,1.26441,1.25583,1.26312,32661,50,0
2019-06-02,1.26296,1.26388,1.26248,1.26388,2822,50,0
2019-06-03,1.26386,1.26739,1.26102,1.26633,33906,50,0
2019-06-04,1.26632,1.2713999999999999,1.2642,1.27029,35197,50,0
2019-06-05,1.27029,1.2743,1.268,1.2687599999999999,36430,50,0
2019-06-06,1.2687599999999999,1.27414,1.26682,1.26944,36167,50,0
2019-06-07,1.26945,1.27625,1.26884,1.27362,30729,50,0
2019-06-09,1.27347,1.27359,1.2720500000000001,1.27218,3061,50,0
2019-06-10,1.27219,1.27272,1.26525,1.2690299999999999,32192,50,0
2019-06-11,1.26905,1.27317,1.26696,1.2723900000000001,35424,50,0
2019-06-12,1.2724,1.27582,1.26814,1.26924,35751,50,0
2019-06-13,1.26923,1.27073,1.26615,1.2679,33621,50,0
2019-06-14,1.26789,1.26818,1.25799,1.2589299999999999,34332,50,0
2019-06-16,1.25792,1.25943,1.25781,1.25934,2844,50,0
2019-06-17,1.25934,1.2604899999999999,1.25285,1.25409,30070,50,0
2019-06-18,1.25408,1.25686,1.2506,1.25657,39326,50,0
2019-06-19,1.25656,1.26733,1.25424,1.2652700000000001,38835,50,0
2019-06-20,1.26526,1.27268,1.26519,1.2707,46155,50,0
2019-06-21,1.2707,1.27464,1.26422,1.27441,39488,50,0
2019-06-23,1.2736399999999999,1.27516,1.27305,1.27516,3149,50,0
2019-06-24,1.2751299999999999,1.27661,1.2708300000000001,1.27385,32846,50,0
2019-06-25,1.27386,1.27823,1.26718,1.2690000000000001,41654,50,0
2019-06-26,1.26898,1.2707,1.26626,1.26946,40178,50,0
2019-06-27,1.26945,1.27243,1.26616,1.26732,33037,50,0
2019-06-28,1.26733,1.27343,1.2665,1.26971,27558,50,0
2019-06-30,1.27007,1.27019,1.26904,1.26931,1832,50,0
2019-07-01,1.26929,1.2705199999999999,1.26316,1.26441,29349,50,0
2019-07-02,1.26443,1.26456,1.25839,1.25969,28678,50,0
2019-07-03,1.25971,1.25998,1.2557,1.25824,26396,50,0
2019-07-04,1.25823,1.25909,1.25684,1.25819,21279,50,0
2019-07-05,1.25821,1.25872,1.2481,1.25268,24205,50,0
2019-07-07,1.25265,1.2528299999999999,1.2523,1.2524,728,50,0
2019-07-08,1.25241,1.25393,1.24996,1.2515,20157,50,0
2019-07-09,1.2515100000000001,1.25179,1.2439,1.24573,24390,50,0
2019-07-10,1.24572,1.25206,1.24436,1.25058,28177,50,0
2019-07-11,1.2505899999999999,1.25705,1.25052,1.25203,29659,50,0
2019-07-12,1.25204,1.25786,1.25202,1.25753,24859,50,0
2019-07-14,1.25711,1.2576800000000001,1.25621,1.25704,1073,50,0
2019-07-15,1.2570700000000001,1.25758,1.25098,1.2516,20976,50,0
2019-07-16,1.25161,1.2519,1.23959,1.24093,28108,50,0
2019-07-17,1.24094,1.2456,1.23817,1.24338,25830,50,0
2019-07-18,1.24337,1.2558,1.24278,1.2542499999999999,30688,50,0
2019-07-19,1.25423,1.2554400000000001,1.24763,1.2503600000000001,24432,50,0
2019-07-21,1.24929,1.25136,1.24894,1.25112,1389,50,0
2019-07-22,1.25111,1.25131,1.24554,1.24718,22889,50,0
2019-07-23,1.24719,1.24814,1.2417799999999999,1.2437,26879,50,0
2019-07-24,1.24369,1.25218,1.24262,1.2485,25614,50,0
2019-07-25,1.2484899999999999,1.25176,1.24365,1.24525,29053,50,0
2019-07-26,1.24523,1.24592,1.23761,1.23823,22801,50,0
2019-07-28,1.23753,1.2382,1.2375,1.2375,906,50,0
2019-07-29,1.2375099999999999,1.23806,1.22121,1.22162,27281,50,0
2019-07-30,1.22159,1.22212,1.21185,1.21573,34171,50,0
2019-07-31,1.2157,1.2248999999999999,1.21343,1.21529,39149,50,0
2019-08-01,1.2153,1.21708,1.20794,1.21233,42085,50,0
2019-08-02,1.21234,1.21691,1.20903,1.21612,36952,50,0
2019-08-04,1.21599,1.21599,1.21457,1.21499,1615,50,0
2019-08-05,1.21498,1.21879,1.21015,1.21564,41731,50,0
2019-08-06,1.2156,1.2209,1.21369,1.21699,36828,50,0
2019-08-07,1.21701,1.21903,1.21212,1.21399,40573,50,0
2019-08-08,1.21398,1.21821,1.20946,1.21424,34768,50,0
2019-08-09,1.21423,1.21473,1.20237,1.20261,29770,50,0
2019-08-11,1.20486,1.20493,1.20149,1.20194,2149,50,0
2019-08-12,1.20193,1.21058,1.20171,1.20773,32456,50,0
2019-08-13,1.2077499999999999,1.20973,1.20418,1.20625,35098,50,0
2019-08-14,1.2062599999999999,1.21002,1.20449,1.20597,33551,50,0
2019-08-15,1.20596,1.21502,1.20504,1.20906,37123,50,0
2019-08-16,1.20905,1.2175,1.20815,1.21462,29163,50,0
2019-08-18,1.2153,1.21598,1.21446,1.21581,1423,50,0
2019-08-19,1.21578,1.2172,1.21046,1.21277,26577,50,0
2019-08-20,1.21279,1.21789,1.2064300000000001,1.21616,33751,50,0
2019-08-21,1.21619,1.21747,1.21118,1.21314,29803,50,0
2019-08-22,1.21313,1.22727,1.21083,1.22508,37605,50,0
2019-08-23,1.22507,1.22935,1.21943,1.22884,34644,50,0
2019-08-25,1.22699,1.2284,1.22601,1.22604,2658,50,0
2019-08-26,1.22605,1.22847,1.22077,1.22215,33404,50,0
2019-08-27,1.22214,1.23093,1.22086,1.22801,32687,50,0
2019-08-28,1.22802,1.22874,1.21558,1.22172,38543,50,0
2019-08-29,1.22173,1.22318,1.21721,1.21833,30729,50,0
2019-08-30,1.21835,1.2225,1.21391,1.21628,31558,50,0
2019-09-01,1.2156,1.21639,1.21439,1.2158,1532,50,0
2019-09-02,1.21582,1.21741,1.20359,1.20642,27608,50,0
2019-09-03,1.2064300000000001,1.21052,1.1957,1.20905,43676,50,0
2019-09-04,1.20904,1.22557,1.20848,1.22458,40833,50,0
2019-09-05,1.22457,1.23533,1.22101,1.23236,38584,50,0
2019-09-06,1.23237,1.23432,1.22794,1.2286299999999999,32231,50,0
2019-09-08,1.22723,1.22881,1.22693,1.22841,1284,50,0
2019-09-09,1.2284,1.23844,1.22332,1.23455,33568,50,0
2019-09-10,1.23453,1.23789,1.23069,1.23571,28749,50,0
2019-09-11,1.23569,1.23702,1.23123,1.23342,30228,50,0
2019-09-12,1.2334100000000001,1.23664,1.22833,1.23287,35941,50,0
2019-09-13,1.23289,1.25054,1.2327,1.25,32140,50,0
2019-09-15,1.24866,1.2502499999999999,1.24861,1.2496,1615,50,0
2019-09-16,1.24958,1.24976,1.23988,1.24251,30026,50,0
2019-09-17,1.2425,1.2526,1.2392400000000001,1.25009,28406,50,0
2019-09-18,1.25011,1.25116,1.24391,1.24689,34315,50,0
2019-09-19,1.2469000000000001,1.25598,1.24376,1.25225,34509,50,0
2019-09-20,1.25226,1.25807,1.24596,1.24712,33805,50,0
2019-09-22,1.24652,1.24732,1.24644,1.24697,1304,50,0
2019-09-23,1.24698,1.24903,1.24128,1.24329,28606,50,0
2019-09-24,1.24328,1.2502499999999999,1.2414100000000001,1.24848,31391,50,0
2019-09-25,1.24846,1.2487,1.23475,1.23582,30231,50,0
2019-09-26,1.23581,1.23794,1.23026,1.23281,29086,50,0
2019-09-27,1.23282,1.23362,1.22711,1.22884,25960,50,0
2019-09-29,1.22892,1.22956,1.22875,1.22922,1100,50,0
2019-09-30,1.22919,1.2345,1.22753,1.22889,26862,50,0
2019-10-01,1.22891,1.23311,1.22055,1.22911,35890,50,0
2019-10-02,1.2291,1.23232,1.22267,1.23041,32216,50,0
2019-10-03,1.23039,1.24127,1.22665,1.2341199999999999,33618,50,0
2019-10-04,1.23411,1.23565,1.2276,1.23346,27010,50,0
2019-10-06,1.23208,1.23343,1.23145,1.23343,1000,50,0
2019-10-07,1.23342,1.23363,1.22852,1.22874,24598,50,0
2019-10-08,1.22875,1.23022,1.2195,1.22195,32469,50,0
2019-10-09,1.22194,1.22859,1.21977,1.22115,29704,50,0
2019-10-10,1.22113,1.2468,1.22085,1.24304,47495,50,0
2019-10-11,1.24305,1.27065,1.24132,1.26479,54564,50,0
2019-10-13,1.26329,1.26433,1.26144,1.2616399999999999,1888,50,0
2019-10-14,1.26166,1.26493,1.25173,1.26088,42289,50,0
2019-10-15,1.26087,1.28,1.26028,1.27595,64168,50,0
2019-10-16,1.27594,1.2875,1.2658,1.2819099999999999,65883,50,0
2019-10-17,1.28189,1.29866,1.27494,1.2864200000000001,62141,50,0
2019-10-18,1.28644,1.29757,1.28394,1.29756,43433,50,0
2019-10-20,1.29463,1.29465,1.2876,1.29029,3405,50,0
2019-10-21,1.29031,1.30122,1.28881,1.29712,37788,50,0
2019-10-22,1.29711,1.29999,1.28621,1.28834,46618,50,0
2019-10-23,1.2883499999999999,1.29213,1.2841,1.29204,35290,50,0
2019-10-24,1.29202,1.29494,1.2788300000000001,1.28384,34746,50,0
2019-10-25,1.28385,1.28609,1.28041,1.28232,25374,50,0
2019-10-27,1.28135,1.28332,1.28135,1.28273,1146,50,0
2019-10-28,1.28274,1.28756,1.28111,1.28559,27239,50,0
2019-10-29,1.28558,1.29043,1.2806600000000001,1.28648,31093,50,0
2019-10-30,1.2865,1.2907199999999999,1.28453,1.29007,30820,50,0
2019-10-31,1.2901,1.29753,1.2901,1.29383,31968,50,0
2019-11-01,1.2938399999999999,1.29719,1.29268,1.2938100000000001,27663,50,0
2019-11-03,1.29292,1.29393,1.29279,1.29366,826,50,0
2019-11-04,1.29366,1.29424,1.28761,1.2888600000000001,24453,50,0
2019-11-05,1.28887,1.2916699999999999,1.28589,1.288,27369,50,0
2019-11-06,1.28799,1.28967,1.28439,1.28545,22794,50,0
2019-11-07,1.2854700000000001,1.28772,1.27942,1.28197,31106,50,0
2019-11-08,1.28198,1.28225,1.27685,1.27829,21390,50,0
2019-11-10,1.2791000000000001,1.2794400000000001,1.2788300000000001,1.2793999999999999,524,50,0
2019-11-11,1.27942,1.28972,1.27854,1.28537,24144,50,0
2019-11-12,1.28536,1.2873299999999999,1.2815400000000001,1.28505,25913,50,0
2019-11-13,1.28504,1.2858800000000001,1.28214,1.28532,24803,50,0
2019-11-14,1.28531,1.28878,1.28248,1.28813,23726,50,0
2019-11-15,1.28815,1.29187,1.2867199999999999,1.29043,20657,50,0
2019-11-17,1.29156,1.29205,1.29102,1.2919100000000001,1239,50,0
2019-11-18,1.2919100000000001,1.29844,1.29157,1.29492,23742,50,0
2019-11-19,1.29491,1.29694,1.2910300000000001,1.29281,23635,50,0
2019-11-20,1.2928,1.29284,1.28875,1.29253,24831,50,0
2019-11-21,1.29254,1.29694,1.28931,1.29184,25356,50,0
2019-11-22,1.29186,1.29277,1.2823,1.28363,23883,50,0
2019-11-24,1.28518,1.28519,1.28433,1.28499,826,50,0
2019-11-25,1.28505,1.29112,1.28409,1.28963,23296,50,0
2019-11-26,1.28963,1.29032,1.2835,1.28602,24318,50,0
2019-11-27,1.28601,1.29474,1.2827,1.29292,27369,50,0
2019-11-28,1.29292,1.29501,1.28992,1.29115,23970,50,0
2019-11-29,1.29116,1.2941500000000001,1.28787,1.29336,20537,50,0
2019-12-01,1.29119,1.29151,1.29098,1.29119,819,50,0
2019-12-02,1.29116,1.29485,1.28961,1.29394,23135,50,0
2019-12-03,1.29393,1.30106,1.29303,1.2996699999999999,23884,50,0
2019-12-04,1.2996699999999999,1.31198,1.29824,1.31089,27234,50,0
2019-12-05,1.3109,1.31658,1.31051,1.31576,23163,50,0
2019-12-06,1.31576,1.3165,1.31006,1.3140800000000001,22290,50,0
2019-12-08,1.31341,1.3140800000000001,1.3132,1.31383,797,50,0
2019-12-09,1.31382,1.31805,1.3136,1.31446,24499,50,0
2019-12-10,1.31453,1.32146,1.31097,1.3129,26956,50,0
2019-12-11,1.31289,1.32132,1.31113,1.31992,30560,50,0
2019-12-12,1.31993,1.35093,1.3051,1.34728,49446,50,0
2019-12-13,1.34729,1.3507500000000001,1.33056,1.33437,52401,50,0
2019-12-15,1.33391,1.33534,1.33373,1.3352,1091,50,0
2019-12-16,1.33528,1.3421699999999999,1.32436,1.32672,34249,50,0
2019-12-17,1.32674,1.33006,1.30994,1.31216,42020,50,0
2019-12-18,1.3122,1.3128199999999999,1.30596,1.3084500000000001,37668,50,0
2019-12-19,1.30844,1.31319,1.2989600000000001,1.30169,37815,50,0
2019-12-20,1.3017,1.30786,1.30034,1.30044,26393,50,0
2019-12-22,1.3001,1.30126,1.2990599999999999,1.30049,1173,50,0
2019-12-23,1.3005200000000001,1.30317,1.29047,1.29424,29442,50,0
2019-12-24,1.2943,1.29702,1.29216,1.2967,19015,50,0
2019-12-26,1.29879,1.30152,1.296,1.2998,12107,50,0
2019-12-27,1.29999,1.3117,1.2968199999999999,1.3075,28042,50,0
2019-12-29,1.30897,1.30959,1.30727,1.30899,1082,50,0
2019-12-30,1.30899,1.31497,1.30856,1.31109,28849,50,0
2019-12-31,1.3111,1.32836,1.31058,1.32626,24426,50,0
2020-01-02,1.32566,1.32656,1.31152,1.31464,33286,50,0
2020-01-03,1.31467,1.31599,1.30533,1.3073000000000001,32349,50,0
2020-01-05,1.30829,1.3083,1.3066,1.30765,946,50,0
2020-01-06,1.30769,1.31758,1.30636,1.31705,29548,50,0
2020-01-07,1.31708,1.32118,1.30952,1.31125,32159,50,0
2020-01-08,1.31132,1.3169,1.30804,1.31046,36078,50,0
2020-01-09,1.3105,1.31234,1.30128,1.30687,30123,50,0
2020-01-10,1.30691,1.3096700000000001,1.30422,1.30554,28039,50,0
2020-01-12,1.30369,1.30437,1.30342,1.30435,772,50,0
2020-01-13,1.30432,1.30446,1.2961,1.29861,27895,50,0
2020-01-14,1.2986,1.3032599999999999,1.29541,1.3020800000000001,27920,50,0
2020-01-15,1.3020800000000001,1.30533,1.29844,1.30396,26654,50,0
2020-01-16,1.30395,1.30826,1.30252,1.3076400000000001,26561,50,0
2020-01-17,1.30763,1.3118,1.30129,1.3014999999999999,26680,50,0
2020-01-19,1.29986,1.3005900000000001,1.29961,1.30057,778,50,0
2020-01-20,1.30054,1.30102,1.29619,1.3003,18718,50,0
2020-01-21,1.30034,1.30829,1.29954,1.30454,26509,50,0
2020-01-22,1.30456,1.31524,1.30342,1.31433,28492,50,0
2020-01-23,1.3143500000000001,1.31508,1.30966,1.31186,24233,50,0
2020-01-24,1.3118699999999999,1.3171599999999999,1.30569,1.30748,27108,50,0
2020-01-26,1.3075999999999999,1.3075999999999999,1.30606,1.3061,1034,50,0
2020-01-27,1.30609,1.31044,1.30403,1.30588,21422,50,0
2020-01-28,1.30589,1.30647,1.2975400000000001,1.3023,20301,50,0
2020-01-29,1.30231,1.30274,1.2989600000000001,1.30206,18251,50,0
2020-01-30,1.3020800000000001,1.3109600000000001,1.29779,1.3085,27442,50,0
2020-01-31,1.30849,1.32054,1.30839,1.3204799999999999,22361,50,0
2020-02-02,1.3175,1.31827,1.3175,1.31807,685,50,0
2020-02-03,1.31807,1.31821,1.29824,1.29966,26560,50,0
2020-02-04,1.29966,1.30457,1.29407,1.3030300000000001,26213,50,0
2020-02-05,1.30304,1.30692,1.2956400000000001,1.29948,25747,50,0
2020-02-06,1.29949,1.29981,1.29212,1.29295,22942,50,0
2020-02-07,1.29298,1.29585,1.28817,1.28848,23616,50,0
2020-02-09,1.28881,1.28909,1.28848,1.28898,772,50,0
2020-02-10,1.28895,1.29455,1.28717,1.29155,21966,50,0
2020-02-11,1.29156,1.29677,1.28946,1.29555,23816,50,0
2020-02-12,1.29557,1.29909,1.29515,1.29563,22809,50,0
2020-02-13,1.29569,1.30689,1.29437,1.30446,26204,50,0
2020-02-14,1.30447,1.30629,1.3001,1.30462,20947,50,0
2020-02-16,1.3039100000000001,1.30527,1.3035999999999999,1.30511,493,50,0
2020-02-17,1.30512,1.30512,1.29977,1.3005499999999999,16548,50,0
2020-02-18,1.3005200000000001,1.3048199999999999,1.29708,1.2999100000000001,24817,50,0
2020-02-19,1.2999100000000001,1.30231,1.29075,1.2925200000000001,24219,50,0
2020-02-20,1.29253,1.29281,1.2849300000000001,1.28807,26667,50,0
2020-02-21,1.28806,1.29802,1.28787,1.29579,24756,50,0
2020-02-23,1.29453,1.2953000000000001,1.29453,1.29515,742,50,0
2020-02-24,1.29515,1.29539,1.28864,1.29243,28480,50,0
2020-02-25,1.29242,1.30172,1.2913999999999999,1.30022,29118,50,0
2020-02-26,1.30023,1.30076,1.28963,1.29054,30325,50,0
2020-02-27,1.29056,1.29459,1.28601,1.28873,35183,50,0
2020-02-28,1.28873,1.2919100000000001,1.27259,1.28179,39119,50,0
2020-03-01,1.2803,1.28168,1.27964,1.28043,1422,50,0
2020-03-02,1.28042,1.28502,1.27398,1.27661,42084,50,0
2020-03-03,1.2766199999999999,1.2843499999999999,1.27582,1.28194,42987,50,0
2020-03-04,1.28196,1.2872,1.27699,1.28709,35505,50,0
2020-03-05,1.28709,1.2968,1.28607,1.29488,30626,50,0
2020-03-06,1.2949,1.30521,1.29488,1.30469,44786,50,0
2020-03-08,1.30763,1.31055,1.30758,1.30959,3584,50,0
2020-03-09,1.30961,1.32,1.30347,1.30728,77550,50,0
2020-03-10,1.3073000000000001,1.30883,1.2873700000000001,1.29052,58461,50,0
2020-03-11,1.2905,1.2976,1.28044,1.28171,52876,50,0
2020-03-12,1.28172,1.2848600000000001,1.24906,1.25721,74655,50,0
2020-03-13,1.25724,1.26237,1.2268,1.22804,72418,50,0
2020-03-15,1.22976,1.2421,1.22976,1.23979,10184,50,0
2020-03-16,1.23978,1.23989,1.2202,1.22664,95771,50,0
2020-03-17,1.22661,1.22696,1.20014,1.21163,86053,50,0
2020-03-18,1.21164,1.21293,1.14502,1.16083,96359,50,0
2020-03-19,1.16085,1.17933,1.1414,1.14909,114475,50,0
2020-03-20,1.14908,1.19343,1.1476899999999999,1.16259,106346,50,0
2020-03-22,1.16645,1.16763,1.15324,1.16197,11830,50,0
2020-03-23,1.16199,1.17141,1.14471,1.15954,99120,50,0
2020-03-24,1.15952,1.17992,1.15806,1.1789,90963,50,0
2020-03-25,1.1789100000000001,1.1972800000000001,1.16388,1.18484,94693,50,0
2020-03-26,1.1848,1.22289,1.18187,1.21926,91394,50,0
2020-03-27,1.21929,1.24851,1.21434,1.24537,97364,50,0
2020-03-29,1.24293,1.24552,1.23917,1.2451,3746,50,0
2020-03-30,1.24512,1.2466599999999999,1.23172,1.23684,72193,50,0
2020-03-31,1.23685,1.24712,1.22433,1.24063,84333,50,0
2020-04-01,1.24064,1.24384,1.233,1.23801,59191,50,0
2020-04-02,1.23803,1.2475100000000001,1.23479,1.23916,58219,50,0
2020-04-03,1.23912,1.23946,1.2205,1.22674,50724,50,0
2020-04-05,1.22327,1.22611,1.22111,1.22173,3375,50,0
2020-04-06,1.2217500000000001,1.23266,1.21628,1.22305,52351,50,0
2020-04-07,1.22303,1.2383899999999999,1.2218499999999999,1.23366,56591,50,0
2020-04-08,1.23366,1.24193,1.22879,1.23904,48352,50,0
2020-04-09,1.23905,1.24831,1.23604,1.24526,53077,50,0
2020-04-10,1.24522,1.24845,1.24436,1.24488,19231,50,0
2020-04-12,1.24599,1.24724,1.2452,1.24593,2004,50,0
2020-04-13,1.24591,1.25363,1.24532,1.25201,33008,50,0
2020-04-14,1.25204,1.26471,1.25098,1.26243,44561,50,0
2020-04-15,1.26243,1.26244,1.24364,1.25183,46603,50,0
2020-04-16,1.25183,1.2524600000000001,1.24079,1.24875,77747,50,0
2020-04-17,1.24875,1.2521900000000001,1.24062,1.25037,70342,50,0
2020-04-19,1.2495,1.24988,1.24847,1.24847,1302,50,0
2020-04-20,1.24847,1.24917,1.24163,1.244,61773,50,0
2020-04-21,1.24402,1.24418,1.22469,1.23011,75138,50,0
2020-04-22,1.23011,1.23854,1.22745,1.23221,60877,50,0
2020-04-23,1.2321900000000001,1.24138,1.23079,1.23516,72542,50,0
2020-04-24,1.23515,1.2376800000000001,1.2298,1.23629,57788,50,0
2020-04-26,1.23654,1.23687,1.23616,1.23667,1188,50,0
2020-04-27,1.23668,1.24542,1.23593,1.24211,51895,50,0
2020-04-28,1.2421,1.2517800000000001,1.24037,1.24341,53319,50,0
2020-04-29,1.24343,1.2485,1.23887,1.24698,55481,50,0
2020-04-30,1.24698,1.26421,1.24289,1.25807,72967,50,0
2020-05-01,1.25806,1.25813,1.24827,1.2498,53619,50,0
2020-05-03,1.2481,1.24834,1.24492,1.2455,2462,50,0
2020-05-04,1.24551,1.24756,1.24051,1.24442,55167,50,0
2020-05-05,1.24443,1.24832,1.24201,1.24436,58644,50,0
2020-05-06,1.24438,1.24498,1.23222,1.2324,53947,50,0
2020-05-07,1.23241,1.24166,1.22651,1.23733,66705,50,0
2020-05-08,1.23735,1.2466599999999999,1.23559,1.24077,44642,50,0
2020-05-10,1.24081,1.24171,1.23938,1.24162,2036,50,0
2020-05-11,1.24163,1.24371,1.22824,1.23312,61003,50,0
2020-05-12,1.23311,1.2376800000000001,1.22511,1.2251400000000001,66619,50,0
2020-05-13,1.22515,1.23392,1.22099,1.22381,72716,50,0
2020-05-14,1.2238,1.22407,1.21649,1.2233100000000001,66921,50,0
2020-05-15,1.22333,1.22384,1.21014,1.2111,65085,50,0
2020-05-17,1.20862,1.2097,1.20735,1.20848,3149,50,0
2020-05-18,1.20849,1.2227000000000001,1.20842,1.2199200000000001,63680,50,0
2020-05-19,1.21991,1.22958,1.21839,1.22552,65374,50,0
2020-05-20,1.22552,1.22871,1.22204,1.2236,58304,50,0
2020-05-21,1.22362,1.22493,1.21848,1.22218,57910,50,0
2020-05-22,1.2221899999999999,1.22332,1.21613,1.2169,51916,50,0
2020-05-24,1.2175,1.21875,1.21645,1.21858,1715,50,0
2020-05-25,1.21857,1.22031,1.21637,1.22014,36710,50,0
2020-05-26,1.22013,1.23625,1.2197,1.23313,58593,50,0
2020-05-27,1.23314,1.23536,1.22039,1.22628,80107,50,0
2020-05-28,1.22627,1.23442,1.22336,1.23182,69131,50,0
2020-05-29,1.23183,1.23936,1.22902,1.2342,91168,50,0
2020-05-31,1.23316,1.2352400000000001,1.23247,1.23448,3221,50,0
2020-06-01,1.2345,1.25062,1.23434,1.2486,68815,50,0
2020-06-02,1.24859,1.25826,1.24781,1.25807,78125,50,0
2020-06-03,1.25806,1.26145,1.25534,1.25735,80506,50,0
2020-06-04,1.25735,1.26327,1.25004,1.26056,83282,50,0
2020-06-05,1.26054,1.27308,1.25828,1.26679,85672,50,0
2020-06-07,1.26788,1.27292,1.2671999999999999,1.27188,3356,50,0
2020-06-08,1.27186,1.27402,1.26278,1.2734,63170,50,0
2020-06-09,1.2734,1.27552,1.26173,1.27092,74289,50,0
2020-06-10,1.27091,1.2812700000000001,1.27061,1.27114,98690,50,0
2020-06-11,1.27116,1.275,1.25688,1.25729,114499,50,0
2020-06-12,1.25727,1.2652999999999999,1.24735,1.25394,98821,50,0
2020-06-14,1.25141,1.25179,1.24848,1.25082,4301,50,0
2020-06-15,1.25083,1.26379,1.2454,1.26372,102552,50,0
2020-06-16,1.2637399999999999,1.2687,1.25521,1.25818,104560,50,0
2020-06-17,1.25818,1.2588300000000001,1.25106,1.25495,86685,50,0
2020-06-18,1.25496,1.25626,1.24008,1.24244,88207,50,0
2020-06-19,1.24246,1.24553,1.2343600000000001,1.23478,68945,50,0
2020-06-21,1.23446,1.23548,1.23379,1.23455,2911,50,0
2020-06-22,1.23456,1.25068,1.23352,1.2500200000000001,66481,50,0
2020-06-23,1.25,1.25315,1.24319,1.2524199999999999,82977,50,0
2020-06-24,1.25241,1.2542200000000001,1.24108,1.24116,84735,50,0
2020-06-25,1.2411699999999999,1.2464,1.23888,1.24241,71075,50,0
2020-06-26,1.24243,1.24366,1.23142,1.23353,55306,50,0
2020-06-28,1.23407,1.23449,1.2323,1.23401,1998,50,0
2020-06-29,1.23403,1.23891,1.22512,1.23106,56160,50,0
2020-06-30,1.2310699999999999,1.24013,1.22573,1.23877,60731,50,0
2020-07-01,1.23876,1.24898,1.23592,1.24641,58807,50,0
2020-07-02,1.24641,1.25295,1.2456,1.2465600000000001,57968,50,0
2020-07-03,1.24654,1.24952,1.24376,1.24809,45131,50,0
2020-07-05,1.24708,1.24772,1.24631,1.2474,1599,50,0
2020-07-06,1.24739,1.25198,1.24734,1.24945,54344,50,0
2020-07-07,1.2494399999999999,1.25918,1.24621,1.25408,61371,50,0
2020-07-08,1.25409,1.26226,1.25082,1.26126,63315,50,0
2020-07-09,1.26128,1.26692,1.25977,1.2604899999999999,65353,50,0
2020-07-10,1.26051,1.26637,1.25659,1.26216,54369,50,0
2020-07-12,1.26257,1.26372,1.26228,1.26257,2113,50,0
2020-07-13,1.26258,1.26658,1.255,1.25513,58609,50,0
2020-07-14,1.25515,1.25727,1.24797,1.25685,72768,50,0
2020-07-15,1.25686,1.26491,1.25632,1.25901,63695,50,0
2020-07-16,1.25899,1.26243,1.25196,1.2558099999999999,62723,50,0
2020-07-17,1.2558099999999999,1.2574,1.25113,1.2566899999999999,45182,50,0
2020-07-19,1.25518,1.25722,1.25478,1.2570299999999999,1841,50,0
2020-07-20,1.25704,1.2664900000000001,1.25177,1.26608,55555,50,0
2020-07-21,1.26609,1.27675,1.26499,1.27319,63783,50,0
2020-07-22,1.27321,1.27431,1.26436,1.27268,73454,50,0
2020-07-23,1.2727,1.27597,1.26727,1.27294,75178,50,0
2020-07-24,1.27295,1.28029,1.27169,1.27936,67272,50,0
2020-07-26,1.27856,1.28012,1.2779099999999999,1.27938,3028,50,0
2020-07-27,1.2793700000000001,1.29023,1.27934,1.28877,66709,50,0
2020-07-28,1.2888,1.29522,1.28378,1.29238,68865,50,0
2020-07-29,1.29237,1.30128,1.29116,1.29787,70893,50,0
2020-07-30,1.29787,1.31198,1.29441,1.3115,74307,50,0
2020-07-31,1.31149,1.31697,1.30701,1.30833,88617,50,0
2020-08-02,1.30759,1.31044,1.3069,1.30992,3461,50,0
2020-08-03,1.3099,1.31122,1.30044,1.30776,71154,50,0
2020-08-04,1.30775,1.31073,1.2981,1.30842,66243,50,0
2020-08-05,1.30843,1.3161,1.3057400000000001,1.3124500000000001,65432,50,0
2020-08-06,1.31247,1.31852,1.3118400000000001,1.31372,87095,50,0
2020-08-07,1.31373,1.3147199999999999,1.30092,1.30508,74403,50,0
2020-08-09,1.30602,1.30617,1.30396,1.30503,2346,50,0
2020-08-10,1.30505,1.3102800000000001,1.30186,1.30761,53288,50,0
2020-08-11,1.3075999999999999,1.3131599999999999,1.30412,1.30507,68976,50,0
2020-08-12,1.3050899999999999,1.30671,1.30051,1.30454,71280,50,0
2020-08-13,1.30456,1.31244,1.30432,1.30693,60204,50,0
2020-08-14,1.30694,1.31422,1.3048199999999999,1.30853,51723,50,0
2020-08-16,1.30888,1.31064,1.30888,1.31049,2015,50,0
2020-08-17,1.31047,1.31212,1.30737,1.31061,48056,50,0
2020-08-18,1.3106,1.32542,1.31053,1.32522,58382,50,0
2020-08-19,1.3252,1.32666,1.30931,1.3109199999999999,72482,50,0
2020-08-20,1.31093,1.32241,1.3064200000000001,1.32183,76551,50,0
2020-08-21,1.32185,1.32546,1.30586,1.30881,73275,50,0
2020-08-23,1.30811,1.3101,1.30811,1.30922,1679,50,0
2020-08-24,1.30923,1.31485,1.30532,1.30705,57576,50,0
2020-08-25,1.30704,1.31702,1.30583,1.3149600000000001,61985,50,0
2020-08-26,1.31497,1.32188,1.31169,1.32184,57576,50,0
2020-08-27,1.32186,1.32817,1.3161100000000001,1.32,87622,50,0
2020-08-28,1.31998,1.33559,1.3186,1.33495,66498,50,0
2020-08-30,1.33416,1.33578,1.33375,1.33548,2652,50,0
2020-08-31,1.3354599999999999,1.3395299999999999,1.3301,1.33631,57490,50,0
2020-09-01,1.33632,1.34819,1.33559,1.33995,84781,50,0
2020-09-02,1.33993,1.34003,1.32832,1.33476,72486,50,0
2020-09-03,1.33476,1.33477,1.3242099999999999,1.32632,81593,50,0
2020-09-04,1.32632,1.33185,1.31755,1.3279,82211,50,0
2020-09-06,1.32569,1.3263,1.32367,1.32463,2626,50,0
2020-09-07,1.32465,1.32573,1.31398,1.31604,47861,50,0
2020-09-08,1.31604,1.31653,1.29483,1.29643,81323,50,0
2020-09-09,1.29645,1.30227,1.28846,1.29979,80351,50,0
2020-09-10,1.29978,1.30339,1.2772700000000001,1.2806600000000001,77844,50,0
2020-09-11,1.2806899999999999,1.2865199999999999,1.27617,1.2794699999999999,59150,50,0
2020-09-13,1.2775699999999999,1.28104,1.27741,1.2806600000000001,1926,50,0
2020-09-14,1.28063,1.29187,1.2790599999999999,1.28484,50582,50,0
2020-09-15,1.28483,1.29258,1.28147,1.2882799999999999,51438,50,0
2020-09-16,1.28827,1.30066,1.28747,1.2960099999999999,66470,50,0
2020-09-17,1.29603,1.29986,1.28647,1.29748,77222,50,0
2020-09-18,1.29748,1.29993,1.2913999999999999,1.29144,55447,50,0
2020-09-20,1.292,1.29376,1.2919800000000001,1.2932000000000001,1845,50,0
2020-09-21,1.29317,1.2966,1.27751,1.28175,62461,50,0
2020-09-22,1.28176,1.28667,1.27105,1.27419,69821,50,0
2020-09-23,1.27416,1.27766,1.2675100000000001,1.27134,65176,50,0
2020-09-24,1.27136,1.27809,1.2690299999999999,1.27555,70387,50,0
2020-09-25,1.27553,1.28053,1.26871,1.27439,52581,50,0
2020-09-27,1.27575,1.27685,1.2753700000000001,1.27637,1949,50,0
2020-09-28,1.27636,1.2929,1.27509,1.2873299999999999,53129,50,0
2020-09-29,1.2873,1.29019,1.28224,1.2864499999999999,55681,50,0
2020-09-30,1.2864200000000001,1.29421,1.28051,1.29157,65741,50,0
2020-10-01,1.29158,1.29782,1.28194,1.2885499999999999,75263,50,0
2020-10-02,1.2885499999999999,1.29536,1.28359,1.29337,76507,50,0
2020-10-04,1.29269,1.29314,1.29138,1.29287,1674,50,0
2020-10-05,1.2929,1.29934,1.28995,1.29924,42443,50,0
2020-10-06,1.29926,1.30066,1.28667,1.2883200000000001,63737,50,0
2020-10-07,1.28833,1.29291,1.28447,1.29157,53527,50,0
2020-10-08,1.2916,1.29699,1.28909,1.29391,45903,50,0
2020-10-09,1.29391,1.30491,1.29211,1.30346,42923,50,0
2020-10-11,1.30244,1.30373,1.30233,1.30301,1560,50,0
2020-10-12,1.30301,1.3082099999999999,1.30051,1.3064200000000001,38239,50,0
2020-10-13,1.30641,1.30677,1.29216,1.29341,51882,50,0
2020-10-14,1.2934,1.30639,1.28627,1.30114,55335,50,0
2020-10-15,1.3011599999999999,1.30294,1.28901,1.29027,57997,50,0
2020-10-16,1.29025,1.29611,1.28595,1.2915,60631,50,0
2020-10-18,1.29006,1.2928,1.28941,1.2925499999999999,2148,50,0
2020-10-19,1.2925499999999999,1.3024200000000001,1.29221,1.2947199999999999,50912,50,0
2020-10-20,1.29474,1.29791,1.29109,1.29557,45912,50,0
2020-10-21,1.29554,1.31763,1.29538,1.31289,54985,50,0
2020-10-22,1.3128600000000001,1.31493,1.30702,1.30775,46083,50,0
2020-10-23,1.30773,1.31223,1.30188,1.3042500000000001,45423,50,0
2020-10-25,1.30504,1.3056,1.30388,1.30528,2466,50,0
2020-10-26,1.30525,1.30747,1.29926,1.3014999999999999,47924,50,0
2020-10-27,1.30148,1.30792,1.30006,1.303,41776,50,0
2020-10-28,1.3030300000000001,1.30632,1.29162,1.29887,59269,50,0
2020-10-29,1.29885,1.30249,1.28806,1.29307,59061,50,0
2020-10-30,1.29306,1.2987600000000001,1.2898,1.29502,57051,50,0
2020-11-01,1.29227,1.29367,1.2917,1.29239,1225,50,0
2020-11-02,1.29253,1.29423,1.28536,1.2921,48638,50,0
2020-11-03,1.29216,1.31296,1.29147,1.31173,45637,50,0
2020-11-04,1.31189,1.3140100000000001,1.29142,1.2965,116794,50,0
2020-11-05,1.29656,1.31544,1.29395,1.31371,79664,50,0
2020-11-06,1.3138,1.3176700000000001,1.30924,1.3147,70773,50,0
2020-11-08,1.3155299999999999,1.31803,1.3148900000000001,1.31772,2064,50,0
2020-11-09,1.31795,1.32076,1.3118,1.31677,79743,50,0
2020-11-10,1.31684,1.32778,1.31568,1.32588,76010,50,0
2020-11-11,1.3260399999999999,1.33129,1.31911,1.32217,57923,50,0
2020-11-12,1.3223099999999999,1.32279,1.31059,1.31196,53670,50,0
2020-11-13,1.31209,1.31999,1.3109,1.31965,39667,50,0
2020-11-15,1.31791,1.32222,1.31784,1.32182,1175,50,0
2020-11-16,1.32193,1.3242,1.31653,1.32191,47642,50,0
2020-11-17,1.32212,1.32721,1.3193,1.32548,44316,50,0
2020-11-18,1.32562,1.33109,1.32434,1.3249900000000001,39875,50,0
2020-11-19,1.32512,1.32788,1.31956,1.32455,47597,50,0
2020-11-20,1.3247,1.32976,1.3247,1.32847,39852,50,0
2020-11-22,1.32894,1.3303099999999999,1.3282,1.33016,1408,50,0
2020-11-23,1.33032,1.33972,1.32635,1.33247,45774,50,0
2020-11-24,1.33261,1.33799,1.32927,1.33608,45639,50,0
2020-11-25,1.3361399999999999,1.33929,1.33039,1.33818,47801,50,0
2020-11-26,1.3383099999999999,1.3397299999999999,1.33215,1.3351600000000001,28316,50,0
2020-11-27,1.3353,1.33813,1.3287,1.33061,37101,50,0
2020-11-29,1.33221,1.33311,1.33192,1.3328,767,50,0
2020-11-30,1.3330899999999999,1.33849,1.33047,1.33337,49579,50,0
2020-12-01,1.33351,1.34419,1.33151,1.34199,53781,50,0
2020-12-02,1.34213,1.3440699999999999,1.3287200000000001,1.33667,56938,50,0
2020-12-03,1.33681,1.34996,1.33531,1.345,50474,50,0
2020-12-04,1.34514,1.3538999999999999,1.34094,1.3431600000000001,61524,50,0
2020-12-06,1.34117,1.34182,1.34091,1.34131,1728,50,0
2020-12-07,1.34146,1.34375,1.3224,1.3354,70607,50,0
2020-12-08,1.33548,1.33931,1.32891,1.3363,64793,50,0
2020-12-09,1.33644,1.34774,1.33341,1.33639,51696,50,0
2020-12-10,1.33652,1.33893,1.32455,1.33004,60430,50,0
2020-12-11,1.33018,1.3324,1.31342,1.3223500000000001,57890,50,0
2020-12-13,1.3333300000000001,1.3342800000000001,1.3311899999999999,1.33132,1772,50,0
2020-12-14,1.33159,1.34451,1.32898,1.3323800000000001,51958,50,0
2020-12-15,1.33252,1.34667,1.32798,1.34455,57743,50,0
2020-12-16,1.3446799999999999,1.35534,1.3434300000000001,1.35005,55973,50,0
2020-12-17,1.35018,1.3624,1.34954,1.3567,50163,50,0
2020-12-18,1.35684,1.35728,1.34714,1.3515,47147,50,0
2020-12-20,1.3417,1.3439,1.33917,1.33976,1800,50,0
2020-12-21,1.3400699999999999,1.34991,1.31876,1.34455,83471,50,0
2020-12-22,1.34469,1.3457,1.33038,1.34002,70117,50,0
2020-12-23,1.3401399999999999,1.35703,1.33711,1.3511,74734,50,0
2020-12-24,1.35123,1.36188,1.3502399999999999,1.35452,47343,50,0
2020-12-27,1.35472,1.35707,1.35428,1.3568,903,50,0
2020-12-28,1.35694,1.3575599999999999,1.34289,1.34626,46448,50,0
2020-12-29,1.3464,1.35224,1.34592,1.34957,49556,50,0
2020-12-30,1.34971,1.36279,1.34932,1.36274,51428,50,0
2020-12-31,1.36287,1.3685800000000001,1.36038,1.36666,49023,50,0
2021-01-03,1.36502,1.36815,1.36478,1.3679000000000001,1194,50,0
2021-01-04,1.36804,1.37035,1.35412,1.35693,66381,50,0
2021-01-05,1.35707,1.36417,1.3553899999999999,1.36253,60853,50,0
2021-01-06,1.36267,1.3670499999999999,1.35386,1.36222,77368,50,0
2021-01-07,1.36235,1.3632900000000001,1.35323,1.3567,62606,50,0
2021-01-08,1.35684,1.36353,1.35382,1.35589,67275,50,0
2021-01-10,1.35622,1.35696,1.35079,1.35167,1304,50,0
2021-01-11,1.3518,1.35345,1.34506,1.35215,55524,50,0
2021-01-12,1.35228,1.36699,1.35039,1.36656,51758,50,0
2021-01-13,1.36667,1.37006,1.36112,1.36457,47679,50,0
2021-01-14,1.36471,1.37097,1.36162,1.3681,51192,50,0
2021-01-15,1.3682400000000001,1.36977,1.3572,1.3582,46535,50,0
2021-01-17,1.35891,1.35965,1.35679,1.35689,1431,50,0
2021-01-18,1.35702,1.35893,1.35193,1.35809,34653,50,0
2021-01-19,1.35823,1.36456,1.3580999999999999,1.3642400000000001,38563,50,0
2021-01-20,1.36438,1.37181,1.3623,1.36653,42136,50,0
2021-01-21,1.36663,1.37454,1.36584,1.37271,41471,50,0
2021-01-22,1.3728500000000001,1.37354,1.36355,1.36814,37353,50,0
2021-01-24,1.3679700000000001,1.36894,1.36719,1.36838,1167,50,0
2021-01-25,1.36852,1.37231,1.36482,1.36752,41514,50,0
2021-01-26,1.36764,1.37439,1.3609200000000001,1.37393,37269,50,0
2021-01-27,1.3740700000000001,1.37583,1.36588,1.36689,51001,50,0
2021-01-28,1.36703,1.37456,1.36298,1.37229,51758,50,0
2021-01-29,1.37243,1.3751,1.36569,1.36987,57466,50,0
2021-01-31,1.37001,1.37057,1.3691499999999999,1.36958,1517,50,0
2021-02-01,1.36972,1.37574,1.36558,1.3673899999999999,47880,50,0
2021-02-02,1.36753,1.371,1.36108,1.36572,43721,50,0
2021-02-03,1.36586,1.3683,1.3618999999999999,1.36479,39384,50,0
2021-02-04,1.3649200000000001,1.3697300000000001,1.35662,1.36703,46502,50,0
2021-02-05,1.36719,1.37395,1.36656,1.37327,36980,50,0
2021-02-07,1.37195,1.3738000000000001,1.37189,1.37362,1663,50,0
2021-02-08,1.3737599999999999,1.37489,1.36798,1.37438,32103,50,0
2021-02-09,1.37452,1.38199,1.3742,1.38137,36164,50,0
2021-02-10,1.3815,1.38655,1.38021,1.38289,37722,50,0
2021-02-11,1.38303,1.38589,1.38002,1.38096,30531,50,0
2021-02-12,1.38109,1.38619,1.37754,1.38527,29183,50,0
2021-02-14,1.38502,1.38689,1.38487,1.38672,1492,50,0
2021-02-15,1.38685,1.3918599999999999,1.38653,1.39121,24440,50,0
2021-02-16,1.39135,1.39511,1.38689,1.38835,39863,50,0
2021-02-17,1.38848,1.39033,1.3829099999999999,1.38654,40602,50,0
2021-02-18,1.38651,1.39853,1.3839299999999999,1.39655,38706,50,0
2021-02-19,1.39669,1.40357,1.39511,1.4006,34695,50,0
2021-02-21,1.40124,1.40296,1.4004400000000001,1.40256,2096,50,0
2021-02-22,1.4027,1.4086,1.39802,1.40658,39194,50,0
2021-02-23,1.40672,1.41188,1.40539,1.4117600000000001,38454,50,0
2021-02-24,1.41188,1.42405,1.40819,1.4144700000000001,48221,50,0
2021-02-25,1.4146,1.41815,1.39998,1.4002,59924,50,0
2021-02-26,1.40033,1.40212,1.38876,1.39177,78459,50,0
2021-02-28,1.39263,1.39772,1.39256,1.39717,2537,50,0
2021-03-01,1.39734,1.3998599999999999,1.39038,1.39269,49124,50,0
2021-03-02,1.39282,1.39765,1.38587,1.39523,49700,50,0
2021-03-03,1.39537,1.40058,1.392,1.392,52670,50,0
2021-03-04,1.39208,1.40167,1.38799,1.38916,62976,50,0
2021-03-05,1.3893,1.39062,1.37787,1.38296,65871,50,0
2021-03-07,1.38091,1.38631,1.3808,1.38477,1970,50,0
2021-03-08,1.38503,1.38587,1.37999,1.38199,53953,50,0
2021-03-09,1.38213,1.3925100000000001,1.38016,1.38857,52744,50,0
2021-03-10,1.38871,1.3937599999999999,1.3845100000000001,1.39285,45937,50,0
2021-03-11,1.39298,1.39951,1.39185,1.39859,39522,50,0
2021-03-12,1.39873,1.4004400000000001,1.3862999999999999,1.39172,40426,50,0
2021-03-14,1.39144,1.39317,1.3914,1.39293,1654,50,0
2021-03-15,1.39293,1.39492,1.38526,1.3898,38004,50,0
2021-03-16,1.38979,1.3905699999999999,1.38086,1.39019,36412,50,0
2021-03-17,1.39019,1.39757,1.38506,1.39749,42378,50,0
2021-03-18,1.39748,1.4001000000000001,1.3897,1.39227,51292,50,0
2021-03-19,1.39229,1.39589,1.3830200000000001,1.3866,43995,50,0
2021-03-21,1.38408,1.38448,1.38294,1.38331,1492,50,0
2021-03-22,1.3833,1.38765,1.38175,1.38588,33510,50,0
2021-03-23,1.38589,1.38621,1.37236,1.37308,39364,50,0
2021-03-24,1.37311,1.37422,1.36737,1.36881,37354,50,0
2021-03-25,1.36883,1.3748,1.36694,1.37461,38577,50,0
2021-03-26,1.37463,1.38121,1.37419,1.37915,29879,50,0
2021-03-28,1.37869,1.37945,1.37821,1.37897,1229,50,0
2021-03-29,1.37899,1.38464,1.37548,1.37738,36135,50,0
2021-03-30,1.37738,1.37829,1.37057,1.37454,36025,50,0
2021-03-31,1.37453,1.3811499999999999,1.37161,1.37853,36678,50,0
2021-04-01,1.37853,1.38364,1.37457,1.38327,41006,50,0
2021-04-02,1.38327,1.38514,1.38113,1.38255,19114,50,0
2021-04-04,1.38251,1.38313,1.38153,1.383,1292,50,0
2021-04-05,1.3830200000000001,1.39148,1.38127,1.3912200000000001,23688,50,0
2021-04-06,1.3912,1.39184,1.38016,1.38299,44085,50,0
2021-04-07,1.3829799999999999,1.38397,1.3724,1.3740999999999999,51525,50,0
2021-04-08,1.37412,1.37821,1.37178,1.37329,42735,50,0
2021-04-09,1.37333,1.37503,1.367,1.37057,39576,50,0
2021-04-11,1.3707099999999999,1.37137,1.3698000000000001,1.3707099999999999,1689,50,0
2021-04-12,1.37073,1.37763,1.36684,1.3753199999999999,38109,50,0
2021-04-13,1.37534,1.3768500000000001,1.36939,1.37584,43978,50,0
2021-04-14,1.37585,1.38084,1.37496,1.37774,40055,50,0
2021-04-15,1.3777599999999999,1.38087,1.37611,1.3783,43555,50,0
2021-04-16,1.37833,1.38413,1.3715,1.38408,42850,50,0
2021-04-18,1.38285,1.38334,1.3816899999999999,1.38171,1647,50,0
2021-04-19,1.3817300000000001,1.39926,1.38089,1.3991,52853,50,0
2021-04-20,1.39912,1.40089,1.39259,1.3937599999999999,43793,50,0
2021-04-21,1.39378,1.39492,1.38852,1.3930799999999999,38882,50,0
2021-04-22,1.3931,1.3949,1.38233,1.38382,45043,50,0
2021-04-23,1.38385,1.38952,1.38354,1.38811,39515,50,0
2021-04-25,1.38727,1.38774,1.38642,1.38645,1074,50,0
2021-04-26,1.38647,1.39288,1.38647,1.38944,40846,50,0
2021-04-27,1.38944,1.39235,1.38582,1.39024,39084,50,0
2021-04-28,1.39026,1.3955,1.38604,1.3954,48069,50,0
2021-04-29,1.39542,1.3976199999999999,1.39318,1.39497,46460,50,0
2021-04-30,1.39499,1.39581,1.3802400000000001,1.38154,50971,50,0
2021-05-02,1.38102,1.38222,1.38087,1.38181,1020,50,0
2021-05-03,1.38183,1.39313,1.37999,1.3902700000000001,37128,50,0
2021-05-04,1.39029,1.3905,1.38381,1.3887,53148,50,0
2021-05-05,1.38872,1.39261,1.3876,1.39082,37557,50,0
2021-05-06,1.39084,1.3940299999999999,1.3856600000000001,1.3895,54993,50,0
2021-05-07,1.38953,1.40053,1.38899,1.39872,53882,50,0
2021-05-09,1.40004,1.40439,1.39938,1.404,1784,50,0
2021-05-10,1.40402,1.41578,1.40145,1.4130099999999999,52648,50,0
2021-05-11,1.41303,1.4166,1.41038,1.41351,53529,50,0
2021-05-12,1.41353,1.41525,1.40494,1.4062000000000001,66777,50,0
2021-05-13,1.40621,1.40778,1.40052,1.40458,59853,50,0
2021-05-14,1.4046,1.4110800000000001,1.40357,1.40974,46434,50,0
2021-05-16,1.40973,1.41036,1.40922,1.41005,965,50,0
2021-05-17,1.41003,1.41473,1.40768,1.41471,43547,50,0
2021-05-18,1.41475,1.42202,1.41452,1.4187,46741,50,0
2021-05-19,1.41872,1.42004,1.40988,1.41071,68805,50,0
2021-05-20,1.41071,1.41922,1.41009,1.41844,52120,50,0
2021-05-21,1.41845,1.42337,1.41403,1.41497,52507,50,0
2021-05-23,1.41506,1.4156,1.41357,1.41397,1321,50,0
2021-05-24,1.41399,1.41713,1.41101,1.4154900000000001,43917,50,0
2021-05-25,1.4155,1.42106,1.41154,1.41422,52383,50,0
2021-05-26,1.41424,1.41757,1.41121,1.41148,48525,50,0
2021-05-27,1.41151,1.4218899999999999,1.40915,1.42027,55237,50,0
2021-05-28,1.42028,1.42054,1.4136199999999999,1.41886,58995,50,0
2021-05-30,1.41806,1.419,1.41784,1.41792,712,50,0
2021-05-31,1.4179300000000001,1.4228100000000001,1.41635,1.42266,38839,50,0
2021-06-01,1.42267,1.42485,1.41437,1.41552,61062,50,0
2021-06-02,1.41553,1.4183,1.41106,1.41706,50055,50,0
2021-06-03,1.41707,1.42027,1.40862,1.41078,62029,50,0
2021-06-04,1.41079,1.42,1.40826,1.41584,56497,50,0
2021-06-06,1.41528,1.4165,1.41502,1.41639,1385,50,0
2021-06-07,1.4163999999999999,1.41906,1.4111099999999999,1.41754,45006,50,0
2021-06-08,1.4175499999999999,1.41843,1.4120599999999999,1.41489,45910,50,0
2021-06-09,1.4149,1.41886,1.41082,1.4110800000000001,39784,50,0
2021-06-10,1.41109,1.4178,1.40728,1.417,60534,50,0
2021-06-11,1.4170099999999999,1.41849,1.40955,1.4112,43283,50,0
2021-06-13,1.41032,1.41186,1.4102000000000001,1.4117199999999999,1046,50,0
2021-06-14,1.41174,1.41235,1.40699,1.41093,37479,50,0
2021-06-15,1.41095,1.41284,1.40339,1.40805,45019,50,0
2021-06-16,1.4080599999999999,1.41324,1.39822,1.41061,64383,30,0
2021-06-17,1.3988800000000001,1.40084,1.38955,1.39377,69134,50,0
2021-06-18,1.39378,1.39442,1.37918,1.37984,70827,50,0
2021-06-20,1.38029,1.38229,1.37935,1.3816,1772,50,0
2021-06-21,1.38162,1.39365,1.37863,1.3924,63187,50,0
2021-06-22,1.39242,1.39633,1.38599,1.3949099999999999,51777,50,0
2021-06-23,1.39489,1.4001000000000001,1.39237,1.39664,50599,50,0
2021-06-24,1.39666,1.39863,1.38892,1.3915899999999999,59348,50,0
2021-06-25,1.39161,1.39352,1.3871,1.38797,42403,50,0
2021-06-27,1.38867,1.3896,1.38776,1.3896,1214,50,0
2021-06-28,1.38961,1.39389,1.38705,1.38782,43643,50,0
2021-06-29,1.3878300000000001,1.38803,1.3813900000000001,1.384,44401,50,0
2021-06-30,1.38401,1.38726,1.37982,1.38281,49308,50,0
2021-07-01,1.38283,1.3834,1.37494,1.37588,50946,50,0
2021-07-02,1.37589,1.38442,1.37318,1.38304,54399,50,0
2021-07-04,1.38251,1.3834,1.38251,1.38311,1322,50,0
2021-07-05,1.38312,1.38616,1.38165,1.3853,30835,50,0
2021-07-06,1.38531,1.3898,1.37727,1.38037,60114,50,0
2021-07-07,1.38039,1.38415,1.37537,1.37994,62924,50,0
2021-07-08,1.37995,1.38018,1.37416,1.3789500000000001,76352,50,0
2021-07-09,1.37897,1.3901,1.37553,1.3901,64906,50,0
2021-07-11,1.38918,1.3901,1.38827,1.38984,1996,50,0
2021-07-12,1.38985,1.3909799999999999,1.38379,1.38693,73323,0,0
2021-07-13,1.38862,1.39048,1.37997,1.38053,54905,50,0
2021-07-14,1.3805399999999999,1.38918,1.38012,1.38563,59040,50,0
2021-07-15,1.38563,1.38987,1.38045,1.38278,65636,50,0
2021-07-16,1.38279,1.38619,1.37604,1.37764,66989,5,0
2021-07-18,1.37682,1.37711,1.3757,1.3763,2395,7,0
2021-07-19,1.37632,1.37634,1.36543,1.36685,73546,5,0
2021-07-20,1.36686,1.36893,1.35718,1.3634,63204,5,0
2021-07-21,1.36341,1.37228,1.35904,1.37116,48391,5,0
2021-07-22,1.37118,1.37869,1.36903,1.37724,51692,5,0
2021-07-23,1.37725,1.37798,1.37199,1.37467,40912,5,0
2021-07-25,1.37516,1.37609,1.37416,1.37567,1727,7,0
2021-07-26,1.37568,1.38331,1.37369,1.38258,33162,5,0
2021-07-27,1.38259,1.3893900000000001,1.37666,1.38816,39087,5,0
2021-07-28,1.38818,1.3911,1.3843,1.39055,44513,5,0
2021-07-29,1.39056,1.39816,1.3898,1.39633,27752,5,0
2021-07-30,1.39635,1.39831,1.38879,1.3906100000000001,29793,5,0
2021-08-01,1.38981,1.3902,1.38917,1.38953,1360,7,0
2021-08-02,1.38953,1.39323,1.3875600000000001,1.3890500000000001,27866,5,0
2021-08-03,1.3890500000000001,1.39383,1.38823,1.39168,27444,5,0
2021-08-04,1.39169,1.39573,1.38836,1.38892,25611,5,0
2021-08-05,1.38893,1.39487,1.38718,1.39269,34596,5,0
2021-08-06,1.3927100000000001,1.39327,1.38611,1.3873199999999999,32736,5,0
2021-08-08,1.38741,1.38785,1.3858,1.3866399999999999,3444,7,0
2021-08-09,1.38665,1.38943,1.38407,1.38464,25450,5,0
2021-08-10,1.38465,1.3872200000000001,1.38272,1.38352,22177,5,0
2021-08-11,1.38354,1.38876,1.3801999999999999,1.3866100000000001,27541,5,0
2021-08-12,1.38662,1.3878300000000001,1.37943,1.38107,20484,5,0
2021-08-13,1.38107,1.38748,1.3790499999999999,1.38672,16316,5,0
2021-08-15,1.3857300000000001,1.38724,1.38545,1.38636,1566,7,0
2021-08-16,1.3863699999999999,1.38779,1.38274,1.38405,21365,5,0
2021-08-17,1.38406,1.38407,1.3725100000000001,1.37398,26868,5,0
2021-08-18,1.37398,1.37852,1.37308,1.37429,25631,5,0
2021-08-19,1.37429,1.37494,1.3627799999999999,1.36298,31421,5,0
2021-08-20,1.363,1.36406,1.36019,1.36235,23632,5,0
2021-08-22,1.36194,1.36303,1.36127,1.36243,2075,7,0
2021-08-23,1.36243,1.3731900000000001,1.36243,1.37229,22916,5,0
2021-08-24,1.37231,1.37474,1.36934,1.37245,21763,5,0
2021-08-25,1.37246,1.37666,1.36964,1.37641,20588,5,0
2021-08-26,1.37641,1.37677,1.3688799999999999,1.37001,23218,5,0
2021-08-27,1.37002,1.3780700000000001,1.36795,1.37596,30804,5,0
2021-08-29,1.37555,1.37656,1.37487,1.37623,2009,7,0
2021-08-30,1.37625,1.3774899999999999,1.37335,1.37585,16109,5,0
2021-08-31,1.37586,1.38073,1.37426,1.3752,31069,5,0
2021-09-01,1.37521,1.37981,1.37309,1.37709,23761,5,0
2021-09-02,1.3771,1.38395,1.37672,1.3835899999999999,18386,5,0
2021-09-03,1.3836,1.38913,1.38178,1.38586,27793,5,0
2021-09-05,1.3860999999999999,1.38673,1.3854199999999999,1.3857300000000001,1477,7,0
2021-09-06,1.38575,1.38594,1.38183,1.38384,13830,5,0
2021-09-07,1.38385,1.38563,1.37675,1.37789,28168,5,0
2021-09-08,1.3779,1.37903,1.37263,1.37663,28998,5,0
2021-09-09,1.37666,1.38622,1.37533,1.38379,30015,5,0
2021-09-10,1.3838,1.38882,1.38266,1.38303,22955,5,0
2021-09-12,1.38395,1.38411,1.38303,1.38384,1474,7,0
2021-09-13,1.38387,1.38509,1.3796300000000001,1.38371,23319,5,0
2021-09-14,1.38372,1.39128,1.38025,1.38077,28822,5,0
2021-09-15,1.3807800000000001,1.38534,1.37926,1.3848099999999999,26322,5,0
2021-09-16,1.3848099999999999,1.38492,1.37643,1.37976,26209,5,0
2021-09-17,1.37977,1.38125,1.37272,1.37299,26501,5,0
2021-09-19,1.37405,1.37479,1.37235,1.37284,1947,7,0
2021-09-20,1.3728500000000001,1.37298,1.36402,1.3661699999999999,32723,5,0
2021-09-21,1.36618,1.36927,1.3641,1.36573,34052,5,0
2021-09-22,1.36571,1.36895,1.3609200000000001,1.36159,48762,5,0
2021-09-23,1.36159,1.3750499999999999,1.36121,1.37205,39144,5,0
2021-09-24,1.37206,1.3736,1.36578,1.36722,26995,5,0
2021-09-26,1.36626,1.36725,1.36589,1.36682,1940,7,0
2021-09-27,1.36681,1.3728799999999999,1.36573,1.37005,32865,5,0
2021-09-28,1.37005,1.37171,1.35206,1.35412,49034,5,0
2021-09-29,1.3541400000000001,1.35544,1.34109,1.34268,44762,5,0
2021-09-30,1.34269,1.35171,1.34148,1.3468499999999999,43552,5,0
2021-10-01,1.34686,1.3575300000000001,1.34334,1.35443,48482,5,0
2021-10-03,1.35517,1.3575300000000001,1.35408,1.35696,2396,7,0
2021-10-04,1.35698,1.36399,1.35307,1.3606500000000001,41058,5,0
2021-10-05,1.36063,1.36474,1.35843,1.3626,37417,5,0
2021-10-06,1.36259,1.3631,1.35438,1.35918,46511,5,0
2021-10-07,1.35919,1.36381,1.35703,1.36189,33895,5,0
2021-10-08,1.3618700000000001,1.36581,1.35826,1.36155,37508,5,0
2021-10-10,1.36148,1.36263,1.36099,1.36157,2428,7,0
2021-10-11,1.36157,1.3673600000000001,1.35843,1.35908,31814,5,0
2021-10-12,1.3590900000000001,1.36371,1.35682,1.35766,33373,5,0
2021-10-13,1.35764,1.36687,1.35757,1.36681,37935,5,0
2021-10-14,1.36682,1.3734,1.36581,1.36679,26122,5,0
2021-10-15,1.3668,1.37728,1.36679,1.37449,30119,5,0
2021-10-17,1.3747099999999999,1.37648,1.3744399999999999,1.37604,3927,7,0
2021-10-18,1.37605,1.37633,1.37087,1.37352,27460,5,0
2021-10-19,1.37355,1.38336,1.37355,1.37921,26547,5,0
2021-10-20,1.3792200000000001,1.38341,1.37421,1.38216,27144,5,0
2021-10-21,1.38217,1.3832900000000001,1.37758,1.37909,29127,5,0
2021-10-22,1.37906,1.38144,1.37354,1.37584,40053,5,0
2021-10-24,1.3746399999999999,1.37644,1.37462,1.3761700000000001,1607,7,0
2021-10-25,1.37618,1.37917,1.37416,1.37632,32893,5,0
2021-10-26,1.37634,1.38293,1.37567,1.37652,33388,5,0
2021-10-27,1.37653,1.37805,1.37093,1.3731499999999999,39344,5,0
2021-10-28,1.37316,1.38147,1.3721999999999999,1.37982,46160,5,0
2021-10-29,1.37985,1.38035,1.36681,1.3692199999999999,42212,5,0
2021-10-31,1.36813,1.36878,1.36789,1.36822,1795,7,0
2021-11-01,1.3682400000000001,1.36929,1.36417,1.36543,34200,5,0
2021-11-02,1.36544,1.36667,1.36054,1.36158,34824,5,0
2021-11-03,1.3616,1.36981,1.36071,1.36938,45551,5,0
2021-11-04,1.36939,1.36939,1.3470900000000001,1.3507500000000001,48849,5,0
2021-11-05,1.35077,1.35087,1.34241,1.3495599999999999,40174,5,0
2021-11-07,1.34844,1.34938,1.34836,1.34903,1745,7,0
2021-11-08,1.349,1.35795,1.34501,1.3563399999999999,30784,5,0
2021-11-09,1.35632,1.36071,1.35239,1.35595,34962,5,0
2021-11-10,1.3559700000000001,1.35646,1.34008,1.34118,49274,5,0
2021-11-11,1.34116,1.34329,1.3358400000000001,1.3364500000000001,37271,5,0
2021-11-12,1.33646,1.34259,1.33532,1.3413300000000001,29560,5,0
2021-11-14,1.34137,1.34184,1.34085,1.34151,1580,7,0
2021-11-15,1.34158,1.34491,1.34029,1.34097,31843,5,0
2021-11-16,1.341,1.34725,1.341,1.3424800000000001,39997,5,0
2021-11-17,1.3425,1.34959,1.3395000000000001,1.34881,44668,5,0
2021-11-18,1.34883,1.35133,1.34637,1.3498700000000001,35512,5,0
2021-11-19,1.34984,1.35094,1.34071,1.3443399999999999,52178,5,0
2021-11-21,1.34505,1.34512,1.34298,1.34326,1634,7,0
2021-11-22,1.34329,1.3449499999999999,1.33841,1.3397000000000001,47782,5,0
2021-11-23,1.33972,1.34093,1.33411,1.33748,46616,5,0
2021-11-24,1.33751,1.33896,1.33155,1.33294,44213,5,0
2021-11-25,1.33297,1.33533,1.33053,1.33121,24921,5,0
2021-11-26,1.3312300000000001,1.33582,1.32775,1.33297,59629,5,0
2021-11-28,1.3336700000000001,1.33435,1.3327499999999999,1.33401,3188,7,0
2021-11-29,1.33399,1.33626,1.3287200000000001,1.33139,41229,5,0
2021-11-30,1.3314,1.33704,1.31932,1.3295,76706,5,0
2021-12-01,1.32952,1.3351899999999999,1.32615,1.32772,53810,5,0
2021-12-02,1.32774,1.33334,1.32714,1.32993,45883,5,0
2021-12-03,1.32995,1.33097,1.32074,1.32341,53949,5,0
2021-12-05,1.32371,1.32454,1.3228,1.32349,1664,13,0
2021-12-06,1.3235299999999999,1.32859,1.32224,1.3262,36532,5,0
2021-12-07,1.32622,1.32892,1.32076,1.3245,37148,5,0
2021-12-08,1.32452,1.32611,1.31602,1.32088,50584,5,0
2021-12-09,1.32085,1.32241,1.31698,1.3223799999999999,35230,5,0
2021-12-10,1.32239,1.3275299999999999,1.3187,1.3266,36401,5,0
2021-12-12,1.32527,1.32599,1.32527,1.3256700000000001,1241,7,0
2021-12-13,1.32566,1.3268499999999999,1.3207,1.32128,34090,5,0
2021-12-14,1.32126,1.32564,1.31909,1.32295,30737,5,0
2021-12-15,1.3229199999999999,1.32825,1.31717,1.3262,52802,5,0
2021-12-16,1.32623,1.33742,1.3241100000000001,1.33224,56577,5,0
2021-12-17,1.33225,1.33392,1.3231,1.32361,38301,5,0
2021-12-19,1.32362,1.32405,1.3222,1.32286,1592,7,0
2021-12-20,1.32288,1.3244500000000001,1.31723,1.32091,35316,5,0
2021-12-21,1.32093,1.32707,1.31971,1.3268,30436,5,0
2021-12-22,1.32683,1.33631,1.3239,1.33505,30195,5,0
2021-12-23,1.33503,1.34376,1.33426,1.34053,27388,5,0
2021-12-24,1.34043,1.34165,1.33818,1.33874,26687,15,0
2021-12-26,1.33875,1.34082,1.33854,1.34025,963,7,0
2021-12-27,1.34022,1.34449,1.33915,1.34412,17300,5,0
2021-12-28,1.34413,1.3461400000000001,1.34147,1.3433,16788,5,0
2021-12-29,1.34328,1.34992,1.34086,1.34966,22565,5,0
2021-12-30,1.34965,1.35216,1.34542,1.34971,24107,5,0
2021-12-31,1.3497,1.355,1.34653,1.35327,26724,5,0
2022-01-02,1.3526099999999999,1.3534,1.35203,1.35213,884,7,0
2022-01-03,1.35211,1.35294,1.34307,1.3482,30235,5,0
2022-01-04,1.34821,1.3557000000000001,1.34593,1.3529900000000001,31198,5,0
2022-01-05,1.35297,1.35983,1.35225,1.3554599999999999,34596,5,0
2022-01-06,1.35545,1.35589,1.349,1.35327,37576,5,0
2022-01-07,1.35325,1.35972,1.35273,1.35914,31783,5,0
2022-01-09,1.35836,1.35916,1.3577,1.35913,1554,7,0
2022-01-10,1.35911,1.36033,1.35318,1.35794,32863,5,0
2022-01-11,1.35791,1.3636300000000001,1.35614,1.36324,34939,5,0
2022-01-12,1.36325,1.37142,1.36205,1.37058,31836,5,0
2022-01-13,1.37056,1.37487,1.37006,1.37128,33468,5,0
2022-01-14,1.37127,1.37428,1.36532,1.36776,38704,5,0
2022-01-16,1.3676,1.36764,1.36654,1.36726,1659,7,0
2022-01-17,1.36728,1.36895,1.3636599999999999,1.3647,26573,5,0
2022-01-18,1.36472,1.3660999999999999,1.3572600000000001,1.35992,44823,5,0
2022-01-19,1.35994,1.36486,1.3587799999999999,1.36084,39323,5,0
2022-01-20,1.36087,1.36615,1.35866,1.35965,39221,5,0
2022-01-21,1.35967,1.36018,1.3545099999999999,1.3554,42910,5,0
2022-01-23,1.35489,1.35547,1.35459,1.3554599999999999,1442,7,0
2022-01-24,1.35547,1.35651,1.34398,1.3488,48558,5,0
2022-01-25,1.34882,1.35183,1.34356,1.35093,44552,5,0
2022-01-26,1.35096,1.35245,1.34442,1.3467,51283,5,0
2022-01-27,1.34668,1.34669,1.3357700000000001,1.33869,52749,5,0
2022-01-28,1.3387,1.34326,1.3365,1.33975,46805,5,0
2022-01-30,1.33931,1.34028,1.33865,1.34024,1850,7,0
2022-01-31,1.34022,1.34601,1.33921,1.34445,41026,5,0
2022-02-01,1.34444,1.35277,1.3434,1.35242,37334,5,0
2022-02-02,1.35239,1.35874,1.3516599999999999,1.35639,34454,5,0
2022-02-03,1.35638,1.36276,1.3538000000000001,1.35977,62368,5,0
2022-02-04,1.35975,1.36144,1.35046,1.35289,52616,5,0
2022-02-06,1.35333,1.3538700000000001,1.35278,1.35324,896,7,0
2022-02-07,1.3532600000000001,1.3550499999999999,1.3490199999999999,1.35365,38286,5,0
2022-02-08,1.35367,1.35638,1.35076,1.35463,30738,5,0
2022-02-09,1.35463,1.3589,1.3526500000000001,1.35323,57727,5,0
2022-02-10,1.3532199999999999,1.3643399999999999,1.3523100000000001,1.35488,57389,5,0
2022-02-11,1.35486,1.36091,1.35129,1.35608,71160,5,0
2022-02-13,1.3551,1.35712,1.35493,1.35686,2491,7,0
2022-02-14,1.3568799999999999,1.35716,1.34941,1.35321,54252,5,0
2022-02-15,1.35323,1.35667,1.34859,1.35401,43550,5,0
2022-02-16,1.35399,1.36008,1.35384,1.35815,39492,5,0
2022-02-17,1.3581699999999999,1.36377,1.35552,1.36143,55274,5,0
2022-02-18,1.36142,1.36425,1.3573,1.35913,40079,5,0
2022-02-20,1.3590900000000001,1.3597299999999999,1.35853,1.35911,1528,7,0
2022-02-21,1.3591,1.36382,1.3581400000000001,1.35944,34863,5,0
2022-02-22,1.35947,1.36044,1.35381,1.35881,44195,5,0
2022-02-23,1.35883,1.36204,1.3535599999999999,1.35446,36768,5,0
2022-02-24,1.35449,1.35464,1.32725,1.33712,97439,5,0
2022-02-25,1.33714,1.34381,1.3366500000000001,1.34114,58952,5,0
2022-02-27,1.33312,1.33741,1.33278,1.33714,5249,15,0
2022-02-28,1.33719,1.34314,1.33414,1.3421699999999999,63028,5,0
2022-03-01,1.34215,1.34371,1.3302,1.33352,56439,5,0
2022-03-02,1.33349,1.3406799999999999,1.32713,1.33959,68765,5,0
2022-03-03,1.33961,1.34175,1.33173,1.33503,51879,5,0
2022-03-04,1.33501,1.33513,1.3202099999999999,1.32374,63907,5,0
2022-03-06,1.32237,1.32363,1.3201,1.3211300000000001,5083,7,0
2022-03-07,1.32115,1.32282,1.31005,1.31131,91172,5,0
2022-03-08,1.3113299999999999,1.31443,1.30812,1.30982,88602,5,0
2022-03-09,1.30984,1.31897,1.30981,1.31845,58291,5,0
2022-03-10,1.31843,1.31943,1.30807,1.31024,64293,5,0
2022-03-11,1.31023,1.3124799999999999,1.3027199999999999,1.30383,58166,5,0
2022-03-13,1.3039,1.30522,1.30298,1.30492,3838,7,0
2022-03-14,1.30493,1.3079,1.29993,1.30095,46199,5,0
2022-03-15,1.30097,1.30884,1.3000099999999999,1.30438,53170,5,0
2022-03-16,1.30439,1.31562,1.30356,1.31397,68320,5,0
2022-03-17,1.31398,1.32107,1.30874,1.31583,54749,5,0
2022-03-18,1.31586,1.31967,1.31106,1.31781,42301,5,0
2022-03-20,1.31735,1.31768,1.31586,1.31593,2734,7,0
2022-03-21,1.3159399999999999,1.32097,1.31258,1.31688,42262,5,0
2022-03-22,1.3169,1.32735,1.31198,1.3265500000000001,47720,5,0
2022-03-23,1.32656,1.32914,1.3175,1.32051,39221,5,0
2022-03-24,1.3205200000000001,1.32139,1.31564,1.31939,47237,5,0
2022-03-25,1.3194,1.32246,1.3159,1.31814,42272,5,0
2022-03-27,1.31773,1.31837,1.31686,1.31727,2268,7,0
2022-03-28,1.31728,1.31763,1.3066,1.3099,56092,5,0
2022-03-29,1.30991,1.3159399999999999,1.30507,1.30927,71429,5,0
2022-03-30,1.30925,1.31822,1.30885,1.31371,55645,5,0
2022-03-31,1.31372,1.31754,1.31049,1.31452,56484,5,0
2022-04-01,1.31453,1.31467,1.30862,1.31142,40683,5,0
2022-04-03,1.31017,1.31104,1.30982,1.31043,2069,7,0
2022-04-04,1.31044,1.31368,1.30929,1.31124,33276,5,0
2022-04-05,1.3112599999999999,1.31667,1.30667,1.30766,42056,5,0
2022-04-06,1.3076699999999999,1.31076,1.3044,1.3069,54080,5,0
2022-04-07,1.30691,1.3106499999999999,1.3051599999999999,1.30685,43610,5,0
2022-04-08,1.30687,1.3077,1.29819,1.3035999999999999,35848,5,0
2022-04-10,1.30293,1.3039399999999999,1.30256,1.30298,2704,7,0
2022-04-11,1.3029899999999999,1.30565,1.29889,1.30226,41697,5,0
2022-04-12,1.30224,1.30538,1.29935,1.30015,47658,5,0
2022-04-13,1.30016,1.31229,1.29712,1.31183,42740,5,0
2022-04-14,1.31186,1.3147199999999999,1.30332,1.30641,49881,5,0
2022-04-15,1.30628,1.30722,1.3044,1.30505,24986,28,0
2022-04-17,1.30501,1.30643,1.30488,1.30567,2866,7,0
2022-04-18,1.30568,1.30576,1.30006,1.30075,27986,5,0
2022-04-19,1.30073,1.30406,1.29795,1.30135,42569,5,0
2022-04-20,1.30137,1.30735,1.29963,1.30679,43702,5,0
2022-04-21,1.30681,1.309,1.30223,1.30243,45880,5,0
2022-04-22,1.3024499999999999,1.30327,1.28228,1.28376,54362,5,0
2022-04-24,1.28343,1.28393,1.28258,1.2827899999999999,3401,7,0
2022-04-25,1.28281,1.28296,1.2697,1.27376,68723,5,0
2022-04-26,1.27377,1.27716,1.25587,1.25812,53530,5,0
2022-04-27,1.25813,1.26014,1.25024,1.25396,59931,5,0
2022-04-28,1.25397,1.25696,1.24111,1.24647,71341,5,0
2022-04-29,1.24648,1.26144,1.24648,1.25756,60635,5,0
2022-05-01,1.25813,1.25882,1.25694,1.25701,3752,7,0
2022-05-02,1.2570299999999999,1.25971,1.2472699999999999,1.24993,48017,5,0
2022-05-03,1.24994,1.25668,1.24703,1.24984,53318,5,0
2022-05-04,1.24982,1.26379,1.24515,1.26162,84242,5,0
2022-05-05,1.26162,1.26328,1.23248,1.23622,94301,5,0
2022-05-06,1.23624,1.23798,1.2276,1.23372,97055,5,0
2022-05-08,1.2341199999999999,1.2344,1.23244,1.23255,3760,7,0
2022-05-09,1.23257,1.24057,1.22606,1.23357,72058,5,0
2022-05-10,1.23357,1.23755,1.22916,1.23069,73484,5,0
2022-05-11,1.2307,1.24,1.22318,1.22333,90989,5,0
2022-05-12,1.22334,1.22484,1.21644,1.22041,91273,5,0
2022-05-13,1.22043,1.22607,1.21547,1.22605,57178,5,0
2022-05-15,1.22408,1.2266,1.2240199999999999,1.22569,4301,7,0
2022-05-16,1.2257,1.23293,1.22169,1.23255,59176,5,0
2022-05-17,1.2325599999999999,1.24987,1.23206,1.24869,73574,5,0
2022-05-18,1.24868,1.25006,1.23296,1.2343899999999999,59061,5,0
2022-05-19,1.2344,1.25243,1.2337799999999999,1.24627,85597,5,0
2022-05-20,1.2462900000000001,1.24998,1.24373,1.24931,61920,5,0
2022-05-22,1.24787,1.25095,1.24762,1.2503,3246,7,0
2022-05-23,1.25031,1.26009,1.24997,1.25667,55099,5,0
2022-05-24,1.2566899999999999,1.2598500000000001,1.24716,1.25412,66537,5,0
2022-05-25,1.25413,1.25941,1.24809,1.25857,66582,5,0
2022-05-26,1.25858,1.26206,1.25516,1.26166,55048,5,0
2022-05-27,1.26167,1.26664,1.25857,1.26309,49085,5,0
2022-05-29,1.2616800000000001,1.2634400000000001,1.26146,1.26238,1812,15,0
2022-05-30,1.26241,1.2659500000000001,1.2616100000000001,1.26455,34420,5,0
2022-05-31,1.26456,1.26483,1.25603,1.26092,60560,5,0
2022-06-01,1.26094,1.2616399999999999,1.24583,1.24834,56039,5,0
2022-06-02,1.24835,1.25862,1.24691,1.25781,42578,5,0
2022-06-03,1.25783,1.25896,1.24855,1.24887,37808,5,0
2022-06-05,1.24878,1.25023,1.24838,1.24898,2328,7,0
2022-06-06,1.24899,1.25773,1.24765,1.25232,45510,5,0
2022-06-07,1.25233,1.25991,1.24301,1.25872,57189,5,0
2022-06-08,1.25873,1.2589000000000001,1.25131,1.2540200000000001,50531,5,0
2022-06-09,1.25403,1.25582,1.2486,1.24923,65797,5,0
2022-06-10,1.24923,1.25173,1.23009,1.23152,69468,5,0
2022-06-12,1.23164,1.23172,1.22718,1.22767,6361,7,0
2022-06-13,1.2276799999999999,1.23004,1.21071,1.21421,92966,5,0
2022-06-14,1.21422,1.22077,1.1933799999999999,1.2010399999999999,105181,5,0
2022-06-15,1.20106,1.22047,1.19892,1.21744,152468,5,0
2022-06-16,1.21745,1.24065,1.20412,1.2349999999999999,144458,5,0
2022-06-17,1.23502,1.23528,1.21725,1.22196,103350,5,0
2022-06-19,1.22216,1.22314,1.22073,1.22275,4798,7,0
2022-06-20,1.22277,1.22801,1.21991,1.2248,61135,5,0
2022-06-21,1.22481,1.23243,1.22446,1.2263600000000001,64614,5,0
2022-06-22,1.22638,1.23144,1.21604,1.22519,79497,5,0
2022-06-23,1.2252,1.2294100000000001,1.2169699999999999,1.22596,88059,5,0
2022-06-24,1.22598,1.23202,1.22408,1.22748,67241,5,0
2022-06-26,1.22667,1.22965,1.22629,1.22824,4591,7,0
2022-06-27,1.22825,1.23316,1.22378,1.22661,64180,5,0
2022-06-28,1.22662,1.22912,1.21751,1.21874,67818,5,0
2022-06-29,1.21876,1.22129,1.21054,1.2128700000000001,76083,5,0
2022-06-30,1.21288,1.21883,1.20919,1.216,78068,5,0
2022-07-01,1.2160199999999999,1.21612,1.1975500000000001,1.20975,79634,5,0
2022-07-03,1.20983,1.21223,1.20948,1.20997,3738,7,0
2022-07-04,1.20998,1.21649,1.20846,1.21133,44622,5,0
2022-07-05,1.21133,1.21251,1.18984,1.1951100000000001,85610,5,0
2022-07-06,1.1951100000000001,1.19891,1.18758,1.19218,106526,5,0
2022-07-07,1.1922,1.20333,1.19088,1.2028699999999999,79667,5,0
2022-07-08,1.2029,1.20558,1.19194,1.20327,89359,5,0
2022-07-10,1.20144,1.20367,1.20143,1.20168,3415,7,0
2022-07-11,1.2017,1.20196,1.18664,1.18991,71779,5,0
2022-07-12,1.18991,1.19156,1.18071,1.18775,81809,5,0
2022-07-13,1.18773,1.19668,1.18272,1.18635,105271,5,0
2022-07-14,1.18636,1.1884000000000001,1.17599,1.1840600000000001,106126,5,0
2022-07-15,1.1840600000000001,1.18743,1.18042,1.18681,83807,5,0
2022-07-17,1.18591,1.18906,1.1858,1.18897,4227,7,0
2022-07-18,1.18895,1.20332,1.18741,1.19486,69654,5,0
2022-07-19,1.1948699999999999,1.20452,1.19248,1.20021,75177,5,0
2022-07-20,1.20022,1.2037200000000001,1.19532,1.19675,75168,5,0
2022-07-21,1.19675,1.20036,1.18893,1.1995,97641,5,0
2022-07-22,1.19952,1.20637,1.19161,1.2006000000000001,90597,5,0
2022-07-24,1.19959,1.20105,1.19849,1.19851,4070,7,0
2022-07-25,1.19853,1.20863,1.19603,1.20535,68766,5,0
2022-07-26,1.20537,1.20901,1.19636,1.20352,67871,5,0
2022-07-27,1.20353,1.21859,1.20204,1.21617,85514,5,0
2022-07-28,1.21619,1.21912,1.21033,1.2172399999999999,90215,5,0
2022-07-29,1.21726,1.22454,1.20629,1.21784,88051,5,0
2022-07-31,1.21743,1.2176,1.21566,1.21675,4143,7,0
2022-08-01,1.21676,1.22932,1.21627,1.22567,72697,5,0
2022-08-02,1.22569,1.2279,1.214,1.21426,88847,5,0
2022-08-03,1.21429,1.22075,1.20999,1.21376,82447,5,0
2022-08-04,1.21377,1.22174,1.20652,1.2158,86704,5,0
2022-08-05,1.21582,1.21688,1.20032,1.20699,76778,5,0
2022-08-07,1.20665,1.20682,1.20568,1.20608,3099,7,0
2022-08-08,1.20609,1.21373,1.20473,1.20848,48579,5,0
2022-08-09,1.20851,1.213,1.20629,1.20712,45812,5,0
2022-08-10,1.20713,1.22765,1.20649,1.22101,71775,5,0
2022-08-11,1.22102,1.22491,1.21821,1.21945,67437,5,0
2022-08-12,1.21945,1.22165,1.20988,1.2134800000000001,59385,5,0
2022-08-14,1.2124,1.21387,1.2124,1.21268,2551,7,0
2022-08-15,1.21269,1.2147999999999999,1.20441,1.20561,53692,5,0
2022-08-16,1.20562,1.21176,1.20075,1.20943,55979,5,0
2022-08-17,1.20944,1.2142,1.20278,1.2045,72208,5,0
2022-08-18,1.20452,1.20795,1.19226,1.19302,65289,5,0
2022-08-19,1.19303,1.19332,1.17919,1.18291,58419,5,0
2022-08-21,1.18186,1.1829,1.1811099999999999,1.18187,3408,7,0
2022-08-22,1.18188,1.18365,1.1742,1.17652,57930,5,0
2022-08-23,1.17653,1.18776,1.17166,1.18296,76791,5,0
2022-08-24,1.18297,1.18352,1.17554,1.17902,65325,5,0
2022-08-25,1.17903,1.18642,1.17835,1.18226,66031,5,0
2022-08-26,1.18228,1.19006,1.17333,1.17401,83769,5,0
2022-08-28,1.17311,1.17322,1.16835,1.16883,4047,7,0
2022-08-29,1.16885,1.17438,1.16482,1.1721300000000001,70181,5,0
2022-08-30,1.17214,1.17602,1.1621,1.16582,80354,5,0
2022-08-31,1.16583,1.1693500000000001,1.15931,1.1596899999999999,79511,5,0
2022-09-01,1.1597,1.16164,1.14984,1.15468,81329,5,0
2022-09-02,1.15468,1.15884,1.14958,1.15127,80462,5,0
2022-09-04,1.14792,1.14913,1.1463700000000001,1.14726,4842,7,0
2022-09-05,1.14727,1.1565699999999999,1.1443,1.15641,52797,5,0
2022-09-06,1.15643,1.1609,1.14937,1.151,84098,5,0
2022-09-07,1.15102,1.15404,1.14051,1.15219,79487,5,0
2022-09-08,1.15221,1.15604,1.14602,1.152,97625,5,0
2022-09-09,1.15201,1.16478,1.15154,1.15883,71119,5,0
2022-09-11,1.16246,1.16371,1.16024,1.16197,4801,7,0
2022-09-12,1.16198,1.17102,1.16005,1.16887,66265,5,0
2022-09-13,1.16889,1.1738,1.1481,1.15021,92106,5,0
2022-09-14,1.15023,1.15896,1.14787,1.15443,83259,5,0
2022-09-15,1.15444,1.15475,1.14509,1.14516,60225,5,0
2022-09-16,1.14517,1.1480299999999999,1.13498,1.14206,73202,5,0
2022-09-18,1.14135,1.14407,1.1411,1.14339,3497,7,0
2022-09-19,1.14341,1.1445400000000001,1.13552,1.14444,44558,5,0
2022-09-20,1.14445,1.14605,1.13571,1.13804,65363,5,0
2022-09-21,1.13805,1.13846,1.12354,1.1257,114044,5,0
2022-09-22,1.12571,1.13643,1.12105,1.12624,123695,5,0
2022-09-23,1.12625,1.12735,1.08394,1.08503,123894,5,0
2022-09-25,1.08025,1.08459,1.07798,1.07929,18508,7,0
2022-09-26,1.07928,1.09307,1.03546,1.07663,351156,5,0
2022-09-27,1.0766499999999999,1.08378,1.06588,1.07259,157140,5,0
2022-09-28,1.0726,1.09155,1.05394,1.08308,248496,5,0
2022-09-29,1.0830899999999999,1.12031,1.07621,1.11712,199532,5,0
2022-09-30,1.1171,1.12342,1.10251,1.1163,185062,5,0
2022-10-02,1.11654,1.11933,1.11278,1.11353,9431,7,0
2022-10-03,1.11354,1.13413,1.10857,1.13379,151858,5,0
2022-10-04,1.13381,1.14893,1.12804,1.14505,152346,5,0
2022-10-05,1.14505,1.1495199999999999,1.12269,1.13556,143727,5,0
2022-10-06,1.13558,1.13828,1.11121,1.1161,128742,5,0
2022-10-07,1.1161,1.12249,1.10554,1.10931,137417,5,0
2022-10-09,1.1085,1.10908,1.10611,1.10723,7420,7,0
2022-10-10,1.10724,1.1111,1.10191,1.10786,111219,5,0
2022-10-11,1.10788,1.11797,1.09527,1.09636,156145,5,0
2022-10-12,1.09638,1.11336,1.09232,1.11007,192045,5,0
2022-10-13,1.11007,1.13804,1.1057,1.13012,210053,5,0
2022-10-14,1.13014,1.13656,1.11517,1.1179000000000001,190817,5,0
2022-10-16,1.12173,1.12483,1.12087,1.12413,7954,7,0
2022-10-17,1.12415,1.14383,1.12158,1.13517,134604,5,0
2022-10-18,1.13518,1.141,1.1255,1.13422,145575,5,0
2022-10-19,1.13423,1.13506,1.11849,1.12066,123011,5,0
2022-10-20,1.12067,1.13365,1.1171,1.12213,156838,5,0
2022-10-21,1.12215,1.13147,1.10598,1.12968,212066,5,0
2022-10-23,1.13762,1.14074,1.1307,1.13358,59852,7,0
2022-10-24,1.1335899999999999,1.13824,1.12578,1.13055,174598,5,0
2022-10-25,1.13058,1.14991,1.12706,1.14584,119445,5,0
2022-10-26,1.14585,1.16401,1.1430500000000001,1.16388,144022,5,0
2022-10-27,1.16388,1.16453,1.15485,1.15642,151575,5,0
2022-10-28,1.15643,1.16234,1.15033,1.16149,130662,5,0
2022-10-30,1.15881,1.16052,1.15844,1.15947,4862,7,0
2022-10-31,1.15948,1.16134,1.14603,1.14672,89286,5,0
2022-11-01,1.14674,1.15659,1.14369,1.14883,108599,5,0
2022-11-02,1.14885,1.15646,1.1375,1.13834,133788,5,0
2022-11-03,1.13834,1.14217,1.11485,1.11699,135431,5,0
2022-11-04,1.11702,1.1381999999999999,1.11458,1.13742,149131,5,0
2022-11-06,1.13119,1.13403,1.1307,1.13301,3726,16,0
2022-11-07,1.13305,1.15414,1.12904,1.15127,115816,5,0
2022-11-08,1.15125,1.15989,1.1429,1.15515,98975,5,0
2022-11-09,1.15513,1.15669,1.13336,1.13677,135106,5,0
2022-11-10,1.13675,1.17312,1.1363,1.16942,155800,5,0
2022-11-11,1.16941,1.18544,1.16471,1.1834,138722,5,0
2022-11-13,1.18109,1.18114,1.17672,1.17966,3854,7,0
2022-11-14,1.17963,1.18288,1.17099,1.17512,118817,5,0
2022-11-15,1.17514,1.20267,1.17408,1.18792,182743,5,0
2022-11-16,1.18793,1.19419,1.18312,1.19137,136190,5,0
2022-11-17,1.19138,1.19576,1.1762299999999999,1.18584,117198,5,0
2022-11-18,1.18586,1.19505,1.18583,1.18856,95857,5,0
2022-11-20,1.18929,1.18958,1.18797,1.1885,1848,7,0
2022-11-21,1.18851,1.18861,1.17783,1.18262,88141,5,0
2022-11-22,1.18264,1.19026,1.1822,1.18932,79756,5,0
2022-11-23,1.18931,1.20806,1.18725,1.20766,89645,5,0
2022-11-24,1.2076500000000001,1.21533,1.20585,1.21122,69797,5,0
2022-11-25,1.2112,1.21272,1.2058,1.2092,95680,5,0
2022-11-27,1.20669,1.20673,1.20487,1.20534,2027,13,0
2022-11-28,1.20537,1.21179,1.19402,1.19591,93908,5,0
2022-11-29,1.19592,1.20641,1.19409,1.19459,98214,5,0
2022-11-30,1.19461,1.20868,1.19003,1.2074799999999999,121208,5,0
2022-12-01,1.20747,1.23105,1.20695,1.22582,121562,5,0
2022-12-02,1.2258,1.22998,1.21345,1.2292,116644,5,0
2022-12-04,1.22789,1.22963,1.22701,1.22959,2260,7,0
2022-12-05,1.22957,1.23443,1.21615,1.21918,95994,5,0
2022-12-06,1.21921,1.22691,1.21257,1.21324,94001,5,0
2022-12-07,1.21322,1.22343,1.21064,1.22086,100115,5,0
2022-12-08,1.22095,1.22471,1.21543,1.22338,75398,5,0
2022-12-09,1.22336,1.23223,1.22049,1.22651,88116,5,0
2022-12-11,1.22578,1.22626,1.22325,1.22351,1557,25,0
2022-12-12,1.22355,1.2298499999999999,1.22064,1.22689,71298,5,0
2022-12-13,1.22686,1.24439,1.22482,1.23545,117171,5,0
2022-12-14,1.23543,1.24466,1.23415,1.24182,134130,5,0
2022-12-15,1.2418,1.24253,1.21562,1.2190400000000001,118641,5,0
2022-12-16,1.21902,1.22229,1.21198,1.21374,99817,5,0
2022-12-18,1.21483,1.21683,1.21481,1.21591,1045,7,0
2022-12-19,1.2159200000000001,1.22416,1.21205,1.2154,82993,5,0
2022-12-20,1.21542,1.22234,1.20853,1.21881,136067,5,0
2022-12-21,1.2187999999999999,1.21895,1.2055,1.20762,83305,5,0
2022-12-22,1.20759,1.21472,1.19923,1.20376,78526,5,0
2022-12-23,1.2037499999999999,1.209,1.20186,1.20504,77764,5,0
2022-12-25,1.20624,1.20641,1.20519,1.20629,577,39,0
2022-12-26,1.20638,1.20895,1.20466,1.20796,27953,19,0
2022-12-27,1.208,1.21123,1.20022,1.20264,64549,5,0
2022-12-28,1.20266,1.21249,1.20023,1.20267,70763,5,0
2022-12-29,1.20276,1.20785,1.20145,1.20551,64896,5,0
2022-12-30,1.20549,1.21074,1.20096,1.20955,87178,5,0
2023-01-01,1.20695,1.20928,1.20552,1.20919,791,50,0
2023-01-02,1.20951,1.20983,1.20295,1.20595,19015,33,0
2023-01-03,1.20598,1.20848,1.18997,1.19661,95505,5,0
2023-01-04,1.19659,1.20875,1.19655,1.2056,95379,5,0
2023-01-05,1.20559,1.2078,1.18731,1.19088,92287,5,0
2023-01-06,1.1909,1.2099,1.18411,1.20934,113480,5,0
2023-01-08,1.20834,1.21195,1.20831,1.21195,1334,7,0
2023-01-09,1.21193,1.2209699999999999,1.20933,1.21836,94207,5,0
2023-01-10,1.21837,1.21978,1.21099,1.21533,95930,5,0
2023-01-11,1.21535,1.2178,1.21001,1.21574,73319,5,0
2023-01-12,1.21582,1.22466,1.20881,1.22164,122062,5,0
2023-01-13,1.22165,1.22483,1.21503,1.22316,83620,5,0
2023-01-15,1.22137,1.2233,1.22134,1.22231,1002,8,0
2023-01-16,1.22233,1.2288999999999999,1.21714,1.22068,56674,5,0
2023-01-17,1.22073,1.22997,1.2168700000000001,1.22834,101778,5,0
2023-01-18,1.22833,1.24357,1.2255,1.23465,120225,5,0
2023-01-19,1.23467,1.23971,1.23123,1.23921,85894,5,0
2023-01-20,1.2392,1.24041,1.23353,1.23978,70706,5,0
2023-01-22,1.2397,1.24131,1.23954,1.24058,957,8,0
2023-01-23,1.2406,1.24476,1.23235,1.23785,72954,5,0
2023-01-24,1.23786,1.24136,1.22623,1.23312,74205,5,0
2023-01-25,1.23314,1.24174,1.2282899999999999,1.24102,68785,5,0
2023-01-26,1.241,1.24301,1.23445,1.24139,73354,5,0
2023-01-27,1.2414,1.24181,1.23452,1.2395,58530,5,0
2023-01-29,1.2387299999999999,1.24002,1.23804,1.24002,805,7,0
2023-01-30,1.24,1.2417,1.23368,1.23495,63940,5,0
2023-01-31,1.2349700000000001,1.23709,1.22839,1.23081,69935,5,0
2023-02-01,1.2308,1.24001,1.2272,1.2387299999999999,90555,5,0
2023-02-02,1.23875,1.24002,1.2218499999999999,1.22207,105238,5,0
2023-02-03,1.22204,1.22654,1.20473,1.20525,93960,0,0
2023-02-05,1.20332,1.2056,1.20315,1.2043300000000001,1743,8,0
2023-02-06,1.20432,1.20771,1.20054,1.20259,70719,5,0
2023-02-07,1.20261,1.20952,1.1961,1.20535,95637,5,0
2023-02-08,1.20534,1.21093,1.20381,1.20703,61807,5,0
2023-02-09,1.20705,1.21936,1.20568,1.21153,61628,5,0
2023-02-10,1.21155,1.2139,1.20468,1.20572,68150,5,0
2023-02-12,1.20637,1.20638,1.20455,1.20511,779,7,0
2023-02-13,1.20512,1.21516,1.20304,1.21503,52950,5,0
2023-02-14,1.21501,1.22696,1.21171,1.2172399999999999,106045,5,0
2023-02-15,1.21734,1.21816,1.19895,1.20367,77398,5,0
2023-02-16,1.20369,1.20739,1.19653,1.1973799999999999,76847,5,0
2023-02-17,1.1974,1.2049,1.19147,1.20417,68529,5,0
2023-02-19,1.20238,1.20367,1.20238,1.2028699999999999,807,7,0
2023-02-20,1.2029,1.20561,1.20144,1.20383,28150,5,0
2023-02-21,1.20381,1.21472,1.19858,1.21088,85881,5,0
2023-02-22,1.2109,1.21354,1.20344,1.20467,77324,5,0
2023-02-23,1.20469,1.20744,1.1992099999999999,1.2016499999999999,64678,5,0
2023-02-24,1.20164,1.20418,1.1928,1.194,80675,5,0
2023-02-26,1.19476,1.19535,1.19407,1.19497,596,7,0
2023-02-27,1.19499,1.20666,1.19225,1.2062,64156,5,0
2023-02-28,1.20621,1.21431,1.2009400000000001,1.20326,67819,5,0
2023-03-01,1.20327,1.2088700000000001,1.1965,1.20261,83359,5,0
2023-03-02,1.20259,1.20361,1.19246,1.19493,78212,5,0
2023-03-03,1.19491,1.20483,1.19482,1.20439,61353,5,0
2023-03-05,1.2027,1.20369,1.20231,1.20264,646,25,0
2023-03-06,1.20273,1.20485,1.19927,1.20248,55608,5,0
2023-03-07,1.20246,1.20646,1.18207,1.18258,86465,5,0
2023-03-08,1.1826699999999999,1.18589,1.18022,1.1849,68667,5,0
2023-03-09,1.18491,1.19386,1.18319,1.19226,62191,5,0
2023-03-10,1.19224,1.21133,1.19078,1.20325,124878,5,0
2023-03-12,1.2065,1.21037,1.20618,1.20755,14580,7,0
2023-03-13,1.20757,1.21994,1.20462,1.21667,152336,5,0
2023-03-14,1.21669,1.22034,1.21355,1.21506,126727,5,0
2023-03-15,1.2150400000000001,1.21814,1.20102,1.20669,145905,5,0
2023-03-16,1.20669,1.21276,1.20272,1.21095,109066,5,0
2023-03-17,1.21097,1.2200199999999999,1.21018,1.21796,64391,5,0
2023-03-19,1.22029,1.2206,1.21768,1.21869,2315,7,0
2023-03-20,1.2187000000000001,1.22846,1.21668,1.22737,65403,5,0
2023-03-21,1.22739,1.22824,1.21786,1.22248,46983,5,0
2023-03-22,1.22249,1.2335099999999999,1.22083,1.22774,76279,5,0
2023-03-23,1.22776,1.23432,1.22615,1.22804,73029,5,0
2023-03-24,1.22802,1.22883,1.21902,1.2230699999999999,64418,5,0
2023-03-26,1.22249,1.22497,1.22245,1.22448,1537,7,0
2023-03-27,1.22449,1.22978,1.2219,1.22961,47231,5,0
2023-03-28,1.22963,1.2349,1.22809,1.23296,41120,5,0
2023-03-29,1.23298,1.23615,1.23026,1.23099,51263,5,0
2023-03-30,1.231,1.23928,1.22935,1.23861,47496,5,0
2023-03-31,1.23862,1.24228,1.23239,1.23297,47412,5,0
2023-04-02,1.23221,1.23291,1.22839,1.22857,2373,7,0
2023-04-03,1.2286,1.24252,1.22742,1.24201,50238,5,0
2023-04-04,1.2420200000000001,1.25252,1.2395,1.24991,54724,5,0
2023-04-05,1.24989,1.2514,1.24325,1.24622,51238,5,0
2023-04-06,1.24624,1.24866,1.24124,1.2435100000000001,40449,5,0
2023-04-07,1.2435,1.24537,1.23889,1.24105,18246,10,0
2023-04-09,1.24143,1.24312,1.24069,1.24305,972,7,0
2023-04-10,1.24307,1.24423,1.23442,1.23911,33835,5,0
2023-04-11,1.23912,1.24562,1.23865,1.24292,43648,5,0
2023-04-12,1.24294,1.2495,1.23983,1.24917,50090,5,0
2023-04-13,1.24918,1.2537,1.24768,1.2524199999999999,45765,5,0
2023-04-14,1.25244,1.25462,1.23989,1.24147,52190,5,0
2023-04-16,1.24103,1.24182,1.2398,1.24011,743,7,0
2023-04-17,1.2401200000000001,1.24379,1.23531,1.23732,45964,5,0
2023-04-18,1.23733,1.24496,1.23674,1.24243,42646,5,0
2023-04-19,1.24244,1.2474,1.23922,1.24278,46788,5,0
2023-04-20,1.2428,1.24674,1.2404600000000001,1.24402,44047,5,0
2023-04-21,1.24402,1.24479,1.23669,1.24424,44265,5,0
2023-04-23,1.2436099999999999,1.24516,1.2435100000000001,1.24474,779,7,0
2023-04-24,1.24475,1.24994,1.24104,1.24987,38904,5,0
2023-04-25,1.24987,1.2507,1.23866,1.24139,45345,5,0
2023-04-26,1.2414,1.25152,1.24026,1.24706,53316,5,0
2023-04-27,1.24707,1.24993,1.2436099999999999,1.2496800000000001,53647,5,0
2023-04-28,1.24969,1.25837,1.24462,1.25668,62495,5,0
2023-04-30,1.25565,1.25693,1.25553,1.2557800000000001,1205,7,0
2023-05-01,1.2558,1.25688,1.24803,1.24844,41193,5,0
2023-05-02,1.24845,1.25119,1.24354,1.24762,54709,5,0
2023-05-03,1.24763,1.25899,1.24678,1.25685,61168,5,0
2023-05-04,1.25687,1.25984,1.25479,1.25827,66702,5,0
2023-05-05,1.2582900000000001,1.26521,1.25586,1.26314,46395,5,0
2023-05-07,1.26294,1.26348,1.2624,1.26296,1110,7,0
2023-05-08,1.26296,1.2668599999999999,1.26106,1.26122,30414,5,0
2023-05-09,1.26121,1.26395,1.25779,1.26241,39457,5,0
2023-05-10,1.26241,1.26796,1.26023,1.26255,41927,5,0
2023-05-11,1.26255,1.2640500000000001,1.24965,1.25073,51090,5,0
2023-05-12,1.25074,1.2540499999999999,1.2444600000000001,1.24478,37551,5,0
2023-05-14,1.24501,1.24521,1.24416,1.24509,723,7,0
2023-05-15,1.2451,1.25343,1.2445,1.25245,31617,5,0
2023-05-16,1.25247,1.2545600000000001,1.24652,1.24841,40911,5,0
2023-05-17,1.24839,1.251,1.24215,1.24819,40976,5,0
2023-05-18,1.24821,1.24927,1.23913,1.24113,39098,5,0
2023-05-19,1.24114,1.24837,1.23919,1.24455,47282,5,0
2023-05-21,1.24404,1.24608,1.24404,1.24606,889,7,0
2023-05-22,1.24606,1.2472,1.24137,1.24337,44418,5,0
2023-05-23,1.24338,1.24463,1.23728,1.2416,49145,5,0
2023-05-24,1.24161,1.24688,1.23561,1.23696,57299,5,0
2023-05-25,1.23697,1.23866,1.23079,1.23165,47534,5,0
2023-05-26,1.23163,1.2395100000000001,1.23109,1.23479,46680,5,0
2023-05-28,1.23368,1.2351,1.23358,1.23451,943,7,0
2023-05-29,1.23452,1.23716,1.2335,1.23475,17650,5,0
2023-05-30,1.23475,1.24462,1.2327,1.24121,47417,5,0
2023-05-31,1.24121,1.24492,1.23478,1.24451,54352,5,0
2023-06-01,1.24452,1.25393,1.24007,1.2526,49324,5,0
2023-06-02,1.25262,1.25444,1.24413,1.24499,44642,5,0
2023-06-04,1.24464,1.24487,1.24269,1.24299,1086,7,0
2023-06-05,1.2429999999999999,1.24434,1.23684,1.24319,42263,5,0
2023-06-06,1.2432,1.24583,1.23915,1.24289,39635,5,0
2023-06-07,1.24292,1.24999,1.23948,1.2444,42576,5,0
2023-06-08,1.24442,1.25633,1.2441200000000001,1.2557800000000001,41484,5,0
2023-06-09,1.25579,1.25899,1.25338,1.258,36705,5,0
2023-06-11,1.25677,1.25808,1.2564600000000001,1.25793,1438,7,0
2023-06-12,1.25794,1.25991,1.24869,1.25144,45386,5,0
2023-06-13,1.25145,1.26244,1.25132,1.26064,61227,5,0
2023-06-14,1.26065,1.2698800000000001,1.26007,1.26704,60954,5,0
2023-06-15,1.26706,1.2790599999999999,1.26295,1.27847,54431,5,0
2023-06-16,1.27847,1.2848,1.27681,1.2823,54230,5,0
2023-06-18,1.2816100000000001,1.28322,1.28155,1.2830599999999999,1588,7,0
2023-06-19,1.28309,1.28369,1.2770299999999999,1.27928,38288,5,0
2023-06-20,1.2793,1.2805900000000001,1.27134,1.27651,58630,5,0
2023-06-21,1.27653,1.2801,1.2691,1.27702,74564,5,0
2023-06-22,1.2770299999999999,1.28415,1.27255,1.27464,69435,5,0
2023-06-23,1.27465,1.27488,1.26852,1.27148,67318,5,0
2023-06-25,1.27068,1.27309,1.27055,1.27288,1989,7,0
2023-06-26,1.27289,1.27484,1.26879,1.27105,63593,1,0
2023-06-27,1.27108,1.27594,1.27034,1.27453,195550,0,0
2023-06-28,1.27458,1.27519,1.26062,1.26414,195151,0,0
2023-06-29,1.26418,1.26667,1.25909,1.26129,191011,0,0
2023-06-30,1.26133,1.27276,1.25992,1.26969,187600,0,0
2023-07-02,1.26948,1.27042,1.26924,1.2693400000000001,1327,7,0
2023-07-03,1.26935,1.27229,1.26583,1.26918,49445,5,0
2023-07-04,1.26919,1.2739,1.26833,1.27169,33463,5,0
2023-07-05,1.2717100000000001,1.2735,1.2688,1.27039,47548,5,0
2023-07-06,1.27041,1.27806,1.26734,1.27416,65985,5,0
2023-07-07,1.27417,1.28491,1.27257,1.28388,59069,5,0
2023-07-09,1.2827899999999999,1.28406,1.28275,1.2837399999999999,1368,7,0
2023-07-10,1.28375,1.28681,1.275,1.28637,48770,5,0
2023-07-11,1.28637,1.29391,1.28579,1.29335,50733,5,0
2023-07-12,1.29336,1.30002,1.29038,1.29955,58725,5,0
2023-07-13,1.29956,1.3140399999999999,1.2984,1.3128,57943,5,0
2023-07-14,1.3128,1.3142,1.30894,1.30928,56112,5,0
2023-07-16,1.3088199999999999,1.30971,1.30851,1.30891,1551,7,0
2023-07-17,1.30892,1.31086,1.3050899999999999,1.30716,46501,5,0
2023-07-18,1.30717,1.31254,1.3028,1.30336,60832,5,0
2023-07-19,1.30334,1.30386,1.28675,1.2937,66079,5,0
2023-07-20,1.29371,1.29643,1.2839800000000001,1.28722,54403,5,0
2023-07-21,1.28725,1.2904,1.2815699999999999,1.28529,51949,5,0
2023-07-23,1.2845900000000001,1.28569,1.28457,1.2852000000000001,1421,7,0
2023-07-24,1.28521,1.2883499999999999,1.27977,1.28117,57066,5,0
2023-07-25,1.28118,1.29046,1.2809300000000001,1.28931,47948,5,0
2023-07-26,1.28932,1.2960099999999999,1.28752,1.29267,60055,5,0
2023-07-27,1.29268,1.29955,1.27819,1.2793,73457,5,0
2023-07-28,1.27931,1.28873,1.27629,1.28502,73363,5,0
2023-07-30,1.28447,1.2858100000000001,1.28437,1.28532,1694,7,0
2023-07-31,1.28534,1.28723,1.28281,1.28314,45439,5,0
2023-08-01,1.28315,1.28383,1.27409,1.27943,51538,5,0
2023-08-02,1.27945,1.27988,1.26801,1.27186,57892,5,0
2023-08-03,1.27186,1.27278,1.26202,1.27154,70169,5,0
2023-08-04,1.27155,1.27921,1.26836,1.2748599999999999,58072,5,0
2023-08-06,1.27451,1.27551,1.27413,1.2748300000000001,2027,7,0
2023-08-07,1.27485,1.27889,1.27129,1.2781,43455,5,0
2023-08-08,1.27811,1.27853,1.26841,1.27431,49683,5,0
2023-08-09,1.27433,1.27816,1.27106,1.27194,43612,5,0
2023-08-10,1.27194,1.28183,1.26675,1.26697,72910,5,0
2023-08-11,1.26699,1.2738399999999999,1.2665899999999999,1.2695,56836,5,0
2023-08-13,1.26906,1.27009,1.26857,1.2693699999999999,1756,7,0
2023-08-14,1.26939,1.27145,1.26162,1.26852,56846,5,0
2023-08-15,1.26853,1.27522,1.2675100000000001,1.2699799999999999,66740,5,0
2023-08-16,1.27,1.27661,1.2687,1.27273,59210,5,0
2023-08-17,1.27273,1.27871,1.27023,1.27469,57727,5,0
2023-08-18,1.27471,1.27658,1.26889,1.27349,56106,5,0
2023-08-20,1.27286,1.27411,1.27267,1.27407,1771,7,0
2023-08-21,1.2741,1.27664,1.27101,1.27594,49880,5,0
2023-08-22,1.27596,1.28,1.27182,1.27309,49836,5,0
2023-08-23,1.27309,1.27643,1.26145,1.27199,63129,5,0
2023-08-24,1.272,1.27283,1.25858,1.25922,51021,5,0
2023-08-25,1.25923,1.26539,1.25478,1.25789,59033,5,0
2023-08-27,1.2578,1.25892,1.25738,1.25889,1729,7,0
2023-08-28,1.2589000000000001,1.26152,1.25654,1.26106,40455,5,0
2023-08-29,1.26106,1.26545,1.25625,1.26355,55850,5,0
2023-08-30,1.26356,1.27454,1.26187,1.27109,54628,5,0
2023-08-31,1.27111,1.27342,1.26523,1.26709,56591,5,0
2023-09-01,1.26709,1.27125,1.2577099999999999,1.25862,56859,5,0
2023-09-03,1.2585,1.2592400000000001,1.25847,1.25907,1103,7,0
2023-09-04,1.25908,1.26422,1.25875,1.2622200000000001,28419,5,0
2023-09-05,1.26223,1.26316,1.2528000000000001,1.25695,54258,5,0
2023-09-06,1.25696,1.25876,1.24819,1.24981,54909,5,0
2023-09-07,1.24981,1.2508,1.24454,1.24749,47026,5,0
2023-09-08,1.2475,1.25141,1.2451,1.24654,44686,5,0
2023-09-10,1.24653,1.2492,1.24645,1.2488,2193,7,0
2023-09-11,1.24882,1.25478,1.24817,1.25076,43268,5,0
2023-09-12,1.25076,1.25291,1.24592,1.24909,43439,5,0
2023-09-13,1.2490999999999999,1.25116,1.24328,1.24892,60028,5,0
2023-09-14,1.24893,1.2505899999999999,1.23964,1.24006,54894,5,0
2023-09-15,1.24007,1.24455,1.23786,1.23825,43211,5,0
2023-09-17,1.2381,1.23972,1.23807,1.2397,1038,7,0
2023-09-18,1.2397,1.241,1.23701,1.23827,34632,5,0
2023-09-19,1.2382900000000001,1.24244,1.23691,1.23925,37088,5,0
2023-09-20,1.23927,1.24211,1.23236,1.23266,56408,5,0
2023-09-21,1.23267,1.23312,1.22338,1.22925,56635,5,0
2023-09-22,1.22927,1.22936,1.22305,1.22377,49550,5,0
2023-09-24,1.22359,1.2247,1.22337,1.22408,2119,7,0
2023-09-25,1.22408,1.22499,1.21937,1.22123,40214,5,0
2023-09-26,1.22125,1.22147,1.2143,1.21458,43506,5,0
2023-09-27,1.21458,1.21639,1.21102,1.21349,49558,5,0
2023-09-28,1.21351,1.22244,1.21198,1.22039,52614,5,0
2023-09-29,1.2204,1.22716,1.21801,1.22031,58488,5,0
2023-10-01,1.2191,1.22051,1.21793,1.21925,2108,7,0
2023-10-02,1.21927,1.22196,1.20828,1.2089699999999999,48487,5,0
2023-10-03,1.20899,1.2101600000000001,1.20522,1.20772,65041,5,0
2023-10-04,1.20774,1.21768,1.2037200000000001,1.21367,61843,5,0
2023-10-05,1.21368,1.21957,1.21075,1.2187000000000001,54149,5,0
2023-10-06,1.2187000000000001,1.22611,1.21055,1.22376,65825,5,0
2023-10-08,1.21973,1.22212,1.21948,1.22191,2772,7,0
2023-10-09,1.22193,1.22515,1.21629,1.22492,48666,5,0
2023-10-10,1.2248999999999999,1.22944,1.22116,1.22889,63572,5,0
2023-10-11,1.22891,1.2337,1.22688,1.23149,59052,5,0
2023-10-12,1.2315,1.23312,1.21689,1.21822,58029,5,0
2023-10-13,1.21821,1.2225,1.21223,1.21434,53227,5,0
2023-10-15,1.21343,1.21559,1.21337,1.21543,2070,7,0
2023-10-16,1.21543,1.22191,1.21426,1.22113,47472,5,0
2023-10-17,1.2211400000000001,1.22156,1.21327,1.21778,54614,5,0
2023-10-18,1.21778,1.2211,1.21351,1.21412,52894,5,0
2023-10-19,1.21411,1.21912,1.20898,1.21352,67957,5,0
2023-10-20,1.21352,1.217,1.2093099999999999,1.21637,53581,5,0
2023-10-22,1.21551,1.21658,1.21533,1.21629,1424,7,0
2023-10-23,1.21629,1.22583,1.2143,1.22488,48675,5,0
2023-10-24,1.2248999999999999,1.22884,1.21533,1.21618,53043,5,0
2023-10-25,1.21619,1.21759,1.20945,1.2102,48164,5,0
2023-10-26,1.21021,1.21394,1.20693,1.21359,53246,5,0
2023-10-27,1.2136,1.21623,1.2105299999999999,1.21206,47636,5,0
2023-10-29,1.21155,1.2124,1.21101,1.21127,1591,7,0
2023-10-30,1.21128,1.21742,1.20899,1.2163599999999999,44438,5,0
2023-10-31,1.21637,1.2200199999999999,1.21192,1.21502,49656,5,0
2023-11-01,1.21503,1.21804,1.20955,1.21804,60146,5,0
2023-11-02,1.21808,1.2225,1.21551,1.21893,45915,8,0
2023-11-03,1.21894,1.23892,1.2184300000000001,1.23807,45057,8,0
2023-11-05,1.2372,1.23761,1.23522,1.23708,1283,40,0
2023-11-06,1.23716,1.24277,1.23262,1.23434,38105,8,0
2023-11-07,1.23437,1.23465,1.22625,1.22907,40502,8,0
2023-11-08,1.2291,1.2301,1.22416,1.22849,43113,8,0
2023-11-09,1.22852,1.23082,1.22122,1.2216,48297,8,0
2023-11-10,1.22161,1.22372,1.21868,1.22261,40512,8,0
2023-11-12,1.22051,1.22305,1.2198,1.22275,1507,40,0
2023-11-13,1.2229,1.22801,1.22229,1.22784,36773,8,0
2023-11-14,1.2279,1.25055,1.22653,1.24931,47650,8,0
2023-11-15,1.24933,1.24978,1.24034,1.24211,52908,5,0
2023-11-16,1.24215,1.24551,1.23761,1.24139,49889,5,0
2023-11-17,1.2414100000000001,1.24646,1.23737,1.24632,50318,5,0
2023-11-19,1.24468,1.24611,1.24461,1.24511,1432,25,0
2023-11-20,1.24528,1.25172,1.24457,1.25073,50430,5,0
2023-11-21,1.25075,1.25593,1.25042,1.25423,61643,4,0
2023-11-22,1.25428,1.2549299999999999,1.2448299999999999,1.24888,58725,5,0
2023-11-23,1.24888,1.25715,1.24884,1.25312,42575,5,0
2023-11-24,1.2532,1.26153,1.2524199999999999,1.2603900000000001,44389,5,0
2023-11-26,1.2593,1.2604199999999999,1.25921,1.25977,1215,24,0
2023-11-27,1.2599,1.2644,1.25909,1.26338,57812,5,0
2023-11-28,1.26339,1.27148,1.26063,1.27118,65253,5,0
2023-11-29,1.27122,1.27331,1.26645,1.26944,68550,5,0
2023-11-30,1.26944,1.27102,1.26033,1.26301,75883,5,0
2023-12-01,1.26306,1.27156,1.2613699999999999,1.27104,69514,5,0
2023-12-03,1.26979,1.27245,1.26824,1.27106,2671,24,0
2023-12-04,1.27114,1.27121,1.26036,1.2633,72036,5,0
2023-12-05,1.26332,1.26515,1.2577,1.25933,72963,4,0
2023-12-06,1.25937,1.26138,1.25511,1.25572,62145,4,0
2023-12-07,1.25575,1.26122,1.25441,1.25865,67897,4,0
2023-12-08,1.25872,1.26011,1.25019,1.25485,77170,4,0
2023-12-10,1.25285,1.25528,1.25285,1.25526,1739,25,0
2023-12-11,1.25539,1.25904,1.25346,1.25531,54334,5,0
2023-12-12,1.25532,1.2615,1.2514,1.25679,67447,5,0
2023-12-13,1.25684,1.26346,1.24998,1.26209,73510,4,0
2023-12-14,1.2621,1.27942,1.26119,1.27699,96220,4,0
2023-12-15,1.27699,1.27902,1.26678,1.26819,76420,5,0
2023-12-17,1.26722,1.2676,1.2659500000000001,1.2671299999999999,1448,25,0
2023-12-18,1.26715,1.27036,1.26285,1.26519,61477,4,0
2023-12-19,1.26526,1.2762,1.26488,1.27301,65491,5,0
2023-12-20,1.27301,1.27301,1.26245,1.26398,66797,5,0
2023-12-21,1.26399,1.26958,1.26121,1.26828,71250,5,0
2023-12-22,1.26827,1.27441,1.26787,1.26984,66990,5,0
2023-12-25,1.2693699999999999,1.27036,1.26514,1.26968,1562,115,0
2023-12-26,1.26963,1.27302,1.26773,1.27249,39704,8,0
2023-12-27,1.27255,1.28024,1.26986,1.27996,53131,7,0
2023-12-28,1.27999,1.28275,1.27122,1.2734,53898,7,0
2023-12-29,1.2734,1.27724,1.27001,1.2731,59122,7,0
2024-01-01,1.27402,1.27444,1.26765,1.27222,1604,109,0
2024-01-02,1.27225,1.2754699999999999,1.26104,1.26223,64442,7,0
2024-01-03,1.26226,1.26765,1.26153,1.26728,75397,5,0
2024-01-04,1.2673,1.27294,1.26567,1.26807,66149,7,0
2024-01-05,1.2680799999999999,1.27707,1.2610700000000001,1.27191,83692,7,0
2024-01-07,1.27111,1.27188,1.27068,1.27159,1238,25,0
2024-01-08,1.27168,1.27668,1.2673,1.27408,58221,7,0
2024-01-09,1.27408,1.27649,1.26892,1.27104,57369,7,0
2024-01-10,1.27107,1.27443,1.2686,1.2744,50920,7,0
2024-01-11,1.27442,1.27829,1.26898,1.2778100000000001,78144,7,0
2024-01-12,1.2778399999999999,1.27854,1.27191,1.27534,64460,7,0
2024-01-14,1.2738399999999999,1.27493,1.27337,1.27345,1384,25,0
2024-01-15,1.2735400000000001,1.27653,1.27126,1.27149,42881,7,0
2024-01-16,1.27151,1.27166,1.2619099999999999,1.26373,79011,7,0
2024-01-17,1.26375,1.2696100000000001,1.25961,1.26762,71804,7,0
2024-01-18,1.26769,1.27116,1.26478,1.27105,71841,7,0
2024-01-19,1.27108,1.27142,1.2661,1.27039,58926,7,0
2024-01-21,1.26821,1.27072,1.26821,1.26983,1724,25,0
2024-01-22,1.2698800000000001,1.2732700000000001,1.26865,1.27057,53727,7,0
2024-01-23,1.2706,1.27471,1.26488,1.26906,55173,7,0
2024-01-24,1.26908,1.27744,1.26855,1.27189,62606,7,0
2024-01-25,1.2718099999999999,1.27424,1.26813,1.27062,68037,7,0
2024-01-26,1.2705600000000001,1.27582,1.26753,1.2702,55326,7,0
2024-01-28,1.26891,1.27013,1.2687300000000001,1.26962,1896,25,0
2024-01-29,1.26967,1.27184,1.26619,1.2711299999999999,51786,7,0
2024-01-30,1.27116,1.2720799999999999,1.26398,1.26939,55601,7,0
2024-01-31,1.26939,1.27504,1.26579,1.26793,87147,7,0
2024-02-01,1.26794,1.27554,1.2624900000000001,1.27455,71884,7,0
2024-02-02,1.27458,1.27719,1.26135,1.2633,63462,7,0
2024-02-04,1.2628,1.26325,1.26108,1.26211,1822,25,0
2024-02-05,1.26215,1.26291,1.25176,1.2533,54985,7,0
2024-02-06,1.25335,1.26051,1.25332,1.26027,58744,7,0
2024-02-07,1.26032,1.2641499999999999,1.25968,1.26264,53672,7,0
2024-02-08,1.26265,1.26384,1.25716,1.26193,52012,7,0
2024-02-09,1.26202,1.26428,1.2598799999999999,1.263,49147,7,0
2024-02-11,1.26209,1.26359,1.26131,1.26348,1810,25,0
2024-02-12,1.2636,1.26544,1.26059,1.2626,45139,7,0
2024-02-13,1.26265,1.2694,1.25729,1.25899,60075,7,0
2024-02-14,1.25899,1.2610700000000001,1.25349,1.25665,58372,7,0
2024-02-15,1.2566899999999999,1.26045,1.25407,1.25983,52870,7,0
2024-02-16,1.2598099999999999,1.26243,1.25505,1.26001,54362,7,0
2024-02-18,1.25971,1.26093,1.25918,1.26084,1892,24,0
2024-02-19,1.26099,1.26294,1.2583199999999999,1.25874,36782,7,0
2024-02-20,1.25875,1.26685,1.25788,1.2625899999999999,51676,7,0
2024-02-21,1.26244,1.26413,1.26022,1.26375,52016,7,0
2024-02-22,1.26379,1.27093,1.2610999999999999,1.26609,54793,7,0
2024-02-23,1.26612,1.27013,1.26481,1.26707,46379,7,0
2024-02-25,1.26617,1.26742,1.2661,1.26708,1829,25,0
2024-02-26,1.26697,1.26992,1.26565,1.26836,42811,7,0
2024-02-27,1.26836,1.2696399999999999,1.266,1.26802,47498,7,0
2024-02-28,1.26802,1.26837,1.26214,1.2659799999999999,47745,7,0
2024-02-29,1.26609,1.26816,1.26124,1.2625199999999999,55086,7,0
2024-03-01,1.26265,1.26637,1.25996,1.2652700000000001,50064,7,0
2024-03-03,1.26462,1.26608,1.26392,1.26592,1628,25,0
2024-03-04,1.26603,1.27061,1.26558,1.26891,39411,7,0
2024-03-05,1.26891,1.27346,1.2671000000000001,1.27042,47062,7,0
2024-03-06,1.27043,1.27615,1.26897,1.27337,51031,7,0
2024-03-07,1.27356,1.2812999999999999,1.27229,1.28128,53726,7,0
2024-03-08,1.2812999999999999,1.28934,1.28006,1.2858800000000001,57704,7,0
2024-03-10,1.28571,1.28592,1.2845900000000001,1.2854999999999999,2648,7,0
2024-03-11,1.28551,1.2861799999999999,1.2794699999999999,1.2818800000000001,45476,7,0
2024-03-12,1.28176,1.28232,1.27458,1.27948,54705,7,0
2024-03-13,1.2794400000000001,1.2811,1.27742,1.28009,43742,7,0
2024-03-14,1.28012,1.28227,1.2730299999999999,1.27451,49102,7,0
2024-03-15,1.2745,1.27582,1.27248,1.27345,39306,7,0
2024-03-17,1.27244,1.27369,1.2720799999999999,1.2731,2101,7,0
2024-03-18,1.2731,1.27463,1.2717399999999999,1.27261,35375,7,0
2024-03-19,1.2726199999999999,1.27326,1.26671,1.27177,42504,7,0
2024-03-20,1.27176,1.27978,1.2684,1.27978,53530,7,0
2024-03-21,1.27975,1.2803,1.26499,1.26604,51882,7,0
2024-03-22,1.26604,1.2674699999999999,1.25748,1.25998,42573,7,0
2024-03-24,1.25869,1.26003,1.2585600000000001,1.25972,2175,7,0
2024-03-25,1.25972,1.26519,1.25914,1.26361,33528,7,0
2024-03-26,1.26362,1.26677,1.26215,1.26275,36753,7,0
2024-03-27,1.26277,1.2640799999999999,1.26051,1.26165,36985,7,0
2024-03-28,1.26167,1.26541,1.2585600000000001,1.26219,41778,7,0
2024-03-29,1.26216,1.26422,1.26064,1.26176,12641,8,0
2024-03-31,1.26118,1.26414,1.26118,1.26356,3097,7,0
2024-04-01,1.26372,1.26417,1.25393,1.25457,33412,7,0
2024-04-02,1.25457,1.25806,1.25391,1.25763,38730,7,0
2024-04-03,1.25757,1.26559,1.25623,1.26513,42197,7,0
2024-04-04,1.26508,1.2683200000000001,1.2635,1.26394,39425,7,0
2024-04-05,1.26389,1.26482,1.2574100000000001,1.26376,46395,7,0
2024-04-07,1.2618800000000001,1.26339,1.2618800000000001,1.26236,2585,7,0
2024-04-08,1.26239,1.26637,1.2612999999999999,1.2656800000000001,45486,7,0
2024-04-09,1.2657,1.27092,1.26483,1.26766,40890,7,0
2024-04-10,1.26768,1.27073,1.252,1.25363,62075,7,0
2024-04-11,1.25365,1.2578,1.25103,1.25542,56393,7,0
2024-04-12,1.25545,1.25587,1.24262,1.24485,54387,7,0
2024-04-14,1.24383,1.24621,1.2417,1.24602,3513,7,0
2024-04-15,1.24591,1.24983,1.24354,1.24459,59309,7,0
2024-04-16,1.24462,1.24716,1.24054,1.24295,66145,7,0
2024-04-17,1.24304,1.24816,1.24167,1.24526,60594,7,0
2024-04-18,1.2453,1.2484,1.24316,1.24352,51334,7,0
2024-04-19,1.24346,1.2468,1.23666,1.23706,67002,7,0
2024-04-21,1.23611,1.23782,1.23611,1.23753,2681,7,0
2024-04-22,1.23753,1.2392,1.2299,1.23496,45411,7,0
2024-04-23,1.23496,1.24583,1.23316,1.24535,54364,7,0
2024-04-24,1.24538,1.24696,1.24224,1.2459,42954,7,0
2024-04-25,1.2459,1.2527,1.24541,1.25068,60013,7,0
2024-04-26,1.25068,1.2540499999999999,1.2449,1.24936,52982,7,0
2024-04-28,1.24792,1.25099,1.24718,1.25091,2397,7,0
2024-04-29,1.25091,1.25691,1.25067,1.25592,53839,7,0
2024-04-30,1.25591,1.2561,1.24868,1.24888,55310,7,0
2024-05-01,1.24888,1.25498,1.24661,1.2536,63936,7,0
2024-05-02,1.25359,1.25443,1.2471700000000001,1.2539,61238,7,0
2024-05-03,1.25389,1.26339,1.25291,1.25464,64699,7,0
2024-05-05,1.25428,1.2553,1.25363,1.25407,2212,7,0
2024-05-06,1.25406,1.25941,1.2538,1.2559,41527,7,0
2024-05-07,1.25589,1.25704,1.24983,1.25016,44447,7,0
2024-05-08,1.25013,1.25046,1.24673,1.24928,42885,7,0
2024-05-09,1.24928,1.25289,1.24458,1.2524199999999999,49946,7,0
2024-05-10,1.25243,1.25411,1.25024,1.25241,41786,7,0
2024-05-12,1.2512400000000001,1.2527300000000001,1.25068,1.2521499999999999,1923,7,0
2024-05-13,1.25213,1.25683,1.25174,1.25594,39979,7,0
2024-05-14,1.25594,1.25925,1.25092,1.2584,48946,7,0
2024-05-15,1.2584,1.26938,1.2583199999999999,1.26881,50050,7,0
2024-05-16,1.26885,1.27002,1.26432,1.26711,42510,7,0
2024-05-17,1.26711,1.27115,1.26447,1.27007,35566,7,0
2024-05-19,1.26898,1.2707600000000001,1.26831,1.27053,1643,7,0
2024-05-20,1.27053,1.27253,1.2689,1.27092,37227,7,0
2024-05-21,1.27093,1.2726600000000001,1.26862,1.27094,40519,7,0
2024-05-22,1.27095,1.27609,1.26999,1.27197,49299,7,0
2024-05-23,1.27198,1.27463,1.26852,1.2692999999999999,53121,7,0
2024-05-24,1.26928,1.27505,1.26757,1.27373,39970,7,0
2024-05-26,1.27341,1.2742499999999999,1.27287,1.27339,1705,7,0
2024-05-27,1.27338,1.27773,1.27333,1.27717,25768,7,0
2024-05-28,1.27717,1.28007,1.27538,1.27579,44262,7,0
2024-05-29,1.2757800000000001,1.27715,1.2695699999999999,1.26975,49829,7,0
2024-05-30,1.26974,1.27468,1.26806,1.27286,48059,7,0
2024-05-31,1.27285,1.27656,1.2699799999999999,1.27417,48550,7,0
2024-06-02,1.2734,1.2745,1.2726600000000001,1.27435,2084,7,0
2024-06-03,1.27436,1.2812000000000001,1.26939,1.2809300000000001,48294,7,0
2024-06-04,1.28092,1.28173,1.27423,1.2772299999999999,50292,7,0
2024-06-05,1.27724,1.2795,1.2755,1.27931,45372,7,0
2024-06-06,1.27932,1.28088,1.27623,1.27922,42098,7,0
2024-06-07,1.27922,1.28175,1.27154,1.27184,49261,7,0
2024-06-09,1.2717,1.2729300000000001,1.27098,1.27278,3048,7,0
2024-06-10,1.27278,1.27369,1.26875,1.27255,39878,7,0
2024-06-11,1.27254,1.27511,1.27054,1.2739099999999999,42792,7,0
2024-06-12,1.2739099999999999,1.286,1.27325,1.27961,62287,7,0
2024-06-13,1.27961,1.28072,1.2738,1.27536,47448,7,0
2024-06-14,1.27536,1.2763200000000001,1.2656399999999999,1.26864,48799,7,0
2024-06-16,1.26784,1.2687300000000001,1.26697,1.2683200000000001,2237,7,0
2024-06-17,1.26831,1.27139,1.26583,1.27131,40418,7,0
2024-06-18,1.2713,1.2720500000000001,1.26685,1.27066,45306,7,0
2024-06-19,1.27066,1.27397,1.2699799999999999,1.27195,31020,7,0
2024-06-20,1.27195,1.27203,1.26528,1.26596,41879,7,0
2024-06-21,1.2659799999999999,1.2675,1.2622,1.26433,41318,7,0
2024-06-23,1.26386,1.26455,1.26305,1.26376,2179,7,0
2024-06-24,1.2637800000000001,1.26976,1.26325,1.2681499999999999,38400,7,0
2024-06-25,1.2681499999999999,1.27023,1.267,1.26837,36278,7,0
2024-06-26,1.26837,1.26932,1.26152,1.26209,42260,7,0
2024-06-27,1.26207,1.26702,1.26125,1.26437,41071,7,0
2024-06-28,1.26438,1.26687,1.26193,1.26445,46178,7,0
2024-06-30,1.26387,1.26511,1.26322,1.26481,2457,7,0
2024-07-01,1.26481,1.27109,1.26331,1.26449,44732,7,0
2024-07-02,1.2645,1.26908,1.26154,1.2686899999999999,38231,7,0
2024-07-03,1.2687,1.27772,1.2678,1.27472,36593,7,0
2024-07-04,1.27472,1.27675,1.27406,1.27548,26259,7,0
2024-07-05,1.27549,1.28171,1.27545,1.2814,40766,7,0
2024-07-07,1.2785,1.28144,1.2784200000000001,1.28053,2656,7,0
2024-07-08,1.28049,1.28452,1.27994,1.28151,36478,7,0
2024-07-09,1.28152,1.28247,1.27773,1.27875,38375,7,0
2024-07-10,1.2787600000000001,1.28539,1.27839,1.28535,33857,7,0
2024-07-11,1.28536,1.29492,1.2849,1.29231,50941,7,0
2024-07-12,1.2923200000000001,1.2990300000000001,1.29019,1.29886,43767,7,0
2024-07-14,1.29633,1.2978399999999999,1.29597,1.29669,2850,2,0
2024-07-15,1.29669,1.29946,1.29583,1.2969,42475,4,0
2024-07-16,1.2969,1.29796,1.2938,1.29771,41377,7,0
2024-07-17,1.29773,1.30442,1.29658,1.3007900000000001,48137,7,0
2024-07-18,1.30078,1.30126,1.29382,1.29491,45512,7,0
2024-07-19,1.29491,1.29492,1.29007,1.29126,39363,7,0
2024-07-21,1.29031,1.29389,1.29024,1.29322,2562,7,0
2024-07-22,1.29319,1.29421,1.29046,1.29304,39187,7,0
2024-07-23,1.29304,1.29346,1.28874,1.29005,38204,7,0
2024-07-24,1.29005,1.29373,1.2877399999999999,1.28976,43242,7,0
2024-07-25,1.28976,1.29132,1.28453,1.28549,51991,7,0
2024-07-26,1.28553,1.28778,1.28497,1.28661,36729,7,0
2024-07-28,1.2858399999999999,1.28712,1.28511,1.28662,2338,7,0
2024-07-29,1.28662,1.2888,1.28063,1.28595,40270,7,0
2024-07-30,1.28594,1.28643,1.28198,1.28375,39096,7,0
2024-07-31,1.28375,1.28639,1.28204,1.28525,57362,7,0
2024-08-01,1.28522,1.28602,1.27263,1.27276,59126,7,0
2024-08-02,1.27274,1.28399,1.27068,1.28046,61247,7,0
2024-08-04,1.27936,1.2808899999999999,1.27813,1.27869,4124,7,0
2024-08-05,1.2787,1.28166,1.27101,1.27873,116707,7,0
2024-08-06,1.27877,1.2803,1.26725,1.26843,79123,7,0
2024-08-07,1.2684199999999999,1.27355,1.2678099999999999,1.26823,62334,7,0
2024-08-08,1.26822,1.2752,1.26645,1.27451,60538,5,0
2024-08-09,1.27451,1.27735,1.27258,1.27576,42001,5,0
2024-08-11,1.27557,1.2761,1.27481,1.27485,2176,7,0
2024-08-12,1.27484,1.27935,1.27467,1.27702,40533,7,0
2024-08-13,1.27702,1.28727,1.27631,1.2864900000000001,43170,7,0
2024-08-14,1.28647,1.28682,1.28172,1.2824200000000001,33437,7,0
2024-08-15,1.2824499999999999,1.28716,1.27986,1.28586,29744,5,0
2024-08-16,1.2858800000000001,1.29458,1.2857,1.29443,22652,5,0
2024-08-18,1.29319,1.2950599999999999,1.29309,1.29461,1335,7,0
2024-08-19,1.29459,1.29969,1.29395,1.29889,28365,7,0
2024-08-20,1.29891,1.30521,1.2974,1.30337,33475,5,0
2024-08-21,1.30335,1.31195,1.30102,1.30924,37855,7,0
2024-08-22,1.30922,1.31302,1.30761,1.30966,34174,5,0
2024-08-23,1.30963,1.32303,1.30914,1.32165,42508,5,0
2024-08-25,1.3207900000000001,1.32153,1.32026,1.3214000000000001,1929,7,0
2024-08-26,1.32142,1.32221,1.31796,1.31914,32136,5,0
2024-08-27,1.31917,1.3266,1.3179699999999999,1.3255,35717,5,0
2024-08-28,1.32552,1.32603,1.3167200000000001,1.3192599999999999,37668,7,0
2024-08-29,1.31928,1.32268,1.31449,1.3164799999999999,47357,5,0
2024-08-30,1.3165200000000001,1.31998,1.31093,1.31272,51137,7,0
2024-09-01,1.31262,1.31333,1.31172,1.31295,1877,7,0
2024-09-02,1.31296,1.31551,1.31195,1.31397,30038,7,0
2024-09-03,1.31397,1.31471,1.30872,1.31122,56401,7,0
2024-09-04,1.31121,1.31748,1.3100399999999999,1.31436,53488,7,0
2024-09-05,1.3143799999999999,1.31852,1.31365,1.31755,53148,4,0
2024-09-06,1.31755,1.3237999999999999,1.31094,1.31291,73087,7,0
2024-09-08,1.31175,1.3138,1.31168,1.31312,2748,7,0
2024-09-09,1.31314,1.3143,1.30671,1.30707,47510,7,0
2024-09-10,1.3070599999999999,1.31076,1.30491,1.30793,46863,7,0
2024-09-11,1.30792,1.31116,1.30017,1.30376,59044,5,0
2024-09-12,1.30376,1.31323,1.30317,1.3132,51787,4,0
2024-09-13,1.31321,1.31577,1.31145,1.31242,48992,4,0
2024-09-15,1.31176,1.3136700000000001,1.31139,1.31346,2261,7,0
2024-09-16,1.3134700000000001,1.32181,1.3134700000000001,1.32097,42951,7,0
2024-09-17,1.32098,1.3229600000000001,1.31456,1.3167,51994,5,0
2024-09-18,1.31668,1.32975,1.31561,1.32029,88648,5,0
2024-09-19,1.3203,1.33142,1.3153000000000001,1.3280699999999999,76250,5,0
2024-09-20,1.3280699999999999,1.334,1.32679,1.33217,62928,7,0
2024-09-22,1.33054,1.33227,1.33051,1.3312,2387,7,0
2024-09-23,1.33118,1.33591,1.32483,1.33483,58647,5,0
2024-09-24,1.33483,1.34277,1.33316,1.34267,60951,5,0
2024-09-25,1.34267,1.34298,1.33122,1.33135,66340,5,0
2024-09-26,1.33134,1.34342,1.33121,1.34105,70430,5,0
2024-09-27,1.34104,1.34272,1.33594,1.33722,68682,5,0
2024-09-29,1.33696,1.33838,1.33676,1.33822,2075,7,0
2024-09-30,1.33822,1.34226,1.33498,1.3377,71205,7,0
2024-10-01,1.33771,1.33895,1.32369,1.32735,85373,5,0
2024-10-02,1.32739,1.33051,1.32452,1.3262399999999999,61905,5,0
2024-10-03,1.32622,1.3265,1.3091599999999999,1.31281,84280,5,0
2024-10-04,1.3128,1.31747,1.3069600000000001,1.31253,74028,5,0
2024-10-06,1.31058,1.3124799999999999,1.31052,1.31227,3334,7,0
2024-10-07,1.31226,1.31345,1.30591,1.3084,65182,7,0
2024-10-08,1.30839,1.31132,1.30636,1.3093,61652,7,0
2024-10-09,1.30929,1.31029,1.30554,1.30664,58664,7,0
2024-10-10,1.30664,1.30935,1.30216,1.30612,71243,5,0
2024-10-11,1.3061099999999999,1.3083,1.30412,1.3068,47778,5,0
2024-10-13,1.3060399999999999,1.30664,1.30462,1.3048199999999999,2391,7,0
2024-10-14,1.3048199999999999,1.30716,1.30295,1.30666,51406,7,0
2024-10-15,1.30667,1.31025,1.30353,1.30647,50642,5,0
2024-10-16,1.30647,1.30771,1.29766,1.2991,56050,5,0
2024-10-17,1.29908,1.30229,1.29732,1.30142,62320,5,0
2024-10-18,1.30142,1.30708,1.30105,1.3051300000000001,53290,5,0
2024-10-20,1.3041,1.30561,1.30347,1.3051300000000001,2611,7,0
2024-10-21,1.3051599999999999,1.30532,1.29766,1.29823,48443,7,0
2024-10-22,1.29825,1.30145,1.29443,1.29805,50841,7,0
2024-10-23,1.29801,1.29947,1.29071,1.29151,50562,7,0
2024-10-24,1.29155,1.29879,1.29114,1.29712,53545,5,0
2024-10-25,1.2971599999999999,1.29984,1.29554,1.2961,44449,5,0
2024-10-27,1.2953700000000001,1.2964,1.2953700000000001,1.29574,2633,7,0
2024-10-28,1.29571,1.30015,1.29392,1.29742,50273,7,0
2024-10-29,1.29742,1.30166,1.29577,1.3011,57632,5,0
2024-10-30,1.30109,1.30431,1.29366,1.29581,68928,5,0
2024-10-31,1.2958,1.29996,1.28431,1.28965,76048,5,0
2024-11-01,1.28964,1.29799,1.28841,1.29197,60100,5,0
2024-11-03,1.29681,1.2968199999999999,1.29491,1.29518,2776,7,0
2024-11-04,1.2952,1.29984,1.2934,1.29539,60129,5,0
2024-11-05,1.29539,1.30476,1.2947600000000001,1.30422,50795,5,0
2024-11-06,1.30422,1.30436,1.28338,1.28823,160781,7,0
2024-11-07,1.28822,1.3009,1.28756,1.29825,86925,5,0
2024-11-08,1.29825,1.29841,1.2883,1.292,66256,5,0
2024-11-10,1.29,1.29175,1.28979,1.29151,2101,7,0
2024-11-11,1.2915,1.29256,1.2855699999999999,1.28735,54521,7,0
2024-11-12,1.28732,1.28732,1.27187,1.2736399999999999,70521,7,0
2024-11-13,1.27365,1.27691,1.26862,1.27068,74828,5,0
2024-11-14,1.27069,1.27199,1.2629299999999999,1.26667,78387,5,0
2024-11-15,1.26667,1.26968,1.25968,1.2619099999999999,75812,5,0
2024-11-17,1.26145,1.26218,1.26014,1.2619099999999999,2416,7,0
2024-11-18,1.26192,1.26865,1.26126,1.26782,59756,7,0
2024-11-19,1.26782,1.26939,1.2612700000000001,1.26939,69128,7,0
2024-11-20,1.26938,1.2714400000000001,1.26304,1.2655,58505,7,0
2024-11-21,1.2655,1.266,1.25758,1.25846,63737,5,0
2024-11-22,1.25846,1.2594,1.24869,1.25323,83384,7,0
2024-11-24,1.25852,1.25966,1.2572,1.25926,3376,7,0
2024-11-25,1.25926,1.26133,1.25294,1.25323,71856,5,0
2024-11-26,1.25325,1.2616,1.2507,1.25733,85987,5,0
2024-11-27,1.25733,1.26944,1.25661,1.26768,71569,7,0
2024-11-28,1.26768,1.26958,1.26446,1.2695,48360,5,0
2024-11-29,1.26949,1.275,1.26716,1.27348,65636,7,0
2024-12-01,1.2722,1.27324,1.26955,1.27012,3081,7,0
2024-12-02,1.27012,1.27223,1.26165,1.26583,80335,5,0
2024-12-03,1.26581,1.26996,1.26364,1.26738,68071,5,0
2024-12-04,1.26737,1.27215,1.26298,1.27008,78917,5,0
2024-12-05,1.27009,1.27704,1.2692700000000001,1.27599,60805,7,0
2024-12-06,1.27602,1.28111,1.2721,1.2741500000000001,63294,5,0
2024-12-08,1.27299,1.27502,1.27282,1.27477,2138,7,0
2024-12-09,1.27478,1.27987,1.27165,1.27482,55710,7,0
2024-12-10,1.27482,1.27792,1.27237,1.27792,57644,7,0
2024-12-11,1.27792,1.27814,1.27129,1.27647,69169,7,0
2024-12-12,1.27647,1.2787600000000001,1.26662,1.26768,71123,7,0
2024-12-13,1.26764,1.26789,1.26079,1.26197,57621,7,0
2024-12-15,1.26064,1.26272,1.26023,1.26263,1920,7,0
2024-12-16,1.2626,1.26986,1.26257,1.26898,52340,7,0
2024-12-17,1.26898,1.27286,1.26657,1.27103,57440,7,0
2024-12-18,1.27103,1.27277,1.25619,1.25672,78902,7,0
2024-12-19,1.2567300000000001,1.26666,1.24946,1.2496800000000001,83054,5,0
2024-12-20,1.2496800000000001,1.26136,1.24743,1.25678,67689,5,0
2024-12-22,1.25574,1.25742,1.25529,1.25701,2142,7,0
2024-12-23,1.25702,1.25879,1.2509700000000001,1.25324,52635,5,0
2024-12-24,1.25324,1.25744,1.25183,1.25356,38282,5,0
2024-12-25,1.25311,1.25482,1.25311,1.2543,1683,7,0
2024-12-26,1.2542900000000001,1.25481,1.25009,1.2527599999999999,39191,7,0
2024-12-27,1.2527599999999999,1.25923,1.25048,1.25778,52032,5,0
2024-12-29,1.25702,1.25874,1.25606,1.25774,1576,7,0
2024-12-30,1.25774,1.2607,1.2506,1.25478,56875,7,0
2024-12-31,1.25478,1.25691,1.2505,1.2512400000000001,56684,7,0
2025-01-01,1.25081,1.25195,1.25033,1.25193,1911,7,0
2025-01-02,1.25189,1.2540200000000001,1.23521,1.23796,67965,5,0
2025-01-03,1.23793,1.24337,1.2378,1.24221,46668,7,0
2025-01-05,1.24169,1.24336,1.24072,1.24244,2009,7,0
2025-01-06,1.24246,1.25509,1.24174,1.25094,83260,5,0
2025-01-07,1.2509700000000001,1.25755,1.24726,1.24757,66579,5,0
2025-01-08,1.24757,1.24938,1.23204,1.23576,82771,5,0
2025-01-09,1.23577,1.23651,1.22378,1.22983,70101,7,0
2025-01-10,1.22983,1.23215,1.2191,1.22074,83681,7,0
2025-01-12,1.21935,1.22096,1.21923,1.22039,1730,8,0
2025-01-13,1.22036,1.22499,1.20993,1.22311,85349,7,0
2025-01-14,1.22308,1.22458,1.21391,1.22102,84697,7,0
2025-01-15,1.22102,1.2306,1.21604,1.22421,84870,7,0
2025-01-16,1.22421,1.226,1.21745,1.2234099999999999,77319,7,0
2025-01-17,1.22342,1.22441,1.21601,1.21678,69478,7,0
2025-01-19,1.2163,1.21769,1.21597,1.21745,2038,7,0
2025-01-20,1.21744,1.23447,1.21651,1.23314,96215,7,0
2025-01-21,1.23316,1.23602,1.22292,1.23379,104010,7,0
2025-01-22,1.23377,1.23759,1.23071,1.23135,70587,7,0
2025-01-23,1.2313399999999999,1.23754,1.22928,1.23533,75229,7,0
2025-01-24,1.2353399999999999,1.25016,1.23482,1.24811,78385,7,0
2025-01-26,1.24644,1.24722,1.2456,1.2458,2674,7,0
2025-01-27,1.2458,1.25234,1.24258,1.24511,83819,5,0
2025-01-28,1.24513,1.24652,1.2414100000000001,1.24404,72476,5,0
2025-01-29,1.24405,1.24631,1.2393,1.2454399999999999,87107,7,0
2025-01-30,1.2454399999999999,1.24769,1.24076,1.24218,78104,7,0
2025-01-31,1.24217,1.24713,1.23855,1.2392,92497,7,0
2025-02-02,1.23083,1.23234,1.22824,1.22898,4225,21,0
2025-02-03,1.22901,1.24549,1.2248999999999999,1.24332,153941,7,0
2025-02-04,1.24332,1.2493,1.23789,1.2475,80194,7,0
2025-02-05,1.24754,1.25498,1.24628,1.25013,69910,7,0
2025-02-06,1.25013,1.25095,1.236,1.24339,72109,7,0
2025-02-07,1.24338,1.24932,1.23759,1.24015,84784,7,0
2025-02-09,1.23713,1.23942,1.23682,1.23892,3083,7,0
2025-02-10,1.23891,1.24221,1.23542,1.23593,55587,7,0
2025-02-11,1.23596,1.24546,1.2332,1.24509,53767,7,0
2025-02-12,1.24509,1.24833,1.23773,1.24502,75917,7,0
2025-02-13,1.24502,1.25698,1.24421,1.2564199999999999,86569,7,0
2025-02-14,1.2564199999999999,1.26299,1.25491,1.25866,56925,7,0
2025-02-16,1.25797,1.25884,1.2576,1.25836,2317,7,0
2025-02-17,1.25836,1.2634400000000001,1.25789,1.26205,46313,7,0
2025-02-18,1.26205,1.26341,1.25823,1.2624,55022,5,0
2025-02-19,1.26239,1.26356,1.2563,1.25826,57560,7,0
2025-02-20,1.25826,1.26741,1.25801,1.2669000000000001,58885,7,0
2025-02-21,1.2669000000000001,1.26784,1.26245,1.26337,57530,7,0
2025-02-23,1.26241,1.26577,1.26241,1.26485,2456,7,0
2025-02-24,1.26489,1.2690299999999999,1.26117,1.26167,65188,7,0
2025-02-25,1.26167,1.26775,1.26054,1.26715,58735,7,0
2025-02-26,1.26716,1.27156,1.26348,1.26803,64958,7,0
2025-02-27,1.26804,1.26885,1.25955,1.25964,67946,7,0
2025-02-28,1.25967,1.26216,1.25591,1.25769,68409,7,0
2025-03-02,1.25733,1.26081,1.25723,1.26018,3086,7,0
2025-03-03,1.26017,1.27247,1.25819,1.27012,81964,7,0
2025-03-04,1.27012,1.27994,1.26784,1.2795,94063,7,0
2025-03-05,1.27949,1.29004,1.27674,1.28894,100679,7,0
2025-03-06,1.28892,1.29233,1.28658,1.28833,93615,7,0
2025-03-07,1.28833,1.29446,1.28758,1.29214,84628,7,0
2025-03-09,1.2911000000000001,1.2938,1.29005,1.2931599999999999,5727,7,0
2025-03-10,1.2931599999999999,1.29465,1.2860800000000001,1.28748,78248,7,0
2025-03-11,1.2875,1.29656,1.2873,1.29436,80368,7,0
2025-03-12,1.2944,1.29884,1.29132,1.2964,67977,7,0
2025-03-13,1.29641,1.29731,1.29204,1.29563,65134,5,0
2025-03-14,1.29562,1.29587,1.29104,1.29344,62703,7,0
2025-03-16,1.2927,1.29355,1.2916,1.29269,3637,7,0
2025-03-17,1.29272,1.29987,1.29268,1.29839,49506,7,0
2025-03-18,1.2983799999999999,1.30096,1.29512,1.29999,51235,7,0
2025-03-19,1.29995,1.30115,1.29547,1.30098,57849,7,0
2025-03-20,1.30097,1.30146,1.29355,1.29649,56320,7,0
2025-03-21,1.29649,1.29702,1.28875,1.29175,50830,7,0
2025-03-23,1.2882799999999999,1.29258,1.2882799999999999,1.29248,3570,7,0
2025-03-24,1.29246,1.29741,1.28953,1.2922799999999999,58682,7,0
2025-03-25,1.29227,1.29666,1.29014,1.29448,49755,7,0
2025-03-26,1.2944499999999999,1.29459,1.28696,1.2877100000000001,61300,7,0
2025-03-27,1.2877,1.29918,1.28762,1.29512,59393,7,0
2025-03-28,1.2951,1.29679,1.29219,1.29396,51489,7,0
2025-03-30,1.29333,1.29403,1.29207,1.29373,4760,7,0
